"Id","Season","Week","SeasonType","StartDate","StartTimeTBD","Completed","NeutralSite","ConferenceGame","Attendance","VenueId","Venue","HomeId","HomeTeam","HomeClassification","HomeConference","HomePoints","HomeLineScores","HomePostgameWinProbability","HomePregameElo","HomePostgameElo","AwayId","AwayTeam","AwayClassification","AwayConference","AwayPoints","AwayLineScores","AwayPostgameWinProbability","AwayPregameElo","AwayPostgameElo","ExcitementIndex","Highlights","Notes","Playoff"
"401525434","2023","1","regular","2023-08-26T18:30:00.000Z","false","true","true","false","49000","3504","Aviva Stadium","87","Notre Dame","fbs","FBS Independents","42","14,14,7,7","0.9764059782028198","1733","1819","2426","Navy","fbs","American Athletic","3","0,0,0,3","0.023594021797180176","1471","1385","1.6464656004293619","","",""
"401520145","2023","1","regular","2023-08-26T21:30:00.000Z","false","true","false","true","17982","3662","AmFirst Stadium","55","Jacksonville State","fbs","Conference USA","17","3,7,7,0","0.8074830770492554","1500","1499","2638","UTEP","fbs","Conference USA","14","0,7,0,7","0.19251692295074463","1369","1370","4.604489649314535","","",""
"401525450","2023","1","regular","2023-08-26T23:00:00.000Z","false","true","false","false","15356","3601","Aggie Memorial Stadium","166","New Mexico State","fbs","Conference USA","30","0,10,0,20","0.11750931292772293","1322","1274","113","Massachusetts","fbs","FBS Independents","41","7,3,3,28","0.8824906870722771","1074","1122","5.430057635222613","","",""
"401532392","2023","1","regular","2023-08-26T23:00:00.000Z","false","true","false","false","23867","7311","Snapdragon Stadium","21","San Diego State","fbs","Mountain West","20","3,7,0,10","0.8783165216445923","1488","1497","195","Ohio","fbs","Mid-American","13","3,3,0,7","0.12168347835540771","1482","1473","5.105936586622695","","",""
"401520147","2023","1","regular","2023-08-26T23:30:00.000Z","false","true","false","false","21407","3973","FirstBank Stadium","238","Vanderbilt","fbs","SEC","35","14,7,7,7","0.31702595949172974","1322","1327","62","Hawai'i","fbs","Mountain West","28","7,7,0,14","0.6829740405082703","1246","1241","4.0057227822225805","","",""
"401523986","2023","1","regular","2023-08-27T00:00:00.000Z","false","true","false","false","63411","477","Los Angeles Memorial Coliseum","30","USC","fbs","Pac-12","56","7,14,21,14","0.9233670830726624","1663","1713","23","San José State","fbs","Mountain West","28","0,14,7,7","0.07663291692733765","1462","1412","3.430252536771744","","",""
"401520146","2023","1","regular","2023-08-27T01:00:00.000Z","false","true","false","true","16299","3776","Joe Aillet Stadium","2348","Louisiana Tech","fbs","Conference USA","22","0,13,0,9","0.9391083121299744","1251","1249","2229","Florida International","fbs","Conference USA","17","14,3,0,0","0.060891687870025635","1072","1074","5.388823302392496","","",""
"401532393","2023","1","regular","2023-08-31T23:00:00.000Z","false","true","false","false","19432","3980","Waldo Stadium","2711","Western Michigan","fbs","Mid-American","35","7,14,7,7","0.957788348197937","1367","1367","2598","Saint Francis","fcs","NEC","17","0,10,7,0","0.04221165180206299","","","3.411162173406661","","",""
"401531834","2023","1","regular","2023-08-31T23:00:00.000Z","false","true","false","false","15546","4246","Center Parc Stadium","2247","Georgia State","fbs","Sun Belt","42","14,7,14,7","0.8389883637428284","1490","1490","227","Rhode Island","fcs","Coastal Athletic","35","0,14,14,7","0.16101163625717163","","","4.7410541202201895","","",""
"401525816","2023","1","regular","2023-08-31T23:00:00.000Z","false","true","false","false","44088","3652","FBC Mortgage Stadium","2116","UCF","fbs","Big 12","56","14,14,14,14","0.9949033856391907","1534","1668","2309","Kent State","fbs","Mid-American","6","3,0,3,0","0.005096614360809326","1396","1262","5.4815593103650375","","",""
"401525461","2023","1","regular","2023-08-31T23:00:00.000Z","false","true","false","false","30028","3630","Allegacy Federal Credit Union Stadium","154","Wake Forest","fbs","ACC","37","10,14,6,7","1","1608","1608","2210","Elon","fcs","Coastal Athletic","17","0,0,14,3","0","","","2.293933281529059","","",""
"401520174","2023","1","regular","2023-08-31T23:30:00.000Z","false","true","false","false","36526","3892","Pratt & Whitney Stadium","41","UConn","fbs","FBS Independents","14","7,0,7,0","0.3113931119441986","1260","1264","152","NC State","fbs","ACC","24","7,3,14,0","0.6886068880558014","1557","1553","4.350008436699794","","",""
"401520148","2023","1","regular","2023-09-01T00:00:00.000Z","false","true","false","true","53629","3953","Huntington Bank Stadium","135","Minnesota","fbs","Big Ten","13","0,3,0,10","0.32836392521858215","1672","1671","158","Nebraska","fbs","Big Ten","10","0,0,7,3","0.6716360747814178","1521","1522","5.859107066644544","","",""
"401520176","2023","1","regular","2023-09-01T00:00:00.000Z","false","true","false","false","53644","587","Rice-Eccles Stadium","254","Utah","fbs","Pac-12","24","7,10,7,0","0.9870097637176514","1776","1784","57","Florida","fbs","SEC","11","3,0,0,8","0.012990236282348633","1554","1546","2.6993799294899743","","",""
"401531337","2023","1","regular","2023-09-01T00:00:00.000Z","false","true","false","false","17529","3674","Chapman Stadium","202","Tulsa","fbs","American Athletic","42","0,28,7,7","0.9862125515937805","1418","1418","2029","Arkansas-Pine Bluff","fcs","SWAC","7","7,0,0,0","0.013787448406219482","","","4.05006904987319","","",""
"401520165","2023","1","regular","2023-09-01T00:00:00.000Z","false","true","false","false","50434","3838","Memorial Stadium","142","Missouri","fbs","SEC","35","14,14,0,7","0.9934393763542175","1480","1480","233","South Dakota","fcs","MVFC","10","0,3,0,7","0.006560623645782471","","","2.0731976336654157","","",""
"401531377","2023","1","regular","2023-09-01T00:00:00.000Z","false","true","false","false","25363","7221","Protective Stadium","5","UAB","fbs","American Athletic","35","7,14,7,7","0.9868582487106323","1510","1510","2448","North Carolina A&T","fcs","Coastal Athletic","6","3,0,0,3","0.013141751289367676","","","2.380855120875344","","",""
"401523987","2023","1","regular","2023-09-01T02:00:00.000Z","false","true","false","false","47773","3947","Mountain America Stadium","9","Arizona State","fbs","Pac-12","24","7,14,0,3","0.8446309628185182","1464","1464","253","Southern Utah","fcs","UAC","21","0,7,7,7","0.15536903718148176","","","6.1818221504","","",""
"401532394","2023","1","regular","2023-09-01T22:30:00.000Z","false","true","false","false","18065","3912","Rynearson Stadium","2199","Eastern Michigan","fbs","Mid-American","33","16,14,0,3","0.8579922318458557","1433","1433","47","Howard","fcs","MEAC","23","0,9,14,0","0.1420077681541443","","","3.0958467316268306","","",""
"401525463","2023","1","regular","2023-09-01T23:00:00.000Z","false","true","false","false","49024","3948","Hard Rock Stadium","2390","Miami","fbs","ACC","38","10,6,8,14","0.9931799173355103","1377","1481","193","Miami (OH)","fbs","Mid-American","3","0,3,0,0","0.006820082664489746","1420","1316","1.9951117020266815","","",""
"401520163","2023","1","regular","2023-09-01T23:00:00.000Z","false","true","false","false","","3936","Spartan Stadium","127","Michigan State","fbs","Big Ten","31","0,10,7,14","0.9442346692085266","1533","1575","2117","Central Michigan","fbs","Mid-American","7","0,7,0,0","0.05576533079147339","1370","1328","4.443887684865362","","",""
"401525462","2023","1","regular","2023-09-01T23:30:00.000Z","false","true","true","true","","5348","Mercedes-Benz Stadium","59","Georgia Tech","fbs","ACC","34","0,28,0,6","0.2420738786458969","1348","1362","97","Louisville","fbs","ACC","39","6,7,10,16","0.7579261213541031","1668","1654","6.134197926796435","","Aflac Kickoff",""
"401525815","2023","1","regular","2023-09-02T00:00:00.000Z","false","true","false","false","41091","3833","Memorial Stadium","2305","Kansas","fbs","Big 12","48","7,10,10,21","0.9784412384033203","1415","1415","2623","Missouri State","fcs","MVFC","17","7,3,0,7","0.021558761596679688","","","3.7307256006665828","","",""
"401523988","2023","1","regular","2023-09-02T03:00:00.000Z","false","true","false","false","13739","7220","Clarence T.C. Ching Athletics Complex","62","Hawai'i","fbs","Mountain West","24","0,10,0,14","0.0062299128621816635","1241","1220","24","Stanford","fbs","Pac-12","37","7,14,6,10","0.9937700871378183","1324","1345","3.9578121076040955","","",""
"401520159","2023","1","regular","2023-09-02T16:00:00.000Z","false","true","false","false","58286","3683","Kroger Field","96","Kentucky","fbs","SEC","44","3,20,14,7","0.8427433967590332","1570","1625","2050","Ball State","fbs","Mid-American","14","7,0,7,0","0.1572566032409668","1360","1305","2.93496709628458","","",""
"401520162","2023","1","regular","2023-09-02T16:00:00.000Z","false","true","false","false","109480","3558","Michigan Stadium","130","Michigan","fbs","Big Ten","30","7,16,7,0","0.9838669896125793","1916","1941","151","East Carolina","fbs","American Athletic","3","0,0,0,3","0.016133010387420654","1506","1481","1.9907809851504554","","",""
"401520157","2023","1","regular","2023-09-02T16:00:00.000Z","false","true","false","false","69250","3793","Kinnick Stadium","2294","Iowa","fbs","Big Ten","24","14,3,0,7","1","1665","1664","328","Utah State","fbs","Mountain West","14","0,3,3,8","0","1395","1396","3.116227445666645","","",""
"401520160","2023","1","regular","2023-09-02T16:00:00.000Z","false","true","false","false","18811","3992","Williams Stadium (VA)","2335","Liberty","fbs","Conference USA","34","7,17,7,3","0.9466548562049866","1442","1446","189","Bowling Green","fbs","Mid-American","24","0,14,10,0","0.05334514379501343","1250","1246","3.414625854504111","","",""
"401520172","2023","1","regular","2023-09-02T16:00:00.000Z","false","true","false","false","21490","3735","Gerald J. Ford Stadium","2567","SMU","fbs","American Athletic","38","14,17,0,7","0.99502032995224","1502","1535","2348","Louisiana Tech","fbs","Conference USA","14","0,0,7,7","0.00497967004776001","1249","1216","2.512494140014819","","",""
"401523994","2023","1","regular","2023-09-02T16:00:00.000Z","false","true","false","false","53294","3616","Amon G. Carter Stadium","2628","TCU","fbs","Big 12","42","0,14,14,14","0.32280170917510986","1652","1613","38","Colorado","fbs","Pac-12","45","7,10,14,14","0.6771982908248901","1157","1196","10.277529007460286","","",""
"401520170","2023","1","regular","2023-09-02T16:00:00.000Z","false","true","false","false","54898","3907","Ross-Ade Stadium","2509","Purdue","fbs","Big Ten","35","7,14,7,7","0.06276433914899826","1473","1479","278","Fresno State","fbs","Mountain West","39","7,10,8,14","0.9372356608510017","1677","1671","6.545679013960952","","",""
"401525822","2023","1","regular","2023-09-02T16:00:00.000Z","false","true","false","false","83221","3835","Memorial Stadium (Norman, OK)","201","Oklahoma","fbs","Big 12","73","28,17,21,7","0.9919655919075012","1608","1793","2032","Arkansas State","fbs","Sun Belt","0","0,0,0,0","0.00803440809249878","1256","1071","1.888097348552917","","",""
"401520179","2023","1","regular","2023-09-02T16:00:00.000Z","false","true","true","false","69507","3810","Nissan Stadium","2633","Tennessee","fbs","SEC","49","7,14,14,14","0.9875525236129761","1833","1887","258","Virginia","fbs","ACC","13","0,3,7,3","0.012447476387023926","1393","1339","2.857223860667069","","",""
"401525464","2023","1","regular","2023-09-02T16:00:00.000Z","false","true","false","false","30122","3615","Alumni Stadium (Chestnut Hill, MA)","103","Boston College","fbs","ACC","24","0,0,7,14,3","0.321573406457901","1314","1309","2459","Northern Illinois","fbs","Mid-American","27","0,7,7,7,6","0.678426593542099","1304","1309","6.054022167957001","","",""
"401532570","2023","1","regular","2023-09-02T17:00:00.000Z","false","true","false","false","30142","3713","Falcon Stadium","2005","Air Force","fbs","Mountain West","42","14,14,7,7","0.9977195858955383","1678","1678","2523","Robert Morris","fcs","Big South","7","0,0,0,7","0.00228041410446167","","","1.8056256916361575","","",""
"401525820","2023","1","regular","2023-09-02T18:00:00.000Z","false","true","false","false","58248","3772","Jack Trice Stadium","66","Iowa State","fbs","Big 12","30","14,9,7,0","0.9787548184394836","1536","1536","2460","Northern Iowa","fcs","MVFC","9","0,0,3,6","0.021245181560516357","","","2.141596995588124","","",""
"401532395","2023","1","regular","2023-09-02T18:00:00.000Z","false","true","false","false","18453","3876","Peden Stadium","195","Ohio","fbs","Mid-American","27","3,14,10,0","0.9781262278556824","1366","1366","2341","Long Island University","fcs","NEC","10","0,3,0,7","0.021873772144317627","","","2.099950145424942","","",""
"401531387","2023","1","regular","2023-09-02T18:00:00.000Z","false","true","false","false","12456","3806","Lincoln Financial Field","218","Temple","fbs","American Athletic","24","0,10,6,8","0.7588973641395569","1262","1263","2006","Akron","fbs","Mid-American","21","7,14,0,0","0.24110263586044312","1269","1268","5.370081153886473","","",""
"401520168","2023","1","regular","2023-09-02T18:00:00.000Z","false","true","false","false","60097","3974","Vaught-Hemingway Stadium","145","Ole Miss","fbs","SEC","73","28,10,28,7","0.9938141703605652","1589","1589","2382","Mercer","fcs","Southern","7","7,0,0,0","0.0061858296394348145","","","2.1484603850557513","","",""
"401520158","2023","1","regular","2023-09-02T18:00:00.000Z","false","true","false","false","21276","3662","AmFirst Stadium","55","Jacksonville State","fbs","Conference USA","49","14,7,21,7","0.9969823360443115","1300","1300","2193","East Tennessee State","fcs","Southern","3","3,0,0,0","0.0030176639556884766","","","2.676814135374266","","",""
"401523992","2023","1","regular","2023-09-02T19:00:00.000Z","false","true","false","false","45723","3626","Autzen Stadium","2483","Oregon","fbs","Pac-12","81","22,28,17,14","0.9863391518592834","1649","1649","2502","Portland State","fcs","Big Sky","7","7,0,0,0","0.013660848140716553","","","2.57343171853696","","",""
"401520161","2023","1","regular","2023-09-02T19:30:00.000Z","false","true","false","false","37241","3665","SECU Stadium","120","Maryland","fbs","Big Ten","38","21,7,7,3","0.9802643656730652","1596","1596","119","Towson","fcs","Coastal Athletic","6","0,3,3,0","0.019735634326934814","","","1.933916512032438","","",""
"401520151","2023","1","regular","2023-09-02T19:30:00.000Z","false","true","false","false","88043","3785","Jordan-Hare Stadium","2","Auburn","fbs","SEC","59","10,21,21,7","0.9751526117324829","1564","1638","113","Massachusetts","fbs","FBS Independents","14","7,0,0,7","0.02484738826751709","1122","1048","2.386898191743815","","",""
"401520156","2023","1","regular","2023-09-02T19:30:00.000Z","false","true","false","true","50050","3830","Memorial Stadium (Bloomington, IN)","84","Indiana","fbs","Big Ten","3","0,3,0,0","0.010586462914943695","1388","1389","194","Ohio State","fbs","Big Ten","23","7,3,10,3","0.9894135370850563","1904","1903","3.4682708474998702","","",""
"401525824","2023","1","regular","2023-09-02T19:30:00.000Z","false","true","false","false","98017","3910","DKR-Texas Memorial Stadium","251","Texas","fbs","Big 12","37","7,9,21,0","0.8952619433403015","1766","1776","242","Rice","fbs","American Athletic","10","3,0,0,7","0.10473805665969849","1204","1194","4.979278887264756","","",""
"401520181","2023","1","regular","2023-09-02T19:30:00.000Z","false","true","false","false","15438","3796","Houchens Industries-L.T. Smith Stadium","98","Western Kentucky","fbs","Conference USA","41","7,10,14,10","0.6653074622154236","1628","1632","58","South Florida","fbs","American Athletic","24","14,3,7,0","0.3346925377845764","1253","1249","6.594833601345576","","",""
"401531835","2023","1","regular","2023-09-02T19:30:00.000Z","false","true","false","false","36075","3792","Kidd Brewer Stadium","2026","App State","fbs","Sun Belt","45","7,7,17,14","1","1562","1562","2241","Gardner-Webb","fcs","Big South-OVC","24","0,10,14,0","0","","","7.0281804320403065","","",""
"401525818","2023","1","regular","2023-09-02T19:30:00.000Z","false","true","false","false","38193","3854","Nippert Stadium","2132","Cincinnati","fbs","Big 12","66","21,21,10,14","0.834674060344696","1626","1626","2198","Eastern Kentucky","fcs","UAC","13","0,7,3,3","0.16532593965530396","","","1.9986175755891706","","",""
"401520180","2023","1","regular","2023-09-02T19:30:00.000Z","false","true","false","false","76224","347","Camp Randall Stadium","275","Wisconsin","fbs","Big Ten","38","7,7,14,10","0.9111250638961792","1637","1665","2084","Buffalo","fbs","Mid-American","17","7,3,0,7","0.0888749361038208","1424","1396","4.698211099140965","","",""
"401523997","2023","1","regular","2023-09-02T19:30:00.000Z","false","true","false","false","67475","3765","Husky Stadium","264","Washington","fbs","Pac-12","56","0,28,7,21","0.9772403836250305","1673","1774","68","Boise State","fbs","Mountain West","19","6,6,7,0","0.022759616374969482","1641","1540","4.937829787608468","","",""
"401525465","2023","1","regular","2023-09-02T19:30:00.000Z","false","true","false","false","45096","3752","Acrisure Stadium","221","Pittsburgh","fbs","ACC","45","7,21,10,7","0.9827632308006287","1624","1624","2747","Wofford","fcs","Southern","7","0,0,0,7","0.017236769199371338","","","2.223807816923607","","",""
"401525435","2023","1","regular","2023-09-02T19:30:00.000Z","false","true","false","false","77622","3855","Notre Dame Stadium","87","Notre Dame","fbs","FBS Independents","56","7,28,14,7","0.994299590587616","1909","1909","2634","Tennessee State","fcs","Big South-OVC","3","3,0,0,0","0.005700409412384033","","","2.7575790533739424","","",""
"401520164","2023","1","regular","2023-09-02T20:00:00.000Z","false","true","false","false","50041","3693","Davis Wade Stadium","344","Mississippi State","fbs","SEC","48","3,17,7,21","0.9907048344612122","1629","1629","2545","SE Louisiana","fcs","Southland","7","0,7,0,0","0.009295165538787842","","","2.855565854234147","","",""
"401523991","2023","1","regular","2023-09-02T20:00:00.000Z","false","true","false","false","21350","3825","DATCU Stadium","249","North Texas","fbs","American Athletic","21","7,14,0,0","0.0038135340437293053","1472","1357","25","California","fbs","Pac-12","58","14,19,15,10","0.9961864659562707","1437","1552","5.170966636718318","","",""
"401525466","2023","1","regular","2023-09-02T20:00:00.000Z","false","true","false","false","32465","1964","JMA Wireless Dome","183","Syracuse","fbs","ACC","65","23,14,28,0","0.9923641681671143","1476","1476","2142","Colgate","fcs","Patriot","0","0,0,0,0","0.007635831832885742","","","1.9267554445244581","","",""
"401520150","2023","1","regular","2023-09-02T20:00:00.000Z","false","true","true","false","44397","3983","War Memorial Stadium (AR)","8","Arkansas","fbs","SEC","56","21,14,7,14","0.9953924417495728","1624","1624","2717","Western Carolina","fcs","Southern","13","3,0,7,3","0.004607558250427246","","","2.0346995450722654","","",""
"401532572","2023","1","regular","2023-09-02T20:00:00.000Z","false","true","false","false","20347","6501","Allegiant Stadium","2439","UNLV","fbs","Mountain West","44","17,7,17,3","0.9951357245445251","1350","1350","2803","Bryant","fcs","Big South-OVC","14","0,0,7,7","0.0048642754554748535","","","4.110211677586158","","",""
"401531418","2023","1","regular","2023-09-02T22:00:00.000Z","false","true","false","false","20893","3715","FAU Stadium","2226","Florida Atlantic","fbs","American Athletic","42","14,14,14,0","0.9930822253227234","1424","1424","2405","Monmouth","fcs","Coastal Athletic","20","7,7,0,6","0.006917774677276611","","","3.250158768907151","","",""
"401531838","2023","1","regular","2023-09-02T22:00:00.000Z","false","true","false","false","25101","3775","Joan C. Edwards Stadium","276","Marshall","fbs","Sun Belt","21","0,0,14,7","0.9758934378623962","1542","1542","399","UAlbany","fcs","Coastal Athletic","17","0,3,14,0","0.02410656213760376","","","6.105910531566252","","",""
"401520154","2023","1","regular","2023-09-02T22:00:00.000Z","false","true","false","false","92746","3917","Sanford Stadium","61","Georgia","fbs","SEC","48","7,10,14,17","0.9988458144967923","2033","2033","2630","UT Martin","fcs","Big South-OVC","7","0,0,0,7","0.001154185503207672","","","3.7616657728","","",""
"401531836","2023","1","regular","2023-09-02T22:00:00.000Z","false","true","false","false","17803","3608","Allen E. Paulson Stadium","290","Georgia Southern","fbs","Sun Belt","34","14,10,7,3","0.9823840856552124","1418","1418","2643","The Citadel","fcs","Southern","0","0,0,0,0","0.017615914344787598","","","1.734004262021962","","",""
"401531837","2023","1","regular","2023-09-02T22:00:00.000Z","false","true","false","false","23756","3651","Bridgeforth Stadium","256","James Madison","fbs","Sun Belt","38","3,14,7,14","0.9949913024902344","1606","1606","2083","Bucknell","fcs","Patriot","3","0,3,0,0","0.005008697509765625","","","2.900313256058039","","",""
"401531402","2023","1","regular","2023-09-02T22:00:00.000Z","false","true","false","false","15622","4418","Jerry Richardson Stadium","2429","Charlotte","fbs","American Athletic","24","0,17,0,7","0.9499205946922302","1220","1220","2569","South Carolina State","fcs","MEAC","3","0,3,0,0","0.050079405307769775","","","2.923392826568455","","",""
"401523996","2023","1","regular","2023-09-02T22:30:00.000Z","false","true","false","false","62916","477","Los Angeles Memorial Coliseum","30","USC","fbs","Pac-12","66","21,14,7,24","0.9887723922729492","1713","1817","2440","Nevada","fbs","Mountain West","14","7,0,0,7","0.011227607727050781","1324","1220","2.783765464931324","","",""
"401520153","2023","1","regular","2023-09-02T22:30:00.000Z","false","true","false","false","16878","218","FIU Stadium","2229","Florida International","fbs","Conference USA","14","7,7,0,0","0.3786768317222595","1083","1083","311","Maine","fcs","Coastal Athletic","12","3,3,6,0","0.6213231682777405","","","5.782670334008009","","",""
"401523990","2023","1","regular","2023-09-02T23:00:00.000Z","false","true","false","false","31497","5388","Canvas Stadium","36","Colorado State","fbs","Mountain West","24","3,0,0,21","0.0027020287234336138","1334","1273","265","Washington State","fbs","Pac-12","50","7,10,12,21","0.9972979712765664","1558","1619","3.9600718340625485","","",""
"401531841","2023","1","regular","2023-09-02T23:00:00.000Z","false","true","false","false","28179","3975","Veterans Memorial Stadium (AL)","2653","Troy","fbs","Sun Belt","48","21,10,10,7","0.9556145668029785","1556","1556","2617","Stephen F. Austin","fcs","UAC","30","3,17,0,10","0.044385433197021484","","","2.288388141473649","","",""
"401520173","2023","1","regular","2023-09-02T23:00:00.000Z","false","true","false","false","97560","3795","Kyle Field","245","Texas A&M","fbs","SEC","52","7,28,7,10","0.9874218702316284","1586","1656","167","New Mexico","fbs","Mountain West","10","0,7,3,0","0.012578129768371582","1187","1117","2.602985661203573","","",""
"401525819","2023","1","regular","2023-09-02T23:00:00.000Z","false","true","false","false","37862","4728","TDECU Stadium","248","Houston","fbs","Big 12","17","7,3,7,0","0.30117443203926086","1579","1580","2636","UTSA","fbs","American Athletic","14","7,0,0,7","0.6988255679607391","1605","1604","5.371627042279809","","",""
"401525817","2023","1","regular","2023-09-02T23:00:00.000Z","false","true","false","false","44945","4727","McLane Stadium","239","Baylor","fbs","Big 12","31","6,7,11,7","0.34753477573394775","1614","1559","326","Texas State","fbs","Sun Belt","42","14,14,7,7","0.6524652242660522","1294","1349","5.49233425269929","","",""
"401520178","2023","1","regular","2023-09-02T23:00:00.000Z","false","true","false","false","22035","3973","FirstBank Stadium","238","Vanderbilt","fbs","SEC","47","5,7,14,21","0.9946593046188354","1238","1238","2010","Alabama A&M","fcs","SWAC","13","3,0,7,3","0.005340695381164551","","","3.5328270430175164","","",""
"401531840","2023","1","regular","2023-09-02T23:00:00.000Z","false","true","false","false","30335","3815","M. M. Roberts Stadium","2572","Southern Miss","fbs","Sun Belt","40","17,10,10,3","0.9930764436721802","1370","1370","2016","Alcorn State","fcs","SWAC","14","7,0,0,7","0.006923556327819824","","","2.891628822111913","","",""
"401525821","2023","1","regular","2023-09-02T23:00:00.000Z","false","true","false","false","52066","3636","Bill Snyder Family Stadium","2306","Kansas State","fbs","Big 12","45","7,28,3,7","0.9903022646903992","1740","1740","2546","Southeast Missouri State","fcs","Big South-OVC","0","0,0,0,0","0.00969773530960083","","","2.847111792390177","","",""
"401520175","2023","1","regular","2023-09-02T23:00:00.000Z","false","true","false","false","18914","3817","Malone Stadium","2433","UL Monroe","fbs","Sun Belt","17","0,3,0,14","0.6060640215873718","1244","1255","349","Army","fbs","FBS Independents","13","0,10,0,3","0.3939359784126282","1499","1488","5.044788206882499","","",""
"401531426","2023","1","regular","2023-09-02T23:00:00.000Z","false","true","false","false","26632","3805","Simmons Bank Liberty Stadium","235","Memphis","fbs","American Athletic","56","10,18,21,7","0.96327805519104","1545","1545","2065","Bethune-Cookman","fcs","SWAC","14","7,0,0,7","0.03672194480895996","","","2.4904156952967806","","",""
"401525823","2023","1","regular","2023-09-02T23:00:00.000Z","false","true","false","false","53855","3646","Boone Pickens Stadium","197","Oklahoma State","fbs","Big 12","27","7,6,0,14","0.3112408220767975","1530","1530","2110","Central Arkansas","fcs","UAC","13","0,0,7,6","0.6887591779232025","","","4.829482342953834","","",""
"401520155","2023","1","regular","2023-09-02T23:30:00.000Z","false","true","false","false","48898","3832","Memorial Stadium (Champaign, IL)","356","Illinois","fbs","Big Ten","30","7,0,13,10","0.7823557257652283","1666","1664","2649","Toledo","fbs","Mid-American","28","3,9,7,9","0.21764427423477173","1496","1498","6.8169559074549815","","",""
"401520167","2023","1","regular","2023-09-02T23:30:00.000Z","false","true","true","false","68723","3628","Bank of America Stadium","153","North Carolina","fbs","ACC","31","7,10,14,0","1","1539","1579","2579","South Carolina","fbs","SEC","17","7,7,0,3","0","1580","1540","6.807055393876844","","Duke’s Mayo Classic",""
"401525825","2023","1","regular","2023-09-02T23:30:00.000Z","false","true","false","false","26450","3984","War Memorial Stadium","2751","Wyoming","fbs","Mountain West","35","0,10,7,3,7,8","0.23208755254745483","1409","1412","2641","Texas Tech","fbs","Big 12","33","17,0,0,3,7,6","0.7679124474525452","1588","1585","9.582191487540864","","",""
"401531839","2023","1","regular","2023-09-02T23:30:00.000Z","false","true","false","false","18186","3666","Cajun Field","309","Louisiana","fbs","Sun Belt","38","7,14,7,10","0.7218964695930481","1537","1537","2466","Northwestern State","fcs","Southland","13","3,3,0,7","0.2781035304069519","","","3.5851659539029708","","",""
"401520169","2023","1","regular","2023-09-02T23:30:00.000Z","false","true","false","false","110747","3632","Beaver Stadium","213","Penn State","fbs","Big Ten","38","7,7,7,17","0.9905338287353516","1833","1849","277","West Virginia","fbs","Big 12","15","0,7,0,8","0.009466171264648438","1438","1422","2.87098135255312","","",""
"401520149","2023","1","regular","2023-09-02T23:30:00.000Z","false","true","false","false","100077","3657","Bryant-Denny Stadium","333","Alabama","fbs","SEC","56","14,14,14,14","0.9931087493896484","1954","2029","2393","Middle Tennessee","fbs","Conference USA","7","0,0,7,0","0.0068912506103515625","1415","1340","2.3660010380675867","","",""
"401525467","2023","1","regular","2023-09-03T00:00:00.000Z","false","true","false","false","65632","3799","Lane Stadium","259","Virginia Tech","fbs","ACC","36","2,14,14,6","1","1378","1421","295","Old Dominion","fbs","Sun Belt","17","0,10,7,0","0","1376","1333","3.7103890690048047","","",""
"401531347","2023","1","regular","2023-09-03T00:00:00.000Z","false","true","false","false","26973","4729","Yulman Stadium","2655","Tulane","fbs","American Athletic","37","10,14,7,6","1","1640","1671","6","South Alabama","fbs","Sun Belt","17","0,10,7,0","0","1490","1459","2.7249530997647082","","",""
"401520166","2023","1","regular","2023-09-03T01:00:00.000Z","false","true","false","false","17943","3601","Aggie Memorial Stadium","166","New Mexico State","fbs","Conference USA","58","6,14,17,21","0.9987412929294822","1150","1150","2710","Western Illinois","fcs","MVFC","21","0,14,7,0","0.0012587070705177839","","","4.2584005045","","",""
"401520177","2023","1","regular","2023-09-03T01:00:00.000Z","false","true","false","false","30738","3946","Sun Bowl","2638","UTEP","fbs","Conference USA","28","7,7,7,7","0.9086390137672424","1369","1369","2916","Incarnate Word","fcs","Southland","14","7,7,0,0","0.09136098623275757","","","4.2888874367910335","","",""
"401523989","2023","1","regular","2023-09-03T02:00:00.000Z","false","true","false","false","48159","3619","Arizona Stadium","12","Arizona","fbs","Pac-12","38","7,7,21,3","0.9946882724761963","1416","1416","2464","Northern Arizona","fcs","Big Sky","3","0,3,0,0","0.005311727523803711","","","1.9818435365331863","","",""
"401520152","2023","1","regular","2023-09-03T02:15:00.000Z","false","true","false","false","59006","3801","LaVell Edwards Stadium","252","BYU","fbs","Big 12","14","7,0,0,7","0.5310500264167786","1517","1544","2534","Sam Houston","fbs","Conference USA","0","0,0,0,0","0.46894997358322144","1500","1473","3.050989742208725","","",""
"401523995","2023","1","regular","2023-09-03T02:30:00.000Z","false","true","false","false","43705","1056","Rose Bowl","26","UCLA","fbs","Pac-12","27","7,7,0,13","0.947193443775177","1622","1631","324","Coastal Carolina","fbs","Sun Belt","13","0,6,7,0","0.052806556224823","1396","1387","3.844163635894997","","",""
"401532571","2023","1","regular","2023-09-03T02:30:00.000Z","false","true","false","false","22345","7311","Snapdragon Stadium","21","San Diego State","fbs","Mountain West","36","10,10,9,7","0.9947230219841003","1537","1537","304","Idaho State","fcs","Big Sky","28","3,10,0,15","0.005276978015899658","","","4.458705636302044","","",""
"401520171","2023","1","regular","2023-09-03T16:00:00.000Z","false","true","false","true","53026","6577","SHI Stadium","164","Rutgers","fbs","Big Ten","24","7,10,7,0","1","1288","1330","77","Northwestern","fbs","Big Ten","7","0,0,0,7","0","1338","1296","2.9152843064394487","","",""
"401532573","2023","1","regular","2023-09-03T19:30:00.000Z","false","true","false","false","20337","3935","CEFCU Stadium","23","San José State","fbs","Mountain West","17","0,3,0,14","0.0100890276953578","1412","1378","204","Oregon State","fbs","Pac-12","42","7,14,7,14","0.9899109723046422","1695","1729","2.9344199087752654","","",""
"401520182","2023","1","regular","2023-09-03T23:30:00.000Z","false","true","true","false","65429","4013","Camping World Stadium","52","Florida State","fbs","ACC","45","7,7,10,21","0.9931745529174805","1732","1792","99","LSU","fbs","SEC","24","7,10,0,7","0.006825447082519531","1747","1687","5.788158954416528","","Camping World Kickoff",""
"401525468","2023","1","regular","2023-09-05T00:00:00.000Z","false","true","false","true","31638","3982","Wallace Wade Stadium","150","Duke","fbs","ACC","28","3,3,7,15","0.9592434763908386","1518","1592","228","Clemson","fbs","ACC","7","0,7,0,0","0.04075652360916138","1728","1654","4.493072556196654","","",""
"401525469","2023","2","regular","2023-09-07T23:30:00.000Z","false","true","false","false","45273","3873","L&N Federal Credit Union Stadium","97","Louisville","fbs","ACC","56","7,21,14,14","0.990254819393158","1567","1567","93","Murray State","fcs","MVFC","0","0,0,0,0","0.009745180606842041","","","2.221167067597703","","",""
"401520193","2023","2","regular","2023-09-08T23:00:00.000Z","false","true","false","false","42775","3830","Memorial Stadium (Bloomington, IN)","84","Indiana","fbs","Big Ten","41","21,3,7,10","0.9906283020973206","1307","1307","282","Indiana State","fcs","MVFC","7","0,7,0,0","0.009371697902679443","","","1.756985516649738","","",""
"401520195","2023","2","regular","2023-09-08T23:30:00.000Z","false","true","false","false","45809","3833","Memorial Stadium","2305","Kansas","fbs","Big 12","34","14,14,6,0","0.9638253450393677","1415","1455","356","Illinois","fbs","Big Ten","23","0,7,8,8","0.036174654960632324","1664","1624","2.7229450650389606","","",""
"401520216","2023","2","regular","2023-09-09T15:00:00.000Z","false","true","false","false","28363","3630","Allegacy Federal Credit Union Stadium","154","Wake Forest","fbs","ACC","36","3,21,3,9","0.9654063582420349","1608","1618","238","Vanderbilt","fbs","SEC","20","0,14,0,6","0.03459364175796509","1327","1317","3.50847359074145","","",""
"401520185","2023","2","regular","2023-09-09T16:00:00.000Z","false","true","false","false","25153","3841","Michie Stadium","349","Army","fbs","FBS Independents","57","15,21,7,14","0.9930661916732788","1530","1530","2169","Delaware State","fcs","MEAC","0","0,0,0,0","0.006933808326721191","","","1.8950136069116326","","",""
"401520191","2023","2","regular","2023-09-09T16:00:00.000Z","false","true","false","false","92746","3917","Sanford Stadium","61","Georgia","fbs","SEC","45","0,31,14,0","0.9893914461135864","2033","2065","2050","Ball State","fbs","Mid-American","3","0,0,0,3","0.010608553886413574","1305","1273","2.67585382293765","","",""
"401520208","2023","2","regular","2023-09-09T16:00:00.000Z","false","true","false","false","102897","3861","Ohio Stadium","194","Ohio State","fbs","Big Ten","35","14,14,7,0","0.9419934153556824","1955","1955","2754","Youngstown State","fcs","MVFC","7","7,0,0,0","0.05800658464431763","","","2.612593916586522","","",""
"401520209","2023","2","regular","2023-09-09T16:00:00.000Z","false","true","false","false","108575","3632","Beaver Stadium","213","Penn State","fbs","Big Ten","63","14,21,21,7","0.993723452091217","1713","1713","48","Delaware","fcs","CAA","7","7,0,0,0","0.006276547908782959","","","2.2167764246881028","","",""
"401520215","2023","2","regular","2023-09-09T16:00:00.000Z","false","true","false","false","65632","3799","Lane Stadium","259","Virginia Tech","fbs","ACC","17","0,17,0,0","0.0072840312495827675","1421","1412","2509","Purdue","fbs","Big Ten","24","7,10,0,7","0.9927159687504172","1479","1488","5.639437122018666","","",""
"401523999","2023","2","regular","2023-09-09T16:00:00.000Z","false","true","false","false","43732","4727","McLane Stadium","239","Baylor","fbs","Big 12","13","0,10,3,0","0.13570810854434967","1559","1563","254","Utah","fbs","Pac-12","20","0,3,3,14","0.8642918914556503","1784","1780","5.081381480144591","","",""
"401525436","2023","2","regular","2023-09-09T16:00:00.000Z","false","true","false","false","56919","3670","Carter-Finley Stadium","152","NC State","fbs","ACC","24","0,7,10,7","0.007694457191973925","1553","1528","87","Notre Dame","fbs","FBS Independents","45","3,14,7,21","0.9923055428080261","1819","1844","5.061704016616875","","",""
"401525490","2023","2","regular","2023-09-09T16:00:00.000Z","false","true","false","false","40122","3615","Alumni Stadium (Chestnut Hill, MA)","103","Boston College","fbs","ACC","31","7,17,0,7","0.5238125324249268","1434","1434","107","Holy Cross","fcs","Patriot","28","0,14,7,7","0.47618746757507324","","","4.896293223213847","","",""
"401525498","2023","2","regular","2023-09-09T16:00:00.000Z","false","true","false","false","56508","3923","Scott Stadium","258","Virginia","fbs","ACC","35","7,7,21,0","0.5936965346336365","1339","1350","256","James Madison","fbs","Sun Belt","36","17,0,7,12","0.4063034653663635","1606","1595","6.4228781142792615","","",""
"401525829","2023","2","regular","2023-09-09T16:00:00.000Z","false","true","false","false","51940","3636","Bill Snyder Family Stadium","2306","Kansas State","fbs","Big 12","42","7,14,7,14","0.988589882850647","1740","1795","2653","Troy","fbs","Sun Belt","13","0,10,0,3","0.011410117149353027","1556","1501","2.916182517296636","","",""
"401520188","2023","2","regular","2023-09-09T16:00:00.000Z","false","true","false","false","53241","3726","Folsom Field","38","Colorado","fbs","Pac-12","36","0,13,10,13","0.9692598581314087","1196","1288","158","Nebraska","fbs","Big Ten","14","0,0,7,7","0.03074014186859131","1522","1430","5.342257842289211","","",""
"401525494","2023","2","regular","2023-09-09T17:00:00.000Z","false","true","false","false","31452","721","Bobby Dodd Stadium","59","Georgia Tech","fbs","ACC","48","14,14,17,3","0.9777213335037231","1347","1347","2569","South Carolina State","fcs","MEAC","13","0,6,7,0","0.022278666496276855","","","1.770689753227612","","",""
"401532396","2023","2","regular","2023-09-09T17:30:00.000Z","false","true","false","false","17302","3786","Kelly/Shorts Stadium","2117","Central Michigan","fbs","Mid-American","45","7,21,7,10","0.8631073832511902","1482","1482","160","New Hampshire","fcs","Coastal Athletic","42","7,14,7,14","0.13689261674880981","","","6.444685936709556","","",""
"401532400","2023","2","regular","2023-09-09T18:00:00.000Z","false","true","false","false","12312","3700","Doyt L. Perry Stadium","189","Bowling Green","fbs","Mid-American","38","7,14,10,7","0.9933909177780151","1210","1210","2197","Eastern Illinois","fcs","Big South-OVC","15","6,6,0,3","0.006609082221984863","","","3.149139702224016","","",""
"401525491","2023","2","regular","2023-09-09T18:15:00.000Z","false","true","false","false","81500","3836","Memorial Stadium (Clemson, SC)","228","Clemson","fbs","ACC","66","14,10,28,14","0.9943992495536804","1684","1684","2127","Charleston Southern","fcs","Big South-OVC","17","14,3,0,0","0.00560075044631958","","","3.4552008510948897","","",""
"401520196","2023","2","regular","2023-09-09T19:00:00.000Z","false","true","false","false","61876","3683","Kroger Field","96","Kentucky","fbs","SEC","28","0,7,14,7","0.9494829773902893","1730","1730","2198","Eastern Kentucky","fcs","UAC","17","7,0,3,7","0.05051702260971069","","","5.0669307818770974","","",""
"401525828","2023","2","regular","2023-09-09T19:00:00.000Z","false","true","false","false","60834","3801","LaVell Edwards Stadium","252","BYU","fbs","Big 12","41","6,21,7,7","0.8784937858581543","1544","1544","253","Southern Utah","fcs","UAC","16","3,0,7,6","0.1215062141418457","","","2.9249428827581103","","",""
"401520201","2023","2","regular","2023-09-09T19:30:00.000Z","false","true","false","false","48792","3948","Hard Rock Stadium","2390","Miami","fbs","ACC","48","7,14,10,17","0.8877696394920349","1481","1529","245","Texas A&M","fbs","SEC","33","10,7,9,7","0.11223036050796509","1656","1608","5.897074471841576","","",""
"401532397","2023","2","regular","2023-09-09T19:30:00.000Z","false","true","false","false","13114","3764","Huskie Stadium","2459","Northern Illinois","fbs","Mid-American","11","0,0,3,8","0.7286332845687866","1385","1385","79","Southern Illinois","fcs","MVFC","14","7,0,7,0","0.2713667154312134","","","6.045096501110325","","",""
"401520194","2023","2","regular","2023-09-09T19:30:00.000Z","false","true","false","false","61500","3772","Jack Trice Stadium","66","Iowa State","fbs","Big 12","13","0,3,0,10","0.13250486552715302","1536","1533","2294","Iowa","fbs","Big Ten","20","3,14,3,0","0.867495134472847","1664","1667","3.788388518171521","","",""
"401520203","2023","2","regular","2023-09-09T19:30:00.000Z","false","true","false","false","","3936","Spartan Stadium","127","Michigan State","fbs","Big Ten","45","7,10,21,7","0.9962694048881531","1617","1617","257","Richmond","fcs","Coastal Athletic","14","0,0,0,14","0.003730595111846924","","","2.4551839830768034","","",""
"401520214","2023","2","regular","2023-09-09T19:30:00.000Z","false","true","false","false","30000","4729","Yulman Stadium","2655","Tulane","fbs","American Athletic","20","7,10,0,3","0.0572722852230072","1671","1621","145","Ole Miss","fbs","SEC","37","7,3,7,20","0.9427277147769928","1589","1639","6.275807393230487","","",""
"401531432","2023","2","regular","2023-09-09T19:30:00.000Z","false","true","false","false","29789","3852","Navy-Marine Corps Memorial Stadium","2426","Navy","fbs","American Athletic","24","7,10,0,7","0.9970902800559998","1320","1320","2681","Wagner","fcs","NEC","0","0,0,0,0","0.002909719944000244","","","2.4604583329864647","","",""
"401531395","2023","2","regular","2023-09-09T19:30:00.000Z","false","true","false","false","49342","3604","Alamodome","2636","UTSA","fbs","American Athletic","20","3,7,7,3","0.5523667931556702","1604","1600","326","Texas State","fbs","Sun Belt","13","0,10,0,3","0.44763320684432983","1349","1353","4.867882196353528","","",""
"401520207","2023","2","regular","2023-09-09T19:30:00.000Z","false","true","false","false","14851","3911","Ryan Field","77","Northwestern","fbs","Big Ten","38","7,0,21,10","0.9808356761932373","1296","1390","2638","UTEP","fbs","Conference USA","7","7,0,0,0","0.019164323806762695","1370","1276","3.7618376213520306","","",""
"401520202","2023","2","regular","2023-09-09T19:30:00.000Z","false","true","false","false","109482","3558","Michigan Stadium","130","Michigan","fbs","Big Ten","35","7,14,14,0","0.9916186332702637","1941","1951","2439","UNLV","fbs","Mountain West","7","0,0,0,7","0.008381366729736328","1350","1340","2.108362012216072","","",""
"401532398","2023","2","regular","2023-09-09T19:30:00.000Z","false","true","false","false","22742","3739","Glass Bowl","2649","Toledo","fbs","Mid-American","71","22,28,7,14","0.9930822253227234","1531","1531","2640","Texas Southern","fcs","SWAC","3","0,3,0,0","0.006917774677276611","","","2.3440811553784524","","",""
"401525497","2023","2","regular","2023-09-09T19:30:00.000Z","false","true","false","false","32637","1964","JMA Wireless Dome","183","Syracuse","fbs","ACC","48","17,28,3,0","0.9816874265670776","1476","1581","2711","Western Michigan","fbs","Mid-American","7","7,0,0,0","0.018312573432922363","1367","1262","2.930572727911226","","",""
"401526833","2023","2","regular","2023-09-09T19:30:00.000Z","false","true","false","false","9207","3985","Warren McGuirk Alumni Stadium","113","Massachusetts","fbs","FBS Independents","28","0,7,14,7","0.024396291002631187","1048","1043","193","Miami (OH)","fbs","Mid-American","41","21,7,3,10","0.9756037089973688","1316","1321","4.858931718460043","","",""
"401520184","2023","2","regular","2023-09-09T20:00:00.000Z","false","true","false","false","73173","3887","Razorback Stadium","8","Arkansas","fbs","SEC","28","7,7,7,7","0.9987026109024985","1624","1641","2309","Kent State","fbs","Mid-American","6","3,3,0,0","0.0012973890975015445","1262","1245","6.4974422908","","",""
"401532578","2023","2","regular","2023-09-09T20:00:00.000Z","false","true","false","false","14224","3935","CEFCU Stadium","23","San José State","fbs","Mountain West","59","17,21,21,0","1","1223","1223","13","Cal Poly","fcs","Big Sky","3","0,3,0,0","0","","","2.1411440027374646","","",""
"401532580","2023","2","regular","2023-09-09T20:00:00.000Z","false","true","false","false","22121","3984","War Memorial Stadium","2751","Wyoming","fbs","Mountain West","31","14,7,10,0","0.9321340918540955","1500","1500","2502","Portland State","fcs","Big Sky","17","0,10,0,7","0.06786590814590454","","","3.2845852652056715","","",""
"401531411","2023","2","regular","2023-09-09T20:00:00.000Z","false","true","false","false","38211","3699","Dowdy-Ficklen Stadium","151","East Carolina","fbs","American Athletic","13","0,10,3,0","0.11436350643634796","1481","1443","276","Marshall","fbs","Sun Belt","31","0,10,0,21","0.885636493563652","1542","1580","5.793817700828294","","",""
"401524004","2023","2","regular","2023-09-09T21:00:00.000Z","false","true","false","false","63128","3765","Husky Stadium","264","Washington","fbs","Pac-12","43","14,8,14,7","0.9606115818023682","1774","1822","202","Tulsa","fbs","American Athletic","10","3,0,0,7","0.039388418197631836","1418","1370","2.06887493996115","","",""
"401531844","2023","2","regular","2023-09-09T21:00:00.000Z","false","true","false","false","15237","6526","Hancock Whitney Stadium","6","South Alabama","fbs","Sun Belt","35","0,7,14,14","0.9552909135818481","1313","1313","2545","SE Louisiana","fcs","Southland","17","0,7,0,10","0.044709086418151855","","","4.567434537852309","","",""
"401520213","2023","2","regular","2023-09-09T21:00:00.000Z","false","true","false","false","101915","3853","Neyland Stadium","2633","Tennessee","fbs","SEC","30","3,10,10,7","0.9913535714149475","1735","1735","2046","Austin Peay","fcs","UAC","13","3,3,0,7","0.00864642858505249","","","4.550903749976354","","",""
"401525495","2023","2","regular","2023-09-09T21:15:00.000Z","false","true","false","false","50500","3787","Kenan Stadium","153","North Carolina","fbs","ACC","40","0,10,10,7,7,6","0.6574476361274719","1579","1585","2026","App State","fbs","Sun Belt","34","0,10,7,10,7,0","0.3425523638725281","1562","1556","7.532889309140544","","",""
"401525833","2023","2","regular","2023-09-09T22:00:00.000Z","false","true","false","false","50037","3842","Milan Puskar Stadium","277","West Virginia","fbs","Big 12","56","7,28,7,14","0.9928979873657227","1447","1447","2184","Duquesne","fcs","NEC","17","7,3,7,0","0.007102012634277344","","","3.8880469023594784","","",""
"401531378","2023","2","regular","2023-09-09T22:00:00.000Z","false","true","false","false","20103","3608","Allen E. Paulson Stadium","290","Georgia Southern","fbs","Sun Belt","49","14,14,7,14","0.6782563924789429","1418","1455","5","UAB","fbs","American Athletic","35","0,22,7,6","0.32174360752105713","1510","1473","5.396108810187713","","",""
"401531842","2023","2","regular","2023-09-09T22:00:00.000Z","false","true","false","true","18154","3918","S.B. Ballard Stadium","295","Old Dominion","fbs","Sun Belt","38","7,10,14,7","0.3462165594100952","1333","1355","309","Louisiana","fbs","Sun Belt","31","10,7,0,14","0.6537834405899048","1537","1515","4.966798925274547","","",""
"401525492","2023","2","regular","2023-09-09T22:00:00.000Z","false","true","false","false","17481","3982","Wallace Wade Stadium","150","Duke","fbs","ACC","42","7,14,14,7","0.9962701201438904","1250","1250","322","Lafayette","fcs","Patriot","7","7,0,0,0","0.003729879856109619","","","2.556892645645402","","",""
"401520198","2023","2","regular","2023-09-09T22:00:00.000Z","false","true","false","true","20123","3992","Williams Stadium (VA)","2335","Liberty","fbs","Conference USA","33","7,16,10,0","0.9744338989257812","1446","1465","166","New Mexico State","fbs","Conference USA","17","7,10,0,0","0.02556610107421875","1274","1255","4.615991568421244","","",""
"401525830","2023","2","regular","2023-09-09T22:00:00.000Z","false","true","false","false","84186","3835","Memorial Stadium (Norman, OK)","201","Oklahoma","fbs","Big 12","28","7,7,0,14","1","1793","1807","2567","SMU","fbs","American Athletic","11","3,0,0,8","0","1535","1521","4.755072357236241","","",""
"401532399","2023","2","regular","2023-09-09T22:00:00.000Z","false","true","false","false","8213","3768","InfoCision Stadium","2006","Akron","fbs","Mid-American","24","3,14,0,7","0.5802868604660034","1094","1094","2415","Morgan State","fcs","MEAC","21","0,7,14,0","0.4197131395339966","","","10.09801289360701","","",""
"401532401","2023","2","regular","2023-09-09T22:00:00.000Z","false","true","false","false","15854","3965","UB Stadium","2084","Buffalo","fbs","Mid-American","37","14,7,9,7","0.7999584417618355","1354","1354","2230","Fordham","fcs","Patriot","40","3,17,6,14","0.2000415582381645","","","9.3628657898","","",""
"401531419","2023","2","regular","2023-09-09T22:00:00.000Z","false","true","false","false","17934","3715","FAU Stadium","2226","Florida Atlantic","fbs","American Athletic","10","0,10,0,0","0.4269009530544281","1424","1415","195","Ohio","fbs","Mid-American","17","0,7,7,3","0.5730990469455719","1473","1482","5.432443199529335","","",""
"401520189","2023","2","regular","2023-09-09T22:30:00.000Z","false","true","false","false","15754","218","FIU Stadium","2229","Florida International","fbs","Conference USA","46","7,10,21,8","0.9662132859230042","1074","1101","249","North Texas","fbs","American Athletic","39","10,10,7,12","0.03378671407699585","1357","1330","11.096244129794472","","",""
"401525496","2023","2","regular","2023-09-09T22:30:00.000Z","false","true","false","false","49398","3752","Acrisure Stadium","221","Pittsburgh","fbs","ACC","21","7,0,0,14","0","1624","1613","2132","Cincinnati","fbs","Big 12","27","10,10,7,0","1","1626","1637","5.11923347856058","","",""
"401520197","2023","2","regular","2023-09-09T23:00:00.000Z","false","true","false","false","19152","3776","Joe Aillet Stadium","2348","Louisiana Tech","fbs","Conference USA","51","10,21,20,0","0.9893025159835815","1257","1257","2466","Northwestern State","fcs","Southland","21","7,7,7,0","0.010697484016418457","","","3.7824353125817605","","",""
"401520218","2023","2","regular","2023-09-09T23:00:00.000Z","false","true","false","false","20712","3796","Houchens Industries-L.T. Smith Stadium","98","Western Kentucky","fbs","Conference USA","52","24,7,7,14","0.9306677223093426","1700","1700","2277","Houston Christian","fcs","Southland","22","0,14,0,8","0.06933227769065742","","","3.2047758412","","",""
"401520192","2023","2","regular","2023-09-09T23:00:00.000Z","false","true","false","false","15186","4246","Center Parc Stadium","2247","Georgia State","fbs","Sun Belt","35","7,14,7,7","0.9770104289054871","1490","1517","41","UConn","fbs","FBS Independents","14","0,0,0,14","0.02298957109451294","1264","1237","2.773731152149321","","",""
"401525827","2023","2","regular","2023-09-09T23:00:00.000Z","false","true","false","false","36447","3653","Albertsons Stadium","68","Boise State","fbs","Mountain West","16","7,3,0,6","0.1509566754102707","1540","1544","2116","UCF","fbs","Big 12","18","3,6,0,9","0.8490433245897293","1668","1664","5.813919467286331","","",""
"401524002","2023","2","regular","2023-09-09T23:00:00.000Z","false","true","false","false","56200","3784","Jones AT&T Stadium","2641","Texas Tech","fbs","Big 12","30","7,6,14,3","0.03921138122677803","1585","1575","2483","Oregon","fbs","Pac-12","38","15,3,0,20","0.960788618773222","1649","1659","8.512608128625141","","",""
"401531427","2023","2","regular","2023-09-09T23:00:00.000Z","false","true","false","false","18724","3625","Centennial Bank Stadium","2032","Arkansas State","fbs","Sun Belt","3","0,3,0,0","0.007382897660136223","1071","1032","235","Memphis","fbs","American Athletic","37","3,21,7,6","0.9926171023398638","1545","1584","4.001809512997599","","",""
"401520183","2023","2","regular","2023-09-09T23:00:00.000Z","false","true","false","false","100077","3657","Bryant-Denny Stadium","333","Alabama","fbs","SEC","24","0,6,10,8","0.03577952831983566","2029","1984","251","Texas","fbs","Big 12","34","3,10,0,21","0.9642204716801643","1776","1821","6.574196239443171","","",""
"401520187","2023","2","regular","2023-09-09T23:00:00.000Z","false","true","false","false","16006","3654","Brooks Stadium (SC)","324","Coastal Carolina","fbs","Sun Belt","30","7,3,13,7","0.8348190784454346","1387","1425","55","Jacksonville State","fbs","Conference USA","16","6,3,0,7","0.16518092155456543","1499","1461","4.367462371946549","","",""
"401531422","2023","2","regular","2023-09-09T23:00:00.000Z","false","true","false","false","36495","3886","Raymond James Stadium","58","South Florida","fbs","American Athletic","38","14,10,7,7","0.8421956896781921","1268","1268","50","Florida A&M","fcs","SWAC","24","7,7,3,7","0.15780431032180786","","","4.2368160090014895","","",""
"401532576","2023","2","regular","2023-09-09T23:00:00.000Z","false","true","false","false","19852","3816","Mackay Stadium","2440","Nevada","fbs","Mountain West","6","3,3,0,0","0.01783553883433342","1405","1405","70","Idaho","fcs","Big Sky","33","14,3,10,6","0.9821644611656666","","","3.3504080244065046","","",""
"401525831","2023","2","regular","2023-09-09T23:00:00.000Z","false","true","false","false","23425","3895","Rice Stadium","242","Rice","fbs","American Athletic","43","21,7,0,0,7,8","0.9734036922454834","1194","1199","248","Houston","fbs","Big 12","41","0,7,0,21,7,6","0.0265963077545166","1580","1575","4.838451928161532","","",""
"401520206","2023","2","regular","2023-09-09T23:00:00.000Z","false","true","false","false","57645","3838","Memorial Stadium","142","Missouri","fbs","SEC","23","3,7,6,7","0.8048872351646423","1480","1479","2393","Middle Tennessee","fbs","Conference USA","19","0,7,3,9","0.19511276483535767","1340","1341","4.585190162152191","","",""
"401524001","2023","2","regular","2023-09-09T23:30:00.000Z","false","true","false","false","32017","7311","Snapdragon Stadium","21","San Diego State","fbs","Mountain West","10","7,3,0,0","0.024450259283185005","1497","1446","26","UCLA","fbs","Pac-12","35","7,21,7,0","0.975549740716815","1631","1682","3.3270753666547748","","",""
"401520210","2023","2","regular","2023-09-09T23:30:00.000Z","false","true","false","false","45317","6577","SHI Stadium","164","Rutgers","fbs","Big Ten","36","7,6,0,23","0.9956041574478149","1330","1399","218","Temple","fbs","American Athletic","7","0,0,0,7","0.004395842552185059","1263","1194","2.87375730838849","","",""
"401520205","2023","2","regular","2023-09-09T23:30:00.000Z","false","true","false","false","51648","3693","Davis Wade Stadium","344","Mississippi State","fbs","SEC","31","14,0,7,3,7","0.9436410665512085","1629","1627","12","Arizona","fbs","Pac-12","24","0,7,7,10,0","0.056358933448791504","1416","1418","5.674132282804362","","",""
"401520199","2023","2","regular","2023-09-09T23:30:00.000Z","false","true","false","false","97735","3958","Tiger Stadium (LA)","99","LSU","fbs","SEC","72","14,28,14,16","0.970504879951477","1484","1484","2755","Grambling","fcs","SWAC","10","10,0,0,0","0.02949512004852295","","","2.792762146045012","","",""
"401520212","2023","2","regular","2023-09-09T23:30:00.000Z","false","true","false","false","78281","3994","Williams-Brice Stadium","2579","South Carolina","fbs","SEC","47","7,20,13,7","0.9605110287666321","1459","1459","231","Furman","fcs","Southern","21","7,7,0,7","0.03948897123336792","","","4.43057509821862","","",""
"401520217","2023","2","regular","2023-09-09T23:30:00.000Z","false","true","false","false","33024","3820","Gesa Field","265","Washington State","fbs","Pac-12","31","7,17,0,7","0.9558188319206238","1602","1621","275","Wisconsin","fbs","Big Ten","22","3,6,13,0","0.04418116807937622","1665","1646","4.419189641788866","","",""
"401520200","2023","2","regular","2023-09-09T23:30:00.000Z","false","true","false","false","32804","3665","SECU Stadium","120","Maryland","fbs","Big Ten","38","0,9,8,21","0.990609884262085","1596","1602","2429","Charlotte","fbs","American Athletic","20","14,0,0,6","0.009390115737915039","1220","1214","4.019672326139634","","",""
"401520190","2023","2","regular","2023-09-09T23:30:00.000Z","false","true","false","false","88163","3634","Ben Hill Griffin Stadium","57","Florida","fbs","SEC","49","13,13,16,7","0.996726930141449","1558","1558","2377","McNeese","fcs","Southland","7","0,0,0,7","0.0032730698585510254","","","1.836958622092549","","",""
"401520204","2023","2","regular","2023-09-09T23:30:00.000Z","false","true","false","false","48101","3953","Huntington Bank Stadium","135","Minnesota","fbs","Big Ten","25","0,10,10,5","0.9390003681182861","1671","1691","2199","Eastern Michigan","fbs","Mid-American","6","0,6,0,0","0.06099963188171387","1433","1413","3.0296120785115632","","",""
"401532579","2023","2","regular","2023-09-10T00:00:00.000Z","false","true","false","false","20034","3905","Maverik Stadium","328","Utah State","fbs","Mountain West","78","7,44,14,13","0.9909796118736267","1553","1553","304","Idaho State","fcs","Big Sky","28","7,7,7,7","0.009020388126373291","","","2.9608954550346227","","",""
"401532577","2023","2","regular","2023-09-10T00:00:00.000Z","false","true","false","false","17279","3971","University Stadium (NM)","167","New Mexico","fbs","Mountain West","56","7,21,21,7","0.9920523166656494","1146","1146","2635","Tennessee Tech","fcs","Big South-OVC","10","7,3,0,0","0.007947683334350586","","","3.1213902302494914","","",""
"401531843","2023","2","regular","2023-09-10T00:00:00.000Z","false","true","false","false","13154","3817","Malone Stadium","2433","UL Monroe","fbs","Sun Belt","24","7,14,0,3","0.6389737725257874","1221","1221","2320","Lamar","fcs","Southland","14","0,0,0,14","0.36102622747421265","","","2.644028048235386","","",""
"401525832","2023","2","regular","2023-09-10T00:00:00.000Z","false","true","false","false","45010","3616","Amon G. Carter Stadium","2628","TCU","fbs","Big 12","41","14,10,0,17","0.8993260264396667","1428","1428","2447","Nicholls","fcs","Southland","6","0,3,3,0","0.10067397356033325","","","7.210022325514886","","",""
"401520211","2023","2","regular","2023-09-10T00:00:00.000Z","false","true","true","false","25121","3891","NRG Stadium","2534","Sam Houston","fbs","Conference USA","3","0,0,3,0","0.49163419008255005","1473","1474","2005","Air Force","fbs","Mountain West","13","0,3,0,10","0.50836580991745","1678","1677","3.878075987344284","","",""
"401525493","2023","2","regular","2023-09-10T00:30:00.000Z","false","true","false","false","74467","3697","Doak Campbell Stadium","52","Florida State","fbs","ACC","66","14,17,21,14","0.9801426529884338","1792","1895","2572","Southern Miss","fbs","Sun Belt","13","0,3,7,3","0.019857347011566162","1370","1267","2.3665983955819043","","",""
"401524000","2023","2","regular","2023-09-10T01:00:00.000Z","false","true","false","false","35728","3893","Reser Stadium","204","Oregon State","fbs","Pac-12","55","14,24,10,7","0.9923451542854309","1599","1599","302","UC Davis","fcs","Big Sky","7","0,0,0,7","0.007654845714569092","","","1.9998759100949062","","",""
"401532574","2023","2","regular","2023-09-10T01:00:00.000Z","false","true","false","false","41031","3660","Valley Children's Stadium","278","Fresno State","fbs","Mountain West","34","7,7,7,3,7,3","0.849270761013031","1600","1600","331","Eastern Washington","fcs","Big Sky","31","3,0,14,7,7,0","0.150729238986969","","","7.478796166909928","","",""
"401523998","2023","2","regular","2023-09-10T02:30:00.000Z","false","true","false","false","42569","3947","Mountain America Stadium","9","Arizona State","fbs","Pac-12","15","7,8,0,0","0.04786846041679382","1464","1444","197","Oklahoma State","fbs","Big 12","27","0,10,7,10","0.9521315395832062","1530","1550","4.542219964328377","","",""
"401520186","2023","2","regular","2023-09-10T02:30:00.000Z","false","true","false","false","44141","3831","California Memorial Stadium","25","California","fbs","Pac-12","10","3,7,0,0","0.18454720079898834","1552","1551","2","Auburn","fbs","SEC","14","0,7,0,7","0.8154527992010117","1638","1639","5.582624721623181","","",""
"401524003","2023","2","regular","2023-09-10T02:30:00.000Z","false","true","false","true","67213","477","Los Angeles Memorial Coliseum","30","USC","fbs","Pac-12","56","21,28,0,7","0.9872803688049316","1817","1891","24","Stanford","fbs","Pac-12","10","0,3,0,7","0.01271963119506836","1345","1271","1.952229800576618","","",""
"401532575","2023","2","regular","2023-09-10T03:59:00.000Z","false","true","false","false","9485","7220","Clarence T.C. Ching Athletics Complex","62","Hawai'i","fbs","Mountain West","31","10,7,7,7","0.6254602074623108","1380","1380","399","UAlbany","fcs","Coastal Athletic","20","7,10,3,0","0.3745397925376892","","","5.759108739577504","","",""
"401525499","2023","3","regular","2023-09-14T23:30:00.000Z","false","true","false","false","40077","3948","Hard Rock Stadium","2390","Miami","fbs","ACC","48","14,20,7,7","0.9915528893470764","1659","1659","2065","Bethune-Cookman","fcs","SWAC","7","0,0,0,7","0.008447110652923584","","","2.355712910359568","","",""
"401531428","2023","3","regular","2023-09-14T23:30:00.000Z","false","true","false","true","25551","3805","Simmons Bank Liberty Stadium","235","Memphis","fbs","American Athletic","28","7,7,7,7","0.8769708871841431","1584","1581","2426","Navy","fbs","American Athletic","24","14,0,7,3","0.12302911281585693","1385","1388","6.1800932851869135","","",""
"401531396","2023","3","regular","2023-09-15T23:00:00.000Z","false","true","false","false","27138","3604","Alamodome","2636","UTSA","fbs","American Athletic","29","0,14,7,8","0.06761127710342407","1600","1575","349","Army","fbs","FBS Independents","37","14,6,10,7","0.9323887228965759","1488","1513","4.84482614087848","","",""
"401520231","2023","3","regular","2023-09-15T23:00:00.000Z","false","true","false","false","37041","3665","SECU Stadium","120","Maryland","fbs","Big Ten","42","7,7,7,21","0.9803267121315002","1602","1646","258","Virginia","fbs","ACC","14","14,0,0,0","0.019673287868499756","1350","1306","4.530333710085389","","",""
"401532581","2023","3","regular","2023-09-16T00:00:00.000Z","false","true","false","true","18400","3713","Falcon Stadium","2005","Air Force","fbs","Mountain West","39","22,10,7,0","0.9918723106384277","1677","1691","328","Utah State","fbs","Mountain West","21","0,7,7,7","0.008127689361572266","1396","1382","1.623935283177174","","",""
"401532582","2023","3","regular","2023-09-16T16:00:00.000Z","false","true","false","false","35610","3653","Albertsons Stadium","68","Boise State","fbs","Mountain West","42","7,14,7,14","0.9737412333488464","1541","1541","155","North Dakota","fcs","MVFC","18","0,6,12,0","0.026258766651153564","","","2.7219256798301257","","",""
"401525834","2023","3","regular","2023-09-16T16:00:00.000Z","false","true","false","false","43732","4727","McLane Stadium","239","Baylor","fbs","Big 12","30","7,9,7,7","0.9821840524673462","1643","1643","2341","Long Island University","fcs","NEC","7","0,7,0,0","0.01781594753265381","","","2.6113522891317675","","",""
"401520226","2023","3","regular","2023-09-16T16:00:00.000Z","false","true","false","true","49099","3832","Memorial Stadium (Champaign, IL)","356","Illinois","fbs","Big Ten","13","0,7,0,6","0.12209295481443405","1624","1606","213","Penn State","fbs","Big Ten","30","6,10,7,7","0.877907045185566","1849","1867","4.131471931481275","","",""
"401520222","2023","3","regular","2023-09-16T16:00:00.000Z","false","true","false","false","13020","3965","UB Stadium","2084","Buffalo","fbs","Mid-American","27","0,14,7,6","0.006152075715363026","1396","1328","2335","Liberty","fbs","Conference USA","55","10,14,17,14","0.993847924284637","1465","1533","3.1098117413100606","","",""
"401520230","2023","3","regular","2023-09-16T16:00:00.000Z","false","true","true","false","","3812","Lucas Oil Stadium","84","Indiana","fbs","Big Ten","14","0,0,14,0","0.006027871742844582","1389","1399","97","Louisville","fbs","ACC","21","7,14,0,0","0.9939721282571554","1654","1644","3.7211177356231615","","",""
"401520249","2023","3","regular","2023-09-16T16:00:00.000Z","false","true","false","false","75610","347","Camp Randall Stadium","275","Wisconsin","fbs","Big Ten","35","0,7,21,7","0.9996417164802551","1646","1676","290","Georgia Southern","fbs","Sun Belt","14","0,7,7,0","0.00035828351974487305","1455","1425","5.2008511652016916","","",""
"401525504","2023","3","regular","2023-09-16T16:00:00.000Z","false","true","false","false","18276","3918","S.B. Ballard Stadium","295","Old Dominion","fbs","Sun Belt","24","0,17,7,0","0.13854098320007324","1355","1366","154","Wake Forest","fbs","ACC","27","0,0,13,14","0.8614590167999268","1618","1607","5.672759725150021","","",""
"401532404","2023","3","regular","2023-09-16T16:00:00.000Z","false","true","false","false","10731","3696","Dix Stadium","2309","Kent State","fbs","Mid-American","38","14,7,17,0","0.9751399755477905","1212","1212","2115","Central Connecticut","fcs","NEC","10","0,0,0,10","0.024860024452209473","","","2.0772714616592984","","",""
"401525500","2023","3","regular","2023-09-16T16:00:00.000Z","false","true","false","true","41383","3615","Alumni Stadium (Chestnut Hill, MA)","103","Boston College","fbs","ACC","29","7,3,6,13","0.5451641082763672","1309","1335","52","Florida State","fbs","ACC","31","3,14,14,0","0.4548358917236328","1895","1869","5.376923068733644","","",""
"401525838","2023","3","regular","2023-09-16T16:00:00.000Z","false","true","false","false","21991","3876","Peden Stadium","195","Ohio","fbs","Mid-American","10","0,0,7,3","0.5184299945831299","1482","1484","66","Iowa State","fbs","Big 12","7","0,0,0,7","0.4815700054168701","1533","1531","4.063778235387788","","",""
"401520236","2023","3","regular","2023-09-16T16:00:00.000Z","false","true","false","false","62621","3838","Memorial Stadium","142","Missouri","fbs","SEC","30","10,7,0,13","0.8118879199028015","1479","1485","2306","Kansas State","fbs","Big 12","27","7,7,10,3","0.1881120800971985","1795","1789","7.2612809447670665","","",""
"401520235","2023","3","regular","2023-09-16T16:00:00.000Z","false","true","false","true","60084","3693","Davis Wade Stadium","344","Mississippi State","fbs","SEC","14","0,7,0,7","0.014112376607954502","1627","1561","99","LSU","fbs","SEC","41","10,14,10,7","0.9858876233920455","1687","1753","3.614923634901991","","",""
"401526834","2023","3","regular","2023-09-16T18:00:00.000Z","false","true","false","false","16138","3912","Rynearson Stadium","2199","Eastern Michigan","fbs","Mid-American","19","3,7,0,9","0.5686696171760559","1413","1408","113","Massachusetts","fbs","FBS Independents","17","0,3,7,7","0.4313303828239441","1043","1048","5.884823554854904","","",""
"401524012","2023","3","regular","2023-09-16T18:00:00.000Z","false","true","false","false","51532","587","Rice-Eccles Stadium","254","Utah","fbs","Pac-12","31","7,10,14,0","0.9773723483085632","1807","1807","2692","Weber State","fcs","Big Sky","7","0,7,0,0","0.022627651691436768","","","2.386972347674975","","",""
"401525502","2023","3","regular","2023-09-16T18:00:00.000Z","false","true","false","false","56919","3670","Carter-Finley Stadium","152","NC State","fbs","ACC","45","21,10,7,7","0.9989580762065414","1570","1570","2678","VMI","fcs","Southern","7","0,0,7,0","0.0010419237934585768","","","2.3480485678","","",""
"401532402","2023","3","regular","2023-09-16T18:00:00.000Z","false","true","false","false","15054","3919","Scheumann Stadium","2050","Ball State","fbs","Mid-American","45","0,10,7,28","0.9944940805435181","1288","1288","282","Indiana State","fcs","MVFC","7","0,0,7,0","0.005505919456481934","","","3.516571442836262","","",""
"401531388","2023","3","regular","2023-09-16T18:00:00.000Z","false","true","false","false","10932","3806","Lincoln Financial Field","218","Temple","fbs","American Athletic","41","14,14,10,3","0.9914947748184204","1103","1103","2450","Norfolk State","fcs","MEAC","9","0,7,0,2","0.00850522518157959","","","2.5589329891361783","","",""
"401525437","2023","3","regular","2023-09-16T18:30:00.000Z","false","true","false","false","77622","3855","Notre Dame Stadium","87","Notre Dame","fbs","FBS Independents","41","14,7,10,10","0.9987696063393773","1844","1851","2117","Central Michigan","fbs","Mid-American","17","7,7,3,0","0.0012303936606227195","1328","1321","3.8958309204","","",""
"401524009","2023","3","regular","2023-09-16T19:30:00.000Z","false","true","false","false","35591","3893","Reser Stadium","204","Oregon State","fbs","Pac-12","26","3,9,7,7","0.9763561487197876","1729","1741","21","San Diego State","fbs","Mountain West","9","0,3,0,6","0.023643851280212402","1446","1434","3.2263971489391676","","",""
"401520223","2023","3","regular","2023-09-16T19:30:00.000Z","false","true","false","false","18141","3982","Wallace Wade Stadium","150","Duke","fbs","ACC","38","7,10,14,7","0.9825081825256348","1592","1630","77","Northwestern","fbs","Big Ten","14","0,7,0,7","0.017491817474365234","1390","1352","2.326461796904731","","",""
"401531412","2023","3","regular","2023-09-16T19:30:00.000Z","false","true","false","false","40168","3792","Kidd Brewer Stadium","2026","App State","fbs","Sun Belt","43","10,6,20,7","0.9791142344474792","1556","1577","151","East Carolina","fbs","American Athletic","28","7,14,7,0","0.020885765552520752","1443","1422","7.056497705826486","","",""
"401520225","2023","3","regular","2023-09-16T19:30:00.000Z","false","true","false","true","92746","3917","Sanford Stadium","61","Georgia","fbs","SEC","24","3,0,14,7","0.9927236437797546","2065","2048","2579","South Carolina","fbs","SEC","14","7,7,0,0","0.007276356220245361","1540","1557","4.63409617296879","","",""
"401520244","2023","3","regular","2023-09-16T19:30:00.000Z","false","true","false","false","65138","3886","Raymond James Stadium","58","South Florida","fbs","American Athletic","3","3,0,0,0","0.19295041263103485","1249","1279","333","Alabama","fbs","SEC","17","0,3,7,7","0.8070495873689651","1984","1954","5.143241011904963","","",""
"401525842","2023","3","regular","2023-09-16T19:30:00.000Z","false","true","false","false","30855","3674","Chapman Stadium","202","Tulsa","fbs","American Athletic","17","0,14,3,0","0.022329358384013176","1370","1280","201","Oklahoma","fbs","Big 12","66","28,10,21,7","0.9776706416159868","1807","1897","2.4254905307612944","","",""
"401520246","2023","3","regular","2023-09-16T19:30:00.000Z","false","true","false","false","20405","3892","Pratt & Whitney Stadium","41","UConn","fbs","FBS Independents","17","3,0,7,7","0.054603684693574905","1237","1213","2229","Florida International","fbs","Conference USA","24","7,17,0,0","0.9453963153064251","1101","1125","3.9839160607576205","","",""
"401520227","2023","3","regular","2023-09-16T19:30:00.000Z","false","true","false","false","69250","3793","Kinnick Stadium","2294","Iowa","fbs","Big Ten","41","0,14,17,10","0.9322707653045654","1667","1703","2711","Western Michigan","fbs","Mid-American","10","7,3,0,0","0.06772923469543457","1262","1226","3.873036452986737","","",""
"401520239","2023","3","regular","2023-09-16T19:30:00.000Z","false","true","false","false","45151","3787","Kenan Stadium","153","North Carolina","fbs","ACC","31","7,14,3,7","0.9803282618522644","1585","1636","135","Minnesota","fbs","Big Ten","13","0,10,3,0","0.019671738147735596","1691","1640","3.049966108406419","","",""
"401520243","2023","3","regular","2023-09-16T19:30:00.000Z","false","true","false","false","52657","6577","SHI Stadium","164","Rutgers","fbs","Big Ten","35","7,14,0,14","0.9947199821472168","1399","1444","259","Virginia Tech","fbs","ACC","16","0,3,7,6","0.005280017852783203","1412","1367","2.9893140594101486","","",""
"401520240","2023","3","regular","2023-09-16T20:00:00.000Z","false","true","false","false","100217","3861","Ohio Stadium","194","Ohio State","fbs","Big Ten","63","7,35,7,14","0.9942335486412048","1903","2028","98","Western Kentucky","fbs","Conference USA","10","3,7,0,0","0.005766451358795166","1632","1507","2.5533010880347273","","",""
"401520245","2023","3","regular","2023-09-16T20:00:00.000Z","false","true","false","false","93090","3795","Kyle Field","245","Texas A&M","fbs","SEC","47","10,17,10,10","0.9989158158362372","1608","1690","2433","UL Monroe","fbs","Sun Belt","3","0,3,0,0","0.0010841841637627692","1255","1173","3.311485305","","",""
"401524006","2023","3","regular","2023-09-16T20:00:00.000Z","false","true","false","false","36810","3831","California Memorial Stadium","25","California","fbs","Pac-12","31","0,14,14,3","0.9600664973258972","1618","1618","70","Idaho","fcs","Big Sky","17","10,7,0,0","0.03993350267410278","","","4.45185329432659","","",""
"401531348","2023","3","regular","2023-09-16T20:00:00.000Z","false","true","false","false","25038","3815","M. M. Roberts Stadium","2572","Southern Miss","fbs","Sun Belt","3","0,0,3,0","0","1267","1258","2655","Tulane","fbs","American Athletic","21","7,0,14,0","1","1621","1630","3.6258385917229212","","",""
"401524013","2023","3","regular","2023-09-16T21:00:00.000Z","false","true","false","false","23595","3820","Gesa Field","265","Washington State","fbs","Pac-12","64","22,21,14,7","0.9643226265907288","1653","1653","2458","Northern Colorado","fcs","Big Sky","21","0,7,7,7","0.03567737340927124","","","1.9042046206354455","","",""
"401520233","2023","3","regular","2023-09-16T21:00:00.000Z","false","true","false","false","70528","3936","Spartan Stadium","127","Michigan State","fbs","Big Ten","7","0,0,0,7","0.01750686764717102","1575","1509","264","Washington","fbs","Pac-12","41","14,21,6,0","0.982493132352829","1822","1888","4.153268593173667","","",""
"401524011","2023","3","regular","2023-09-16T21:00:00.000Z","false","true","false","false","38343","1056","Rose Bowl","26","UCLA","fbs","Pac-12","59","35,10,14,0","0.9919071197509766","1756","1756","2428","North Carolina Central","fcs","MEAC","7","0,0,0,7","0.008092880249023438","","","1.6418997333020047","","",""
"401531403","2023","3","regular","2023-09-16T22:00:00.000Z","false","true","false","false","14410","4418","Jerry Richardson Stadium","2429","Charlotte","fbs","American Athletic","25","0,10,15,0","0.05072753503918648","1214","1205","2247","Georgia State","fbs","Sun Belt","41","7,13,14,7","0.9492724649608135","1517","1526","4.266221010236035","","",""
"401525843","2023","3","regular","2023-09-16T22:30:00.000Z","false","true","false","false","44206","3652","FBC Mortgage Stadium","2116","UCF","fbs","Big 12","48","17,17,7,7","0.994231641292572","1688","1688","222","Villanova","fcs","Coastal Athletic","14","0,0,0,14","0.0057683587074279785","","","2.216849025772219","","",""
"401520247","2023","3","regular","2023-09-16T23:00:00.000Z","false","true","false","false","22582","6501","Allegiant Stadium","2439","UNLV","fbs","Mountain West","40","0,20,10,10","0.9095125794410706","1340","1341","238","Vanderbilt","fbs","SEC","37","10,7,0,20","0.09048742055892944","1317","1316","8.397187166464105","","",""
"401525841","2023","3","regular","2023-09-16T23:00:00.000Z","false","true","false","false","56200","3784","Jones AT&T Stadium","2641","Texas Tech","fbs","Big 12","41","21,3,10,7","1","1533","1533","2627","Tarleton State","fcs","UAC","3","0,0,0,3","0","","","2.270418156375565","","",""
"401531379","2023","3","regular","2023-09-16T23:00:00.000Z","false","true","false","false","21673","7221","Protective Stadium","5","UAB","fbs","American Athletic","21","0,0,3,18","0.060032665729522705","1473","1427","309","Louisiana","fbs","Sun Belt","41","0,24,10,7","0.9399673342704773","1515","1561","4.184561000544295","","",""
"401520234","2023","3","regular","2023-09-16T23:00:00.000Z","false","true","false","false","16605","3725","Johnny ""Red"" Floyd Stadium","2393","Middle Tennessee","fbs","Conference USA","35","14,7,7,7","0.9873821139335632","1368","1368","93","Murray State","fcs","MVFC","14","0,7,0,7","0.012617886066436768","","","2.7626608313774645","","",""
"401531438","2023","3","regular","2023-09-16T23:00:00.000Z","false","true","false","false","24489","3735","Gerald J. Ford Stadium","2567","SMU","fbs","American Athletic","69","14,28,21,6","0.9923451542854309","1584","1584","2504","Prairie View A&M","fcs","SWAC","0","0,0,0,0","0.007654845714569092","","","2.385940550537444","","",""
"401531441","2023","3","regular","2023-09-16T23:00:00.000Z","false","true","false","false","18103","3895","Rice Stadium","242","Rice","fbs","American Athletic","59","28,14,10,7","0.9937936067581177","1233","1233","2640","Texas Southern","fcs","SWAC","7","0,7,0,0","0.006206393241882324","","","1.575615964227563","","",""
"401531845","2023","3","regular","2023-09-16T23:00:00.000Z","false","true","false","false","18116","3654","Brooks Stadium (SC)","324","Coastal Carolina","fbs","Sun Belt","66","21,24,21,0","0.9935453534126282","1623","1623","2184","Duquesne","fcs","NEC","7","0,0,7,0","0.006454646587371826","","","2.2170542913329894","","",""
"401531846","2023","3","regular","2023-09-16T23:00:00.000Z","false","true","false","false","14327","3625","Centennial Bank Stadium","2032","Arkansas State","fbs","Sun Belt","31","17,0,7,7","0.9990095496177673","1024","1024","2619","Stony Brook","fcs","Coastal Athletic","7","0,0,0,7","0.000990450382232666","","","2.3471973752048783","","",""
"401531848","2023","3","regular","2023-09-16T23:00:00.000Z","false","true","false","true","26634","3975","Veterans Memorial Stadium (AL)","2653","Troy","fbs","Sun Belt","14","0,7,0,7","0.0775107815861702","1501","1503","256","James Madison","fbs","Sun Belt","16","3,10,3,0","0.9224892184138298","1595","1593","6.5758311632847875","","",""
"401520224","2023","3","regular","2023-09-16T23:00:00.000Z","false","true","false","true","90751","3634","Ben Hill Griffin Stadium","57","Florida","fbs","SEC","29","6,20,0,3","0.9498108625411987","1546","1603","2633","Tennessee","fbs","SEC","16","7,0,3,6","0.05018913745880127","1887","1830","3.7144080567288333","","",""
"401520237","2023","3","regular","2023-09-16T23:00:00.000Z","false","true","false","false","86875","3834","Memorial Stadium (Lincoln, NE)","158","Nebraska","fbs","Big Ten","35","7,7,7,14","0.996191143989563","1430","1476","2459","Northern Illinois","fbs","Mid-American","11","3,0,0,8","0.0038088560104370117","1309","1263","2.4582316014300583","","",""
"401525835","2023","3","regular","2023-09-16T23:00:00.000Z","false","true","false","false","38193","3854","Nippert Stadium","2132","Cincinnati","fbs","Big 12","24","10,3,3,8,0","0.6025655269622803","1637","1597","193","Miami (OH)","fbs","Mid-American","31","7,7,7,3,7","0.3974344730377197","1321","1361","7.413085426381915","","",""
"401520221","2023","3","regular","2023-09-16T23:00:00.000Z","false","true","false","false","88043","3785","Jordan-Hare Stadium","2","Auburn","fbs","SEC","45","0,17,14,14","0.9931033849716187","1697","1697","2535","Samford","fcs","Southern","13","0,0,13,0","0.006896615028381348","","","3.255868070100453","","",""
"401520229","2023","3","regular","2023-09-16T23:00:00.000Z","false","true","false","false","17434","3776","Joe Aillet Stadium","2348","Louisiana Tech","fbs","Conference USA","37","0,14,0,23","0.3854164183139801","1216","1218","249","North Texas","fbs","American Athletic","40","10,13,7,10","0.6145835816860199","1330","1328","6.1545601356932425","","",""
"401532403","2023","3","regular","2023-09-16T23:00:00.000Z","false","true","false","false","20039","3739","Glass Bowl","2649","Toledo","fbs","Mid-American","21","0,7,14,0","0.7013798952102661","1498","1497","23","San José State","fbs","Mountain West","17","0,10,7,0","0.2986201047897339","1378","1379","5.525134368631196","","",""
"401525839","2023","3","regular","2023-09-16T23:00:00.000Z","false","true","false","false","53855","3646","Boone Pickens Stadium","197","Oklahoma State","fbs","Big 12","7","0,0,0,7","0.011579561978578568","1550","1468","6","South Alabama","fbs","Sun Belt","33","10,13,0,10","0.9884204380214214","1459","1541","2.4456857830784564","","",""
"401520220","2023","3","regular","2023-09-16T23:30:00.000Z","false","true","false","false","74821","3887","Razorback Stadium","8","Arkansas","fbs","SEC","31","14,10,7,0","0.6130568385124207","1641","1620","252","BYU","fbs","Big 12","38","14,7,10,7","0.38694316148757935","1544","1565","6.3909591621983814","","",""
"401525503","2023","3","regular","2023-09-16T23:30:00.000Z","false","true","false","false","61106","3842","Milan Puskar Stadium","277","West Virginia","fbs","Big 12","17","0,7,10,0","0.9467571973800659","1422","1457","221","Pittsburgh","fbs","ACC","6","3,3,0,0","0.05324280261993408","1613","1578","4.060936967698683","","",""
"401520228","2023","3","regular","2023-09-16T23:30:00.000Z","false","true","false","false","59456","3683","Kroger Field","96","Kentucky","fbs","SEC","35","7,7,7,14","0.9918233156204224","1625","1669","2006","Akron","fbs","Mid-American","3","0,0,3,0","0.008176684379577637","1268","1224","2.4206917364202525","","",""
"401520241","2023","3","regular","2023-09-16T23:30:00.000Z","false","true","false","false","64150","3974","Vaught-Hemingway Stadium","145","Ole Miss","fbs","SEC","48","10,0,14,24","1","1639","1672","59","Georgia Tech","fbs","ACC","23","0,3,7,13","0","1362","1329","3.3512905185211226","","",""
"401520232","2023","3","regular","2023-09-16T23:30:00.000Z","false","true","false","false","109955","3558","Michigan Stadium","130","Michigan","fbs","Big Ten","31","7,7,17,0","0.9785053730010986","1951","1944","189","Bowling Green","fbs","Mid-American","6","0,6,0,0","0.021494626998901367","1246","1253","2.8348395193114713","","",""
"401520242","2023","3","regular","2023-09-16T23:30:00.000Z","false","true","false","false","61441","3907","Ross-Ade Stadium","2509","Purdue","fbs","Big Ten","20","0,7,7,6","0.140320286154747","1488","1462","183","Syracuse","fbs","ACC","35","7,14,0,14","0.859679713845253","1581","1607","6.243669521997163","","",""
"401525501","2023","3","regular","2023-09-17T00:00:00.000Z","false","true","false","false","81295","3836","Memorial Stadium (Clemson, SC)","228","Clemson","fbs","ACC","48","20,14,7,7","0.9922709465026855","1654","1718","2226","Florida Atlantic","fbs","American Athletic","14","0,0,0,14","0.007729053497314453","1415","1351","2.57066308921293","","",""
"401524008","2023","3","regular","2023-09-17T00:00:00.000Z","false","true","false","false","52779","3626","Autzen Stadium","2483","Oregon","fbs","Pac-12","55","24,10,14,7","0.9934046268463135","1659","1734","62","Hawai'i","fbs","Mountain West","10","0,3,0,7","0.0065953731536865234","1220","1145","1.8697212764531508","","",""
"401525836","2023","3","regular","2023-09-17T00:00:00.000Z","false","true","false","true","36049","4728","TDECU Stadium","248","Houston","fbs","Big 12","13","3,10,0,0","0.0067220120690763","1575","1519","2628","TCU","fbs","Big 12","36","7,13,9,7","0.9932779879309237","1613","1669","5.2913183121499845","","",""
"401525840","2023","3","regular","2023-09-17T00:00:00.000Z","false","true","false","false","101777","3910","DKR-Texas Memorial Stadium","251","Texas","fbs","Big 12","31","3,7,0,21","0.984604001045227","1821","1831","2751","Wyoming","fbs","Mountain West","10","7,0,3,0","0.01539599895477295","1412","1402","4.31688491410334","","",""
"401524010","2023","3","regular","2023-09-17T00:00:00.000Z","false","true","false","false","23848","3940","Stanford Stadium","24","Stanford","fbs","Pac-12","23","7,7,3,6","0.21798849635536724","1283","1283","16","Sacramento State","fcs","Big Sky","30","3,14,3,10","0.7820115036446328","","","7.9974929171","","",""
"401520238","2023","3","regular","2023-09-17T00:00:00.000Z","false","true","false","false","27414","3971","University Stadium (NM)","167","New Mexico","fbs","Mountain West","17","3,7,0,7","0.09174897521734238","1117","1108","166","New Mexico State","fbs","Conference USA","27","0,17,3,7","0.9082510247826576","1255","1264","4.907840944511574","","",""
"401531847","2023","3","regular","2023-09-17T00:30:00.000Z","false","true","false","false","24118","3644","Bobcat Stadium (TX)","326","Texas State","fbs","Sun Belt","77","21,35,7,14","0.9810603857040405","1334","1334","2296","Jackson State","fcs","SWAC","34","6,14,7,7","0.018939614295959473","","","2.9683328406387233","","",""
"401524007","2023","3","regular","2023-09-17T02:00:00.000Z","false","true","false","false","53141","3726","Folsom Field","38","Colorado","fbs","Pac-12","43","14,0,0,14,7,8","0.587824285030365","1288","1300","36","Colorado State","fbs","Mountain West","35","14,7,0,7,7,0","0.412175714969635","1290","1278","9.253687459584757","","",""
"401525837","2023","3","regular","2023-09-17T02:30:00.000Z","false","true","false","false","44182","3816","Mackay Stadium","2440","Nevada","fbs","Mountain West","24","0,10,7,7","0.04585045203566551","1220","1224","2305","Kansas","fbs","Big 12","31","7,3,14,7","0.9541495479643345","1455","1451","6.752948680772248","","",""
"401524005","2023","3","regular","2023-09-17T02:30:00.000Z","false","true","false","false","46723","3947","Mountain America Stadium","9","Arizona State","fbs","Pac-12","0","0,0,0,0","0.24846474826335907","1444","1392","278","Fresno State","fbs","Mountain West","29","10,6,10,3","0.7515352517366409","1671","1723","2.3981412745220436","","",""
"401520219","2023","3","regular","2023-09-17T03:00:00.000Z","false","true","false","false","44182","3619","Arizona Stadium","12","Arizona","fbs","Pac-12","31","0,14,10,7","0.9883741140365601","1418","1453","2638","UTEP","fbs","Conference USA","10","0,3,0,7","0.011625885963439941","1276","1241","3.5526464774160065","","",""
"401531849","2023","4","regular","2023-09-21T23:30:00.000Z","false","true","false","true","15248","3654","Brooks Stadium (SC)","324","Coastal Carolina","fbs","Sun Belt","17","3,0,7,7","0.2340279519557953","1425","1405","2247","Georgia State","fbs","Sun Belt","30","7,10,3,10","0.7659720480442047","1526","1546","3.995916789273859","","",""
"401520266","2023","4","regular","2023-09-22T23:00:00.000Z","false","true","false","true","55529","3907","Ross-Ade Stadium","2509","Purdue","fbs","Big Ten","17","3,0,14,0","0","1462","1432","275","Wisconsin","fbs","Big Ten","38","14,7,6,11","1","1676","1706","3.8980394827978775","","",""
"401525505","2023","4","regular","2023-09-22T23:30:00.000Z","false","true","false","true","42979","3923","Scott Stadium","258","Virginia","fbs","ACC","21","0,7,6,8","0.24401216208934784","1306","1314","152","NC State","fbs","ACC","24","0,14,7,3","0.7559878379106522","1528","1520","6.038925547019139","","",""
"401532584","2023","4","regular","2023-09-23T02:30:00.000Z","false","true","false","true","16124","3935","CEFCU Stadium","23","San José State","fbs","Mountain West","20","6,14,0,0","0.014737921766936779","1379","1348","2005","Air Force","fbs","Mountain West","45","3,14,7,21","0.9852620782330632","1691","1722","4.005557583575288","","",""
"401532583","2023","4","regular","2023-09-23T02:30:00.000Z","false","true","false","true","23374","7311","Snapdragon Stadium","21","San Diego State","fbs","Mountain West","31","7,10,0,14","0.26303723454475403","1434","1436","68","Boise State","fbs","Mountain West","34","0,17,10,7","0.736962765455246","1544","1542","6.262913581668277","","",""
"401531338","2023","4","regular","2023-09-23T16:00:00.000Z","false","true","false","false","10321","3764","Huskie Stadium","2459","Northern Illinois","fbs","Mid-American","14","0,7,7,0","0.46005678176879883","1263","1249","202","Tulsa","fbs","American Athletic","22","2,7,3,10","0.5399432182312012","1280","1294","6.140521805052721","","",""
"401520268","2023","4","regular","2023-09-23T16:00:00.000Z","false","true","false","false","37594","1964","JMA Wireless Dome","183","Syracuse","fbs","ACC","29","0,3,13,13","0.9963306784629822","1607","1625","349","Army","fbs","FBS Independents","16","7,3,0,6","0.0036693215370178223","1513","1495","4.158844185240373","","",""
"401525845","2023","4","regular","2023-09-23T16:00:00.000Z","false","true","false","true","38193","3854","Nippert Stadium","2132","Cincinnati","fbs","Big 12","6","3,0,3,0","0.08108460158109665","1597","1593","201","Oklahoma","fbs","Big 12","20","7,3,7,3","0.9189153984189034","1897","1901","5.127233280106722","","",""
"401520274","2023","4","regular","2023-09-23T16:00:00.000Z","false","true","false","true","26279","3973","FirstBank Stadium","238","Vanderbilt","fbs","SEC","28","0,10,3,15","0.01544455997645855","1316","1310","96","Kentucky","fbs","SEC","45","21,3,7,14","0.9845554400235415","1669","1675","3.30377304671024","","",""
"401525507","2023","4","regular","2023-09-23T16:00:00.000Z","false","true","false","true","81500","3836","Memorial Stadium (Clemson, SC)","228","Clemson","fbs","ACC","24","3,14,7,0,0","0.48991748690605164","1718","1716","52","Florida State","fbs","ACC","31","0,14,10,0,7","0.5100825130939484","1869","1871","6.483977961106587","","",""
"401520260","2023","4","regular","2023-09-23T16:00:00.000Z","false","true","false","true","109756","3558","Michigan Stadium","130","Michigan","fbs","Big Ten","31","7,7,10,7","0.9865456223487854","1944","1953","164","Rutgers","fbs","Big Ten","7","7,0,0,0","0.0134543776512146","1444","1435","2.878787663769023","","",""
"401525849","2023","4","regular","2023-09-23T16:00:00.000Z","false","true","false","false","51243","3616","Amon G. Carter Stadium","2628","TCU","fbs","Big 12","34","7,7,13,7","0.99381023645401","1669","1692","2567","SMU","fbs","American Athletic","17","3,7,0,7","0.00618976354598999","1521","1498","4.044519092326891","","",""
"401520271","2023","4","regular","2023-09-23T16:00:00.000Z","false","true","false","false","26124","3975","Veterans Memorial Stadium (AL)","2653","Troy","fbs","Sun Belt","27","0,10,10,7","0.9544615149497986","1503","1504","98","Western Kentucky","fbs","Conference USA","24","7,0,7,10","0.045538485050201416","1507","1506","6.902641020664536","","",""
"401520270","2023","4","regular","2023-09-23T16:00:00.000Z","false","true","false","true","102530","3795","Kyle Field","245","Texas A&M","fbs","SEC","27","6,0,14,7","0.9965018033981323","1690","1722","2","Auburn","fbs","SEC","10","0,3,0,7","0.0034981966018676758","1639","1607","3.560431544652165","","",""
"401525511","2023","4","regular","2023-09-23T16:00:00.000Z","false","true","false","false","31475","3775","Joan C. Edwards Stadium","276","Marshall","fbs","Sun Belt","24","0,17,7,0","0.7839951515197754","1580","1578","259","Virginia Tech","fbs","ACC","17","7,3,0,7","0.2160048484802246","1367","1369","4.42876902289051","","",""
"401532406","2023","4","regular","2023-09-23T17:30:00.000Z","false","true","false","true","19068","3739","Glass Bowl","2649","Toledo","fbs","Mid-American","49","14,0,14,21","0.9668810963630676","1497","1512","2711","Western Michigan","fbs","Mid-American","31","7,17,0,7","0.03311890363693237","1226","1211","7.153726491505051","","",""
"401531871","2023","4","regular","2023-09-23T18:00:00.000Z","false","true","false","false","10118","3919","Scheumann Stadium","2050","Ball State","fbs","Mid-American","3","0,0,0,3","0.01570945791900158","1273","1185","290","Georgia Southern","fbs","Sun Belt","40","14,9,10,7","0.9842905420809984","1425","1513","2.1990493110283644","","",""
"401520261","2023","4","regular","2023-09-23T19:30:00.000Z","false","true","false","true","70131","3936","Spartan Stadium","127","Michigan State","fbs","Big Ten","9","0,3,6,0","0.03630189225077629","1509","1468","120","Maryland","fbs","Big Ten","31","7,14,0,10","0.9636981077492237","1646","1687","3.903901888820774","","",""
"401525847","2023","4","regular","2023-09-23T19:30:00.000Z","false","true","false","true","47233","3833","Memorial Stadium","2305","Kansas","fbs","Big 12","38","14,0,14,10","0.9934771656990051","1451","1480","252","BYU","fbs","Big 12","27","7,10,3,7","0.006522834300994873","1565","1536","4.919612141587039","","",""
"401520272","2023","4","regular","2023-09-23T19:30:00.000Z","false","true","false","false","29033","3892","Pratt & Whitney Stadium","41","UConn","fbs","FBS Independents","7","0,0,0,7","0.13770855963230133","1213","1168","150","Duke","fbs","ACC","41","7,20,14,0","0.8622914403676987","1630","1675","3.0947973333915613","","",""
"401526835","2023","4","regular","2023-09-23T19:30:00.000Z","false","true","false","false","8298","3985","Warren McGuirk Alumni Stadium","113","Massachusetts","fbs","FBS Independents","31","0,14,3,11,3","0.2046932429075241","1048","1047","167","New Mexico","fbs","Mountain West","34","14,14,0,0,6","0.7953067570924759","1108","1109","4.787630610051897","","",""
"401525850","2023","4","regular","2023-09-23T19:30:00.000Z","false","true","false","true","50071","3842","Milan Puskar Stadium","277","West Virginia","fbs","Big 12","20","7,6,0,7","0.7932332754135132","1457","1473","2641","Texas Tech","fbs","Big 12","13","3,0,0,10","0.20676672458648682","1575","1559","4.403283584080394","","",""
"401531873","2023","4","regular","2023-09-23T19:30:00.000Z","false","true","false","false","16938","3918","S.B. Ballard Stadium","295","Old Dominion","fbs","Sun Belt","10","0,0,7,3","0.30174520611763","1358","1358","2837","East Texas A&M","fcs","Southland","9","0,0,3,6","0.69825479388237","","","7.401630346690866","","",""
"401524017","2023","4","regular","2023-09-23T19:30:00.000Z","false","true","false","true","52919","587","Rice-Eccles Stadium","254","Utah","fbs","Pac-12","14","7,7,0,0","0.9230315089225769","1780","1784","26","UCLA","fbs","Pac-12","7","0,0,0,7","0.0769684910774231","1682","1678","2.8495602591308793","","",""
"401520255","2023","4","regular","2023-09-23T19:30:00.000Z","false","true","false","false","53512","3832","Memorial Stadium (Champaign, IL)","356","Illinois","fbs","Big Ten","23","0,14,9,0","0.892508327960968","1606","1601","2226","Florida Atlantic","fbs","American Athletic","17","10,0,0,7","0.10749167203903198","1351","1356","4.1917863406235005","","",""
"401520250","2023","4","regular","2023-09-23T19:30:00.000Z","false","true","false","true","100077","3657","Bryant-Denny Stadium","333","Alabama","fbs","SEC","24","3,3,11,7","0.8264315128326416","1954","1959","145","Ole Miss","fbs","SEC","10","7,0,3,0","0.1735684871673584","1672","1667","4.611935424139347","","",""
"401524015","2023","4","regular","2023-09-23T19:30:00.000Z","false","true","false","true","59889","3626","Autzen Stadium","2483","Oregon","fbs","Pac-12","42","13,22,7,0","0.9879347085952759","1734","1782","38","Colorado","fbs","Pac-12","6","0,0,0,6","0.012065291404724121","1300","1252","2.1186078609910464","","",""
"401525506","2023","4","regular","2023-09-23T19:30:00.000Z","false","true","false","true","48294","3873","L&N Federal Credit Union Stadium","97","Louisville","fbs","ACC","56","14,28,14,0","0.9898015856742859","1644","1682","103","Boston College","fbs","ACC","28","0,14,7,7","0.010198414325714111","1335","1297","2.271875076824675","","",""
"401520263","2023","4","regular","2023-09-23T19:30:00.000Z","false","true","false","false","87115","3834","Memorial Stadium (Lincoln, NE)","158","Nebraska","fbs","Big Ten","28","0,7,7,14","0.7934740781784058","1476","1483","2348","Louisiana Tech","fbs","Conference USA","14","0,7,0,7","0.20652592182159424","1218","1211","4.765661952504243","","",""
"401532408","2023","4","regular","2023-09-23T19:30:00.000Z","false","true","false","false","15812","3996","Yager Stadium","193","Miami (OH)","fbs","Mid-American","62","17,17,21,7","0.895465612411499","1350","1350","2169","Delaware State","fcs","MEAC","20","7,6,7,0","0.10453438758850098","","","2.729653570835728","","",""
"401525509","2023","4","regular","2023-09-23T19:30:00.000Z","false","true","false","false","17234","3806","Lincoln Financial Field","218","Temple","fbs","American Athletic","7","0,7,0,0","0.0049811070784926414","1194","1139","2390","Miami","fbs","ACC","41","7,17,14,3","0.9950188929215074","1529","1584","2.6854408928582867","","",""
"401532405","2023","4","regular","2023-09-23T19:30:00.000Z","false","true","false","true","18248","3700","Doyt L. Perry Stadium","189","Bowling Green","fbs","Mid-American","7","0,0,0,7","0","1253","1195","195","Ohio","fbs","Mid-American","38","21,10,7,0","1","1484","1542","2.471167853200788","","",""
"401520269","2023","4","regular","2023-09-23T20:00:00.000Z","false","true","false","false","101915","3853","Neyland Stadium","2633","Tennessee","fbs","SEC","45","14,17,0,14","0.9831174612045288","1830","1883","2636","UTSA","fbs","American Athletic","14","0,0,14,0","0.01688253879547119","1575","1522","2.2126093392681603","","",""
"401531423","2023","4","regular","2023-09-23T20:00:00.000Z","false","true","false","true","29141","3886","Raymond James Stadium","58","South Florida","fbs","American Athletic","42","3,10,14,15","0.9832409024238586","1279","1298","242","Rice","fbs","American Athletic","29","7,7,7,8","0.016759097576141357","1199","1180","6.210589589215916","","",""
"401525846","2023","4","regular","2023-09-23T20:00:00.000Z","false","true","false","true","59022","3772","Jack Trice Stadium","66","Iowa State","fbs","Big 12","34","7,13,7,7","0.9392454028129578","1531","1537","197","Oklahoma State","fbs","Big 12","27","7,10,3,7","0.060754597187042236","1468","1462","5.313799794896011","","",""
"401520257","2023","4","regular","2023-09-23T21:00:00.000Z","false","true","false","false","20966","3662","AmFirst Stadium","55","Jacksonville State","fbs","Conference USA","21","7,7,7,0","0.9993559122085571","1461","1505","2199","Eastern Michigan","fbs","Mid-American","0","0,0,0,0","0.0006440877914428711","1408","1364","2.461816989588046","","",""
"401531876","2023","4","regular","2023-09-23T21:00:00.000Z","false","true","false","false","18369","6526","Hancock Whitney Stadium","6","South Alabama","fbs","Sun Belt","30","14,0,3,13","0.6474127773669446","1541","1519","2117","Central Michigan","fbs","Mid-American","34","0,13,7,14","0.3525872226330554","1321","1343","6.6588111823","","",""
"401531413","2023","4","regular","2023-09-23T22:00:00.000Z","false","true","false","false","40589","3699","Dowdy-Ficklen Stadium","151","East Carolina","fbs","American Athletic","44","13,10,7,14","1","1420","1420","2241","Gardner-Webb","fcs","Big South-OVC","0","0,0,0,0","0","","","2.309418539277707","","",""
"401525508","2023","4","regular","2023-09-23T22:30:00.000Z","false","true","false","true","31865","3630","Allegacy Federal Credit Union Stadium","154","Wake Forest","fbs","ACC","16","3,0,6,7","0.08055491745471954","1607","1545","59","Georgia Tech","fbs","ACC","30","7,13,0,10","0.9194450825452805","1329","1391","4.039647078122549","","",""
"401520275","2023","4","regular","2023-09-23T22:30:00.000Z","false","true","false","true","17437","218","FIU Stadium","2229","Florida International","fbs","Conference USA","6","6,0,0,0","0","1125","1084","2335","Liberty","fbs","Conference USA","38","14,10,14,0","1","1533","1574","2.8873940249881516","","",""
"401531874","2023","4","regular","2023-09-23T23:00:00.000Z","false","true","false","true","16601","3625","Centennial Bank Stadium","2032","Arkansas State","fbs","Sun Belt","44","14,6,14,10","0.7049707174301147","1032","1055","2572","Southern Miss","fbs","Sun Belt","37","7,10,10,10","0.29502928256988525","1258","1235","5.415713262806193","","",""
"401524019","2023","4","regular","2023-09-23T23:00:00.000Z","false","true","false","true","33111","3820","Gesa Field","265","Washington State","fbs","Pac-12","38","14,14,7,3","0.9942147135734558","1621","1624","204","Oregon State","fbs","Pac-12","35","7,7,0,21","0.0057852864265441895","1741","1738","3.1792562862609786","","",""
"401520254","2023","4","regular","2023-09-23T23:00:00.000Z","false","true","false","false","35044","4728","TDECU Stadium","248","Houston","fbs","Big 12","38","10,14,7,7","0.9902544617652893","1519","1597","2534","Sam Houston","fbs","Conference USA","7","7,0,0,0","0.009745538234710693","1474","1396","3.665150875776509","","",""
"401520258","2023","4","regular","2023-09-23T23:00:00.000Z","false","true","false","true","99648","3958","Tiger Stadium (LA)","99","LSU","fbs","SEC","34","0,10,14,10","0.7078676819801331","1753","1752","8","Arkansas","fbs","SEC","31","3,10,3,15","0.29213231801986694","1620","1621","6.699183109667416","","",""
"401531349","2023","4","regular","2023-09-23T23:00:00.000Z","false","true","false","false","22842","4729","Yulman Stadium","2655","Tulane","fbs","American Athletic","36","17,10,6,3","0.9693586230278015","1651","1651","2447","Nicholls","fcs","Southland","7","0,7,0,0","0.030641376972198486","","","2.601996105608154","","",""
"401524016","2023","4","regular","2023-09-23T23:00:00.000Z","false","true","false","true","38046","3940","Stanford Stadium","24","Stanford","fbs","Pac-12","20","3,7,7,3","0.5616486668586731","1271","1278","12","Arizona","fbs","Pac-12","21","0,7,7,7","0.4383513331413269","1453","1446","6.871657326377071","","",""
"401531870","2023","4","regular","2023-09-23T23:00:00.000Z","false","true","false","false","21169","3984","War Memorial Stadium","2751","Wyoming","fbs","Mountain West","22","0,7,0,15","0.46667447686195374","1402","1405","2026","App State","fbs","Sun Belt","19","6,6,0,7","0.5333255231380463","1577","1574","6.051666201134058","","",""
"401520251","2023","4","regular","2023-09-23T23:00:00.000Z","false","true","false","false","89053","3634","Ben Hill Griffin Stadium","57","Florida","fbs","SEC","22","10,6,3,3","0.9794722199440002","1603","1601","2429","Charlotte","fbs","American Athletic","7","0,7,0,0","0.020527780055999756","1205","1207","2.533835048897901","","",""
"401531877","2023","4","regular","2023-09-23T23:00:00.000Z","false","true","false","false","19257","3644","Bobcat Stadium (TX)","326","Texas State","fbs","Sun Belt","35","0,0,21,14","0.7142287492752075","1353","1363","2440","Nevada","fbs","Mountain West","24","10,7,0,7","0.2857712507247925","1224","1214","5.206699881838114","","",""
"401520262","2023","4","regular","2023-09-23T23:00:00.000Z","false","true","false","false","19806","3725","Johnny ""Red"" Floyd Stadium","2393","Middle Tennessee","fbs","Conference USA","23","10,7,0,6","0.1732904464006424","1341","1320","36","Colorado State","fbs","Mountain West","31","10,0,7,14","0.8267095535993576","1278","1299","5.938206068998008","","",""
"401531875","2023","4","regular","2023-09-23T23:30:00.000Z","false","true","false","false","17674","3666","Cajun Field","309","Louisiana","fbs","Sun Belt","45","7,3,21,14","0.9752335548400879","1561","1558","2084","Buffalo","fbs","Mid-American","38","0,0,21,17","0.02476644515991211","1328","1331","3.568271588055035","","",""
"401520252","2023","4","regular","2023-09-23T23:30:00.000Z","false","true","false","false","92746","3917","Sanford Stadium","61","Georgia","fbs","SEC","49","7,21,14,7","0.9799349308013916","2048","2055","5","UAB","fbs","American Athletic","21","0,14,0,7","0.0200650691986084","1427","1420","3.0801765469867646","","",""
"401520265","2023","4","regular","2023-09-23T23:30:00.000Z","false","true","false","true","110830","3632","Beaver Stadium","213","Penn State","fbs","Big Ten","31","3,7,14,7","1","1867","1931","2294","Iowa","fbs","Big Ten","0","0,0,0,0","0","1703","1639","2.889924973136372","","",""
"401520259","2023","4","regular","2023-09-23T23:30:00.000Z","false","true","true","false","45085","3494","The Dome at America's Center","142","Missouri","fbs","SEC","34","7,10,7,10","0.65269935131073","1485","1508","235","Memphis","fbs","American Athletic","27","10,0,7,10","0.34730064868927","1581","1558","4.823522954908969","","",""
"401520267","2023","4","regular","2023-09-23T23:30:00.000Z","false","true","false","true","78311","3994","Williams-Brice Stadium","2579","South Carolina","fbs","SEC","37","7,13,7,10","0.7615178823471069","1557","1567","344","Mississippi State","fbs","SEC","30","0,17,10,3","0.23848211765289307","1561","1551","5.903555503865502","","",""
"401520264","2023","4","regular","2023-09-23T23:30:00.000Z","false","true","false","true","20148","3911","Ryan Field","77","Northwestern","fbs","Big Ten","37","0,7,3,21,6","0.03789006220339346","1352","1357","135","Minnesota","fbs","Big Ten","34","7,17,7,0,3","0.9621099377966066","1640","1635","6.7269552723","","",""
"401525844","2023","4","regular","2023-09-23T23:30:00.000Z","false","true","false","true","49165","4727","McLane Stadium","239","Baylor","fbs","Big 12","6","3,3,0,0","0.011272582225501537","1563","1506","251","Texas","fbs","Big 12","38","7,21,10,0","0.9887274177744985","1831","1888","3.740726262775553","","",""
"401520256","2023","4","regular","2023-09-23T23:30:00.000Z","false","true","false","false","44968","3830","Memorial Stadium (Bloomington, IN)","84","Indiana","fbs","Big Ten","29","0,7,7,3,7,3,0,2","0.7135105729103088","1399","1397","2006","Akron","fbs","Mid-American","27","0,3,7,7,7,3,0,0","0.28648942708969116","1224","1226","6.552136339322893","","",""
"401521330","2023","4","regular","2023-09-23T23:30:00.000Z","false","true","false","false","77622","3855","Notre Dame Stadium","87","Notre Dame","fbs","FBS Independents","14","0,0,7,7","0.570436418056488","1851","1857","194","Ohio State","fbs","Big Ten","17","0,3,7,7","0.42956358194351196","2028","2022","5.680647890007187","","",""
"401525510","2023","4","regular","2023-09-24T00:00:00.000Z","false","true","false","true","48544","3752","Acrisure Stadium","221","Pittsburgh","fbs","ACC","24","7,10,7,0","0.058227021247148514","1578","1543","153","North Carolina","fbs","ACC","41","7,21,13,0","0.9417729787528515","1636","1671","4.605675592319345","","",""
"401531872","2023","4","regular","2023-09-24T00:00:00.000Z","false","true","false","false","19994","3905","Maverik Stadium","328","Utah State","fbs","Mountain West","38","0,17,14,7","0.21064533293247223","1382","1385","256","James Madison","fbs","Sun Belt","45","17,21,0,7","0.7893546670675278","1593","1590","5.46081819379837","","",""
"401525848","2023","4","regular","2023-09-24T00:00:00.000Z","false","true","false","true","51912","3636","Bill Snyder Family Stadium","2306","Kansas State","fbs","Big 12","44","7,14,10,13","0.9124784469604492","1789","1804","2116","UCF","fbs","Big 12","31","10,7,7,7","0.08752155303955078","1664","1649","5.491347458519457","","",""
"401520273","2023","4","regular","2023-09-24T01:00:00.000Z","false","true","false","false","28042","3946","Sun Bowl","2638","UTEP","fbs","Conference USA","28","7,7,7,7","0.0012841150164604187","1241","1210","2439","UNLV","fbs","Mountain West","45","14,14,0,17","0.9987158849835396","1341","1372","6.695185799850797","","",""
"401524018","2023","4","regular","2023-09-24T02:30:00.000Z","false","true","false","true","69107","3765","Husky Stadium","264","Washington","fbs","Pac-12","59","24,21,7,7","0.9842610359191895","1888","1920","25","California","fbs","Pac-12","32","6,6,7,13","0.015738964080810547","1551","1519","2.752640830037184","","",""
"401532407","2023","4","regular","2023-09-24T02:30:00.000Z","false","true","false","false","38728","3660","Valley Children's Stadium","278","Fresno State","fbs","Mountain West","53","22,14,14,3","0.9659112691879272","1723","1787","2309","Kent State","fbs","Mid-American","10","7,3,0,0","0.034088730812072754","1245","1181","2.330433635487724","","",""
"401524014","2023","4","regular","2023-09-24T02:30:00.000Z","false","true","false","true","54166","3947","Mountain America Stadium","9","Arizona State","fbs","Pac-12","28","7,6,8,7","0.05242147669196129","1392","1404","30","USC","fbs","Pac-12","42","14,7,6,15","0.9475785233080387","1891","1879","6.236083499633602","","",""
"401520253","2023","4","regular","2023-09-24T03:59:00.000Z","false","true","false","false","10254","7220","Clarence T.C. Ching Athletics Complex","62","Hawai'i","fbs","Mountain West","20","0,3,7,10","0.18719148635864258","1145","1148","166","New Mexico State","fbs","Conference USA","17","7,10,0,0","0.8128085136413574","1264","1261","4.669322164977296","","",""
"401520277","2023","5","regular","2023-09-28T23:30:00.000Z","false","true","false","true","14712","3796","Houchens Industries-L.T. Smith Stadium","98","Western Kentucky","fbs","Conference USA","31","10,13,0,8","0.9711182713508606","1506","1537","2393","Middle Tennessee","fbs","Conference USA","10","0,3,7,0","0.028881728649139404","1320","1289","3.4153076323376075","","",""
"401531339","2023","5","regular","2023-09-28T23:30:00.000Z","false","true","false","true","17538","3674","Chapman Stadium","202","Tulsa","fbs","American Athletic","48","14,7,10,17","0.9948615431785583","1294","1331","218","Temple","fbs","American Athletic","26","3,0,15,8","0.00513845682144165","1139","1102","2.663751035385782","","",""
"401520276","2023","5","regular","2023-09-29T00:00:00.000Z","false","true","false","true","14566","3647","Elliott T. Bowers Stadium","2534","Sam Houston","fbs","Conference USA","28","14,7,0,7,0","0.8153107166290283","1396","1391","55","Jacksonville State","fbs","Conference USA","35","7,0,7,14,7","0.18468928337097168","1505","1510","7.695142136613319","","",""
"401525512","2023","5","regular","2023-09-29T23:00:00.000Z","false","true","false","true","56919","3670","Carter-Finley Stadium","152","NC State","fbs","ACC","10","0,10,0,0","0.5963172316551208","1520","1525","97","Louisville","fbs","ACC","13","0,0,10,3","0.40368276834487915","1682","1677","5.7401290177911095","","",""
"401524020","2023","5","regular","2023-09-30T01:00:00.000Z","false","true","false","true","37372","3893","Reser Stadium","204","Oregon State","fbs","Pac-12","21","7,0,7,7","0.9830561280250549","1738","1770","254","Utah","fbs","Pac-12","7","0,0,0,7","0.01694387197494507","1784","1752","2.6454861299151258","","",""
"401520278","2023","5","regular","2023-09-30T01:00:00.000Z","false","true","false","true","9101","3946","Sun Bowl","2638","UTEP","fbs","Conference USA","10","0,7,3,0","0.08705732226371765","1210","1178","2348","Louisiana Tech","fbs","Conference USA","24","14,3,0,7","0.9129426777362823","1211","1243","4.426474137133099","","",""
"401525851","2023","5","regular","2023-09-30T02:15:00.000Z","false","true","false","true","63834","3801","LaVell Edwards Stadium","252","BYU","fbs","Big 12","35","7,7,14,7","0.9201271533966064","1536","1552","2132","Cincinnati","fbs","Big 12","27","0,10,10,7","0.07987284660339355","1593","1577","4.644117402463611","","",""
"401520282","2023","5","regular","2023-09-30T16:00:00.000Z","false","true","false","true","61699","3683","Kroger Field","96","Kentucky","fbs","SEC","33","16,7,7,3","0.9978857040405273","1675","1711","57","Florida","fbs","SEC","14","0,7,7,0","0.0021142959594726562","1601","1565","2.024712092981398","","",""
"401520292","2023","5","regular","2023-09-30T16:00:00.000Z","false","true","false","false","21227","3892","Pratt & Whitney Stadium","41","UConn","fbs","FBS Independents","33","7,10,0,16","0.6240439414978027","1168","1177","328","Utah State","fbs","Mountain West","34","0,7,17,10","0.37595605850219727","1385","1376","5.870474642188537","","",""
"401520279","2023","5","regular","2023-09-30T16:00:00.000Z","false","true","true","true","59437","3687","AT&T Stadium","8","Arkansas","fbs","SEC","22","3,3,10,6","0.23699069023132324","1621","1610","245","Texas A&M","fbs","SEC","34","7,10,10,7","0.7630093097686768","1722","1733","4.940210587681654","","",""
"401532412","2023","5","regular","2023-09-30T16:00:00.000Z","false","true","false","true","5490","3768","InfoCision Stadium","2006","Akron","fbs","Mid-American","10","7,3,0,0,0","0.6584792733192444","1226","1228","2084","Buffalo","fbs","Mid-American","13","0,7,3,0,3","0.3415207266807556","1331","1329","5.515480016088811","","",""
"401531880","2023","5","regular","2023-09-30T16:00:00.000Z","false","true","false","true","26064","3651","Bridgeforth Stadium","256","James Madison","fbs","Sun Belt","31","14,10,0,7","1","1590","1598","6","South Alabama","fbs","Sun Belt","23","0,7,3,13","0","1519","1511","3.007607118182342","","",""
"401531370","2023","5","regular","2023-09-30T16:00:00.000Z","false","true","false","true","20102","4729","Yulman Stadium","2655","Tulane","fbs","American Athletic","35","7,7,14,7","0.9717283844947815","1630","1636","5","UAB","fbs","American Athletic","23","3,17,0,3","0.028271615505218506","1420","1414","5.729996301660202","","",""
"401520284","2023","5","regular","2023-09-30T16:00:00.000Z","false","true","false","false","46843","3953","Huntington Bank Stadium","135","Minnesota","fbs","Big Ten","35","7,7,7,14","0.9960135817527771","1635","1649","309","Louisiana","fbs","Sun Belt","24","7,10,0,7","0.0039864182472229","1558","1544","3.8366344335027844","","",""
"401520287","2023","5","regular","2023-09-30T16:00:00.000Z","false","true","false","true","25064","3911","Ryan Field","77","Northwestern","fbs","Big Ten","13","3,7,0,3","0.00440213643014431","1357","1345","213","Penn State","fbs","Big Ten","41","3,7,17,14","0.9955978635698557","1931","1943","3.990787905526989","","",""
"401525514","2023","5","regular","2023-09-30T16:00:00.000Z","false","true","false","true","40974","1964","JMA Wireless Dome","183","Syracuse","fbs","ACC","14","7,0,0,7","0.038697224110364914","1625","1593","228","Clemson","fbs","ACC","31","14,7,3,7","0.9613027758896351","1716","1748","4.185323982783506","","",""
"401524023","2023","5","regular","2023-09-30T16:00:00.000Z","false","true","false","true","54032","3726","Folsom Field","38","Colorado","fbs","Pac-12","41","0,14,13,14","0.27036628127098083","1252","1281","30","USC","fbs","Pac-12","48","14,20,14,0","0.7296337187290192","1879","1850","3.4335772635439823","","",""
"401532410","2023","5","regular","2023-09-30T17:30:00.000Z","false","true","false","true","28323","3786","Kelly/Shorts Stadium","2117","Central Michigan","fbs","Mid-American","26","7,7,5,7","0.7760964035987854","1343","1344","2199","Eastern Michigan","fbs","Mid-American","23","7,3,13,0","0.2239035964012146","1364","1363","5.924671029482478","","",""
"401525513","2023","5","regular","2023-09-30T18:00:00.000Z","false","true","false","true","41868","3615","Alumni Stadium (Chestnut Hill, MA)","103","Boston College","fbs","ACC","27","0,7,17,3","0.40038618445396423","1297","1298","258","Virginia","fbs","ACC","24","7,14,0,3","0.5996138155460358","1314","1313","5.75878409623167","","",""
"401532413","2023","5","regular","2023-09-30T18:30:00.000Z","false","true","false","true","13598","3696","Dix Stadium","2309","Kent State","fbs","Mid-American","3","3,0,0,0","0","1181","1150","193","Miami (OH)","fbs","Mid-American","23","10,3,10,0","1","1361","1392","3.6509309224266073","","",""
"401524022","2023","5","regular","2023-09-30T19:00:00.000Z","false","true","false","true","34353","3831","California Memorial Stadium","25","California","fbs","Pac-12","24","7,3,7,7","0.9906584620475769","1519","1518","9","Arizona State","fbs","Pac-12","21","7,0,6,8","0.009341537952423096","1404","1405","5.485084737915863","","",""
"401526836","2023","5","regular","2023-09-30T19:30:00.000Z","false","true","false","false","9494","3985","Warren McGuirk Alumni Stadium","113","Massachusetts","fbs","FBS Independents","28","0,10,10,8","0","1047","984","2032","Arkansas State","fbs","Sun Belt","52","17,14,14,7","1","1055","1118","2.7379325529024046","","",""
"401531881","2023","5","regular","2023-09-30T19:30:00.000Z","false","true","false","true","22652","3775","Joan C. Edwards Stadium","276","Marshall","fbs","Sun Belt","41","3,14,21,3","0.8616563677787781","1578","1575","295","Old Dominion","fbs","Sun Belt","35","7,14,7,7","0.13834363222122192","1366","1369","5.493766163738502","","",""
"401531424","2023","5","regular","2023-09-30T19:30:00.000Z","false","true","false","true","29789","3852","Navy-Marine Corps Memorial Stadium","2426","Navy","fbs","American Athletic","30","14,6,3,7","0.5974094867706299","1388","1347","58","South Florida","fbs","American Athletic","44","7,16,7,14","0.4025905132293701","1298","1339","4.916637134464561","","",""
"401525856","2023","5","regular","2023-09-30T19:30:00.000Z","false","true","false","true","44005","3652","FBC Mortgage Stadium","2116","UCF","fbs","Big 12","35","21,7,7,0","0.9810265302658081","1649","1641","239","Baylor","fbs","Big 12","36","7,0,3,26","0.018973469734191895","1506","1514","3.764644115492674","","",""
"401525854","2023","5","regular","2023-09-30T19:30:00.000Z","false","true","false","true","102986","3910","DKR-Texas Memorial Stadium","251","Texas","fbs","Big 12","40","10,3,13,14","0.9918689727783203","1888","1910","2305","Kansas","fbs","Big 12","14","0,7,7,0","0.008131027221679688","1480","1458","3.563231744496986","","",""
"401520290","2023","5","regular","2023-09-30T19:30:00.000Z","false","true","false","false","40165","6577","SHI Stadium","164","Rutgers","fbs","Big Ten","52","10,14,14,14","0.9977892637252808","1414","1414","2681","Wagner","fcs","NEC","3","0,3,0,0","0.0022107362747192383","","","1.8382020827047956","","",""
"401532409","2023","5","regular","2023-09-30T19:30:00.000Z","false","true","false","true","21880","3980","Waldo Stadium","2711","Western Michigan","fbs","Mid-American","42","7,21,7,7","0.9737322926521301","1211","1249","2050","Ball State","fbs","Mid-American","24","3,7,7,7","0.026267707347869873","1185","1147","4.635280705468946","","",""
"401520280","2023","5","regular","2023-09-30T19:30:00.000Z","false","true","false","true","88043","3785","Jordan-Hare Stadium","2","Auburn","fbs","SEC","20","10,0,7,3","0.17471203207969666","1607","1625","61","Georgia","fbs","SEC","27","0,10,7,10","0.8252879679203033","2055","2037","5.380302646459668","","",""
"401520286","2023","5","regular","2023-09-30T19:30:00.000Z","false","true","false","true","87134","3834","Memorial Stadium (Lincoln, NE)","158","Nebraska","fbs","Big Ten","7","0,0,0,7","0.00673071201890707","1483","1432","130","Michigan","fbs","Big Ten","45","14,14,7,10","0.9932692879810929","1953","2004","2.376103760375073","","",""
"401520289","2023","5","regular","2023-09-30T19:30:00.000Z","false","true","false","true","59510","3907","Ross-Ade Stadium","2509","Purdue","fbs","Big Ten","44","6,10,21,7","0.9866484999656677","1432","1516","356","Illinois","fbs","Big Ten","19","3,10,0,6","0.013351500034332275","1601","1517","4.29623149276736","","",""
"401520283","2023","5","regular","2023-09-30T19:30:00.000Z","false","true","false","true","38181","3665","SECU Stadium","120","Maryland","fbs","Big Ten","44","21,6,10,7","0.9947103261947632","1687","1724","84","Indiana","fbs","Big Ten","17","3,0,0,14","0.005289673805236816","1397","1360","2.278877581025615","","",""
"401532411","2023","5","regular","2023-09-30T19:30:00.000Z","false","true","false","true","23417","3739","Glass Bowl","2649","Toledo","fbs","Mid-American","35","7,7,14,7","0.8749752640724182","1512","1509","2459","Northern Illinois","fbs","Mid-American","33","7,0,10,16","0.1250247359275818","1249","1252","5.267533055869264","","",""
"401525855","2023","5","regular","2023-09-30T19:30:00.000Z","false","true","false","true","53308","3784","Jones AT&T Stadium","2641","Texas Tech","fbs","Big 12","49","14,21,7,7","0.808519721031189","1559","1613","248","Houston","fbs","Big 12","28","14,14,0,0","0.19148027896881104","1597","1543","5.49746358727438","","",""
"401525515","2023","5","regular","2023-09-30T19:30:00.000Z","false","true","false","false","30097","721","Bobby Dodd Stadium","59","Georgia Tech","fbs","ACC","27","14,0,6,7","0.022608285769820213","1391","1349","189","Bowling Green","fbs","Mid-American","38","7,10,21,0","0.9773917142301798","1195","1237","4.587183095768223","","",""
"401532586","2023","5","regular","2023-09-30T20:00:00.000Z","false","true","false","true","25328","6501","Allegiant Stadium","2439","UNLV","fbs","Mountain West","44","7,13,7,17","0.9990543723106384","1372","1407","62","Hawai'i","fbs","Mountain West","20","0,3,10,7","0.0009456276893615723","1148","1113","3.449502971590632","","",""
"401532588","2023","5","regular","2023-09-30T20:00:00.000Z","false","true","false","true","25477","3984","War Memorial Stadium","2751","Wyoming","fbs","Mountain West","35","9,3,17,6","0.7709730267524719","1405","1401","167","New Mexico","fbs","Mountain West","26","6,3,3,14","0.22902697324752808","1109","1113","4.584101899493433","","",""
"401531429","2023","5","regular","2023-09-30T20:00:00.000Z","false","true","false","false","30364","3805","Simmons Bank Liberty Stadium","235","Memphis","fbs","American Athletic","35","0,14,7,14","0.7252101302146912","1558","1559","68","Boise State","fbs","Mountain West","32","3,14,0,15","0.27478986978530884","1542","1541","5.894504752765188","","",""
"401520293","2023","5","regular","2023-09-30T20:00:00.000Z","false","true","false","true","26332","3973","FirstBank Stadium","238","Vanderbilt","fbs","SEC","21","7,0,0,14","0.005011714994907379","1310","1289","142","Missouri","fbs","SEC","38","3,14,7,14","0.9949882850050926","1508","1529","3.8213367399537863","","",""
"401520288","2023","5","regular","2023-09-30T22:00:00.000Z","false","true","false","true","66703","3974","Vaught-Hemingway Stadium","145","Ole Miss","fbs","SEC","55","21,10,3,21","0.6109949946403503","1667","1679","99","LSU","fbs","SEC","49","7,21,14,7","0.38900500535964966","1752","1740","8.87566658644997","","",""
"401524024","2023","5","regular","2023-09-30T22:30:00.000Z","false","true","false","true","32160","3940","Stanford Stadium","24","Stanford","fbs","Pac-12","6","3,3,0,0","0.007995710708200932","1278","1237","2483","Oregon","fbs","Pac-12","42","0,14,21,7","0.9920042892917991","1782","1823","3.4777842839886826","","",""
"401531883","2023","5","regular","2023-09-30T23:00:00.000Z","false","true","false","true","21304","3815","M. M. Roberts Stadium","2572","Southern Miss","fbs","Sun Belt","36","3,7,6,20","0.006107316818088293","1235","1215","326","Texas State","fbs","Sun Belt","50","28,14,0,8","0.9938926831819117","1363","1383","4.284413171777416","","",""
"401531436","2023","5","regular","2023-09-30T23:00:00.000Z","false","true","false","false","21494","3825","DATCU Stadium","249","North Texas","fbs","American Athletic","45","24,7,14,0","0.9770708680152893","1332","1332","2000","Abilene Christian","fcs","UAC","31","7,10,7,7","0.022929131984710693","","","2.9278879095218775","","",""
"401531878","2023","5","regular","2023-09-30T23:00:00.000Z","false","true","false","true","26483","3608","Allen E. Paulson Stadium","290","Georgia Southern","fbs","Sun Belt","38","0,21,17,0","0.9666593074798584","1513","1522","324","Coastal Carolina","fbs","Sun Belt","28","7,7,7,7","0.0333406925201416","1405","1396","5.767993346471068","","",""
"401532585","2023","5","regular","2023-09-30T23:00:00.000Z","false","true","false","false","27932","5388","Canvas Stadium","36","Colorado State","fbs","Mountain West","41","14,7,6,14","1","1299","1299","3101","Utah Tech","fcs","UAC","20","3,14,3,0","0","","","4.023446594191357","","",""
"401531879","2023","5","regular","2023-09-30T23:00:00.000Z","false","true","false","true","16536","4246","Center Parc Stadium","2247","Georgia State","fbs","Sun Belt","7","0,7,0,0","0","1546","1487","2653","Troy","fbs","Sun Belt","28","3,3,15,7","1","1504","1563","4.531759532115258","","",""
"401531414","2023","5","regular","2023-09-30T23:00:00.000Z","false","true","false","true","19598","3895","Rice Stadium","242","Rice","fbs","American Athletic","24","3,7,7,7","0.8998858332633972","1180","1204","151","East Carolina","fbs","American Athletic","17","3,6,0,8","0.10011416673660278","1422","1398","5.159959152736791","","",""
"401525852","2023","5","regular","2023-09-30T23:00:00.000Z","false","true","false","true","84371","3835","Memorial Stadium (Norman, OK)","201","Oklahoma","fbs","Big 12","50","21,19,7,3","0.9872803688049316","1901","1939","66","Iowa State","fbs","Big 12","20","10,10,0,0","0.01271963119506836","1537","1499","3.647725356830426","","",""
"401520291","2023","5","regular","2023-09-30T23:30:00.000Z","false","true","false","true","101915","3853","Neyland Stadium","2633","Tennessee","fbs","SEC","41","14,10,7,10","0.9942319989204407","1883","1901","2579","South Carolina","fbs","SEC","20","10,0,7,3","0.005768001079559326","1567","1549","3.680708868879232","","",""
"401520281","2023","5","regular","2023-09-30T23:30:00.000Z","false","true","false","true","69250","3793","Kinnick Stadium","2294","Iowa","fbs","Big Ten","26","3,7,3,13","0.3244306147098541","1639","1644","127","Michigan State","fbs","Big Ten","16","3,6,7,0","0.6755693852901459","1468","1463","5.649133292965907","","",""
"401531404","2023","5","regular","2023-09-30T23:30:00.000Z","false","true","false","true","25385","3735","Gerald J. Ford Stadium","2567","SMU","fbs","American Athletic","34","14,3,10,7","0.9917144775390625","1498","1511","2429","Charlotte","fbs","American Athletic","16","0,3,6,7","0.0082855224609375","1207","1194","2.585626728502371","","",""
"401525438","2023","5","regular","2023-09-30T23:30:00.000Z","false","true","false","false","40768","3982","Wallace Wade Stadium","150","Duke","fbs","ACC","14","0,0,7,7","0.09618886560201645","1675","1676","87","Notre Dame","fbs","FBS Independents","21","7,3,3,8","0.9038111343979836","1857","1856","5.94357929793094","","",""
"401525853","2023","5","regular","2023-10-01T00:00:00.000Z","false","true","false","true","43736","3616","Amon G. Carter Stadium","2628","TCU","fbs","Big 12","21","7,14,0,0","0.5966730117797852","1692","1673","277","West Virginia","fbs","Big 12","24","7,7,7,3","0.40332698822021484","1473","1492","6.514074046086148","","",""
"401532589","2023","5","regular","2023-10-01T00:00:00.000Z","false","true","false","true","24869","3713","Falcon Stadium","2005","Air Force","fbs","Mountain West","49","0,21,21,7","0.9989701087348664","1722","1797","21","San Diego State","fbs","Mountain West","10","0,10,0,0","0.0010298912651336423","1436","1361","3.4758406348","","",""
"401531882","2023","5","regular","2023-10-01T00:00:00.000Z","false","true","false","true","19919","3817","Malone Stadium","2433","UL Monroe","fbs","Sun Belt","40","14,14,12,0","0.9083941578865051","1173","1189","2026","App State","fbs","Sun Belt","41","14,14,7,6","0.09160584211349487","1574","1558","7.3084735785235075","","",""
"401525516","2023","5","regular","2023-10-01T00:00:00.000Z","false","true","false","true","65632","3799","Lane Stadium","259","Virginia Tech","fbs","ACC","38","7,14,14,3","0.9965137243270874","1369","1424","221","Pittsburgh","fbs","ACC","21","7,0,14,0","0.0034862756729125977","1543","1488","3.3672471674898303","","",""
"401520285","2023","5","regular","2023-10-01T01:00:00.000Z","false","true","false","true","60111","3693","Davis Wade Stadium","344","Mississippi State","fbs","SEC","17","0,10,7,0","0","1551","1535","333","Alabama","fbs","SEC","40","14,17,3,6","1","1959","1975","3.535895562373643","","",""
"401524021","2023","5","regular","2023-10-01T02:00:00.000Z","false","true","false","true","50800","3619","Arizona Stadium","12","Arizona","fbs","Pac-12","24","0,10,7,7","0.08519890904426575","1446","1466","264","Washington","fbs","Pac-12","31","14,7,7,3","0.9148010909557343","1920","1900","3.9253643197404875","","",""
"401532587","2023","5","regular","2023-10-01T02:30:00.000Z","false","true","false","true","39246","3660","Valley Children's Stadium","278","Fresno State","fbs","Mountain West","27","7,7,6,7","0.9159528017044067","1787","1777","2440","Nevada","fbs","Mountain West","9","0,0,0,9","0.08404719829559326","1214","1224","2.844696026813983","","",""
"401520294","2023","6","regular","2023-10-05T00:00:00.000Z","false","true","false","true","13066","3725","Johnny ""Red"" Floyd Stadium","2393","Middle Tennessee","fbs","Conference USA","30","3,20,0,7","0.050293806940317154","1289","1275","55","Jacksonville State","fbs","Conference USA","45","0,7,17,21","0.9497061930596828","1510","1524","6.812914146212349","","",""
"401520297","2023","6","regular","2023-10-05T01:00:00.000Z","false","true","false","true","11540","3601","Aggie Memorial Stadium","166","New Mexico State","fbs","Conference USA","34","7,7,3,17","0.9688563346862793","1261","1282","2229","Florida International","fbs","Conference USA","17","7,7,3,0","0.031143665313720703","1084","1063","4.99607174843075","","",""
"401520296","2023","6","regular","2023-10-05T23:00:00.000Z","false","true","false","true","17100","3992","Williams Stadium (VA)","2335","Liberty","fbs","Conference USA","21","7,14,0,0","0.8861292004585266","1574","1572","2534","Sam Houston","fbs","Conference USA","16","10,0,6,0","0.11387079954147339","1391","1393","4.529507367435725","","",""
"401520295","2023","6","regular","2023-10-06T00:00:00.000Z","false","true","false","true","13014","3776","Joe Aillet Stadium","2348","Louisiana Tech","fbs","Conference USA","28","7,0,14,7","0.34487420320510864","1243","1251","98","Western Kentucky","fbs","Conference USA","35","21,14,0,0","0.6551257967948914","1537","1529","5.083572452855961","","",""
"401525857","2023","6","regular","2023-10-06T23:30:00.000Z","false","true","false","true","53855","3646","Boone Pickens Stadium","197","Oklahoma State","fbs","Big 12","29","10,10,6,3","0.9951049089431763","1462","1497","2306","Kansas State","fbs","Big 12","21","0,7,8,6","0.0048950910568237305","1804","1769","3.237226737734322","","",""
"401520301","2023","6","regular","2023-10-07T00:00:00.000Z","false","true","false","true","46703","3832","Memorial Stadium (Champaign, IL)","356","Illinois","fbs","Big Ten","7","0,7,0,0","0","1517","1479","158","Nebraska","fbs","Big Ten","20","3,14,3,0","1","1432","1470","3.624614678870994","","",""
"401525522","2023","6","regular","2023-10-07T16:00:00.000Z","false","true","false","false","38289","3923","Scott Stadium","258","Virginia","fbs","ACC","27","3,17,0,7","0.7479106187820435","1311","1311","2729","William & Mary","fcs","Coastal Athletic","13","6,7,0,0","0.25208938121795654","","","4.573226439651725","","",""
"401520305","2023","6","regular","2023-10-07T16:00:00.000Z","false","true","false","true","62621","3838","Memorial Stadium","142","Missouri","fbs","SEC","39","15,10,7,7","0.0032364812213927507","1529","1526","99","LSU","fbs","SEC","49","7,10,10,22","0.9967635187786072","1740","1743","7.433456205853879","","",""
"401520304","2023","6","regular","2023-10-07T16:00:00.000Z","false","true","false","false","47158","3693","Davis Wade Stadium","344","Mississippi State","fbs","SEC","41","10,7,14,10","0.9797731637954712","1535","1538","2711","Western Michigan","fbs","Mid-American","28","0,7,14,7","0.02022683620452881","1249","1246","3.6895740148417406","","",""
"401520307","2023","6","regular","2023-10-07T16:00:00.000Z","false","true","false","true","104974","3861","Ohio Stadium","194","Ohio State","fbs","Big Ten","37","0,10,10,17","1","2022","2040","120","Maryland","fbs","Big Ten","17","7,3,7,0","0","1724","1706","5.056312234803054","","",""
"401520311","2023","6","regular","2023-10-07T16:00:00.000Z","false","true","false","true","74885","347","Camp Randall Stadium","275","Wisconsin","fbs","Big Ten","24","3,14,0,7","0.9973859786987305","1706","1706","164","Rutgers","fbs","Big Ten","13","0,0,6,7","0.0026140213012695312","1435","1435","3.1096684034932807","","",""
"401525861","2023","6","regular","2023-10-07T16:00:00.000Z","false","true","true","true","","499","Cotton Bowl","251","Texas","fbs","Big 12","30","7,10,3,10","0.2210293859243393","1910","1910","201","Oklahoma","fbs","Big 12","34","7,13,7,7","0.7789706140756607","1939","1939","8.06180938771907","","Allstate Red River Rivalry",""
"401526837","2023","6","regular","2023-10-07T16:00:00.000Z","false","true","false","false","9623","3985","Warren McGuirk Alumni Stadium","113","Massachusetts","fbs","FBS Independents","24","7,14,3,0","0.04909949004650116","984","993","2649","Toledo","fbs","Mid-American","41","10,7,21,3","0.9509005099534988","1509","1500","5.663312052648997","","",""
"401520298","2023","6","regular","2023-10-07T16:00:00.000Z","false","true","false","false","34017","3841","Michie Stadium","349","Army","fbs","FBS Independents","24","0,3,14,7","0.40462082624435425","1495","1478","103","Boston College","fbs","ACC","27","6,7,7,7","0.5953791737556458","1298","1315","5.357120972829357","","",""
"401525521","2023","6","regular","2023-10-07T18:00:00.000Z","false","true","false","false","56919","3670","Carter-Finley Stadium","152","NC State","fbs","ACC","48","7,14,14,13","0.8210527300834656","1525","1537","276","Marshall","fbs","Sun Belt","41","14,10,10,7","0.17894726991653442","1575","1563","6.477606592460911","","",""
"401532415","2023","6","regular","2023-10-07T18:00:00.000Z","false","true","false","true","12093","3965","UB Stadium","2084","Buffalo","fbs","Mid-American","37","10,13,14,0","1","1329","1391","2117","Central Michigan","fbs","Mid-American","13","0,7,0,6","0","1344","1282","3.0871880879897184","","",""
"401531389","2023","6","regular","2023-10-07T18:00:00.000Z","false","true","false","true","18388","3806","Lincoln Financial Field","218","Temple","fbs","American Athletic","34","14,7,0,13","0.0654812604188919","1102","1106","2636","UTSA","fbs","American Athletic","49","7,21,7,14","0.9345187395811081","1522","1518","6.048656816675457","","",""
"401520306","2023","6","regular","2023-10-07T19:00:00.000Z","false","true","false","false","22160","3911","Ryan Field","77","Northwestern","fbs","Big Ten","23","9,7,7,0","0.9399002194404602","1311","1311","47","Howard","fcs","MEAC","20","0,0,7,13","0.060099780559539795","","","2.893397865844945","","",""
"401524028","2023","6","regular","2023-10-07T19:00:00.000Z","false","true","false","true","35437","1056","Rose Bowl","26","UCLA","fbs","Pac-12","25","0,9,3,13","0.7728256583213806","1678","1687","265","Washington State","fbs","Pac-12","17","3,7,7,0","0.22717434167861938","1624","1615","6.949164487250283","","",""
"401520310","2023","6","regular","2023-10-07T19:30:00.000Z","false","true","false","true","108101","3795","Kyle Field","245","Texas A&M","fbs","SEC","20","3,14,0,3","0.10743281990289688","1733","1739","333","Alabama","fbs","SEC","26","3,7,14,2","0.8925671800971031","1975","1969","5.6995955159211755","","",""
"401532416","2023","6","regular","2023-10-07T19:30:00.000Z","false","true","false","true","19047","3996","Yager Stadium","193","Miami (OH)","fbs","Mid-American","27","7,7,10,3","0.9408820867538452","1392","1444","189","Bowling Green","fbs","Mid-American","0","0,0,0,0","0.059117913246154785","1237","1185","2.1334289336322425","","",""
"401532418","2023","6","regular","2023-10-07T19:30:00.000Z","false","true","false","true","8216","3768","InfoCision Stadium","2006","Akron","fbs","Mid-American","14","7,0,7,0","0.005469107069075108","1228","1107","2459","Northern Illinois","fbs","Mid-American","55","7,28,20,0","0.9945308929309249","1252","1373","3.2515947866175527","","",""
"401525518","2023","6","regular","2023-10-07T19:30:00.000Z","false","true","false","true","79560","3697","Doak Campbell Stadium","52","Florida State","fbs","ACC","39","22,0,10,7","0.979386568069458","1871","1880","259","Virginia Tech","fbs","ACC","17","0,10,7,0","0.020613431930541992","1424","1415","2.667571120070563","","",""
"401520302","2023","6","regular","2023-10-07T19:30:00.000Z","false","true","false","true","69250","3793","Kinnick Stadium","2294","Iowa","fbs","Big Ten","20","7,3,3,7","0.9511206150054932","1644","1645","2509","Purdue","fbs","Big Ten","14","0,7,0,7","0.048879384994506836","1516","1515","4.102013408268936","","",""
"401525520","2023","6","regular","2023-10-07T19:30:00.000Z","false","true","false","true","50500","3787","Kenan Stadium","153","North Carolina","fbs","ACC","40","10,17,10,3","0.9795660376548767","1671","1752","183","Syracuse","fbs","ACC","7","0,0,7,0","0.02043396234512329","1593","1512","2.0038410378575273","","",""
"401531884","2023","6","regular","2023-10-07T19:30:00.000Z","false","true","false","true","15053","3666","Cajun Field","309","Louisiana","fbs","Sun Belt","34","7,7,7,13","0.9321829080581665","1544","1542","326","Texas State","fbs","Sun Belt","30","10,10,3,7","0.0678170919418335","1383","1385","6.516799036147837","","",""
"401532414","2023","6","regular","2023-10-07T19:30:00.000Z","false","true","false","true","18696","3912","Rynearson Stadium","2199","Eastern Michigan","fbs","Mid-American","24","3,14,7,0","0.8805626630783081","1363","1373","2050","Ball State","fbs","Mid-American","10","3,7,0,0","0.1194373369216919","1147","1137","3.509865449032125","","",""
"401531433","2023","6","regular","2023-10-07T19:30:00.000Z","false","true","false","true","28648","3852","Navy-Marine Corps Memorial Stadium","2426","Navy","fbs","American Athletic","27","0,13,7,7","0.979992151260376","1347","1348","249","North Texas","fbs","American Athletic","24","3,7,0,14","0.020007848739624023","1328","1327","5.80292595536438","","",""
"401525517","2023","6","regular","2023-10-07T19:30:00.000Z","false","true","false","true","80810","3836","Memorial Stadium (Clemson, SC)","228","Clemson","fbs","ACC","17","0,7,3,7","0.6832976341247559","1748","1745","154","Wake Forest","fbs","ACC","12","3,0,3,6","0.31670236587524414","1545","1548","4.083374053175454","","",""
"401532417","2023","6","regular","2023-10-07T19:30:00.000Z","false","true","false","true","22945","3876","Peden Stadium","195","Ohio","fbs","Mid-American","42","0,21,14,7","0.989249050617218","1542","1563","2309","Kent State","fbs","Mid-American","17","0,7,3,7","0.010750949382781982","1150","1129","3.8041466754600983","","",""
"401520299","2023","6","regular","2023-10-07T20:00:00.000Z","false","true","false","true","89432","3634","Ben Hill Griffin Stadium","57","Florida","fbs","SEC","38","7,14,7,10","0.9834399223327637","1565","1595","238","Vanderbilt","fbs","SEC","14","7,0,7,0","0.016560077667236328","1289","1259","3.059374850283714","","",""
"401531380","2023","6","regular","2023-10-07T20:00:00.000Z","false","true","false","true","23792","7221","Protective Stadium","5","UAB","fbs","American Athletic","56","21,14,14,7","0.9952920079231262","1414","1456","58","South Florida","fbs","American Athletic","35","14,0,7,14","0.004707992076873779","1339","1297","3.4064458689495853","","",""
"401531887","2023","6","regular","2023-10-07T20:00:00.000Z","false","true","false","true","26957","3975","Veterans Memorial Stadium (AL)","2653","Troy","fbs","Sun Belt","37","7,13,3,14","0.9438629150390625","1563","1604","2032","Arkansas State","fbs","Sun Belt","3","0,0,0,3","0.0561370849609375","1118","1077","1.7334231671224114","","",""
"401525860","2023","6","regular","2023-10-07T20:00:00.000Z","false","true","false","true","46107","3833","Memorial Stadium","2305","Kansas","fbs","Big 12","51","3,21,13,14","0.9958160519599915","1458","1559","2116","UCF","fbs","Big 12","22","0,0,8,14","0.004183948040008545","1641","1540","2.360460119367647","","",""
"401520309","2023","6","regular","2023-10-07T21:00:00.000Z","false","true","false","false","21207","3895","Rice Stadium","242","Rice","fbs","American Athletic","31","14,0,7,10","0.12150171399116516","1204","1189","41","UConn","fbs","FBS Independents","38","0,20,8,10","0.8784982860088348","1177","1192","5.6248837212591605","","",""
"401531340","2023","6","regular","2023-10-07T22:00:00.000Z","false","true","false","true","21077","3715","FAU Stadium","2226","Florida Atlantic","fbs","American Athletic","20","14,3,0,3","0.427341490983963","1356","1357","202","Tulsa","fbs","American Athletic","17","0,7,3,7","0.572658509016037","1331","1330","3.863723810861101","","",""
"401524026","2023","6","regular","2023-10-07T22:30:00.000Z","false","true","false","true","54086","3947","Mountain America Stadium","9","Arizona State","fbs","Pac-12","24","7,10,0,7","0.30835327136265317","1405","1393","38","Colorado","fbs","Pac-12","27","7,7,0,13","0.6916467286373469","1281","1293","8.042389863","","",""
"401520300","2023","6","regular","2023-10-07T23:00:00.000Z","false","true","false","true","92746","3917","Sanford Stadium","61","Georgia","fbs","SEC","51","14,20,10,7","0.9830808639526367","2037","2103","96","Kentucky","fbs","SEC","13","0,7,6,0","0.01691913604736328","1711","1645","1.8737033893454944","","",""
"401531886","2023","6","regular","2023-10-07T23:00:00.000Z","false","true","false","true","23011","3815","M. M. Roberts Stadium","2572","Southern Miss","fbs","Sun Belt","13","10,0,3,0","0.8407377004623413","1215","1218","295","Old Dominion","fbs","Sun Belt","17","0,7,3,7","0.1592622995376587","1369","1366","4.763095152461752","","",""
"401531885","2023","6","regular","2023-10-07T23:00:00.000Z","false","true","false","true","12099","3817","Malone Stadium","2433","UL Monroe","fbs","Sun Belt","7","0,7,0,0","0.005469107069075108","1189","1087","6","South Alabama","fbs","Sun Belt","55","14,17,14,10","0.9945308929309249","1511","1613","3.309444773792867","","",""
"401520303","2023","6","regular","2023-10-07T23:30:00.000Z","false","true","false","true","52179","3953","Huntington Bank Stadium","135","Minnesota","fbs","Big Ten","10","3,7,0,0","0.00038818725686502444","1649","1571","130","Michigan","fbs","Big Ten","52","10,14,21,7","0.9996118127431349","2004","2082","2.6349960001","","",""
"401520308","2023","6","regular","2023-10-07T23:30:00.000Z","false","true","false","true","65748","3974","Vaught-Hemingway Stadium","145","Ole Miss","fbs","SEC","27","10,7,0,10","0.9921488165855408","1679","1685","8","Arkansas","fbs","SEC","20","7,0,6,7","0.007851183414459229","1610","1604","5.736668111924412","","",""
"401525439","2023","6","regular","2023-10-07T23:37:00.000Z","false","true","false","false","59081","3873","L&N Federal Credit Union Stadium","97","Louisville","fbs","ACC","33","7,0,10,16","1","1677","1718","87","Notre Dame","fbs","FBS Independents","20","0,7,6,7","0","1856","1815","5.006854257990034","","",""
"401532590","2023","6","regular","2023-10-08T00:00:00.000Z","false","true","false","true","22864","3905","Maverik Stadium","328","Utah State","fbs","Mountain West","44","3,14,14,13","1","1376","1415","36","Colorado State","fbs","Mountain West","24","17,0,0,7","0","1299","1260","5.422043305674423","","",""
"401525519","2023","6","regular","2023-10-08T00:00:00.000Z","false","true","false","true","58045","3948","Hard Rock Stadium","2390","Miami","fbs","ACC","20","0,3,7,10","0.3147236704826355","1584","1564","59","Georgia Tech","fbs","ACC","23","0,0,14,9","0.6852763295173645","1349","1369","6.870599135438727","","",""
"401532591","2023","6","regular","2023-10-08T00:00:00.000Z","false","true","false","true","20788","3984","War Memorial Stadium","2751","Wyoming","fbs","Mountain West","24","3,21,0,0","0.8327698111534119","1401","1423","278","Fresno State","fbs","Mountain West","19","0,7,3,9","0.16723018884658813","1777","1755","3.7264497761658357","","",""
"401525859","2023","6","regular","2023-10-08T00:00:00.000Z","false","true","false","true","60535","3772","Jack Trice Stadium","66","Iowa State","fbs","Big 12","27","7,3,14,3","0.9404110908508301","1499","1540","2628","TCU","fbs","Big 12","14","0,7,0,7","0.05958890914916992","1673","1632","4.107447691886094","","",""
"401525858","2023","6","regular","2023-10-08T00:00:00.000Z","false","true","false","true","44620","4727","McLane Stadium","239","Baylor","fbs","Big 12","14","0,3,0,11","0.008119341917335987","1514","1459","2641","Texas Tech","fbs","Big 12","39","7,10,7,15","0.991880658082664","1613","1668","3.350486459826747","","",""
"401532592","2023","6","regular","2023-10-08T00:00:00.000Z","false","true","false","true","37491","3653","Albertsons Stadium","68","Boise State","fbs","Mountain West","35","0,14,7,14","0.8191461563110352","1541","1541","23","San José State","fbs","Mountain West","27","14,13,0,0","0.18085384368896484","1348","1348","4.566747407952392","","",""
"401524027","2023","6","regular","2023-10-08T02:00:00.000Z","false","true","false","true","34930","3831","California Memorial Stadium","25","California","fbs","Pac-12","40","0,17,15,8","0.08965382725000381","1518","1514","204","Oregon State","fbs","Pac-12","52","7,14,14,17","0.9103461727499962","1770","1774","6.779777148974061","","",""
"401524025","2023","6","regular","2023-10-08T02:30:00.000Z","false","true","false","true","62916","477","Los Angeles Memorial Coliseum","30","USC","fbs","Pac-12","43","0,14,7,7,7,6,2","0.4631953835487366","1850","1845","12","Arizona","fbs","Pac-12","41","10,7,3,8,7,6,0","0.5368046164512634","1466","1471","9.078427873212048","","",""
"401520313","2023","7","regular","2023-10-10T23:00:00.000Z","false","true","false","true","9602","3725","Johnny ""Red"" Floyd Stadium","2393","Middle Tennessee","fbs","Conference USA","31","10,7,7,7","0.9571231007575989","1275","1285","2348","Louisiana Tech","fbs","Conference USA","23","6,3,7,7","0.04287689924240112","1251","1241","3.8771275335637023","","",""
"401531888","2023","7","regular","2023-10-10T23:30:00.000Z","false","true","false","true","34252","3792","Kidd Brewer Stadium","2026","App State","fbs","Sun Belt","24","0,10,7,7","0.18845617771148682","1558","1543","324","Coastal Carolina","fbs","Sun Belt","27","14,3,7,3","0.8115438222885132","1396","1411","5.807297511875181","","",""
"401520312","2023","7","regular","2023-10-10T23:30:00.000Z","false","true","false","true","21745","3662","AmFirst Stadium","55","Jacksonville State","fbs","Conference USA","13","7,3,3,0","0.1292966902256012","1524","1485","2335","Liberty","fbs","Conference USA","31","0,10,7,14","0.8707033097743988","1572","1611","4.863100754192201","","",""
"401520314","2023","7","regular","2023-10-11T23:30:00.000Z","false","true","false","true","14872","218","FIU Stadium","2229","Florida International","fbs","Conference USA","14","0,7,7,0","0.0035588773898780346","1063","1045","2638","UTEP","fbs","Conference USA","27","21,3,0,3","0.996441122610122","1178","1196","3.6004687971826272","","",""
"401520315","2023","7","regular","2023-10-12T01:00:00.000Z","false","true","false","true","12812","3601","Aggie Memorial Stadium","166","New Mexico State","fbs","Conference USA","27","14,13,0,0","0.9861035346984863","1282","1320","2534","Sam Houston","fbs","Conference USA","13","0,0,6,7","0.013896465301513672","1393","1355","2.1038656522345605","","",""
"401525862","2023","7","regular","2023-10-12T23:00:00.000Z","false","true","false","true","32152","4728","TDECU Stadium","248","Houston","fbs","Big 12","41","7,7,7,20","0.38709837198257446","1543","1543","277","West Virginia","fbs","Big 12","39","10,0,7,22","0.6129016280174255","1492","1492","8.637620789657314","","",""
"401531415","2023","7","regular","2023-10-12T23:30:00.000Z","false","true","false","true","33444","3699","Dowdy-Ficklen Stadium","151","East Carolina","fbs","American Athletic","10","0,10,0,0","0.2817571759223938","1398","1357","2567","SMU","fbs","American Athletic","31","14,0,0,17","0.7182428240776062","1511","1552","5.532196110765795","","",""
"401531371","2023","7","regular","2023-10-13T23:00:00.000Z","false","true","false","true","35609","3805","Simmons Bank Liberty Stadium","235","Memphis","fbs","American Athletic","21","0,14,7,0","0.10571013391017914","1559","1545","2655","Tulane","fbs","American Athletic","31","7,3,7,14","0.8942898660898209","1636","1650","5.765526681014673","","",""
"401532594","2023","7","regular","2023-10-14T00:00:00.000Z","false","true","false","true","17220","3905","Maverik Stadium","328","Utah State","fbs","Mountain West","32","7,7,3,15","0.6022870540618896","1415","1429","278","Fresno State","fbs","Mountain West","37","7,7,14,9","0.39771294593811035","1755","1741","7.726538605231231","","",""
"401524029","2023","7","regular","2023-10-14T02:00:00.000Z","false","true","false","true","53154","3726","Folsom Field","38","Colorado","fbs","Pac-12","43","14,15,0,7,7,0","0.6896331906318665","1293","1285","24","Stanford","fbs","Pac-12","46","0,0,19,17,7,3","0.31036680936813354","1237","1245","8.554686835735188","","",""
"401531890","2023","7","regular","2023-10-14T16:00:00.000Z","false","true","false","true","25097","3651","Bridgeforth Stadium","256","James Madison","fbs","Sun Belt","41","14,6,21,0","0.9857033491134644","1598","1662","290","Georgia Southern","fbs","Sun Belt","13","0,6,0,7","0.014296650886535645","1522","1458","2.2984936985837336","","",""
"401525524","2023","7","regular","2023-10-14T16:00:00.000Z","false","true","false","true","79560","3697","Doak Campbell Stadium","52","Florida State","fbs","ACC","41","7,10,7,17","0.9414401650428772","1880","1941","183","Syracuse","fbs","ACC","3","0,3,0,0","0.0585598349571228","1512","1451","2.5190186168158615","","",""
"401520316","2023","7","regular","2023-10-14T16:00:00.000Z","false","true","false","true","100077","3657","Bryant-Denny Stadium","333","Alabama","fbs","SEC","24","7,14,3,0","0.9433117531744127","1969","1966","8","Arkansas","fbs","SEC","21","6,0,7,8","0.05668824682558726","1604","1607","6.0834716855","","",""
"401520327","2023","7","regular","2023-10-14T16:00:00.000Z","false","true","false","true","28500","3973","FirstBank Stadium","238","Vanderbilt","fbs","SEC","20","7,0,0,13","0.3490524888038635","1259","1292","61","Georgia","fbs","SEC","37","7,17,3,10","0.6509475111961365","2103","2070","3.252757605678285","","",""
"401525863","2023","7","regular","2023-10-14T16:00:00.000Z","false","true","false","true","38193","3854","Nippert Stadium","2132","Cincinnati","fbs","Big 12","10","7,0,3,0","0","1577","1522","66","Iowa State","fbs","Big 12","30","3,14,6,7","1","1540","1595","3.6554649578272302","","",""
"401532422","2023","7","regular","2023-10-14T16:00:00.000Z","false","true","false","true","18443","3912","Rynearson Stadium","2199","Eastern Michigan","fbs","Mid-American","28","7,7,7,7","0.7606979012489319","1373","1381","2309","Kent State","fbs","Mid-American","14","0,0,7,7","0.23930209875106812","1129","1121","3.1549905954990782","","",""
"401520321","2023","7","regular","2023-10-14T16:00:00.000Z","false","true","false","true","110264","3558","Michigan Stadium","130","Michigan","fbs","Big Ten","52","0,21,17,14","0.9902434945106506","2082","2123","84","Indiana","fbs","Big Ten","7","7,0,0,0","0.009756505489349365","1360","1319","2.8721755661931594","","",""
"401520324","2023","7","regular","2023-10-14T16:00:00.000Z","false","true","false","true","52879","6577","SHI Stadium","164","Rutgers","fbs","Big Ten","27","3,3,0,21","0.8582224249839783","1435","1436","127","Michigan State","fbs","Big Ten","24","7,10,7,0","0.14177757501602173","1463","1462","5.323350439799666","","",""
"401520323","2023","7","regular","2023-10-14T16:00:00.000Z","false","true","false","true","57319","3907","Ross-Ade Stadium","2509","Purdue","fbs","Big Ten","7","0,0,0,7","0","1515","1482","194","Ohio State","fbs","Big Ten","41","13,7,14,7","1","2040","2073","2.9590312515287254","","",""
"401531390","2023","7","regular","2023-10-14T16:00:00.000Z","false","true","false","true","13678","3825","DATCU Stadium","249","North Texas","fbs","American Athletic","45","14,10,7,14","0.9854303002357483","1327","1384","218","Temple","fbs","American Athletic","14","7,7,0,0","0.014569699764251709","1106","1049","3.5753481065243786","","",""
"401531405","2023","7","regular","2023-10-14T18:00:00.000Z","false","true","false","true","15659","4418","Jerry Richardson Stadium","2429","Charlotte","fbs","American Athletic","0","0,0,0,0","0.2488979995250702","1194","1177","2426","Navy","fbs","American Athletic","14","0,0,7,7","0.7511020004749298","1348","1365","4.302476099686885","","",""
"401532419","2023","7","regular","2023-10-14T18:00:00.000Z","false","true","false","true","7673","3919","Scheumann Stadium","2050","Ball State","fbs","Mid-American","6","0,3,0,3","0.2175832986831665","1137","1150","2649","Toledo","fbs","Mid-American","13","3,0,0,10","0.7824167013168335","1500","1487","5.249506419322044","","",""
"401524033","2023","7","regular","2023-10-14T19:00:00.000Z","false","true","false","true","52115","587","Rice-Eccles Stadium","254","Utah","fbs","Pac-12","34","0,14,10,10","0.9969220161437988","1752","1775","25","California","fbs","Pac-12","14","7,0,7,0","0.003077983856201172","1514","1491","3.4991694663681407","","",""
"401532421","2023","7","regular","2023-10-14T19:30:00.000Z","false","true","false","true","15196","3965","UB Stadium","2084","Buffalo","fbs","Mid-American","14","7,0,7,0","0.4255867302417755","1391","1351","189","Bowling Green","fbs","Mid-American","24","10,14,0,0","0.5744132697582245","1185","1225","3.822232527586547","","",""
"401532420","2023","7","regular","2023-10-14T19:30:00.000Z","false","true","false","true","17886","3786","Kelly/Shorts Stadium","2117","Central Michigan","fbs","Mid-American","17","0,3,14,0","0.951458752155304","1282","1282","2006","Akron","fbs","Mid-American","10","3,0,0,7","0.048541247844696045","1107","1107","4.391819349988821","","",""
"401531420","2023","7","regular","2023-10-14T19:30:00.000Z","false","true","false","true","","3886","Raymond James Stadium","58","South Florida","fbs","American Athletic","14","0,14,0,0","0.0024515101686120033","1297","1178","2226","Florida Atlantic","fbs","American Athletic","56","7,14,21,14","0.997548489831388","1357","1476","5.197648834895648","","",""
"401525865","2023","7","regular","2023-10-14T19:30:00.000Z","false","true","false","true","44599","3616","Amon G. Carter Stadium","2628","TCU","fbs","Big 12","44","14,17,10,3","0.96671462059021","1632","1713","252","BYU","fbs","Big 12","11","0,8,3,0","0.03328537940979004","1552","1471","2.1890166037187972","","",""
"401525864","2023","7","regular","2023-10-14T19:30:00.000Z","false","true","false","true","53855","3646","Boone Pickens Stadium","197","Oklahoma State","fbs","Big 12","39","17,7,3,12","0.9280037879943848","1497","1510","2305","Kansas","fbs","Big 12","32","7,18,7,0","0.07199621200561523","1559","1546","6.472400857176329","","",""
"401520326","2023","7","regular","2023-10-14T19:30:00.000Z","false","true","false","true","101915","3853","Neyland Stadium","2633","Tennessee","fbs","SEC","20","7,0,7,6","0.6652219295501709","1901","1902","245","Texas A&M","fbs","SEC","13","7,3,3,0","0.3347780704498291","1739","1738","6.453905735791416","","",""
"401520325","2023","7","regular","2023-10-14T19:30:00.000Z","false","true","false","true","79247","3994","Williams-Brice Stadium","2579","South Carolina","fbs","SEC","39","14,7,3,15","0.8611177802085876","1549","1549","57","Florida","fbs","SEC","41","10,14,3,14","0.13888221979141235","1595","1595","9.082473883766026","","",""
"401520317","2023","7","regular","2023-10-14T19:30:00.000Z","false","true","false","false","27829","3841","Michie Stadium","349","Army","fbs","FBS Independents","0","0,0,0,0","0.03837382793426514","1478","1444","2653","Troy","fbs","Sun Belt","19","3,13,3,0","0.9616261720657349","1604","1638","3.527806567623446","","",""
"401525527","2023","7","regular","2023-10-14T19:30:00.000Z","false","true","false","true","65632","3799","Lane Stadium","259","Virginia Tech","fbs","ACC","30","0,17,3,10","0.9946257472038269","1415","1466","154","Wake Forest","fbs","ACC","13","0,10,0,3","0.005374252796173096","1548","1497","3.465849019353524","","",""
"401524034","2023","7","regular","2023-10-14T19:30:00.000Z","false","true","false","true","71321","3765","Husky Stadium","264","Washington","fbs","Pac-12","36","14,8,7,7","0.8344625234603882","1900","1900","2483","Oregon","fbs","Pac-12","33","8,10,8,7","0.16553747653961182","1823","1823","6.678884257656054","","",""
"401520320","2023","7","regular","2023-10-14T19:30:00.000Z","false","true","false","true","35580","3665","SECU Stadium","120","Maryland","fbs","Big Ten","24","7,7,7,3","0.5606913566589355","1706","1687","356","Illinois","fbs","Big Ten","27","7,7,10,3","0.43930864334106445","1479","1498","6.801325392799783","","",""
"401532423","2023","7","regular","2023-10-14T19:30:00.000Z","false","true","false","true","20039","3980","Waldo Stadium","2711","Western Michigan","fbs","Mid-American","21","3,7,3,8","0.0747133269906044","1246","1235","193","Miami (OH)","fbs","Mid-American","34","14,7,0,13","0.9252866730093956","1444","1455","4.559039482407327","","",""
"401520322","2023","7","regular","2023-10-14T19:30:00.000Z","false","true","false","false","105533","3632","Beaver Stadium","213","Penn State","fbs","Big Ten","63","7,21,21,14","0.9837354421615601","1943","2010","113","Massachusetts","fbs","FBS Independents","0","0,0,0,0","0.01626455783843994","993","926","2.1885849319200963","","",""
"401532424","2023","7","regular","2023-10-14T20:00:00.000Z","false","true","false","true","11143","3764","Huskie Stadium","2459","Northern Illinois","fbs","Mid-American","23","7,0,10,6","0.9942866563796997","1373","1405","195","Ohio","fbs","Mid-American","13","3,10,0,0","0.005713343620300293","1563","1531","4.54127280961096","","",""
"401520328","2023","7","regular","2023-10-14T20:00:00.000Z","false","true","false","true","76205","347","Camp Randall Stadium","275","Wisconsin","fbs","Big Ten","6","0,0,6,0","0.342609167098999","1706","1683","2294","Iowa","fbs","Big Ten","15","0,7,0,8","0.657390832901001","1645","1668","5.901115175574172","","",""
"401532597","2023","7","regular","2023-10-14T21:00:00.000Z","false","true","false","true","24578","3816","Mackay Stadium","2440","Nevada","fbs","Mountain West","27","7,0,7,13","0.01711384207010269","1224","1199","2439","UNLV","fbs","Mountain West","45","14,14,10,7","0.9828861579298973","1407","1432","3.6704673533974304","","",""
"401532596","2023","7","regular","2023-10-14T22:00:00.000Z","false","true","false","true","13027","3971","University Stadium (NM)","167","New Mexico","fbs","Mountain West","24","3,14,0,7","0.023151662200689316","1113","1065","23","San José State","fbs","Mountain West","52","0,14,24,14","0.9768483377993107","1348","1396","4.924501711140653","","",""
"401525525","2023","7","regular","2023-10-14T22:30:00.000Z","false","true","false","true","46296","3752","Acrisure Stadium","221","Pittsburgh","fbs","ACC","38","7,7,17,7","0.9868221282958984","1488","1549","97","Louisville","fbs","ACC","21","7,14,0,0","0.013177871704101562","1718","1657","5.513138053182093","","",""
"401532598","2023","7","regular","2023-10-14T23:00:00.000Z","false","true","false","true","28311","3713","Falcon Stadium","2005","Air Force","fbs","Mountain West","34","7,10,7,10","0.461992472410202","1797","1787","2751","Wyoming","fbs","Mountain West","27","14,7,0,6","0.538007527589798","1423","1433","5.414035876918886","","",""
"401520319","2023","7","regular","2023-10-14T23:00:00.000Z","false","true","false","true","102321","3958","Tiger Stadium (LA)","99","LSU","fbs","SEC","48","17,3,14,14","0.9971859455108643","1743","1809","2","Auburn","fbs","SEC","18","0,7,3,8","0.002814054489135742","1625","1559","2.5879563118390494","","",""
"401525866","2023","7","regular","2023-10-14T23:00:00.000Z","false","true","false","true","56200","3784","Jones AT&T Stadium","2641","Texas Tech","fbs","Big 12","21","0,14,7,0","0.003372390754520893","1668","1637","2306","Kansas State","fbs","Big 12","38","10,7,14,7","0.9966276092454791","1769","1800","6.153387988086046","","",""
"401531889","2023","7","regular","2023-10-14T23:00:00.000Z","false","true","false","true","","4246","Center Parc Stadium","2247","Georgia State","fbs","Sun Belt","41","14,13,0,14","0.9487507343292236","1487","1532","276","Marshall","fbs","Sun Belt","24","7,10,7,0","0.05124926567077637","1563","1518","4.147927263546041","","",""
"401524030","2023","7","regular","2023-10-14T23:00:00.000Z","false","true","false","true","26155","3820","Gesa Field","265","Washington State","fbs","Pac-12","6","6,0,0,0","0.007329576648771763","1615","1480","12","Arizona","fbs","Pac-12","44","10,10,10,14","0.9926704233512282","1471","1606","2.660775609190165","","",""
"401531891","2023","7","regular","2023-10-14T23:00:00.000Z","false","true","false","true","27537","3644","Bobcat Stadium (TX)","326","Texas State","fbs","Sun Belt","21","3,6,0,12","0.386420875787735","1385","1376","2433","UL Monroe","fbs","Sun Belt","20","7,0,3,10","0.613579124212265","1087","1096","6.818934772899059","","",""
"401520318","2023","7","regular","2023-10-14T23:30:00.000Z","false","true","false","true","61654","3683","Kroger Field","96","Kentucky","fbs","SEC","21","14,0,7,0","0.019587013870477676","1645","1591","142","Missouri","fbs","SEC","38","0,17,3,18","0.9804129861295223","1526","1580","5.561388092180199","","",""
"401525526","2023","7","regular","2023-10-14T23:30:00.000Z","false","true","false","true","50500","3787","Kenan Stadium","153","North Carolina","fbs","ACC","41","7,7,21,6","0.9586334228515625","1752","1756","2390","Miami","fbs","ACC","31","0,17,0,14","0.0413665771484375","1564","1560","5.582649543078072","","",""
"401524031","2023","7","regular","2023-10-14T23:30:00.000Z","false","true","false","false","77622","3855","Notre Dame Stadium","87","Notre Dame","fbs","FBS Independents","48","7,17,7,17","0.9617031216621399","1815","1892","30","USC","fbs","Pac-12","20","3,3,7,7","0.03829687833786011","1845","1768","2.7815496124024723","","",""
"401531381","2023","7","regular","2023-10-15T00:00:00.000Z","false","true","false","true","23808","3604","Alamodome","2636","UTSA","fbs","American Athletic","41","21,3,7,10","0.9562598466873169","1518","1561","5","UAB","fbs","American Athletic","20","7,6,7,0","0.043740153312683105","1456","1413","3.18971142192192","","",""
"401524032","2023","7","regular","2023-10-15T00:00:00.000Z","false","true","false","true","37600","3893","Reser Stadium","204","Oregon State","fbs","Pac-12","36","13,10,13,0","1","1774","1790","26","UCLA","fbs","Pac-12","24","0,10,7,7","0","1687","1671","3.540943314517518","","",""
"401525523","2023","7","regular","2023-10-15T00:00:00.000Z","false","true","false","true","31833","3982","Wallace Wade Stadium","150","Duke","fbs","ACC","24","7,10,7,0","0.9726876020431519","1676","1711","152","NC State","fbs","ACC","3","3,0,0,0","0.027312397956848145","1537","1502","2.661995451434527","","",""
"401532593","2023","7","regular","2023-10-15T01:45:00.000Z","false","true","false","true","34901","5388","Canvas Stadium","36","Colorado State","fbs","Mountain West","31","0,0,10,21","0.44105619192123413","1260","1268","68","Boise State","fbs","Mountain West","30","7,10,0,13","0.5589438080787659","1541","1533","5.44839582427994","","",""
"401532595","2023","7","regular","2023-10-15T03:00:00.000Z","false","true","false","true","10039","7220","Clarence T.C. Ching Athletics Complex","62","Hawai'i","fbs","Mountain West","34","0,14,10,10","0.10369419306516647","1113","1118","21","San Diego State","fbs","Mountain West","41","10,7,3,21","0.8963058069348335","1361","1356","6.36106246923315","","",""
"401520330","2023","8","regular","2023-10-17T23:00:00.000Z","false","true","false","true","16354","3992","Williams Stadium (VA)","2335","Liberty","fbs","Conference USA","42","14,7,14,7","0.7809522151947021","1611","1603","2393","Middle Tennessee","fbs","Conference USA","35","14,7,14,0","0.21904778480529785","1285","1293","6.405583033837419","","",""
"401520329","2023","8","regular","2023-10-17T23:30:00.000Z","false","true","false","true","17977","3662","AmFirst Stadium","55","Jacksonville State","fbs","Conference USA","20","0,10,0,10","0.8367243409156799","1485","1487","98","Western Kentucky","fbs","Conference USA","17","10,7,0,0","0.16327565908432007","1529","1527","6.176394675151082","","",""
"401531892","2023","8","regular","2023-10-17T23:30:00.000Z","false","true","false","true","23478","6526","Hancock Whitney Stadium","6","South Alabama","fbs","Sun Belt","55","14,17,17,7","0.9941574335098267","1613","1716","2572","Southern Miss","fbs","Sun Belt","3","0,0,3,0","0.00584256649017334","1218","1115","1.7979402381663003","","",""
"401520331","2023","8","regular","2023-10-18T23:00:00.000Z","false","true","false","true","7543","3647","Elliott T. Bowers Stadium","2534","Sam Houston","fbs","Conference USA","27","0,10,0,10,7,0","0.7359994649887085","1355","1319","2229","Florida International","fbs","Conference USA","33","3,7,7,3,7,6","0.2640005350112915","1045","1081","7.4529272599786065","","",""
"401520332","2023","8","regular","2023-10-19T01:00:00.000Z","false","true","false","true","19727","3946","Sun Bowl","2638","UTEP","fbs","Conference USA","7","0,7,0,0","0","1196","1156","166","New Mexico State","fbs","Conference USA","28","7,0,14,7","1","1320","1360","4.2919153917949915","","",""
"401531341","2023","8","regular","2023-10-19T23:00:00.000Z","false","true","false","true","18527","3674","Chapman Stadium","202","Tulsa","fbs","American Athletic","10","0,10,0,0","0.20364806056022644","1330","1219","242","Rice","fbs","American Athletic","42","14,7,14,7","0.7963519394397736","1189","1300","4.024088038840769","","",""
"401531893","2023","8","regular","2023-10-19T23:00:00.000Z","false","true","false","true","22109","3775","Joan C. Edwards Stadium","276","Marshall","fbs","Sun Belt","9","0,0,2,7","0","1518","1507","256","James Madison","fbs","Sun Belt","20","0,3,10,7","1","1662","1673","4.896606278579259","","",""
"401531391","2023","8","regular","2023-10-20T23:00:00.000Z","false","true","false","true","11232","3806","Lincoln Financial Field","218","Temple","fbs","American Athletic","0","0,0,0,0","0","1049","948","2567","SMU","fbs","American Athletic","55","14,10,17,14","1","1552","1653","4.295221155184815","","",""
"401520343","2023","8","regular","2023-10-21T16:00:00.000Z","false","true","false","true","105506","3861","Ohio Stadium","194","Ohio State","fbs","Big Ten","20","3,7,0,10","0.9509031176567078","2073","2081","213","Penn State","fbs","Big Ten","12","3,3,0,6","0.049096882343292236","2010","2002","4.222438303404965","","",""
"401520337","2023","8","regular","2023-10-21T16:00:00.000Z","false","true","false","true","","3830","Memorial Stadium (Bloomington, IN)","84","Indiana","fbs","Big Ten","14","7,7,0,0","0.009180295281112194","1319","1290","164","Rutgers","fbs","Big Ten","31","7,10,7,7","0.9908197047188878","1436","1465","4.1105718973621235","","",""
"401520334","2023","8","regular","2023-10-21T16:00:00.000Z","false","true","false","true","71505","3887","Razorback Stadium","8","Arkansas","fbs","SEC","3","3,0,0,0","0.1885746419429779","1607","1596","344","Mississippi State","fbs","SEC","7","0,7,0,0","0.8114253580570221","1538","1549","4.710120177330631","","",""
"401525871","2023","8","regular","2023-10-21T16:00:00.000Z","false","true","false","true","83476","3835","Memorial Stadium (Norman, OK)","201","Oklahoma","fbs","Big 12","31","7,10,0,14","0.45751073956489563","1939","1934","2116","UCF","fbs","Big 12","29","0,17,6,6","0.5424892604351044","1540","1545","7.315160053350598","","",""
"401531434","2023","8","regular","2023-10-21T16:00:00.000Z","false","true","false","false","38803","3852","Navy-Marine Corps Memorial Stadium","2426","Navy","fbs","American Athletic","6","0,0,0,6","0.01579103246331215","1365","1376","2005","Air Force","fbs","Mountain West","17","0,7,3,7","0.9842089675366879","1787","1776","3.39677224092019","","",""
"401532428","2023","8","regular","2023-10-21T16:00:00.000Z","false","true","false","true","16048","3876","Peden Stadium","195","Ohio","fbs","Mid-American","20","3,3,7,7","0.8812229633331299","1531","1528","2711","Western Michigan","fbs","Mid-American","17","0,0,10,7","0.11877703666687012","1235","1238","4.978513390520353","","",""
"401525528","2023","8","regular","2023-10-21T16:00:00.000Z","false","true","false","true","35656","721","Bobby Dodd Stadium","59","Georgia Tech","fbs","ACC","23","7,3,13,0","0.0783873125910759","1369","1328","103","Boston College","fbs","ACC","38","10,7,0,21","0.9216126874089241","1315","1356","6.2290646945075645","","",""
"401531382","2023","8","regular","2023-10-21T16:00:00.000Z","false","true","false","true","20269","7221","Protective Stadium","5","UAB","fbs","American Athletic","21","14,7,0,0","0.044174160808324814","1413","1365","235","Memphis","fbs","American Athletic","45","7,14,17,7","0.9558258391916752","1545","1593","5.3892993438096575","","",""
"401525868","2023","8","regular","2023-10-21T16:00:00.000Z","false","true","false","true","38193","3854","Nippert Stadium","2132","Cincinnati","fbs","Big 12","29","0,14,0,15","0.38697484135627747","1522","1514","239","Baylor","fbs","Big 12","32","3,17,9,3","0.6130251586437225","1459","1467","7.8557187294171875","","",""
"401531894","2023","8","regular","2023-10-21T18:00:00.000Z","false","true","false","true","21068","3608","Allen E. Paulson Stadium","290","Georgia Southern","fbs","Sun Belt","38","7,24,0,7","1","1458","1451","2433","UL Monroe","fbs","Sun Belt","28","7,7,3,11","0","1096","1103","5.111897163895108","","",""
"401532429","2023","8","regular","2023-10-21T18:00:00.000Z","false","true","false","true","10068","3700","Doyt L. Perry Stadium","189","Bowling Green","fbs","Mid-American","41","3,10,21,7","0.9900971055030823","1225","1281","2006","Akron","fbs","Mid-American","14","7,0,0,7","0.009902894496917725","1107","1051","3.413601042850435","","",""
"401531406","2023","8","regular","2023-10-21T18:00:00.000Z","false","true","false","true","39842","3699","Dowdy-Ficklen Stadium","151","East Carolina","fbs","American Athletic","7","0,0,0,7","0.04441241919994354","1357","1341","2429","Charlotte","fbs","American Athletic","10","3,0,7,0","0.9555875808000565","1177","1193","6.263726000468562","","",""
"401524035","2023","8","regular","2023-10-21T19:30:00.000Z","false","true","false","true","58886","3626","Autzen Stadium","2483","Oregon","fbs","Pac-12","38","3,14,14,7","0.9859634637832642","1823","1824","265","Washington State","fbs","Pac-12","24","3,10,3,8","0.01403653621673584","1480","1479","4.617885618403524","","",""
"401520341","2023","8","regular","2023-10-21T19:30:00.000Z","false","true","false","true","62621","3838","Memorial Stadium","142","Missouri","fbs","SEC","34","14,10,0,10","0.9903053045272827","1580","1630","2579","South Carolina","fbs","SEC","12","0,3,6,3","0.009694695472717285","1549","1499","2.6197865634004565","","",""
"401520344","2023","8","regular","2023-10-21T19:30:00.000Z","false","true","false","false","21704","3892","Pratt & Whitney Stadium","41","UConn","fbs","FBS Independents","21","0,14,0,7","0.1130419597029686","1192","1187","58","South Florida","fbs","American Athletic","24","7,3,0,14","0.8869580402970314","1178","1183","7.1101171090902335","","",""
"401520336","2023","8","regular","2023-10-21T19:30:00.000Z","false","true","false","true","54205","3832","Memorial Stadium (Champaign, IL)","356","Illinois","fbs","Big Ten","21","7,7,7,0","0.4821501076221466","1498","1503","275","Wisconsin","fbs","Big Ten","25","0,7,0,18","0.5178498923778534","1683","1678","4.794118313644951","","",""
"401532430","2023","8","regular","2023-10-21T19:30:00.000Z","false","true","false","true","11735","3696","Dix Stadium","2309","Kent State","fbs","Mid-American","6","6,0,0,0","0.029438816010951996","1121","1101","2084","Buffalo","fbs","Mid-American","24","7,7,3,7","0.970561183989048","1351","1371","3.578742090491513","","",""
"401532425","2023","8","regular","2023-10-21T19:30:00.000Z","false","true","false","true","15171","3919","Scheumann Stadium","2050","Ball State","fbs","Mid-American","24","7,3,7,7","0.9878479242324829","1150","1167","2117","Central Michigan","fbs","Mid-American","17","3,0,7,7","0.01215207576751709","1282","1265","3.5227975028943503","","",""
"401520338","2023","8","regular","2023-10-21T19:30:00.000Z","false","true","false","true","69250","3793","Kinnick Stadium","2294","Iowa","fbs","Big Ten","10","3,7,0,0","0.2331119030714035","1668","1660","135","Minnesota","fbs","Big Ten","12","3,0,6,3","0.7668880969285965","1571","1579","6.651977900670337","","",""
"401520342","2023","8","regular","2023-10-21T19:30:00.000Z","false","true","false","true","86769","3834","Memorial Stadium (Lincoln, NE)","158","Nebraska","fbs","Big Ten","17","3,7,0,7","0.8433667421340942","1470","1474","77","Northwestern","fbs","Big Ten","9","3,3,0,3","0.15663325786590576","1345","1341","4.120777058926474","","",""
"401520333","2023","8","regular","2023-10-21T19:30:00.000Z","false","true","false","true","100077","3657","Bryant-Denny Stadium","333","Alabama","fbs","SEC","34","0,7,17,10","0.9397637248039246","1966","1989","2633","Tennessee","fbs","SEC","20","13,7,0,0","0.06023627519607544","1902","1879","6.18980783615802","","",""
"401532426","2023","8","regular","2023-10-21T19:30:00.000Z","false","true","false","true","9458","3764","Huskie Stadium","2459","Northern Illinois","fbs","Mid-American","20","7,3,0,10","0.8593527674674988","1405","1413","2199","Eastern Michigan","fbs","Mid-American","13","7,3,3,0","0.14064723253250122","1381","1373","5.7078933717997975","","",""
"401531372","2023","8","regular","2023-10-21T19:30:00.000Z","false","true","false","true","30000","4729","Yulman Stadium","2655","Tulane","fbs","American Athletic","35","7,14,7,7","0.9909549355506897","1650","1645","249","North Texas","fbs","American Athletic","28","0,0,21,7","0.009045064449310303","1384","1389","3.84764474853959","","",""
"401525532","2023","8","regular","2023-10-21T19:30:00.000Z","false","true","false","true","31855","3630","Allegacy Federal Credit Union Stadium","154","Wake Forest","fbs","ACC","21","0,7,0,14","0.5829108357429504","1497","1502","221","Pittsburgh","fbs","ACC","17","7,0,0,10","0.41708916425704956","1549","1544","7.919415216325932","","",""
"401525872","2023","8","regular","2023-10-21T19:30:00.000Z","false","true","false","true","51870","3842","Milan Puskar Stadium","277","West Virginia","fbs","Big 12","34","0,17,7,10","0.07067080587148666","1492","1462","197","Oklahoma State","fbs","Big 12","48","10,3,7,28","0.9293291941285133","1510","1540","7.412912200308068","","",""
"401525869","2023","8","regular","2023-10-21T20:00:00.000Z","false","true","false","true","42812","4728","TDECU Stadium","248","Houston","fbs","Big 12","24","0,14,7,3","0.43341130018234253","1543","1556","251","Texas","fbs","Big 12","31","14,7,3,7","0.5665886998176575","1910","1897","4.8148698998073955","","",""
"401532427","2023","8","regular","2023-10-21T20:00:00.000Z","false","true","false","true","17321","3996","Yager Stadium","193","Miami (OH)","fbs","Mid-American","17","0,3,14,0","0.02760399878025055","1455","1451","2649","Toledo","fbs","Mid-American","21","7,14,0,0","0.9723960012197495","1487","1491","4.7080995809678114","","",""
"401531397","2023","8","regular","2023-10-21T22:00:00.000Z","false","true","false","true","17241","3715","FAU Stadium","2226","Florida Atlantic","fbs","American Athletic","10","10,0,0,0","0.0039930185303092","1476","1416","2636","UTSA","fbs","American Athletic","36","7,13,9,7","0.9960069814696908","1561","1621","4.803290212477287","","",""
"401532600","2023","8","regular","2023-10-21T22:00:00.000Z","false","true","false","true","13723","3971","University Stadium (NM)","167","New Mexico","fbs","Mountain West","42","14,14,7,7","0.9877520203590393","1065","1121","62","Hawai'i","fbs","Mountain West","21","7,7,0,7","0.012247979640960693","1118","1062","2.613479114567809","","",""
"401525531","2023","8","regular","2023-10-21T22:30:00.000Z","false","true","false","true","50500","3787","Kenan Stadium","153","North Carolina","fbs","ACC","27","7,10,7,3","0.050722625106573105","1756","1717","258","Virginia","fbs","ACC","31","14,0,10,7","0.9492773748934269","1313","1352","7.383594278806394","","",""
"401531896","2023","8","regular","2023-10-21T23:00:00.000Z","false","true","false","true","18228","3625","Centennial Bank Stadium","2032","Arkansas State","fbs","Sun Belt","17","0,3,7,7","0.037629906088113785","1077","1083","324","Coastal Carolina","fbs","Sun Belt","27","3,14,0,10","0.9623700939118862","1411","1405","4.6860639818918255","","",""
"401532602","2023","8","regular","2023-10-21T23:00:00.000Z","false","true","false","true","15028","3935","CEFCU Stadium","23","San José State","fbs","Mountain West","42","14,0,14,14","0.9762968420982361","1396","1449","328","Utah State","fbs","Mountain West","21","0,14,0,7","0.023703157901763916","1429","1376","3.4614902726795087","","",""
"401532599","2023","8","regular","2023-10-21T23:00:00.000Z","false","true","false","true","22585","6501","Allegiant Stadium","2439","UNLV","fbs","Mountain West","25","0,3,13,9","0.8797178864479065","1432","1430","36","Colorado State","fbs","Mountain West","23","0,13,0,10","0.1202821135520935","1268","1270","6.980696146703971","","",""
"401531895","2023","8","regular","2023-10-21T23:00:00.000Z","false","true","false","true","20017","3918","S.B. Ballard Stadium","295","Old Dominion","fbs","Sun Belt","28","0,17,3,8","0.9016955560819071","1366","1386","2026","App State","fbs","Sun Belt","21","7,7,7,0","0.0983044439180929","1543","1523","9.3678567408","","",""
"401525867","2023","8","regular","2023-10-21T23:00:00.000Z","false","true","false","true","63523","3801","LaVell Edwards Stadium","252","BYU","fbs","Big 12","27","14,10,3,0","0.9066184759140015","1471","1511","2641","Texas Tech","fbs","Big 12","14","0,7,0,7","0.09338152408599854","1637","1597","2.747280004550231","","",""
"401520335","2023","8","regular","2023-10-21T23:00:00.000Z","false","true","false","true","63523","3785","Jordan-Hare Stadium","2","Auburn","fbs","SEC","21","7,7,0,7","0.580512285232544","1559","1555","145","Ole Miss","fbs","SEC","28","14,0,7,7","0.41948771476745605","1685","1689","5.4018476020302035","","",""
"401525870","2023","8","regular","2023-10-21T23:00:00.000Z","false","true","false","true","52580","3636","Bill Snyder Family Stadium","2306","Kansas State","fbs","Big 12","41","21,6,7,7","0.998489260673523","1800","1897","2628","TCU","fbs","Big 12","3","3,0,0,0","0.0015107393264770508","1713","1616","2.3023729390097745","","",""
"401520339","2023","8","regular","2023-10-21T23:30:00.000Z","false","true","false","false","101776","3958","Tiger Stadium (LA)","99","LSU","fbs","SEC","62","14,24,10,14","0.9897582530975342","1809","1952","349","Army","fbs","FBS Independents","0","0,0,0,0","0.01024174690246582","1444","1301","2.143393067008351","","",""
"401520340","2023","8","regular","2023-10-21T23:30:00.000Z","false","true","false","true","74206","3936","Spartan Stadium","127","Michigan State","fbs","Big Ten","0","0,0,0,0","0.0019051043782383204","1462","1401","130","Michigan","fbs","Big Ten","49","14,14,14,7","0.9980948956217617","2123","2184","4.317715638884165","","",""
"401525530","2023","8","regular","2023-10-21T23:30:00.000Z","false","true","false","true","79560","3697","Doak Campbell Stadium","52","Florida State","fbs","ACC","38","7,10,0,21","0.8505356311798096","1941","1960","150","Duke","fbs","ACC","20","10,10,0,0","0.14946436882019043","1711","1692","4.8095450789962175","","",""
"401524037","2023","8","regular","2023-10-22T00:00:00.000Z","false","true","false","true","61551","477","Los Angeles Memorial Coliseum","30","USC","fbs","Pac-12","32","14,0,3,15","0.23601555824279785","1768","1766","254","Utah","fbs","Pac-12","34","14,0,14,6","0.7639844417572021","1775","1777","7.471796078380709","","",""
"401531897","2023","8","regular","2023-10-22T00:00:00.000Z","false","true","false","true","20044","3666","Cajun Field","309","Louisiana","fbs","Sun Belt","17","0,7,10,0","0.4927021563053131","1542","1537","2247","Georgia State","fbs","Sun Belt","20","0,20,0,0","0.5072978436946869","1532","1537","5.209797291810352","","",""
"401525529","2023","8","regular","2023-10-22T00:00:00.000Z","false","true","false","true","48562","3948","Hard Rock Stadium","2390","Miami","fbs","ACC","28","7,0,0,10,3,8","0.6921764016151428","1560","1584","228","Clemson","fbs","ACC","20","0,7,10,0,3,0","0.3078235983848572","1745","1721","7.2268909874609655","","",""
"401532601","2023","8","regular","2023-10-22T01:00:00.000Z","false","true","false","true","27122","7311","Snapdragon Stadium","21","San Diego State","fbs","Mountain West","0","0,0,0,0","0.5022130608558655","1356","1333","2440","Nevada","fbs","Mountain West","6","3,3,0,0","0.4977869391441345","1199","1222","3.9441438688016035","","",""
"401524036","2023","8","regular","2023-10-22T02:30:00.000Z","false","true","false","true","","3940","Stanford Stadium","24","Stanford","fbs","Pac-12","7","0,0,7,0","0.0035756847355514765","1245","1198","26","UCLA","fbs","Pac-12","42","14,7,14,7","0.9964243152644485","1671","1718","3.074155327147044","","",""
"401524038","2023","8","regular","2023-10-22T02:30:00.000Z","false","true","false","true","68379","3765","Husky Stadium","264","Washington","fbs","Pac-12","15","0,3,0,12","0.6202885508537292","1900","1884","9","Arizona State","fbs","Pac-12","7","0,7,0,0","0.37971144914627075","1393","1409","5.487827956913385","","",""
"401520345","2023","9","regular","2023-10-24T23:00:00.000Z","false","true","false","true","13798","3776","Joe Aillet Stadium","2348","Louisiana Tech","fbs","Conference USA","24","3,13,8,0","0.7507241368293762","1241","1244","166","New Mexico State","fbs","Conference USA","27","0,10,14,3","0.24927586317062378","1360","1357","6.748925769037029","","",""
"401520346","2023","9","regular","2023-10-24T23:30:00.000Z","false","true","false","true","16036","3796","Houchens Industries-L.T. Smith Stadium","98","Western Kentucky","fbs","Conference USA","29","7,3,0,19","0.2357439398765564","1527","1505","2335","Liberty","fbs","Conference USA","42","7,7,7,21","0.7642560601234436","1603","1625","3.9020760232260896","","",""
"401520347","2023","9","regular","2023-10-25T23:00:00.000Z","false","true","false","true","14074","218","FIU Stadium","2229","Florida International","fbs","Conference USA","16","0,3,13,0","0.03956399857997894","1081","1060","55","Jacksonville State","fbs","Conference USA","41","21,3,3,14","0.9604360014200211","1487","1508","3.7861565139130318","","",""
"401520348","2023","9","regular","2023-10-26T00:00:00.000Z","false","true","false","true","6889","3647","Elliott T. Bowers Stadium","2534","Sam Houston","fbs","Conference USA","34","7,14,6,7","0.009587116539478302","1319","1304","2638","UTEP","fbs","Conference USA","37","0,13,7,17","0.9904128834605217","1156","1171","5.903277522987978","","",""
"401525533","2023","9","regular","2023-10-26T23:30:00.000Z","false","true","false","true","60236","3799","Lane Stadium","259","Virginia Tech","fbs","ACC","38","13,17,5,3","0.9983589826073812","1466","1538","183","Syracuse","fbs","ACC","10","0,3,7,0","0.0016410173926187932","1451","1379","2.9932293654","","",""
"401531929","2023","9","regular","2023-10-26T23:30:00.000Z","false","true","false","true","23389","3608","Allen E. Paulson Stadium","290","Georgia Southern","fbs","Sun Belt","44","10,17,7,10","0.8805827498435974","1451","1497","2247","Georgia State","fbs","Sun Belt","27","7,0,14,6","0.11941725015640259","1537","1491","3.3110251389200815","","",""
"401531407","2023","9","regular","2023-10-27T23:30:00.000Z","false","true","false","true","10857","4418","Jerry Richardson Stadium","2429","Charlotte","fbs","American Athletic","16","3,3,10,0","0","1193","1161","2226","Florida Atlantic","fbs","American Athletic","38","7,14,10,7","1","1416","1448","3.269673108316718","","",""
"401520351","2023","9","regular","2023-10-28T16:00:00.000Z","false","true","false","false","36902","3615","Alumni Stadium (Chestnut Hill, MA)","103","Boston College","fbs","ACC","21","7,7,7,0","0.9935847520828247","1356","1356","41","UConn","fbs","FBS Independents","14","7,0,0,7","0.006415247917175293","1187","1187","3.7083513659673777","","",""
"401520358","2023","9","regular","2023-10-28T16:00:00.000Z","false","true","false","true","107209","3632","Beaver Stadium","213","Penn State","fbs","Big Ten","33","7,10,7,9","0.8595324754714966","2002","1975","84","Indiana","fbs","Big Ten","24","7,7,0,10","0.14046752452850342","1290","1317","5.710088146686869","","",""
"401531342","2023","9","regular","2023-10-28T16:00:00.000Z","false","true","false","true","20800","3735","Gerald J. Ford Stadium","2567","SMU","fbs","American Athletic","69","28,24,14,3","0.99134761095047","1653","1775","202","Tulsa","fbs","American Athletic","10","3,0,0,7","0.00865238904953003","1219","1097","2.049767007427124","","",""
"401525878","2023","9","regular","2023-10-28T16:00:00.000Z","false","true","false","true","44136","3652","FBC Mortgage Stadium","2116","UCF","fbs","Big 12","28","7,7,7,7","0.2525993585586548","1545","1508","277","West Virginia","fbs","Big 12","41","10,7,7,17","0.7474006414413452","1462","1499","5.599115961342238","","",""
"401520356","2023","9","regular","2023-10-28T16:00:00.000Z","false","true","false","true","19286","3911","Ryan Field","77","Northwestern","fbs","Big Ten","33","14,10,3,6","0.9013105034828186","1341","1367","120","Maryland","fbs","Big Ten","27","14,3,3,7","0.0986894965171814","1687","1661","5.519025725114429","","",""
"401525874","2023","9","regular","2023-10-28T16:00:00.000Z","false","true","false","true","47233","3833","Memorial Stadium","2305","Kansas","fbs","Big 12","38","7,10,9,12","0.49450939893722534","1546","1569","201","Oklahoma","fbs","Big 12","33","0,21,6,6","0.5054906010627747","1934","1911","8.779319683269716","","",""
"401525536","2023","9","regular","2023-10-28T16:00:00.000Z","false","true","false","true","31288","3630","Allegacy Federal Credit Union Stadium","154","Wake Forest","fbs","ACC","16","0,7,9,0","0.03878975659608841","1502","1486","52","Florida State","fbs","ACC","41","10,24,0,7","0.9612102434039116","1960","1976","3.196062456123554","","",""
"401525875","2023","9","regular","2023-10-28T16:00:00.000Z","false","true","false","true","51928","3636","Bill Snyder Family Stadium","2306","Kansas State","fbs","Big 12","41","7,21,7,6","1","1897","1971","248","Houston","fbs","Big 12","0","0,0,0,0","0","1556","1482","2.409486058701478","","",""
"401520359","2023","9","regular","2023-10-28T16:00:00.000Z","false","true","false","true","95297","3795","Kyle Field","245","Texas A&M","fbs","SEC","30","0,21,3,6","0.792514443397522","1738","1744","2579","South Carolina","fbs","SEC","17","7,0,3,7","0.20748555660247803","1499","1493","3.625831456680813","","",""
"401520349","2023","9","regular","2023-10-28T16:00:00.000Z","false","true","false","true","29625","3841","Michie Stadium","349","Army","fbs","FBS Independents","14","0,7,0,7","0.15871647000312805","1301","1255","113","Massachusetts","fbs","FBS Independents","21","13,0,8,0","0.841283529996872","926","972","3.4144331259626464","","",""
"401532431","2023","9","regular","2023-10-28T17:00:00.000Z","false","true","false","true","16297","3912","Rynearson Stadium","2199","Eastern Michigan","fbs","Mid-American","21","0,7,6,8","0","1373","1292","2711","Western Michigan","fbs","Mid-American","45","14,7,4,20","1","1238","1319","6.046778512165599","","",""
"401525534","2023","9","regular","2023-10-28T18:00:00.000Z","false","true","false","true","56919","3670","Carter-Finley Stadium","152","NC State","fbs","ACC","24","7,3,14,0","0.7654538750648499","1502","1525","228","Clemson","fbs","ACC","17","0,7,0,10","0.23454612493515015","1721","1698","3.3489106406329747","","",""
"401531430","2023","9","regular","2023-10-28T19:00:00.000Z","false","true","false","true","18062","3825","DATCU Stadium","249","North Texas","fbs","American Athletic","42","7,3,11,21","0.11452718824148178","1389","1396","235","Memphis","fbs","American Athletic","45","14,17,0,14","0.8854728117585182","1593","1586","5.736688018061262","","",""
"401525535","2023","9","regular","2023-10-28T19:30:00.000Z","false","true","false","true","52319","3873","L&N Federal Credit Union Stadium","97","Louisville","fbs","ACC","23","14,3,6,0","0.9961093068122864","1657","1717","150","Duke","fbs","ACC","0","0,0,0,0","0.003890693187713623","1692","1632","1.9404544378160304","","",""
"401525538","2023","9","regular","2023-10-28T19:30:00.000Z","false","true","false","true","58503","3948","Hard Rock Stadium","2390","Miami","fbs","ACC","29","0,3,14,6,6","0.48762184381484985","1584","1582","258","Virginia","fbs","ACC","26","7,3,10,3,3","0.5123781561851501","1352","1354","7.355158565792151","","",""
"401524044","2023","9","regular","2023-10-28T19:30:00.000Z","false","true","false","true","53586","587","Rice-Eccles Stadium","254","Utah","fbs","Pac-12","6","3,3,0,0","0.020436519756913185","1777","1702","2483","Oregon","fbs","Pac-12","35","14,7,14,0","0.9795634802430868","1824","1899","3.0018297473577715","","",""
"401520355","2023","9","regular","2023-10-28T19:30:00.000Z","false","true","false","true","86709","3834","Memorial Stadium (Lincoln, NE)","158","Nebraska","fbs","Big Ten","31","0,14,7,10","0.9091151356697083","1474","1512","2509","Purdue","fbs","Big Ten","14","0,0,0,14","0.09088486433029175","1482","1444","2.629719871221816","","",""
"401520352","2023","9","regular","2023-10-28T19:30:00.000Z","false","true","true","true","76251","3712","EverBank Stadium","57","Florida","fbs","SEC","20","7,0,0,13","0","1595","1592","61","Georgia","fbs","SEC","43","10,16,10,7","1","2070","2073","3.2311522185127295","","",""
"401532432","2023","9","regular","2023-10-28T19:30:00.000Z","false","true","false","true","19854","3876","Peden Stadium","195","Ohio","fbs","Mid-American","16","9,0,0,7","0.24248577654361725","1528","1488","193","Miami (OH)","fbs","Mid-American","30","0,13,10,7","0.7575142234563828","1451","1491","3.8794473933343276","","",""
"401520354","2023","9","regular","2023-10-28T19:30:00.000Z","false","true","false","true","47392","3953","Huntington Bank Stadium","135","Minnesota","fbs","Big Ten","27","0,10,0,17","0.8388880491256714","1579","1595","127","Michigan State","fbs","Big Ten","12","6,0,0,6","0.1611119508743286","1401","1385","4.544605766614349","","",""
"401525877","2023","9","regular","2023-10-28T19:30:00.000Z","false","true","false","true","101670","3910","DKR-Texas Memorial Stadium","251","Texas","fbs","Big 12","35","14,7,0,14","1","1897","1930","252","BYU","fbs","Big 12","6","0,3,3,0","0","1511","1478","2.091747843840426","","",""
"401525440","2023","9","regular","2023-10-28T19:30:00.000Z","false","true","false","false","77622","3855","Notre Dame Stadium","87","Notre Dame","fbs","FBS Independents","58","7,10,27,14","0.9865642189979553","1892","1998","221","Pittsburgh","fbs","ACC","7","0,0,0,7","0.013435781002044678","1544","1438","2.5494150209320563","","",""
"401531398","2023","9","regular","2023-10-28T19:30:00.000Z","false","true","false","true","22629","3604","Alamodome","2636","UTSA","fbs","American Athletic","41","14,17,3,7","0.9585493803024292","1621","1626","151","East Carolina","fbs","American Athletic","27","17,3,0,7","0.0414506196975708","1341","1336","4.206642742650499","","",""
"401525873","2023","9","regular","2023-10-28T19:30:00.000Z","false","true","false","true","43528","4727","McLane Stadium","239","Baylor","fbs","Big 12","18","0,6,6,6","0","1467","1452","66","Iowa State","fbs","Big 12","30","7,10,10,3","1","1595","1610","3.9588384142666757","","",""
"401520350","2023","9","regular","2023-10-28T19:30:00.000Z","false","true","false","true","88043","3785","Jordan-Hare Stadium","2","Auburn","fbs","SEC","27","14,10,3,0","0.9588845372200012","1555","1583","344","Mississippi State","fbs","SEC","13","3,0,3,7","0.04111546277999878","1549","1521","2.341343219838762","","",""
"401531898","2023","9","regular","2023-10-28T19:30:00.000Z","false","true","false","true","32601","3792","Kidd Brewer Stadium","2026","App State","fbs","Sun Belt","48","7,7,14,20","0.9759524464607239","1523","1513","2572","Southern Miss","fbs","Sun Belt","38","7,17,7,7","0.024047553539276123","1115","1125","7.47188412043269","","",""
"401524041","2023","9","regular","2023-10-28T20:00:00.000Z","false","true","false","true","43716","3831","California Memorial Stadium","25","California","fbs","Pac-12","49","14,14,8,13","0.17024999856948853","1491","1502","30","USC","fbs","Pac-12","50","17,0,12,21","0.8297500014305115","1766","1755","8.662599298039495","","",""
"401531373","2023","9","regular","2023-10-28T20:00:00.000Z","false","true","false","true","20436","3895","Rice Stadium","242","Rice","fbs","American Athletic","28","7,0,14,7","0.5354203581809998","1300","1315","2655","Tulane","fbs","American Athletic","30","10,17,0,3","0.46457964181900024","1645","1630","5.242631941560059","","",""
"401531901","2023","9","regular","2023-10-28T21:00:00.000Z","false","true","false","true","14006","3817","Malone Stadium","2433","UL Monroe","fbs","Sun Belt","24","3,6,7,8","0.09583978354930878","1103","1080","2032","Arkansas State","fbs","Sun Belt","34","7,3,7,17","0.9041602164506912","1083","1106","6.802967107725465","","",""
"401531902","2023","9","regular","2023-10-28T21:00:00.000Z","false","true","false","true","16709","6526","Hancock Whitney Stadium","6","South Alabama","fbs","Sun Belt","20","0,0,14,6","0.11313515156507492","1716","1669","309","Louisiana","fbs","Sun Belt","33","0,17,16,0","0.8868648484349251","1537","1584","4.828897809356501","","",""
"401532607","2023","9","regular","2023-10-28T21:30:00.000Z","false","true","false","true","35189","3653","Albertsons Stadium","68","Boise State","fbs","Mountain West","32","8,7,14,3","0.9901928305625916","1533","1585","2751","Wyoming","fbs","Mountain West","7","7,0,0,0","0.009807169437408447","1433","1381","3.266295447839354","","",""
"401531899","2023","9","regular","2023-10-28T22:00:00.000Z","false","true","false","true","21324","3654","Brooks Stadium (SC)","324","Coastal Carolina","fbs","Sun Belt","34","10,17,0,7","0.9912529587745667","1405","1491","276","Marshall","fbs","Sun Belt","6","0,6,0,0","0.00874704122543335","1507","1421","2.408233730630768","","",""
"401532603","2023","9","regular","2023-10-28T23:00:00.000Z","false","true","false","true","22570","5388","Canvas Stadium","36","Colorado State","fbs","Mountain West","13","0,13,0,0","0.028394559398293495","1270","1277","2005","Air Force","fbs","Mountain West","30","7,6,10,7","0.9716054406017065","1776","1769","3.491201880345234","","",""
"401520353","2023","9","regular","2023-10-28T23:00:00.000Z","false","true","false","true","61665","3683","Kroger Field","96","Kentucky","fbs","SEC","27","0,17,7,3","0.15966427326202393","1591","1600","2633","Tennessee","fbs","SEC","33","10,13,3,7","0.8403357267379761","1879","1870","5.810001759674932","","",""
"401531903","2023","9","regular","2023-10-28T23:00:00.000Z","false","true","false","true","22369","3644","Bobcat Stadium (TX)","326","Texas State","fbs","Sun Belt","13","7,3,3,0","0.24021270871162415","1376","1359","2653","Troy","fbs","Sun Belt","31","0,7,7,17","0.7597872912883759","1638","1655","5.868595149100698","","",""
"401524042","2023","9","regular","2023-10-28T23:00:00.000Z","false","true","false","true","24381","3940","Stanford Stadium","24","Stanford","fbs","Pac-12","33","0,13,13,7","0.1460958868265152","1198","1230","264","Washington","fbs","Pac-12","42","7,14,7,14","0.8539041131734848","1884","1852","7.499317052293975","","",""
"401520360","2023","9","regular","2023-10-28T23:30:00.000Z","false","true","false","true","76453","347","Camp Randall Stadium","275","Wisconsin","fbs","Big Ten","10","0,3,7,0","0","1678","1682","194","Ohio State","fbs","Big Ten","24","3,7,7,7","1","2081","2077","5.395785327998721","","",""
"401520357","2023","9","regular","2023-10-28T23:30:00.000Z","false","true","false","true","62914","3974","Vaught-Hemingway Stadium","145","Ole Miss","fbs","SEC","33","13,13,0,7","0.9912412762641907","1689","1713","238","Vanderbilt","fbs","SEC","7","0,0,7,0","0.008758723735809326","1292","1268","1.9607960570763636","","",""
"401524043","2023","9","regular","2023-10-28T23:30:00.000Z","false","true","false","true","71343","1056","Rose Bowl","26","UCLA","fbs","Pac-12","28","0,7,7,14","0.9981035590171814","1718","1709","38","Colorado","fbs","Pac-12","16","6,0,3,7","0.0018964409828186035","1285","1294","4.797101133410069","","",""
"401525537","2023","9","regular","2023-10-29T00:00:00.000Z","false","true","false","true","35945","721","Bobby Dodd Stadium","59","Georgia Tech","fbs","ACC","46","0,24,0,22","0.4512089192867279","1328","1344","153","North Carolina","fbs","ACC","42","14,14,7,7","0.5487910807132721","1717","1701","6.942290983436943","","",""
"401524040","2023","9","regular","2023-10-29T00:00:00.000Z","false","true","false","true","47284","3947","Mountain America Stadium","9","Arizona State","fbs","Pac-12","38","7,17,7,7","0.9422328472137451","1409","1434","265","Washington State","fbs","Pac-12","27","7,14,3,3","0.05776715278625488","1479","1454","4.722516249050118","","",""
"401531900","2023","9","regular","2023-10-29T00:00:00.000Z","false","true","false","true","26239","3651","Bridgeforth Stadium","256","James Madison","fbs","Sun Belt","30","7,7,16,0","0.33925122022628784","1673","1670","295","Old Dominion","fbs","Sun Belt","27","3,7,14,3","0.6607487797737122","1386","1389","4.761109607236568","","",""
"401525876","2023","9","regular","2023-10-29T00:00:00.000Z","false","true","false","true","53855","3646","Boone Pickens Stadium","197","Oklahoma State","fbs","Big 12","45","7,3,21,14","0.9910727739334106","1540","1624","2132","Cincinnati","fbs","Big 12","13","7,0,0,6","0.008927226066589355","1514","1430","4.170498542408088","","",""
"401524039","2023","9","regular","2023-10-29T02:30:00.000Z","false","true","false","true","45023","3619","Arizona Stadium","12","Arizona","fbs","Pac-12","27","3,7,3,14","0.3087696135044098","1606","1610","204","Oregon State","fbs","Pac-12","24","7,3,0,14","0.6912303864955902","1790","1786","5.288712906033592","","",""
"401532606","2023","9","regular","2023-10-29T02:30:00.000Z","false","true","false","true","41031","3660","Valley Children's Stadium","278","Fresno State","fbs","Mountain West","31","7,0,24,0","0.648655116558075","1741","1734","2439","UNLV","fbs","Mountain West","24","7,10,0,7","0.35134488344192505","1430","1437","5.0210426279869935","","",""
"401532604","2023","9","regular","2023-10-29T02:30:00.000Z","false","true","false","true","13083","3816","Mackay Stadium","2440","Nevada","fbs","Mountain West","34","3,21,3,7","0.9984943866729736","1222","1232","167","New Mexico","fbs","Mountain West","24","0,0,10,14","0.0015056133270263672","1121","1111","2.920725318179451","","",""
"401532605","2023","9","regular","2023-10-29T03:59:00.000Z","false","true","false","true","11486","7220","Clarence T.C. Ching Athletics Complex","62","Hawai'i","fbs","Mountain West","0","0,0,0,0","0","1062","1010","23","San José State","fbs","Mountain West","35","7,14,7,7","1","1449","1501","3.038327866776358","","",""
"401532433","2023","10","regular","2023-10-31T23:00:00.000Z","false","true","false","true","9625","3786","Kelly/Shorts Stadium","2117","Central Michigan","fbs","Mid-American","37","7,17,13,0","0.9576351642608643","1265","1280","2459","Northern Illinois","fbs","Mid-American","31","3,0,14,14","0.04236483573913574","1413","1398","3.6892343389221964","","",""
"401532434","2023","10","regular","2023-10-31T23:30:00.000Z","false","true","false","true","14939","3739","Glass Bowl","2649","Toledo","fbs","Mid-American","31","14,10,7,0","0.980144202709198","1491","1520","2084","Buffalo","fbs","Mid-American","13","7,0,6,0","0.019855797290802002","1371","1342","2.9335967615384324","","",""
"401532435","2023","10","regular","2023-11-01T23:00:00.000Z","false","true","false","true","6091","3700","Doyt L. Perry Stadium","189","Bowling Green","fbs","Mid-American","24","7,7,0,10","0.9200595021247864","1281","1281","2050","Ball State","fbs","Mid-American","21","0,7,7,7","0.07994049787521362","1167","1167","5.227514999516665","","",""
"401532436","2023","10","regular","2023-11-01T23:30:00.000Z","false","true","false","true","8113","3768","InfoCision Stadium","2006","Akron","fbs","Mid-American","31","7,3,0,21","0.6813141703605652","1051","1055","2309","Kent State","fbs","Mid-American","27","6,14,7,0","0.3186858296394348","1101","1097","5.51724056212313","","",""
"401525879","2023","10","regular","2023-11-02T23:00:00.000Z","false","true","false","true","51185","3784","Jones AT&T Stadium","2641","Texas Tech","fbs","Big 12","35","7,13,8,7","0.514336109161377","1597","1608","2628","TCU","fbs","Big 12","28","7,0,14,7","0.48566389083862305","1616","1605","4.955180624815","","",""
"401525539","2023","10","regular","2023-11-02T23:30:00.000Z","false","true","false","true","18277","3982","Wallace Wade Stadium","150","Duke","fbs","ACC","24","0,14,0,10","0.07054603099822998","1632","1631","154","Wake Forest","fbs","ACC","21","7,7,7,0","0.92945396900177","1486","1487","6.724009670331564","","",""
"401531904","2023","10","regular","2023-11-02T23:30:00.000Z","false","true","false","true","28212","3975","Veterans Memorial Stadium (AL)","2653","Troy","fbs","Sun Belt","28","0,14,0,14","0.9830871820449829","1655","1697","6","South Alabama","fbs","Sun Belt","10","7,0,0,3","0.01691281795501709","1669","1627","3.813690799650204","","",""
"401525540","2023","10","regular","2023-11-03T23:30:00.000Z","false","true","false","true","42523","1964","JMA Wireless Dome","183","Syracuse","fbs","ACC","10","7,0,0,3","0.3514254093170166","1379","1364","103","Boston College","fbs","ACC","17","3,7,0,7","0.6485745906829834","1356","1371","6.157693527192026","","",""
"401532609","2023","10","regular","2023-11-04T00:00:00.000Z","false","true","false","true","27905","3984","War Memorial Stadium","2751","Wyoming","fbs","Mountain West","24","3,7,14,0","0.9952024221420288","1381","1389","36","Colorado State","fbs","Mountain West","15","0,7,0,8","0.004797577857971191","1277","1269","3.867884856826337","","",""
"401520375","2023","10","regular","2023-11-04T16:00:00.000Z","false","true","false","true","53703","6577","SHI Stadium","164","Rutgers","fbs","Big Ten","16","0,9,0,7","0.027359269559383392","1465","1477","194","Ohio State","fbs","Big Ten","35","7,0,14,14","0.9726407304406166","2077","2065","4.8566941015646865","","",""
"401520365","2023","10","regular","2023-11-04T16:00:00.000Z","false","true","false","true","45466","3830","Memorial Stadium (Bloomington, IN)","84","Indiana","fbs","Big Ten","20","7,10,0,3","0.7875823378562927","1317","1344","275","Wisconsin","fbs","Big Ten","14","0,7,7,0","0.21241766214370728","1682","1655","4.2867130614180144","","",""
"401520363","2023","10","regular","2023-11-04T16:00:00.000Z","false","true","false","true","89782","3634","Ben Hill Griffin Stadium","57","Florida","fbs","SEC","36","14,3,6,10,3","0.5725294351577759","1592","1588","8","Arkansas","fbs","SEC","39","14,3,3,13,6","0.4274705648422241","1596","1600","9.99688203941452","","",""
"401525545","2023","10","regular","2023-11-04T16:00:00.000Z","false","true","false","false","47667","3787","Kenan Stadium","153","North Carolina","fbs","ACC","59","7,21,17,14","0.9904429912567139","1701","1701","2097","Campbell","fcs","Coastal Athletic","7","7,0,0,0","0.009557008743286133","","","4.182926461044446","","",""
"401520374","2023","10","regular","2023-11-04T16:00:00.000Z","false","true","false","true","65680","3974","Vaught-Hemingway Stadium","145","Ole Miss","fbs","SEC","38","7,13,11,7","0.7903981914576","1713","1714","245","Texas A&M","fbs","SEC","35","0,14,7,14","0.20960180854239996","1744","1743","8.5472397955","","",""
"401520377","2023","10","regular","2023-11-04T16:00:00.000Z","false","true","false","false","101915","3853","Neyland Stadium","2633","Tennessee","fbs","SEC","59","14,21,21,3","0.9658122658729553","1870","1948","41","UConn","fbs","FBS Independents","3","3,0,0,0","0.03418773412704468","1187","1109","2.618328726468474","","",""
"401520369","2023","10","regular","2023-11-04T16:00:00.000Z","false","true","false","true","63134","3936","Spartan Stadium","127","Michigan State","fbs","Big Ten","20","3,7,3,7","0.9470713138580322","1385","1388","158","Nebraska","fbs","Big Ten","17","0,10,0,7","0.05292868614196777","1512","1509","4.724383776388183","","",""
"401520376","2023","10","regular","2023-11-04T16:00:00.000Z","false","true","false","false","75348","3994","Williams-Brice Stadium","2579","South Carolina","fbs","SEC","38","14,7,7,10","0.9917386174201965","1493","1511","55","Jacksonville State","fbs","Conference USA","28","7,7,14,0","0.008261382579803467","1508","1490","6.954698275016566","","",""
"401525441","2023","10","regular","2023-11-04T16:00:00.000Z","false","true","false","false","81500","3836","Memorial Stadium (Clemson, SC)","228","Clemson","fbs","ACC","31","10,14,7,0","0.8562451004981995","1698","1730","87","Notre Dame","fbs","FBS Independents","23","3,6,14,0","0.14375489950180054","1998","1966","3.6635212943136795","","",""
"401525884","2023","10","regular","2023-11-04T16:00:00.000Z","false","true","false","true","102846","3910","DKR-Texas Memorial Stadium","251","Texas","fbs","Big 12","33","10,7,10,3,3","0.5287690758705139","1930","1932","2306","Kansas State","fbs","Big 12","30","0,7,7,16,0","0.4712309241294861","1971","1969","6.899353353570967","","",""
"401525451","2023","10","regular","2023-11-04T17:00:00.000Z","false","true","false","false","7143","3647","Elliott T. Bowers Stadium","2534","Sam Houston","fbs","Conference USA","24","0,7,7,10","0.4202825427055359","1307","1307","338","Kennesaw State","fcs","FCS Independents","21","14,7,0,0","0.5797174572944641","","","4.619920780295011","","",""
"401524049","2023","10","regular","2023-11-04T18:00:00.000Z","false","true","false","true","52104","587","Rice-Eccles Stadium","254","Utah","fbs","Pac-12","55","14,10,10,21","0.9937424659729004","1702","1823","9","Arizona State","fbs","Pac-12","3","3,0,0,0","0.006257534027099609","1434","1313","1.9700732356187507","","",""
"401525542","2023","10","regular","2023-11-04T18:00:00.000Z","false","true","false","true","42606","3923","Scott Stadium","258","Virginia","fbs","ACC","17","7,3,0,7","0.005608134903013706","1354","1275","59","Georgia Tech","fbs","ACC","45","3,21,7,14","0.9943918650969863","1344","1423","4.96258566057852","","",""
"401531392","2023","10","regular","2023-11-04T18:00:00.000Z","false","true","false","true","13049","3806","Lincoln Financial Field","218","Temple","fbs","American Athletic","32","10,7,0,15","0.9087318778038025","948","1018","2426","Navy","fbs","American Athletic","18","0,0,8,10","0.09126812219619751","1376","1306","3.407601644066624","","",""
"401520361","2023","10","regular","2023-11-04T18:30:00.000Z","false","true","true","false","52401","3937","Sports Authority Field at Mile High","2005","Air Force","fbs","Mountain West","3","0,3,0,0","0.2183316946029663","1769","1663","349","Army","fbs","FBS Independents","23","17,6,0,0","0.7816683053970337","1255","1361","2.924990107062735","","",""
"401531399","2023","10","regular","2023-11-04T19:00:00.000Z","false","true","false","true","17354","3825","DATCU Stadium","249","North Texas","fbs","American Athletic","29","0,13,0,16","0.08266671746969223","1396","1398","2636","UTSA","fbs","American Athletic","37","10,17,3,7","0.9173332825303078","1626","1624","4.711082384013757","","",""
"401531908","2023","10","regular","2023-11-04T19:00:00.000Z","false","true","false","true","15881","3625","Centennial Bank Stadium","2032","Arkansas State","fbs","Sun Belt","37","14,6,7,10","0.9957225322723389","1106","1210","309","Louisiana","fbs","Sun Belt","17","7,3,7,0","0.004277467727661133","1584","1480","3.411981091034405","","",""
"401531425","2023","10","regular","2023-11-04T19:00:00.000Z","false","true","false","true","30223","3805","Simmons Bank Liberty Stadium","235","Memphis","fbs","American Athletic","59","21,14,10,14","0.8836769461631775","1586","1576","58","South Florida","fbs","American Athletic","50","7,21,14,8","0.11632305383682251","1183","1193","6.589302203734734","","",""
"401531383","2023","10","regular","2023-11-04T19:00:00.000Z","false","true","false","true","20676","7221","Protective Stadium","5","UAB","fbs","American Athletic","45","7,21,7,10","0.9052034616470337","1365","1367","2226","Florida Atlantic","fbs","American Athletic","42","0,14,14,14","0.09479653835296631","1448","1446","6.263614011207163","","",""
"401520400","2023","10","regular","2023-11-04T19:30:00.000Z","false","true","false","false","14672","3985","Warren McGuirk Alumni Stadium","113","Massachusetts","fbs","FBS Independents","31","7,7,3,14","0.9939826130867004","958","958","2771","Merrimack","fcs","NEC","21","7,0,0,14","0.0060173869132995605","","","3.5061604880604023","","",""
"401520370","2023","10","regular","2023-11-04T19:30:00.000Z","false","true","false","true","42906","3953","Huntington Bank Stadium","135","Minnesota","fbs","Big Ten","26","7,10,3,6","0.7289379835128784","1595","1589","356","Illinois","fbs","Big Ten","27","14,0,7,6","0.2710620164871216","1503","1509","6.773785613588294","","",""
"401531906","2023","10","regular","2023-11-04T19:30:00.000Z","false","true","false","true","15320","4246","Center Parc Stadium","2247","Georgia State","fbs","Sun Belt","14","7,0,7,0","0.017584683373570442","1491","1436","256","James Madison","fbs","Sun Belt","42","7,7,14,14","0.9824153166264296","1670","1725","4.3701446791848575","","",""
"401525881","2023","10","regular","2023-11-04T19:30:00.000Z","false","true","false","true","38193","3854","Nippert Stadium","2132","Cincinnati","fbs","Big 12","26","3,7,7,9","0.08286045491695404","1430","1431","2116","UCF","fbs","Big 12","28","7,7,7,7","0.917139545083046","1508","1507","7.591670445701816","","",""
"401525883","2023","10","regular","2023-11-04T19:30:00.000Z","false","true","false","true","54105","3646","Boone Pickens Stadium","197","Oklahoma State","fbs","Big 12","27","7,10,0,10","0.8915454149246216","1624","1629","201","Oklahoma","fbs","Big 12","24","7,7,7,3","0.10845458507537842","1911","1906","6.691184870230753","","",""
"401520373","2023","10","regular","2023-11-04T19:30:00.000Z","false","true","true","true","","4250","Wrigley Field","77","Northwestern","fbs","Big Ten","7","0,0,0,7","0.6489949226379395","1367","1379","2294","Iowa","fbs","Big Ten","10","0,0,7,3","0.35100507736206055","1660","1648","4.3099167131976115","","",""
"401525543","2023","10","regular","2023-11-04T19:30:00.000Z","false","true","false","true","49945","3873","L&N Federal Credit Union Stadium","97","Louisville","fbs","ACC","34","7,7,13,7","0.9955888986587524","1717","1779","259","Virginia Tech","fbs","ACC","3","0,3,0,0","0.004411101341247559","1538","1476","1.8210180575860344","","",""
"401525880","2023","10","regular","2023-11-04T19:30:00.000Z","false","true","false","true","41180","4727","McLane Stadium","239","Baylor","fbs","Big 12","24","0,0,7,10,7","0.5680710077285767","1452","1452","248","Houston","fbs","Big 12","25","0,7,3,7,8","0.43192899227142334","1482","1482","5.229716800900417","","",""
"401531374","2023","10","regular","2023-11-04T19:30:00.000Z","false","true","false","true","33765","3699","Dowdy-Ficklen Stadium","151","East Carolina","fbs","American Athletic","10","10,0,0,0","0.028518568724393845","1336","1348","2655","Tulane","fbs","American Athletic","13","0,10,0,3","0.9714814312756062","1630","1618","3.617686073396929","","",""
"401525541","2023","10","regular","2023-11-04T19:30:00.000Z","false","true","false","true","57557","3752","Acrisure Stadium","221","Pittsburgh","fbs","ACC","7","0,7,0,0","0.16028881072998047","1438","1448","52","Florida State","fbs","ACC","24","0,10,14,0","0.8397111892700195","1976","1966","5.007838411039518","","",""
"401520364","2023","10","regular","2023-11-04T19:30:00.000Z","false","true","false","true","92746","3917","Sanford Stadium","61","Georgia","fbs","SEC","30","3,7,14,6","0.7125607132911682","2073","2060","142","Missouri","fbs","SEC","21","7,3,3,8","0.2874392867088318","1630","1643","6.313168714767845","","",""
"401520367","2023","10","regular","2023-11-04T19:30:00.000Z","false","true","false","true","51802","3665","SECU Stadium","120","Maryland","fbs","Big Ten","15","0,7,0,8","0.006653451360762119","1661","1597","213","Penn State","fbs","Big Ten","51","14,7,3,27","0.9933465486392379","1975","2039","3.7661766254496154","","",""
"401531907","2023","10","regular","2023-11-04T19:30:00.000Z","false","true","false","true","17982","3918","S.B. Ballard Stadium","295","Old Dominion","fbs","Sun Belt","24","7,0,14,3","0.8057516813278198","1389","1389","324","Coastal Carolina","fbs","Sun Belt","28","0,6,7,15","0.19424831867218018","1491","1491","6.325881299317668","","",""
"401531909","2023","10","regular","2023-11-04T20:00:00.000Z","false","true","false","true","20193","3815","M. M. Roberts Stadium","2572","Southern Miss","fbs","Sun Belt","24","17,0,0,7","1","1125","1158","2433","UL Monroe","fbs","Sun Belt","7","0,0,7,0","0","1080","1047","2.735718318524202","","",""
"401532610","2023","10","regular","2023-11-04T20:00:00.000Z","false","true","false","true","15540","3816","Mackay Stadium","2440","Nevada","fbs","Mountain West","14","0,0,14,0","0.22796601057052612","1232","1180","62","Hawai'i","fbs","Mountain West","27","0,17,7,3","0.7720339894294739","1010","1062","4.123071933693508","","",""
"401520379","2023","10","regular","2023-11-04T20:00:00.000Z","false","true","false","true","28500","3973","FirstBank Stadium","238","Vanderbilt","fbs","SEC","15","0,7,8,0","0.07734522223472595","1268","1261","2","Auburn","fbs","SEC","31","14,3,14,0","0.922654777765274","1583","1590","3.8254653180020886","","",""
"401531343","2023","10","regular","2023-11-04T20:00:00.000Z","false","true","false","true","20151","3674","Chapman Stadium","202","Tulsa","fbs","American Athletic","26","14,3,0,9,0","0.5486639738082886","1097","1089","2429","Charlotte","fbs","American Athletic","33","0,10,5,11,7","0.4513360261917114","1161","1169","7.001303134229341","","",""
"401531910","2023","10","regular","2023-11-04T21:00:00.000Z","false","true","false","true","18204","3644","Bobcat Stadium (TX)","326","Texas State","fbs","Sun Belt","45","7,24,14,0","0.987151026725769","1359","1424","290","Georgia Southern","fbs","Sun Belt","24","10,0,7,7","0.012848973274230957","1497","1432","3.523616815325734","","",""
"401524047","2023","10","regular","2023-11-04T21:30:00.000Z","false","true","false","true","54046","3626","Autzen Stadium","2483","Oregon","fbs","Pac-12","63","14,21,7,21","0.9920057654380798","1899","1976","25","California","fbs","Pac-12","19","10,3,6,0","0.007994234561920166","1502","1425","3.439449319763697","","",""
"401520366","2023","10","regular","2023-11-04T22:00:00.000Z","false","true","false","true","21647","3992","Williams Stadium (VA)","2335","Liberty","fbs","Conference USA","56","14,14,14,14","1","1625","1650","2348","Louisiana Tech","fbs","Conference USA","30","3,7,14,6","0","1244","1219","2.5997424383270844","","",""
"401532611","2023","10","regular","2023-11-04T22:00:00.000Z","false","true","false","true","12353","3971","University Stadium (NM)","167","New Mexico","fbs","Mountain West","14","0,7,0,7","0.020533625036478043","1111","1029","2439","UNLV","fbs","Mountain West","56","14,21,14,7","0.979466374963522","1437","1519","2.7567852365806402","","",""
"401520372","2023","10","regular","2023-11-04T22:00:00.000Z","false","true","false","true","","3601","Aggie Memorial Stadium","166","New Mexico State","fbs","Conference USA","13","0,10,3,0","0.8887372612953186","1357","1361","2393","Middle Tennessee","fbs","Conference USA","7","0,7,0,0","0.1112627387046814","1293","1289","4.776073837181447","","",""
"401531905","2023","10","regular","2023-11-04T22:00:00.000Z","false","true","false","true","34057","3792","Kidd Brewer Stadium","2026","App State","fbs","Sun Belt","31","0,21,7,3","1","1513","1556","276","Marshall","fbs","Sun Belt","9","0,3,6,0","0","1421","1378","3.209142999248104","","",""
"401525882","2023","10","regular","2023-11-04T23:00:00.000Z","false","true","false","true","61500","3772","Jack Trice Stadium","66","Iowa State","fbs","Big 12","21","0,3,8,10","0.08622489869594574","1610","1594","2305","Kansas","fbs","Big 12","28","7,7,7,7","0.9137751013040543","1569","1585","4.542126043378558","","",""
"401532612","2023","10","regular","2023-11-04T23:00:00.000Z","false","true","false","true","23096","7311","Snapdragon Stadium","21","San Diego State","fbs","Mountain West","24","0,7,0,10,7,0","0.12053629010915756","1333","1321","328","Utah State","fbs","Mountain West","32","0,3,7,7,7,8","0.8794637098908424","1376","1388","6.119040303145772","","",""
"401525885","2023","10","regular","2023-11-04T23:00:00.000Z","false","true","false","true","50266","3842","Milan Puskar Stadium","277","West Virginia","fbs","Big 12","37","14,13,10,0","0.9907785058021545","1499","1577","252","BYU","fbs","Big 12","7","0,0,0,7","0.009221494197845459","1478","1400","2.057332432676787","","",""
"401524048","2023","10","regular","2023-11-04T23:30:00.000Z","false","true","false","true","72243","477","Los Angeles Memorial Coliseum","30","USC","fbs","Pac-12","42","14,14,14,0","0.16711260378360748","1755","1743","264","Washington","fbs","Pac-12","52","7,28,7,10","0.8328873962163925","1852","1864","7.3183352903561705","","",""
"401531440","2023","10","regular","2023-11-04T23:30:00.000Z","false","true","false","true","21632","3895","Rice Stadium","242","Rice","fbs","American Athletic","31","7,14,7,3","0.20509982109069824","1315","1336","2567","SMU","fbs","American Athletic","36","14,10,9,3","0.7949001789093018","1775","1754","7.594252123016877","","",""
"401520368","2023","10","regular","2023-11-04T23:30:00.000Z","false","true","false","true","110245","3558","Michigan Stadium","130","Michigan","fbs","Big Ten","41","17,3,7,14","0.9668740630149841","2184","2180","2509","Purdue","fbs","Big Ten","13","0,6,0,7","0.03312593698501587","1444","1448","1.9840633555723588","","",""
"401520371","2023","10","regular","2023-11-04T23:30:00.000Z","false","true","false","true","52329","3693","Davis Wade Stadium","344","Mississippi State","fbs","SEC","3","0,3,0,0","0","1521","1476","96","Kentucky","fbs","SEC","24","7,14,3,0","1","1600","1645","3.1871900528112276","","",""
"401520362","2023","10","regular","2023-11-04T23:45:00.000Z","false","true","false","true","100077","3657","Bryant-Denny Stadium","333","Alabama","fbs","SEC","42","14,7,14,7","1","1989","2014","99","LSU","fbs","SEC","28","7,14,7,0","0","1952","1927","6.143252103893256","","",""
"401525544","2023","10","regular","2023-11-05T00:00:00.000Z","false","true","false","true","56919","3670","Carter-Finley Stadium","152","NC State","fbs","ACC","20","7,3,0,10","1","1525","1558","2390","Miami","fbs","ACC","6","3,3,0,0","0","1582","1549","4.368949533211535","","",""
"401520378","2023","10","regular","2023-11-05T01:00:00.000Z","false","true","false","true","11111","3946","Sun Bowl","2638","UTEP","fbs","Conference USA","13","0,3,0,10","0.16056902706623077","1171","1181","98","Western Kentucky","fbs","Conference USA","21","0,0,14,7","0.8394309729337692","1505","1495","4.857349767025422","","",""
"401524050","2023","10","regular","2023-11-05T01:00:00.000Z","false","true","false","true","24385","3820","Gesa Field","265","Washington State","fbs","Pac-12","7","0,7,0,0","0.3706154525279999","1454","1435","24","Stanford","fbs","Pac-12","10","0,0,7,3","0.6293845474720001","1230","1249","4.889886678089942","","",""
"401524046","2023","10","regular","2023-11-05T02:00:00.000Z","false","true","false","true","52725","3726","Folsom Field","38","Colorado","fbs","Pac-12","19","0,3,2,14","0.056057874113321304","1294","1315","204","Oregon State","fbs","Pac-12","26","7,7,6,6","0.9439421258866787","1786","1765","4.452344156090917","","",""
"401532608","2023","10","regular","2023-11-05T02:00:00.000Z","false","true","false","true","41031","3660","Valley Children's Stadium","278","Fresno State","fbs","Mountain West","37","10,10,7,10","0.7793428301811218","1734","1735","68","Boise State","fbs","Mountain West","30","3,7,7,13","0.22065716981887817","1585","1584","4.187074307255116","","",""
"401524045","2023","10","regular","2023-11-05T02:30:00.000Z","false","true","false","true","44956","3619","Arizona Stadium","12","Arizona","fbs","Pac-12","27","7,7,3,10","0.9650680422782898","1610","1657","26","UCLA","fbs","Pac-12","10","0,7,3,0","0.034931957721710205","1709","1662","3.3314668783642407","","",""
"401532437","2023","11","regular","2023-11-08T00:00:00.000Z","false","true","false","true","6282","3764","Huskie Stadium","2459","Northern Illinois","fbs","Mid-American","17","0,10,0,7","0","1398","1379","2050","Ball State","fbs","Mid-American","20","7,3,0,10","1","1167","1186","5.463023553271267","","",""
"401532438","2023","11","regular","2023-11-08T00:00:00.000Z","false","true","false","true","","3980","Waldo Stadium","2711","Western Michigan","fbs","Mid-American","38","7,14,0,17","0.8646374344825745","1319","1333","2117","Central Michigan","fbs","Mid-American","28","0,7,21,0","0.13536256551742554","1280","1266","5.171963566202661","","",""
"401532439","2023","11","regular","2023-11-08T00:30:00.000Z","false","true","false","true","11444","3965","UB Stadium","2084","Buffalo","fbs","Mid-American","10","0,3,0,7","0.049405891448259354","1342","1334","195","Ohio","fbs","Mid-American","20","0,0,10,10","0.9505941085517406","1488","1496","4.048918575740601","","",""
"401532442","2023","11","regular","2023-11-09T00:00:00.000Z","false","true","false","true","6065","3696","Dix Stadium","2309","Kent State","fbs","Mid-American","19","3,3,7,6","0.06605875492095947","1097","1036","189","Bowling Green","fbs","Mid-American","49","14,14,0,21","0.9339412450790405","1281","1342","3.1330556080301535","","",""
"401532441","2023","11","regular","2023-11-09T00:00:00.000Z","false","true","false","true","7233","3996","Yager Stadium","193","Miami (OH)","fbs","Mid-American","19","7,3,6,3","0.9106321930885315","1491","1494","2006","Akron","fbs","Mid-American","0","0,0,0,0","0.0893678069114685","1055","1052","2.2631528724027787","","",""
"401532440","2023","11","regular","2023-11-09T00:30:00.000Z","false","true","false","true","17842","3739","Glass Bowl","2649","Toledo","fbs","Mid-American","49","21,14,7,7","0.9841310381889343","1520","1561","2199","Eastern Michigan","fbs","Mid-American","23","0,3,6,14","0.015868961811065674","1292","1251","1.8786987494787846","","",""
"401525546","2023","11","regular","2023-11-10T00:30:00.000Z","false","true","false","true","44628","3873","L&N Federal Credit Union Stadium","97","Louisville","fbs","ACC","31","7,7,0,17","0.9132112860679626","1779","1763","258","Virginia","fbs","ACC","24","0,0,21,3","0.08678871393203735","1275","1291","5.570448545257203","","",""
"401531911","2023","11","regular","2023-11-10T00:30:00.000Z","false","true","false","true","15137","3666","Cajun Field","309","Louisiana","fbs","Sun Belt","31","7,7,0,14,3","0.2956649959087372","1480","1454","2572","Southern Miss","fbs","Sun Belt","34","0,14,7,7,6","0.7043350040912628","1158","1184","8.736100191456806","","",""
"401531437","2023","11","regular","2023-11-11T02:00:00.000Z","false","true","false","true","22043","3735","Gerald J. Ford Stadium","2567","SMU","fbs","American Athletic","45","14,3,14,14","0.9950094819068909","1754","1776","249","North Texas","fbs","American Athletic","21","7,7,0,7","0.004990518093109131","1398","1376","3.7325970383727856","","",""
"401532618","2023","11","regular","2023-11-11T03:45:00.000Z","false","true","false","true","25568","6501","Allegiant Stadium","2439","UNLV","fbs","Mountain West","34","21,0,7,6","0.990018367767334","1519","1552","2751","Wyoming","fbs","Mountain West","14","0,14,0,0","0.009981632232666016","1389","1356","3.1777386915888757","","",""
"401520386","2023","11","regular","2023-11-11T17:00:00.000Z","false","true","false","true","61936","3683","Kroger Field","96","Kentucky","fbs","SEC","21","7,0,7,7","0.005407422780990601","1645","1612","333","Alabama","fbs","SEC","49","21,7,7,14","0.9945925772190094","2014","2047","4.108274634232548","","",""
"401520381","2023","11","regular","2023-11-11T17:00:00.000Z","false","true","false","false","30602","3841","Michie Stadium","349","Army","fbs","FBS Independents","17","7,7,0,3","0.6721500158309937","1350","1350","107","Holy Cross","fcs","Patriot","14","0,0,0,14","0.32784998416900635","","","3.1003437849363435","","",""
"401520383","2023","11","regular","2023-11-11T17:00:00.000Z","false","true","false","true","53157","3832","Memorial Stadium (Champaign, IL)","356","Illinois","fbs","Big Ten","48","9,17,7,9,6","0.9028742909431458","1509","1508","84","Indiana","fbs","Big Ten","45","7,20,0,15,3","0.09712570905685425","1344","1345","7.894234430473022","","",""
"401520394","2023","11","regular","2023-11-11T17:00:00.000Z","false","true","false","true","110856","3632","Beaver Stadium","213","Penn State","fbs","Big Ten","15","3,6,0,6","0.04380204528570175","2039","2032","130","Michigan","fbs","Big Ten","24","0,14,3,7","0.9561979547142982","2180","2187","3.9989478945946364","","",""
"401525888","2023","11","regular","2023-11-11T17:00:00.000Z","false","true","false","true","47233","3833","Memorial Stadium","2305","Kansas","fbs","Big 12","13","0,0,0,13","0.28769558668136597","1585","1582","2641","Texas Tech","fbs","Big 12","16","10,0,3,3","0.712304413318634","1608","1611","5.553524640808363","","",""
"401531393","2023","11","regular","2023-11-11T17:00:00.000Z","false","true","false","true","30938","3886","Raymond James Stadium","58","South Florida","fbs","American Athletic","27","17,3,7,0","0.9388741850852966","1193","1191","218","Temple","fbs","American Athletic","23","0,10,0,13","0.06112581491470337","1018","1020","3.999189192194168","","",""
"401520396","2023","11","regular","2023-11-11T17:00:00.000Z","false","true","false","true","75682","3994","Williams-Brice Stadium","2579","South Carolina","fbs","SEC","47","6,7,14,20","0.9773297905921936","1511","1597","238","Vanderbilt","fbs","SEC","6","0,0,0,6","0.022670209407806396","1261","1175","2.6174784115141896","","",""
"401525547","2023","11","regular","2023-11-11T17:00:00.000Z","false","true","false","true","33665","3615","Alumni Stadium (Chestnut Hill, MA)","103","Boston College","fbs","ACC","22","7,0,8,7","0.012009033001959324","1371","1313","259","Virginia Tech","fbs","ACC","48","10,21,7,10","0.9879909669980407","1476","1534","2.8430771308949176","","",""
"401531344","2023","11","regular","2023-11-11T17:00:00.000Z","false","true","false","true","20126","4729","Yulman Stadium","2655","Tulane","fbs","American Athletic","24","14,0,7,3","0.5788732171058655","1618","1611","202","Tulsa","fbs","American Athletic","22","0,10,3,9","0.4211267828941345","1089","1096","4.237033740512774","","",""
"401520392","2023","11","regular","2023-11-11T17:00:00.000Z","false","true","false","true","86830","3834","Memorial Stadium (Lincoln, NE)","158","Nebraska","fbs","Big Ten","10","0,0,10,0","0.05547361448407173","1509","1510","120","Maryland","fbs","Big Ten","13","0,7,0,6","0.9445263855159283","1597","1596","5.342774659668509","","",""
"401525548","2023","11","regular","2023-11-11T17:00:00.000Z","false","true","false","true","81426","3836","Memorial Stadium (Clemson, SC)","228","Clemson","fbs","ACC","42","0,21,7,14","0.9229243993759155","1730","1749","59","Georgia Tech","fbs","ACC","21","7,0,0,14","0.07707560062408447","1423","1404","3.0738041925651287","","",""
"401520388","2023","11","regular","2023-11-11T18:00:00.000Z","false","true","false","false","21481","3992","Williams Stadium (VA)","2335","Liberty","fbs","Conference USA","38","14,21,3,0","0.9895298480987549","1650","1703","295","Old Dominion","fbs","Sun Belt","10","0,3,0,7","0.010470151901245117","1389","1336","1.6333285116340786","","",""
"401531915","2023","11","regular","2023-11-11T19:00:00.000Z","false","true","false","true","7683","3817","Malone Stadium","2433","UL Monroe","fbs","Sun Belt","14","0,0,7,7","0.1955195665359497","1047","1035","2653","Troy","fbs","Sun Belt","45","7,14,3,21","0.8044804334640503","1697","1709","3.350935230948138","","",""
"401531408","2023","11","regular","2023-11-11T19:00:00.000Z","false","true","false","true","8895","4418","Jerry Richardson Stadium","2429","Charlotte","fbs","American Athletic","38","0,17,7,14,0","0.6005269289016724","1169","1186","235","Memphis","fbs","American Athletic","44","7,7,7,17,6","0.39947307109832764","1576","1559","8.589157525006796","","",""
"401531913","2023","11","regular","2023-11-11T19:00:00.000Z","false","true","false","true","14260","4246","Center Parc Stadium","2247","Georgia State","fbs","Sun Belt","14","0,0,0,14","0.06461117416620255","1436","1374","2026","App State","fbs","Sun Belt","42","7,14,7,14","0.9353888258337975","1556","1618","2.9766668341675455","","",""
"401524052","2023","11","regular","2023-11-11T19:00:00.000Z","false","true","false","true","52788","3726","Folsom Field","38","Colorado","fbs","Pac-12","31","14,10,7,0","0.2544537519529677","1315","1330","12","Arizona","fbs","Pac-12","34","7,10,7,10","0.7455462480470323","1657","1642","8.2017388645","","",""
"401520385","2023","11","regular","2023-11-11T19:00:00.000Z","false","true","false","false","25240","3651","Bridgeforth Stadium","256","James Madison","fbs","Sun Belt","44","3,10,17,14","0.9957457780838013","1725","1758","41","UConn","fbs","FBS Independents","6","0,3,3,0","0.0042542219161987305","1109","1076","2.9605807356008373","","",""
"401525551","2023","11","regular","2023-11-11T19:00:00.000Z","false","true","false","true","29591","3630","Allegacy Federal Credit Union Stadium","154","Wake Forest","fbs","ACC","6","0,0,0,6","0.0010081617381101139","1487","1444","152","NC State","fbs","ACC","26","7,14,0,5","0.9989918382618899","1558","1601","2.1140792628","","",""
"401525889","2023","11","regular","2023-11-11T20:00:00.000Z","false","true","false","true","51790","3636","Bill Snyder Family Stadium","2306","Kansas State","fbs","Big 12","59","21,14,17,7","0.9948059320449829","1969","2002","239","Baylor","fbs","Big 12","25","7,6,6,6","0.00519406795501709","1452","1419","3.0543830863823707","","",""
"401532615","2023","11","regular","2023-11-11T20:00:00.000Z","false","true","false","true","17760","3905","Maverik Stadium","328","Utah State","fbs","Mountain West","41","7,17,10,7","0.9935595393180847","1388","1406","2440","Nevada","fbs","Mountain West","24","7,3,0,14","0.006440460681915283","1180","1162","4.163998510660218","","",""
"401520387","2023","11","regular","2023-11-11T20:00:00.000Z","false","true","false","true","15080","3776","Joe Aillet Stadium","2348","Louisiana Tech","fbs","Conference USA","27","3,3,14,7","0.031854048371315","1219","1192","2534","Sam Houston","fbs","Conference USA","42","7,7,14,14","0.968145951628685","1304","1331","5.154768006341759","","",""
"401520395","2023","11","regular","2023-11-11T20:30:00.000Z","false","true","false","true","59049","3907","Ross-Ade Stadium","2509","Purdue","fbs","Big Ten","49","14,14,7,14","0.998629948789317","1448","1506","135","Minnesota","fbs","Big Ten","30","10,10,0,10","0.0013700512106830098","1589","1531","4.8733548226","","",""
"401531912","2023","11","regular","2023-11-11T20:30:00.000Z","false","true","false","true","15832","3654","Brooks Stadium (SC)","324","Coastal Carolina","fbs","Sun Belt","31","7,14,7,3","0.9336634278297424","1491","1499","326","Texas State","fbs","Sun Belt","23","10,0,0,13","0.06633657217025757","1424","1416","4.373047837967994","","",""
"401525552","2023","11","regular","2023-11-11T20:30:00.000Z","false","true","true","true","17101","4102","Yankee Stadium","183","Syracuse","fbs","ACC","28","7,0,14,7","0.9274258613586426","1364","1411","221","Pittsburgh","fbs","ACC","13","3,10,0,0","0.07257413864135742","1448","1401","3.771048168332334","","",""
"401531384","2023","11","regular","2023-11-11T20:30:00.000Z","false","true","false","true","29078","3852","Navy-Marine Corps Memorial Stadium","2426","Navy","fbs","American Athletic","31","7,0,3,21","0.9926551580429077","1306","1376","5","UAB","fbs","American Athletic","6","3,3,0,0","0.007344841957092285","1367","1297","3.744944255026955","","",""
"401525892","2023","11","regular","2023-11-11T20:30:00.000Z","false","true","false","true","44046","3652","FBC Mortgage Stadium","2116","UCF","fbs","Big 12","45","14,10,14,7","0.9587985277175903","1507","1650","197","Oklahoma State","fbs","Big 12","3","0,0,3,0","0.04120147228240967","1629","1486","2.4343317772667423","","",""
"401525550","2023","11","regular","2023-11-11T20:30:00.000Z","false","true","false","true","79560","3697","Doak Campbell Stadium","52","Florida State","fbs","ACC","27","7,3,10,7","0.9633764624595642","1966","1954","2390","Miami","fbs","ACC","20","0,10,3,7","0.03662353754043579","1549","1561","4.433835578719454","","",""
"401524056","2023","11","regular","2023-11-11T20:30:00.000Z","false","true","false","true","70976","3765","Husky Stadium","264","Washington","fbs","Pac-12","35","10,14,11,0","0.9524555802345276","1864","1871","254","Utah","fbs","Pac-12","28","7,21,0,0","0.04754441976547241","1823","1816","6.450739611655269","","",""
"401520398","2023","11","regular","2023-11-11T20:30:00.000Z","false","true","false","true","76124","347","Camp Randall Stadium","275","Wisconsin","fbs","Big Ten","10","3,0,0,7","0.19517196714878082","1655","1593","77","Northwestern","fbs","Big Ten","24","7,17,0,0","0.8048280328512192","1379","1441","3.2193989639302028","","",""
"401520399","2023","11","regular","2023-11-11T20:30:00.000Z","false","true","false","true","16319","3796","Houchens Industries-L.T. Smith Stadium","98","Western Kentucky","fbs","Conference USA","29","14,7,0,8","0.11136139878720129","1495","1465","166","New Mexico State","fbs","Conference USA","38","3,14,7,14","0.8886386012127987","1361","1391","5.6110813473","","",""
"401520391","2023","11","regular","2023-11-11T20:30:00.000Z","false","true","false","true","62621","3838","Memorial Stadium","142","Missouri","fbs","SEC","36","0,13,9,14","0.9213712215423584","1643","1761","2633","Tennessee","fbs","SEC","7","0,7,0,0","0.0786287784576416","1948","1830","5.335533629583766","","",""
"401520390","2023","11","regular","2023-11-11T20:30:00.000Z","false","true","false","true","11111","3725","Johnny ""Red"" Floyd Stadium","2393","Middle Tennessee","fbs","Conference USA","40","17,14,0,9","0.9912664890289307","1289","1354","2229","Florida International","fbs","Conference USA","6","0,6,0,0","0.008733510971069336","1060","995","2.3389663008454344","","",""
"401520384","2023","11","regular","2023-11-11T20:30:00.000Z","false","true","false","true","69250","3793","Kinnick Stadium","2294","Iowa","fbs","Big Ten","22","0,3,3,16","1","1648","1683","164","Rutgers","fbs","Big Ten","0","0,0,0,0","0","1477","1442","2.81434332719791","","",""
"401520380","2023","11","regular","2023-11-11T21:00:00.000Z","false","true","false","true","72033","3887","Razorback Stadium","8","Arkansas","fbs","SEC","10","3,0,0,7","0","1600","1485","2","Auburn","fbs","SEC","48","21,6,21,0","1","1590","1705","4.028112214051205","","",""
"401524051","2023","11","regular","2023-11-11T21:00:00.000Z","false","true","false","true","38155","3831","California Memorial Stadium","25","California","fbs","Pac-12","42","14,14,0,14","0.7945595383644104","1425","1426","265","Washington State","fbs","Pac-12","39","7,14,3,15","0.2054404616355896","1435","1434","4.778096273881879","","",""
"401531416","2023","11","regular","2023-11-11T21:00:00.000Z","false","true","false","true","","3715","FAU Stadium","2226","Florida Atlantic","fbs","American Athletic","7","0,7,0,0","0.11062094569206238","1446","1401","151","East Carolina","fbs","American Athletic","22","7,6,0,9","0.8893790543079376","1348","1393","4.331664961255109","","",""
"401531916","2023","11","regular","2023-11-11T22:00:00.000Z","false","true","false","true","15242","6526","Hancock Whitney Stadium","6","South Alabama","fbs","Sun Belt","21","7,7,7,0","0.8511140942573547","1627","1615","2032","Arkansas State","fbs","Sun Belt","14","3,0,3,8","0.14888590574264526","1210","1222","2.9642589501831873","","",""
"401524054","2023","11","regular","2023-11-11T22:30:00.000Z","false","true","false","true","37107","3893","Reser Stadium","204","Oregon State","fbs","Pac-12","62","14,20,21,7","0.9892436265945435","1765","1830","24","Stanford","fbs","Pac-12","17","7,3,7,0","0.010756373405456543","1249","1184","3.2013515037739126","","",""
"401520382","2023","11","regular","2023-11-12T00:00:00.000Z","false","true","false","true","92746","3917","Sanford Stadium","61","Georgia","fbs","SEC","52","14,14,10,14","0.9934244751930237","2060","2115","145","Ole Miss","fbs","SEC","17","7,7,0,3","0.006575524806976318","1714","1659","3.8263285431817455","","",""
"401525890","2023","11","regular","2023-11-12T00:00:00.000Z","false","true","false","true","83525","3835","Memorial Stadium (Norman, OK)","201","Oklahoma","fbs","Big 12","59","14,17,14,14","0.9687048196792603","1906","1975","277","West Virginia","fbs","Big 12","20","7,7,6,0","0.031295180320739746","1577","1508","3.434402185860199","","",""
"401532617","2023","11","regular","2023-11-12T00:00:00.000Z","false","true","false","true","22033","5388","Canvas Stadium","36","Colorado State","fbs","Mountain West","22","5,10,7,0","0.6569456458091736","1269","1271","21","San Diego State","fbs","Mountain West","19","0,0,6,13","0.3430543541908264","1321","1319","2.9655053361040484","","",""
"401531914","2023","11","regular","2023-11-12T00:00:00.000Z","false","true","false","true","19175","3775","Joan C. Edwards Stadium","276","Marshall","fbs","Sun Belt","38","10,7,7,14","0.8597899675369263","1378","1385","290","Georgia Southern","fbs","Sun Belt","33","3,17,6,7","0.14021003246307373","1432","1425","6.8816997000694755","","",""
"401525887","2023","11","regular","2023-11-12T00:00:00.000Z","false","true","false","true","34312","4728","TDECU Stadium","248","Houston","fbs","Big 12","14","0,7,0,7","0","1482","1457","2132","Cincinnati","fbs","Big 12","24","7,7,3,7","1","1431","1456","4.576060790135453","","",""
"401525891","2023","11","regular","2023-11-12T00:30:00.000Z","false","true","false","true","50812","3616","Amon G. Carter Stadium","2628","TCU","fbs","Big 12","26","6,0,0,20","0.4508836269378662","1605","1619","251","Texas","fbs","Big 12","29","7,19,0,3","0.5491163730621338","1932","1918","4.893560620329281","","",""
"401531400","2023","11","regular","2023-11-12T00:30:00.000Z","false","true","false","true","28245","3604","Alamodome","2636","UTSA","fbs","American Athletic","34","3,7,21,3","0.9948574304580688","1624","1642","242","Rice","fbs","American Athletic","14","0,7,0,7","0.005142569541931152","1336","1318","3.840471556085975","","",""
"401520397","2023","11","regular","2023-11-12T00:30:00.000Z","false","true","false","true","103266","3795","Kyle Field","245","Texas A&M","fbs","SEC","51","17,17,14,3","0.990462064743042","1743","1827","344","Mississippi State","fbs","SEC","10","7,3,0,0","0.009537935256958008","1476","1392","3.272433733182391","","",""
"401520393","2023","11","regular","2023-11-12T00:30:00.000Z","false","true","false","true","105137","3861","Ohio Stadium","194","Ohio State","fbs","Big Ten","38","14,21,3,0","0.9989431534106143","2065","2084","127","Michigan State","fbs","Big Ten","3","0,3,0,0","0.0010568465893856516","1388","1369","2.3152455971","","",""
"401520389","2023","11","regular","2023-11-12T00:30:00.000Z","false","true","false","true","102321","3958","Tiger Stadium (LA)","99","LSU","fbs","SEC","52","7,10,21,14","0.9145046472549438","1927","1934","57","Florida","fbs","SEC","35","7,7,14,7","0.08549535274505615","1588","1581","5.875435401919501","","",""
"401525549","2023","11","regular","2023-11-12T01:00:00.000Z","false","true","false","true","50500","3787","Kenan Stadium","153","North Carolina","fbs","ACC","47","10,6,3,17,3,8","0.13607047498226166","1701","1701","150","Duke","fbs","ACC","45","0,14,0,22,3,6","0.8639295250177383","1631","1631","7.225697659109907","","",""
"401524055","2023","11","regular","2023-11-12T02:00:00.000Z","false","true","false","true","56436","1056","Rose Bowl","26","UCLA","fbs","Pac-12","7","0,0,0,7","0.9149094820022583","1662","1607","9","Arizona State","fbs","Pac-12","17","0,3,7,7","0.0850905179977417","1313","1368","5.818203192188571","","",""
"401532616","2023","11","regular","2023-11-12T03:00:00.000Z","false","true","false","true","34076","3653","Albertsons Stadium","68","Boise State","fbs","Mountain West","42","15,17,7,3","0.9744076728820801","1584","1597","167","New Mexico","fbs","Mountain West","14","7,7,0,0","0.025592327117919922","1029","1016","2.674559791117831","","",""
"401525886","2023","11","regular","2023-11-12T03:15:00.000Z","false","true","false","true","60754","3801","LaVell Edwards Stadium","252","BYU","fbs","Big 12","13","7,0,6,0","0.011122167110443115","1400","1334","66","Iowa State","fbs","Big 12","45","17,14,14,0","0.9888778328895569","1594","1660","3.7260794039867555","","",""
"401524053","2023","11","regular","2023-11-12T03:30:00.000Z","false","true","false","true","59957","3626","Autzen Stadium","2483","Oregon","fbs","Pac-12","36","13,9,7,7","0.9470352530479431","1976","1976","30","USC","fbs","Pac-12","27","7,7,0,13","0.052964746952056885","1743","1743","3.9697232686068324","","",""
"401532614","2023","11","regular","2023-11-12T03:30:00.000Z","false","true","false","true","18886","3935","CEFCU Stadium","23","San José State","fbs","Mountain West","42","21,7,7,7","0.9912928342819214","1501","1589","278","Fresno State","fbs","Mountain West","18","3,7,0,8","0.008707165718078613","1735","1647","2.3843392537832147","","",""
"401532613","2023","11","regular","2023-11-12T04:00:00.000Z","false","true","false","true","12742","7220","Clarence T.C. Ching Athletics Complex","62","Hawai'i","fbs","Mountain West","27","7,6,7,7","0.6747530102729797","1062","1152","2005","Air Force","fbs","Mountain West","13","0,3,7,3","0.32524698972702026","1663","1573","2.737687854079139","","",""
"401532445","2023","12","regular","2023-11-15T00:00:00.000Z","false","true","false","true","13664","3912","Rynearson Stadium","2199","Eastern Michigan","fbs","Mid-American","30","0,14,0,3,7,6","0.0822099161799782","1251","1249","2006","Akron","fbs","Mid-American","27","0,14,0,3,7,3","0.9177900838200218","1052","1054","4.9326013624","","",""
"401532444","2023","12","regular","2023-11-15T00:00:00.000Z","false","true","false","true","6417","3764","Huskie Stadium","2459","Northern Illinois","fbs","Mid-American","24","7,7,7,3","0.9709976315498352","1379","1434","2711","Western Michigan","fbs","Mid-American","0","0,0,0,0","0.029002368450164795","1333","1278","3.1148153485618333","","",""
"401532443","2023","12","regular","2023-11-15T00:00:00.000Z","false","true","false","true","20590","3700","Doyt L. Perry Stadium","189","Bowling Green","fbs","Mid-American","31","14,14,0,3","0.5977059006690979","1342","1351","2649","Toledo","fbs","Mid-American","32","7,3,7,15","0.4022940993309021","1561","1552","5.324397873270423","","",""
"401532447","2023","12","regular","2023-11-16T00:00:00.000Z","false","true","false","true","7561","3996","Yager Stadium","193","Miami (OH)","fbs","Mid-American","23","0,10,3,10","0.7670280933380127","1494","1506","2084","Buffalo","fbs","Mid-American","10","0,3,7,0","0.2329719066619873","1334","1322","3.6529955958695974","","",""
"401532446","2023","12","regular","2023-11-16T00:00:00.000Z","false","true","false","true","14736","3876","Peden Stadium","195","Ohio","fbs","Mid-American","34","10,7,14,3","0.9956925511360168","1496","1505","2117","Central Michigan","fbs","Mid-American","20","0,7,7,6","0.004307448863983154","1266","1257","3.033877646901986","","",""
"401525553","2023","12","regular","2023-11-17T00:00:00.000Z","false","true","false","true","41842","3752","Acrisure Stadium","221","Pittsburgh","fbs","ACC","24","3,7,7,7","0.942645251750946","1401","1408","103","Boston College","fbs","ACC","16","3,3,7,3","0.057354748249053955","1313","1306","4.3553182345997605","","",""
"401531401","2023","12","regular","2023-11-18T02:00:00.000Z","false","true","false","true","22096","3604","Alamodome","2636","UTSA","fbs","American Athletic","49","7,21,14,7","0.9460664391517639","1642","1665","58","South Florida","fbs","American Athletic","21","7,7,7,0","0.053933560848236084","1191","1168","4.354357177873256","","",""
"401524057","2023","12","regular","2023-11-18T03:30:00.000Z","false","true","false","true","27869","3820","Gesa Field","265","Washington State","fbs","Pac-12","56","21,21,14,0","0.9658631086349487","1434","1543","38","Colorado","fbs","Pac-12","14","7,0,0,7","0.03413689136505127","1330","1221","2.431965970768414","","",""
"401520416","2023","12","regular","2023-11-18T17:00:00.000Z","false","true","false","false","60752","3974","Vaught-Hemingway Stadium","145","Ole Miss","fbs","SEC","35","7,0,21,7","1","1659","1676","2433","UL Monroe","fbs","Sun Belt","3","0,3,0,0","0","1035","1018","3.348865528245617","","",""
"401520417","2023","12","regular","2023-11-18T17:00:00.000Z","false","true","false","true","105114","3632","Beaver Stadium","213","Penn State","fbs","Big Ten","27","0,10,3,14","0.9853651523590088","2032","2027","164","Rutgers","fbs","Big Ten","6","3,3,0,0","0.014634847640991211","1442","1447","3.0984634544837366","","",""
"401531417","2023","12","regular","2023-11-18T17:00:00.000Z","false","true","false","true","28708","3852","Navy-Marine Corps Memorial Stadium","2426","Navy","fbs","American Athletic","10","7,0,0,3","1","1376","1394","151","East Carolina","fbs","American Athletic","0","0,0,0,0","0","1393","1375","3.323663060246321","","",""
"401520405","2023","12","regular","2023-11-18T17:00:00.000Z","false","true","false","true","40666","3830","Memorial Stadium (Bloomington, IN)","84","Indiana","fbs","Big Ten","21","0,7,7,7","0.5750766396522522","1345","1342","127","Michigan State","fbs","Big Ten","24","7,7,0,10","0.4249233603477478","1369","1372","6.639654914129445","","",""
"401520414","2023","12","regular","2023-11-18T17:00:00.000Z","false","true","false","true","23291","3911","Ryan Field","77","Northwestern","fbs","Big Ten","23","6,0,10,7","0.8044736981391907","1441","1457","2509","Purdue","fbs","Big Ten","15","0,0,7,8","0.19552630186080933","1506","1490","4.435851147306994","","",""
"401520410","2023","12","regular","2023-11-18T17:00:00.000Z","false","true","false","true","49546","3665","SECU Stadium","120","Maryland","fbs","Big Ten","24","3,7,14,0","0.00804046355187893","1596","1623","130","Michigan","fbs","Big Ten","31","16,7,6,2","0.9919595364481211","2187","2160","4.996409152194839","","",""
"401531431","2023","12","regular","2023-11-18T17:00:00.000Z","false","true","false","true","30313","3805","Simmons Bank Liberty Stadium","235","Memphis","fbs","American Athletic","34","10,3,8,13","0.06375256180763245","1559","1566","2567","SMU","fbs","American Athletic","38","7,7,14,10","0.9362474381923676","1776","1769","7.740003501358081","","",""
"401525558","2023","12","regular","2023-11-18T17:00:00.000Z","false","true","false","true","44996","3948","Hard Rock Stadium","2390","Miami","fbs","ACC","31","14,7,7,3","0.15833646059036255","1561","1563","97","Louisville","fbs","ACC","38","14,6,3,15","0.8416635394096375","1763","1761","7.061739577545482","","",""
"401520401","2023","12","regular","2023-11-18T17:00:00.000Z","false","true","false","false","100077","3657","Bryant-Denny Stadium","333","Alabama","fbs","SEC","66","21,17,14,14","0.9919071197509766","2072","2072","236","Chattanooga","fcs","Southern","10","0,7,3,0","0.008092880249023438","","","1.7016063828166044","","",""
"401520403","2023","12","regular","2023-11-18T17:00:00.000Z","false","true","false","false","26867","3841","Michie Stadium","349","Army","fbs","FBS Independents","28","7,14,7,0","0.7972058653831482","1361","1379","324","Coastal Carolina","fbs","Sun Belt","21","7,7,0,7","0.2027941346168518","1499","1481","2.8841261875967303","","",""
"401520412","2023","12","regular","2023-11-18T17:00:00.000Z","false","true","false","false","","3693","Davis Wade Stadium","344","Mississippi State","fbs","SEC","41","3,13,7,18","0.958077073097229","1392","1421","2572","Southern Miss","fbs","Sun Belt","20","7,0,0,13","0.041922926902770996","1184","1155","4.3896739744772795","","",""
"401520420","2023","12","regular","2023-11-18T17:00:00.000Z","false","true","false","false","94794","3795","Kyle Field","245","Texas A&M","fbs","SEC","38","7,10,7,14","0.9932087747170723","1837","1837","2000","Abilene Christian","fcs","UAC","10","7,0,0,3","0.006791225282927749","","","4.7473865774","","",""
"401520421","2023","12","regular","2023-11-18T17:00:00.000Z","false","true","false","false","19053","3892","Pratt & Whitney Stadium","41","UConn","fbs","FBS Independents","31","17,7,0,7","0.9963443017038565","1047","1047","2529","Sacred Heart","fcs","NEC","3","0,3,0,0","0.003655698296143539","","","2.7764757588","","",""
"401531375","2023","12","regular","2023-11-18T17:00:00.000Z","false","true","false","true","15871","3715","FAU Stadium","2226","Florida Atlantic","fbs","American Athletic","8","0,0,0,8","0","1401","1384","2655","Tulane","fbs","American Athletic","24","7,7,10,0","1","1611","1628","3.241487405799953","","",""
"401525893","2023","12","regular","2023-11-18T17:00:00.000Z","false","true","false","true","63714","3801","LaVell Edwards Stadium","252","BYU","fbs","Big 12","24","7,10,7,0","0.038539495319128036","1334","1364","201","Oklahoma","fbs","Big 12","31","7,10,7,7","0.961460504680872","1975","1945","6.334550080616901","","",""
"401520408","2023","12","regular","2023-11-18T18:00:00.000Z","false","true","false","false","16860","3992","Williams Stadium (VA)","2335","Liberty","fbs","Conference USA","49","21,14,7,7","0.9914267063140869","1693","1683","113","Massachusetts","fbs","FBS Independents","25","0,10,0,15","0.008573293685913086","972","982","2.264510009126634","","",""
"401532620","2023","12","regular","2023-11-18T19:00:00.000Z","false","true","false","true","18233","3984","War Memorial Stadium","2751","Wyoming","fbs","Mountain West","42","14,21,0,7","0.9907877445220947","1356","1421","62","Hawai'i","fbs","Mountain West","9","0,0,9,0","0.009212255477905273","1152","1087","2.012157933850389","","",""
"401531918","2023","12","regular","2023-11-18T19:00:00.000Z","false","true","false","true","25838","3651","Bridgeforth Stadium","256","James Madison","fbs","Sun Belt","23","0,5,0,15,3","0.5149180889129639","1758","1745","2026","App State","fbs","Sun Belt","26","3,7,0,10,6","0.48508191108703613","1618","1631","7.836366568908512","","",""
"401520411","2023","12","regular","2023-11-18T19:00:00.000Z","false","true","false","true","9122","3725","Johnny ""Red"" Floyd Stadium","2393","Middle Tennessee","fbs","Conference USA","34","14,10,7,3","0.7924032211303711","1354","1352","2638","UTEP","fbs","Conference USA","30","7,14,3,6","0.2075967788696289","1181","1183","6.398012482029468","","",""
"401520407","2023","12","regular","2023-11-18T19:00:00.000Z","false","true","false","true","20252","3662","AmFirst Stadium","55","Jacksonville State","fbs","Conference USA","56","21,21,14,0","0.9995940327644348","1490","1563","2348","Louisiana Tech","fbs","Conference USA","17","7,3,7,0","0.00040596723556518555","1192","1119","2.773622734271617","","",""
"401531409","2023","12","regular","2023-11-18T19:00:00.000Z","false","true","false","true","9385","4418","Jerry Richardson Stadium","2429","Charlotte","fbs","American Athletic","7","0,0,0,7","0.15499204397201538","1186","1147","242","Rice","fbs","American Athletic","28","10,3,8,7","0.8450079560279846","1318","1357","3.1858006274517696","","",""
"401532448","2023","12","regular","2023-11-18T19:00:00.000Z","false","true","false","true","8554","3919","Scheumann Stadium","2050","Ball State","fbs","Mid-American","34","3,10,14,7","0.9883080720901489","1186","1251","2309","Kent State","fbs","Mid-American","3","0,3,0,0","0.011691927909851074","1036","971","2.768631992831344","","",""
"401524058","2023","12","regular","2023-11-18T19:30:00.000Z","false","true","false","true","50800","3619","Arizona Stadium","12","Arizona","fbs","Pac-12","42","21,7,0,14","0.9876115322113037","1642","1723","254","Utah","fbs","Pac-12","18","0,7,3,8","0.012388467788696289","1816","1735","2.645882397633443","","",""
"401525899","2023","12","regular","2023-11-18T19:30:00.000Z","false","true","false","true","43588","3842","Milan Puskar Stadium","277","West Virginia","fbs","Big 12","42","7,21,14,0","0.9756902456283569","1508","1552","2132","Cincinnati","fbs","Big 12","21","0,7,0,14","0.024309754371643066","1456","1412","2.319509452773042","","",""
"401531919","2023","12","regular","2023-11-18T20:00:00.000Z","false","true","false","true","16721","3625","Centennial Bank Stadium","2032","Arkansas State","fbs","Sun Belt","77","14,21,28,14","0.9971590042114258","1222","1394","326","Texas State","fbs","Sun Belt","31","10,7,7,7","0.0028409957885742188","1416","1244","5.1096589701958495","","",""
"401532621","2023","12","regular","2023-11-18T20:00:00.000Z","false","true","false","true","20121","5388","Canvas Stadium","36","Colorado State","fbs","Mountain West","30","14,6,3,7","0.9687203168869019","1271","1280","2440","Nevada","fbs","Mountain West","20","3,10,7,0","0.031279683113098145","1162","1153","3.72088997942565","","",""
"401531345","2023","12","regular","2023-11-18T20:00:00.000Z","false","true","false","true","16520","3674","Chapman Stadium","202","Tulsa","fbs","American Athletic","28","7,14,0,7","0.3297046422958374","1096","1103","249","North Texas","fbs","American Athletic","35","7,14,14,0","0.6702953577041626","1376","1369","6.287671259598481","","",""
"401531385","2023","12","regular","2023-11-18T20:00:00.000Z","false","true","false","true","17486","7221","Protective Stadium","5","UAB","fbs","American Athletic","34","0,10,7,17","0.9288564324378967","1297","1295","218","Temple","fbs","American Athletic","24","7,7,3,7","0.07114356756210327","1020","1022","6.02113943767873","","",""
"401525555","2023","12","regular","2023-11-18T20:00:00.000Z","false","true","false","true","36400","3923","Scott Stadium","258","Virginia","fbs","ACC","30","7,3,14,6","0.9766812920570374","1291","1297","150","Duke","fbs","ACC","27","0,10,3,14","0.023318707942962646","1631","1625","5.316367915886311","","",""
"401525442","2023","12","regular","2023-11-18T20:30:00.000Z","false","true","false","false","77622","3855","Notre Dame Stadium","87","Notre Dame","fbs","FBS Independents","45","7,10,14,14","0.9899375438690186","1966","2010","154","Wake Forest","fbs","ACC","7","0,7,0,0","0.010062456130981445","1444","1400","3.130646212320879","","",""
"401520406","2023","12","regular","2023-11-18T20:30:00.000Z","false","true","false","true","69250","3793","Kinnick Stadium","2294","Iowa","fbs","Big Ten","15","2,7,0,6","0.853884220123291","1683","1681","356","Illinois","fbs","Big Ten","13","3,7,0,3","0.14611577987670898","1508","1510","5.545769418051697","","",""
"401520419","2023","12","regular","2023-11-18T20:30:00.000Z","false","true","false","true","101915","3853","Neyland Stadium","2633","Tennessee","fbs","SEC","10","7,3,0,0","0.01566747948527336","1830","1787","61","Georgia","fbs","SEC","38","10,14,14,0","0.9843325205147266","2115","2158","3.3827510583915443","","",""
"401525554","2023","12","regular","2023-11-18T20:30:00.000Z","false","true","false","true","81305","3836","Memorial Stadium (Clemson, SC)","228","Clemson","fbs","ACC","31","0,14,14,3","0.9874089956283569","1749","1765","153","North Carolina","fbs","ACC","20","7,0,7,6","0.012591004371643066","1701","1685","4.435021916554846","","",""
"401524062","2023","12","regular","2023-11-18T20:30:00.000Z","false","true","false","true","72244","477","Los Angeles Memorial Coliseum","30","USC","fbs","Pac-12","20","0,10,3,7","0.03074157051742077","1743","1683","26","UCLA","fbs","Pac-12","38","14,0,17,7","0.9692584294825792","1607","1667","3.649311167245363","","",""
"401532624","2023","12","regular","2023-11-18T20:30:00.000Z","false","true","false","true","23574","3713","Falcon Stadium","2005","Air Force","fbs","Mountain West","27","7,20,0,0","0.7237432599067688","1573","1565","2439","UNLV","fbs","Mountain West","31","7,7,14,3","0.2762567400932312","1552","1560","6.830085589848709","","",""
"401525559","2023","12","regular","2023-11-18T20:30:00.000Z","false","true","false","true","65632","3799","Lane Stadium","259","Virginia Tech","fbs","ACC","28","0,7,7,14","0.028791673481464386","1534","1526","152","NC State","fbs","ACC","35","0,21,14,0","0.9712083265185356","1601","1609","3.6648369884463685","","",""
"401520423","2023","12","regular","2023-11-18T20:30:00.000Z","false","true","false","true","11041","3796","Houchens Industries-L.T. Smith Stadium","98","Western Kentucky","fbs","Conference USA","28","7,14,0,7","0.13428401947021484","1465","1465","2534","Sam Houston","fbs","Conference USA","23","0,16,7,0","0.8657159805297852","1331","1331","6.708859354855857","","",""
"401531921","2023","12","regular","2023-11-18T20:30:00.000Z","false","true","false","true","26621","3975","Veterans Memorial Stadium (AL)","2653","Troy","fbs","Sun Belt","31","0,17,0,14","0.9573434191853616","1709","1705","309","Louisiana","fbs","Sun Belt","24","7,3,7,7","0.04265658081463841","1454","1458","8.4652585237","","",""
"401525897","2023","12","regular","2023-11-18T20:30:00.000Z","false","true","false","true","42621","3616","Amon G. Carter Stadium","2628","TCU","fbs","Big 12","42","0,14,14,14","0.9944153428077698","1619","1660","239","Baylor","fbs","Big 12","17","7,3,7,0","0.005584657192230225","1419","1378","4.377162774633609","","",""
"401524059","2023","12","regular","2023-11-18T21:00:00.000Z","false","true","false","true","44741","3947","Mountain America Stadium","9","Arizona State","fbs","Pac-12","13","0,0,3,10","0.021392816677689552","1368","1338","2483","Oregon","fbs","Pac-12","49","21,21,0,7","0.9786071833223104","1976","2006","2.678974822951214","","",""
"401525894","2023","12","regular","2023-11-18T21:00:00.000Z","false","true","false","true","33906","4728","TDECU Stadium","248","Houston","fbs","Big 12","30","14,9,0,7","0.08831332623958588","1457","1431","197","Oklahoma State","fbs","Big 12","43","3,16,14,10","0.9116866737604141","1486","1512","5.296415920780221","","",""
"401520404","2023","12","regular","2023-11-18T21:00:00.000Z","false","true","false","false","88043","3785","Jordan-Hare Stadium","2","Auburn","fbs","SEC","10","0,7,0,3","0","1705","1612","166","New Mexico State","fbs","Conference USA","31","7,3,7,14","1","1391","1484","3.9374704925453847","","",""
"401520415","2023","12","regular","2023-11-18T21:00:00.000Z","false","true","false","true","104019","3861","Ohio Stadium","194","Ohio State","fbs","Big Ten","37","7,6,17,7","0.9947509398370221","2084","2113","135","Minnesota","fbs","Big Ten","3","0,0,0,3","0.005249060162977881","1531","1502","2.9218692138","","",""
"401531920","2023","12","regular","2023-11-18T22:00:00.000Z","false","true","false","true","14105","6526","Hancock Whitney Stadium","6","South Alabama","fbs","Sun Belt","28","14,7,0,7","1","1615","1662","276","Marshall","fbs","Sun Belt","0","0,0,0,0","0","1385","1338","2.7297210744855778","","",""
"401525898","2023","12","regular","2023-11-18T22:00:00.000Z","false","true","false","true","53851","3784","Jones AT&T Stadium","2641","Texas Tech","fbs","Big 12","24","0,14,7,3","0.13125799596309662","1611","1613","2116","UCF","fbs","Big 12","23","14,0,0,9","0.8687420040369034","1650","1648","5.8352453455007645","","",""
"401531917","2023","12","regular","2023-11-18T23:00:00.000Z","false","true","false","true","20032","3608","Allen E. Paulson Stadium","290","Georgia Southern","fbs","Sun Belt","17","0,7,3,7","0.026028750464320183","1425","1416","295","Old Dominion","fbs","Sun Belt","20","0,10,7,3","0.9739712495356798","1346","1355","5.8624388004394135","","",""
"401524061","2023","12","regular","2023-11-18T23:30:00.000Z","false","true","false","true","52971","3940","Stanford Stadium","24","Stanford","fbs","Pac-12","15","3,3,9,0","0.03608458489179611","1184","1179","25","California","fbs","Pac-12","27","7,7,7,6","0.9639154151082039","1426","1431","5.22143909697807","","",""
"401525556","2023","12","regular","2023-11-18T23:30:00.000Z","false","true","false","false","79560","3697","Doak Campbell Stadium","52","Florida State","fbs","ACC","58","0,24,14,20","0.9809556603431702","1960","1960","2453","North Alabama","fcs","UAC","13","13,0,0,0","0.019044339656829834","","","4.359035692910871","","",""
"401532619","2023","12","regular","2023-11-19T00:00:00.000Z","false","true","false","true","17821","3905","Maverik Stadium","328","Utah State","fbs","Mountain West","10","7,3,0,0","0","1406","1330","68","Boise State","fbs","Mountain West","45","0,31,7,7","1","1597","1673","4.266986169858597","","",""
"401525896","2023","12","regular","2023-11-19T00:00:00.000Z","false","true","false","true","47233","3833","Memorial Stadium","2305","Kansas","fbs","Big 12","27","7,13,7,0","0.9865683913230896","1582","1601","2306","Kansas State","fbs","Big 12","31","7,9,8,7","0.0134316086769104","2002","1983","6.015735490508055","","",""
"401524060","2023","12","regular","2023-11-19T00:30:00.000Z","false","true","false","true","38415","3893","Reser Stadium","204","Oregon State","fbs","Pac-12","20","7,3,7,3","0.014763377606868744","1830","1830","264","Washington","fbs","Pac-12","22","9,13,0,0","0.9852366223931313","1871","1871","5.250899535870954","","",""
"401520418","2023","12","regular","2023-11-19T00:30:00.000Z","false","true","false","true","77788","3994","Williams-Brice Stadium","2579","South Carolina","fbs","SEC","17","10,0,0,7","0.9871464371681213","1597","1598","96","Kentucky","fbs","SEC","14","0,7,7,0","0.012853562831878662","1612","1611","5.1585674335051745","","",""
"401520402","2023","12","regular","2023-11-19T00:30:00.000Z","false","true","false","false","61442","3887","Razorback Stadium","8","Arkansas","fbs","SEC","44","7,24,7,6","0.9950094819068909","1485","1495","2229","Florida International","fbs","Conference USA","20","13,0,7,0","0.004990518093109131","995","985","3.65180705770332","","",""
"401520422","2023","12","regular","2023-11-19T00:30:00.000Z","false","true","false","true","72237","347","Camp Randall Stadium","275","Wisconsin","fbs","Big Ten","24","0,10,7,0,7","0.12136893719434738","1593","1598","158","Nebraska","fbs","Big Ten","17","14,0,0,3,0","0.8786310628056526","1510","1505","5.551886184057391","","",""
"401520413","2023","12","regular","2023-11-19T00:30:00.000Z","false","true","false","true","62621","3838","Memorial Stadium","142","Missouri","fbs","SEC","33","3,10,10,10","0.5201489925384521","1761","1759","57","Florida","fbs","SEC","31","7,0,14,10","0.47985100746154785","1581","1583","7.34940038917857","","",""
"401520409","2023","12","regular","2023-11-19T01:00:00.000Z","false","true","false","false","100212","3958","Tiger Stadium (LA)","99","LSU","fbs","SEC","56","14,21,7,14","0.9673275351524353","1934","1985","2247","Georgia State","fbs","Sun Belt","14","7,7,0,0","0.0326724648475647","1374","1323","3.539469809570409","","",""
"401525895","2023","12","regular","2023-11-19T01:00:00.000Z","false","true","false","true","61500","3772","Jack Trice Stadium","66","Iowa State","fbs","Big 12","16","3,0,6,7","0.18698886036872864","1660","1661","251","Texas","fbs","Big 12","26","0,6,9,11","0.8130111396312714","1918","1917","5.361213264500033","","",""
"401525557","2023","12","regular","2023-11-19T01:00:00.000Z","false","true","false","true","33332","721","Bobby Dodd Stadium","59","Georgia Tech","fbs","ACC","31","7,10,7,7","0.9334365725517273","1404","1419","183","Syracuse","fbs","ACC","22","3,0,13,6","0.0665634274482727","1411","1396","4.687358384276172","","",""
"401532622","2023","12","regular","2023-11-19T03:30:00.000Z","false","true","false","true","38569","3660","Valley Children's Stadium","278","Fresno State","fbs","Mountain West","17","7,7,0,3","0.04854549095034599","1647","1570","167","New Mexico","fbs","Mountain West","25","3,9,6,7","0.951454509049654","1016","1093","4.783844184687729","","",""
"401532623","2023","12","regular","2023-11-19T03:30:00.000Z","false","true","false","true","16224","3935","CEFCU Stadium","23","San José State","fbs","Mountain West","24","0,10,7,7","0.9952079057693481","1589","1589","21","San Diego State","fbs","Mountain West","13","7,3,0,3","0.0047920942306518555","1319","1319","4.074001887941783","","",""
"401532450","2023","13","regular","2023-11-22T00:00:00.000Z","false","true","false","true","8901","3980","Waldo Stadium","2711","Western Michigan","fbs","Mid-American","10","0,3,0,7","0.015132796950638294","1278","1223","189","Bowling Green","fbs","Mid-American","34","10,21,3,0","0.9848672030493617","1351","1406","2.8396068284199054","","",""
"401532449","2023","13","regular","2023-11-22T00:30:00.000Z","false","true","false","true","11243","3965","UB Stadium","2084","Buffalo","fbs","Mid-American","11","0,0,8,3","0","1322","1286","2199","Eastern Michigan","fbs","Mid-American","24","7,17,0,0","1","1249","1285","2.733365480817264","","",""
"401520424","2023","13","regular","2023-11-24T00:30:00.000Z","false","true","false","true","60412","3693","Davis Wade Stadium","344","Mississippi State","fbs","SEC","7","0,0,7,0","0.03835942968726158","1421","1421","145","Ole Miss","fbs","SEC","17","0,3,7,7","0.9616405703127384","1676","1676","4.985995098971654","","",""
"401525560","2023","13","regular","2023-11-24T17:00:00.000Z","false","true","false","true","30569","3615","Alumni Stadium (Chestnut Hill, MA)","103","Boston College","fbs","ACC","20","7,0,7,6","0","1306","1269","2390","Miami","fbs","ACC","45","7,21,7,10","1","1563","1600","3.262139947020029","","",""
"401525900","2023","13","regular","2023-11-24T17:00:00.000Z","false","true","false","true","83669","3835","Memorial Stadium (Norman, OK)","201","Oklahoma","fbs","Big 12","69","14,28,10,17","1","1945","1974","2628","TCU","fbs","Big 12","45","13,3,22,7","0","1660","1631","3.894179905770515","","",""
"401532451","2023","13","regular","2023-11-24T17:00:00.000Z","false","true","false","true","8612","3786","Kelly/Shorts Stadium","2117","Central Michigan","fbs","Mid-American","17","0,0,3,14","0.0879661962389946","1257","1250","2649","Toledo","fbs","Mid-American","32","0,10,7,15","0.9120338037610054","1552","1559","3.8798536852011787","","",""
"401532452","2023","13","regular","2023-11-24T17:00:00.000Z","false","true","false","true","6152","3768","InfoCision Stadium","2006","Akron","fbs","Mid-American","14","0,14,0,0","0.002887916751205921","1054","1068","195","Ohio","fbs","Mid-American","25","3,0,15,7","0.9971120832487941","1505","1491","4.684187695785901","","",""
"401520425","2023","13","regular","2023-11-24T17:00:00.000Z","false","true","false","true","86183","3834","Memorial Stadium (Lincoln, NE)","158","Nebraska","fbs","Big Ten","10","0,7,3,0","0.3028721511363983","1505","1511","2294","Iowa","fbs","Big Ten","13","0,10,0,3","0.6971278488636017","1681","1675","5.441862592739627","","",""
"401531394","2023","13","regular","2023-11-24T17:00:00.000Z","false","true","false","true","10830","3806","Lincoln Financial Field","218","Temple","fbs","American Athletic","21","6,0,8,7","0.018138684332370758","1022","1017","235","Memphis","fbs","American Athletic","45","14,14,7,10","0.9818613156676292","1566","1571","2.9827112614087166","","",""
"401531376","2023","13","regular","2023-11-24T20:30:00.000Z","false","true","false","true","25103","4729","Yulman Stadium","2655","Tulane","fbs","American Athletic","29","7,16,0,6","1","1628","1657","2636","UTSA","fbs","American Athletic","16","7,3,0,6","0","1665","1636","3.767585916021981","","",""
"401532629","2023","13","regular","2023-11-24T20:30:00.000Z","false","true","false","true","12094","3971","University Stadium (NM)","167","New Mexico","fbs","Mountain West","41","7,7,7,10,7,3","0.08329390445634482","1093","1102","328","Utah State","fbs","Mountain West","44","14,3,7,7,7,6","0.9167060955436552","1330","1321","10.3759804369","","",""
"401532625","2023","13","regular","2023-11-24T21:00:00.000Z","false","true","false","true","36390","3653","Albertsons Stadium","68","Boise State","fbs","Mountain West","27","3,14,7,3","0.71910560131073","1673","1678","2005","Air Force","fbs","Mountain West","19","0,6,13,0","0.28089439868927","1565","1560","3.7805285595350564","","",""
"401520426","2023","13","regular","2023-11-24T21:00:00.000Z","false","true","false","true","59847","3887","Razorback Stadium","8","Arkansas","fbs","SEC","14","0,0,0,14","0.005770199932157993","1495","1431","142","Missouri","fbs","SEC","48","10,10,21,7","0.994229800067842","1759","1823","4.090696418303551","","",""
"401520435","2023","13","regular","2023-11-25T00:30:00.000Z","false","true","true","true","51927","3727","Ford Field","127","Michigan State","fbs","Big Ten","0","0,0,0,0","0.005273166112601757","1372","1338","213","Penn State","fbs","Big Ten","42","3,10,15,14","0.9947268338873982","2027","2061","3.6317535278777684","","",""
"401525901","2023","13","regular","2023-11-25T00:30:00.000Z","false","true","false","true","102452","3910","DKR-Texas Memorial Stadium","251","Texas","fbs","Big 12","57","10,16,24,7","0.9270350337028503","1917","2026","2641","Texas Tech","fbs","Big 12","7","7,0,0,0","0.07296496629714966","1613","1504","2.7018201258943653","","",""
"401524063","2023","13","regular","2023-11-25T01:30:00.000Z","false","true","false","true","59987","3626","Autzen Stadium","2483","Oregon","fbs","Pac-12","31","7,14,3,7","0.9889654517173767","2006","2046","204","Oregon State","fbs","Pac-12","7","0,7,0,0","0.011034548282623291","1830","1790","3.1050491894246055","","",""
"401532454","2023","13","regular","2023-11-25T17:00:00.000Z","false","true","false","true","8054","3919","Scheumann Stadium","2050","Ball State","fbs","Mid-American","15","6,6,0,3","0.2916595935821533","1251","1262","193","Miami (OH)","fbs","Mid-American","17","7,7,3,0","0.7083404064178467","1506","1495","5.743271064052617","","",""
"401531927","2023","13","regular","2023-11-25T17:00:00.000Z","false","true","false","true","19766","3815","M. M. Roberts Stadium","2572","Southern Miss","fbs","Sun Belt","17","0,10,7,0","0.27247604727745056","1155","1164","2653","Troy","fbs","Sun Belt","35","7,7,14,7","0.7275239527225494","1705","1696","4.643363208668079","","",""
"401520432","2023","13","regular","2023-11-25T17:00:00.000Z","false","true","false","false","59225","3873","L&N Federal Credit Union Stadium","97","Louisville","fbs","ACC","31","7,3,14,7","0.3617289960384369","1761","1736","96","Kentucky","fbs","SEC","38","0,7,14,17","0.6382710039615631","1611","1636","6.770680853932759","","",""
"401531435","2023","13","regular","2023-11-25T17:00:00.000Z","false","true","false","true","21490","3735","Gerald J. Ford Stadium","2567","SMU","fbs","American Athletic","59","28,24,7,0","0.9897427558898926","1769","1852","2426","Navy","fbs","American Athletic","14","7,7,0,0","0.010257244110107422","1394","1311","2.220058265244863","","",""
"401525561","2023","13","regular","2023-11-25T17:00:00.000Z","false","true","false","true","17639","3982","Wallace Wade Stadium","150","Duke","fbs","ACC","30","3,7,10,10","0.7154719829559326","1625","1629","221","Pittsburgh","fbs","ACC","19","3,7,3,6","0.2845280170440674","1408","1404","4.974436463758115","","",""
"401520443","2023","13","regular","2023-11-25T17:00:00.000Z","false","true","false","true","12291","3985","Warren McGuirk Alumni Stadium","113","Massachusetts","fbs","FBS Independents","18","0,0,6,12","0","982","962","41","UConn","fbs","FBS Independents","31","6,13,6,6","1","1076","1096","3.2963548055137957","","",""
"401532453","2023","13","regular","2023-11-25T17:00:00.000Z","false","true","false","true","","3696","Dix Stadium","2309","Kent State","fbs","Mid-American","27","0,17,3,7","0.4241633117198944","971","987","2459","Northern Illinois","fbs","Mid-American","37","10,0,14,13","0.5758366882801056","1434","1418","5.990928255833402","","",""
"401520438","2023","13","regular","2023-11-25T17:00:00.000Z","false","true","false","true","59993","3907","Ross-Ade Stadium","2509","Purdue","fbs","Big Ten","35","0,12,6,17","0.9897637963294983","1490","1489","84","Indiana","fbs","Big Ten","31","7,7,14,3","0.010236203670501709","1342","1343","7.373412363094119","","",""
"401520434","2023","13","regular","2023-11-25T17:00:00.000Z","false","true","false","true","110615","3558","Michigan Stadium","130","Michigan","fbs","Big Ten","30","7,7,10,6","0.8578894138336182","2160","2165","194","Ohio State","fbs","Big Ten","24","3,7,7,7","0.14211058616638184","2113","2108","4.43762936113148","","",""
"401520440","2023","13","regular","2023-11-25T17:00:00.000Z","false","true","false","true","5349","3647","Elliott T. Bowers Stadium","2534","Sam Houston","fbs","Conference USA","23","3,6,7,7","0.5532975792884827","1331","1332","2393","Middle Tennessee","fbs","Conference USA","20","10,0,3,7","0.44670242071151733","1352","1351","7.132643835019985","","",""
"401525906","2023","13","regular","2023-11-25T17:00:00.000Z","false","true","false","true","43610","3652","FBC Mortgage Stadium","2116","UCF","fbs","Big 12","27","6,7,14,0","0.9925288558006287","1648","1658","248","Houston","fbs","Big 12","13","10,0,0,3","0.007471144199371338","1431","1421","3.5171814428779222","","",""
"401520433","2023","13","regular","2023-11-25T17:00:00.000Z","false","true","false","true","101178","3958","Tiger Stadium (LA)","99","LSU","fbs","SEC","42","7,7,7,21","0.4884084463119507","1985","1995","245","Texas A&M","fbs","SEC","30","0,17,7,6","0.5115915536880493","1827","1817","4.965661723627621","","",""
"401531421","2023","13","regular","2023-11-25T18:00:00.000Z","false","true","false","true","19393","3895","Rice Stadium","242","Rice","fbs","American Athletic","24","7,3,14,0","0.49651655554771423","1357","1358","2226","Florida Atlantic","fbs","American Athletic","21","7,0,7,7","0.5034834444522858","1384","1383","5.500427735329265","","",""
"401531346","2023","13","regular","2023-11-25T19:00:00.000Z","false","true","false","true","29567","3699","Dowdy-Ficklen Stadium","151","East Carolina","fbs","American Athletic","27","14,10,0,3","0.8182138800621033","1375","1356","202","Tulsa","fbs","American Athletic","29","13,7,6,3","0.18178611993789673","1103","1122","7.11502846466685","","",""
"401531925","2023","13","regular","2023-11-25T19:00:00.000Z","false","true","false","true","15717","3918","S.B. Ballard Stadium","295","Old Dominion","fbs","Sun Belt","25","0,0,7,18","0.18033747375011444","1355","1355","2247","Georgia State","fbs","Sun Belt","24","7,14,0,3","0.8196625262498856","1323","1323","5.4357245247580535","","",""
"401525563","2023","13","regular","2023-11-25T19:00:00.000Z","false","true","false","true","35018","1964","JMA Wireless Dome","183","Syracuse","fbs","ACC","35","7,7,7,14","0.6188660264015198","1396","1399","154","Wake Forest","fbs","ACC","31","7,3,7,14","0.3811339735984802","1400","1397","5.490695251700827","","",""
"401531386","2023","13","regular","2023-11-25T19:00:00.000Z","false","true","false","true","14628","3825","DATCU Stadium","249","North Texas","fbs","American Athletic","45","7,7,11,20","0.26889505982398987","1369","1369","5","UAB","fbs","American Athletic","42","13,15,0,14","0.7311049401760101","1295","1295","7.824270089504842","","",""
"401520428","2023","13","regular","2023-11-25T20:00:00.000Z","false","true","false","true","12724","218","FIU Stadium","2229","Florida International","fbs","Conference USA","28","0,7,7,14","0.1694149523973465","985","997","98","Western Kentucky","fbs","Conference USA","41","21,13,7,0","0.8305850476026535","1465","1453","2.8149706633851546","","",""
"401531926","2023","13","regular","2023-11-25T20:00:00.000Z","false","true","false","true","13892","3666","Cajun Field","309","Louisiana","fbs","Sun Belt","52","7,24,14,7","0.9552949666976929","1458","1491","2433","UL Monroe","fbs","Sun Belt","21","7,7,0,7","0.04470503330230713","1018","985","2.860667413588111","","",""
"401524067","2023","13","regular","2023-11-25T20:00:00.000Z","false","true","false","true","51595","587","Rice-Eccles Stadium","254","Utah","fbs","Pac-12","23","7,6,7,3","0.9611333008830251","1735","1719","38","Colorado","fbs","Pac-12","17","0,10,0,7","0.038866699116974934","1221","1237","4.511363972","","",""
"401532628","2023","13","regular","2023-11-25T20:00:00.000Z","false","true","false","true","25554","6501","Allegiant Stadium","2439","UNLV","fbs","Mountain West","31","7,3,7,14","0.021592099219560623","1560","1551","23","San José State","fbs","Mountain West","37","17,3,10,7","0.9784079007804394","1589","1598","3.962989765084391","","",""
"401520427","2023","13","regular","2023-11-25T20:30:00.000Z","false","true","false","true","88043","3785","Jordan-Hare Stadium","2","Auburn","fbs","SEC","24","7,7,7,3","0.14676618348576967","1612","1631","333","Alabama","fbs","SEC","27","7,10,3,7","0.8532338165142304","2047","2028","7.3620010608","","",""
"401520439","2023","13","regular","2023-11-25T20:30:00.000Z","false","true","false","true","","6577","SHI Stadium","164","Rutgers","fbs","Big Ten","24","3,14,0,7","0.020181216299533844","1447","1421","120","Maryland","fbs","Big Ten","42","21,7,7,7","0.9798187837004662","1623","1649","3.5392524640322196","","",""
"401524064","2023","13","regular","2023-11-25T20:30:00.000Z","false","true","false","true","53414","3947","Mountain America Stadium","9","Arizona State","fbs","Pac-12","23","7,0,8,8","0.17606619000434875","1338","1283","12","Arizona","fbs","Pac-12","59","10,28,14,7","0.8239338099956512","1723","1778","3.5703937809978794","","",""
"401520442","2023","13","regular","2023-11-25T20:30:00.000Z","false","true","false","true","101915","3853","Neyland Stadium","2633","Tennessee","fbs","SEC","48","14,17,14,3","0.993727541165205","1787","1786","238","Vanderbilt","fbs","SEC","24","7,3,0,14","0.006272458834794992","1175","1176","5.8917547354","","",""
"401520436","2023","13","regular","2023-11-25T20:30:00.000Z","false","true","false","true","48119","3953","Huntington Bank Stadium","135","Minnesota","fbs","Big Ten","14","7,7,0,0","0.012391461059451103","1502","1479","275","Wisconsin","fbs","Big Ten","28","0,14,14,0","0.9876085389405489","1598","1621","4.617487040098747","","",""
"401520431","2023","13","regular","2023-11-25T20:30:00.000Z","false","true","false","true","42310","3832","Memorial Stadium (Champaign, IL)","356","Illinois","fbs","Big Ten","43","3,17,3,20","0.16760297119617462","1510","1504","77","Northwestern","fbs","Big Ten","45","7,14,7,17","0.8323970288038254","1457","1463","7.020218575618355","","",""
"401525905","2023","13","regular","2023-11-25T20:30:00.000Z","false","true","false","true","53855","3646","Boone Pickens Stadium","197","Oklahoma State","fbs","Big 12","40","6,0,7,14,7,6","0.22135066986083984","1512","1512","252","BYU","fbs","Big 12","34","7,17,0,3,7,0","0.7786493301391602","1364","1364","7.47096135795622","","",""
"401520444","2023","13","regular","2023-11-25T20:30:00.000Z","false","true","false","true","10240","3946","Sun Bowl","2638","UTEP","fbs","Conference USA","28","7,0,0,21","0.08716566860675812","1183","1195","2335","Liberty","fbs","Conference USA","42","21,7,7,7","0.9128343313932419","1683","1671","4.254701517730671","","",""
"401525564","2023","13","regular","2023-11-25T20:30:00.000Z","false","true","false","true","42976","3923","Scott Stadium","258","Virginia","fbs","ACC","17","0,0,10,7","0","1297","1216","259","Virginia Tech","fbs","ACC","55","10,14,24,7","1","1526","1607","2.5063670423310946","","",""
"401531922","2023","13","regular","2023-11-25T20:30:00.000Z","false","true","false","true","31248","3792","Kidd Brewer Stadium","2026","App State","fbs","Sun Belt","55","3,24,14,14","0.9884169101715088","1631","1679","290","Georgia Southern","fbs","Sun Belt","27","14,3,0,10","0.011583089828491211","1416","1368","3.7194817678080607","","",""
"401531923","2023","13","regular","2023-11-25T20:30:00.000Z","false","true","false","true","16196","3654","Brooks Stadium (SC)","324","Coastal Carolina","fbs","Sun Belt","14","0,0,7,7","0","1481","1391","256","James Madison","fbs","Sun Belt","56","7,21,14,14","1","1745","1835","2.499929904620836","","",""
"401531924","2023","13","regular","2023-11-25T20:30:00.000Z","false","true","false","true","18673","3775","Joan C. Edwards Stadium","276","Marshall","fbs","Sun Belt","35","14,14,7,0","0.9580082893371582","1338","1371","2032","Arkansas State","fbs","Sun Belt","21","0,7,7,7","0.0419917106628418","1394","1361","3.356187900479125","","",""
"401524068","2023","13","regular","2023-11-25T21:00:00.000Z","false","true","false","true","71312","3765","Husky Stadium","264","Washington","fbs","Pac-12","24","7,7,7,3","0.8094761371612549","1871","1868","265","Washington State","fbs","Pac-12","21","7,7,0,7","0.19052386283874512","1543","1546","6.534436169121355","","",""
"401520437","2023","13","regular","2023-11-25T21:00:00.000Z","false","true","false","true","15702","3601","Aggie Memorial Stadium","166","New Mexico State","fbs","Conference USA","20","14,3,0,3","0.40239667892456055","1484","1486","55","Jacksonville State","fbs","Conference USA","17","0,3,0,14","0.5976033210754395","1563","1561","4.416505634583895","","",""
"401524065","2023","13","regular","2023-11-26T00:00:00.000Z","false","true","false","false","30901","3940","Stanford Stadium","24","Stanford","fbs","Pac-12","23","13,3,0,7","0","1179","1180","87","Notre Dame","fbs","FBS Independents","56","7,21,21,7","1","2010","2009","4.846391871555068","","",""
"401531928","2023","13","regular","2023-11-26T00:00:00.000Z","false","true","false","true","15617","3644","Bobcat Stadium (TX)","326","Texas State","fbs","Sun Belt","52","24,7,7,14","0.7514841556549072","1244","1285","6","South Alabama","fbs","Sun Belt","44","0,17,7,20","0.24851584434509277","1662","1621","3.304830793012665","","",""
"401520429","2023","13","regular","2023-11-26T00:00:00.000Z","false","true","false","false","90341","3634","Ben Hill Griffin Stadium","57","Florida","fbs","SEC","15","0,12,3,0","0.8001095056533813","1583","1594","52","Florida State","fbs","ACC","24","0,7,7,10","0.19989049434661865","1954","1943","4.7851383374538745","","",""
"401525902","2023","13","regular","2023-11-26T00:00:00.000Z","false","true","false","true","36200","4727","McLane Stadium","239","Baylor","fbs","Big 12","31","0,14,14,3","0.30211934447288513","1378","1384","277","West Virginia","fbs","Big 12","34","7,20,0,7","0.6978806555271149","1552","1546","6.933219282643835","","",""
"401520441","2023","13","regular","2023-11-26T00:30:00.000Z","false","true","false","false","80172","3994","Williams-Brice Stadium","2579","South Carolina","fbs","SEC","7","7,0,0,0","0.0032313354313373566","1598","1594","228","Clemson","fbs","ACC","16","10,3,3,0","0.9967686645686626","1765","1769","4.290412204214198","","",""
"401520430","2023","13","regular","2023-11-26T00:30:00.000Z","false","true","false","false","51447","721","Bobby Dodd Stadium","59","Georgia Tech","fbs","ACC","23","10,3,0,10","0.16621607542037964","1419","1455","61","Georgia","fbs","SEC","31","7,14,10,0","0.8337839245796204","2158","2122","3.6268672294105824","","",""
"401525903","2023","13","regular","2023-11-26T00:30:00.000Z","false","true","false","true","38193","3854","Nippert Stadium","2132","Cincinnati","fbs","Big 12","16","3,7,0,6","0.03664315119385719","1412","1342","2305","Kansas","fbs","Big 12","49","0,21,7,21","0.9633568488061428","1601","1671","4.507177144707829","","",""
"401531410","2023","13","regular","2023-11-26T00:30:00.000Z","false","true","false","true","29279","3886","Raymond James Stadium","58","South Florida","fbs","American Athletic","48","7,14,20,7","0.9871367812156677","1168","1260","2429","Charlotte","fbs","American Athletic","14","7,0,7,0","0.012863218784332275","1147","1055","3.8419717583637083","","",""
"401525904","2023","13","regular","2023-11-26T01:00:00.000Z","false","true","false","true","51481","3636","Bill Snyder Family Stadium","2306","Kansas State","fbs","Big 12","35","6,14,8,7","0.02434096485376358","1983","1942","66","Iowa State","fbs","Big 12","42","7,7,14,14","0.9756590351462364","1661","1702","7.231551650782639","","",""
"401525562","2023","13","regular","2023-11-26T01:00:00.000Z","false","true","false","true","","3670","Carter-Finley Stadium","152","NC State","fbs","ACC","39","6,20,13,0","0.9955218434333801","1609","1660","153","North Carolina","fbs","ACC","20","0,7,13,0","0.004478156566619873","1685","1634","2.4542888433983703","","",""
"401532630","2023","13","regular","2023-11-26T02:00:00.000Z","false","true","false","true","12044","3816","Mackay Stadium","2440","Nevada","fbs","Mountain West","6","0,6,0,0","0.0077036963775753975","1153","1083","2751","Wyoming","fbs","Mountain West","42","14,7,14,7","0.9922963036224246","1421","1491","2.2409414496657165","","",""
"401532627","2023","13","regular","2023-11-26T03:30:00.000Z","false","true","false","true","22000","7311","Snapdragon Stadium","21","San Diego State","fbs","Mountain West","33","3,13,7,10","0.991149365901947","1319","1375","278","Fresno State","fbs","Mountain West","18","7,3,0,8","0.008850634098052979","1570","1514","4.019257539701209","","",""
"401524066","2023","13","regular","2023-11-26T03:30:00.000Z","false","true","false","true","42439","1056","Rose Bowl","26","UCLA","fbs","Pac-12","7","0,7,0,0","0.08483637124300003","1667","1565","25","California","fbs","Pac-12","33","6,14,0,13","0.915163628757","1431","1533","4.772950478839031","","",""
"401532626","2023","13","regular","2023-11-26T04:00:00.000Z","false","true","false","true","11013","7220","Clarence T.C. Ching Athletics Complex","62","Hawai'i","fbs","Mountain West","27","7,7,7,6","0.7594634294509888","1087","1091","36","Colorado State","fbs","Mountain West","24","7,3,0,14","0.24053657054901123","1280","1276","4.510380828139828","","",""
"401539476","2023","14","regular","2023-12-02T00:00:00.000Z","false","true","false","true","20077","3992","Williams Stadium (VA)","2335","Liberty","fbs","Conference USA","49","7,14,14,14","1","1671","1684","166","New Mexico State","fbs","Conference USA","35","7,14,14,0","0","1486","1473","5.657151236799431","","Conference USA Championship",""
"401539475","2023","14","regular","2023-12-02T01:00:00.000Z","false","true","true","true","61195","6501","Allegiant Stadium","264","Washington","fbs","Pac-12","34","10,10,0,14","0.6868787407875061","1868","1883","2483","Oregon","fbs","Pac-12","31","0,10,14,7","0.3131212592124939","2046","2031","4.632603624626","","Pac-12 Championship",""
"401539481","2023","14","regular","2023-12-02T17:00:00.000Z","false","true","true","true","20200","3727","Ford Field","2649","Toledo","fbs","Mid-American","14","0,8,6,0","0.16272379457950592","1559","1542","193","Miami (OH)","fbs","Mid-American","23","10,0,3,10","0.8372762054204941","1495","1512","5.64927708228785","","MAC Championship",""
"401539479","2023","14","regular","2023-12-02T17:00:00.000Z","false","true","true","true","84523","3687","AT&T Stadium","251","Texas","fbs","Big 12","49","21,14,7,7","0.9125336408615112","2026","2050","197","Oklahoma State","fbs","Big 12","21","7,7,0,7","0.08746635913848877","1512","1488","2.682477923978333","","Dr Pepper Big 12 Championship",""
"401539482","2023","14","regular","2023-12-02T20:00:00.000Z","false","true","false","true","31473","6501","Allegiant Stadium","2439","UNLV","fbs","Mountain West","20","7,10,3,0","0","1551","1502","68","Boise State","fbs","Mountain West","44","14,17,10,3","1","1678","1727","4.537181503707494","","Mountain West Championship",""
"401539477","2023","14","regular","2023-12-02T21:00:00.000Z","false","true","false","true","25206","4729","Yulman Stadium","2655","Tulane","fbs","American Athletic","14","7,0,7,0","0.021172016859054565","1657","1648","2567","SMU","fbs","American Athletic","26","7,7,3,9","0.9788279831409454","1852","1861","5.850979128386324","","American Athletic Championship",""
"401539483","2023","14","regular","2023-12-02T21:00:00.000Z","false","true","true","true","78320","5348","Mercedes-Benz Stadium","333","Alabama","fbs","SEC","27","3,14,3,7","0.8988999128341675","2028","2039","61","Georgia","fbs","SEC","24","7,0,3,14","0.10110008716583252","2122","2111","4.750936560754581","","SEC Championship",""
"401539484","2023","14","regular","2023-12-02T21:00:00.000Z","false","true","false","true","20183","3975","Veterans Memorial Stadium (AL)","2653","Troy","fbs","Sun Belt","49","0,14,7,28","0.9891805648803711","1696","1761","2026","App State","fbs","Sun Belt","23","0,7,10,6","0.010819435119628906","1679","1614","4.506650901544978","","Sun Belt Championship",""
"401539480","2023","14","regular","2023-12-03T01:00:00.000Z","false","true","true","true","67842","3812","Lucas Oil Stadium","2294","Iowa","fbs","Big Ten","0","0,0,0,0","0.01917589083313942","1675","1666","130","Michigan","fbs","Big Ten","26","10,0,10,6","0.9808241091668606","2165","2174","2.5930054253916217","","Big Ten Championship",""
"401539478","2023","14","regular","2023-12-03T01:00:00.000Z","false","true","true","true","62314","3628","Bank of America Stadium","52","Florida State","fbs","ACC","16","0,3,7,6","0.9365867972373962","1943","1951","97","Louisville","fbs","ACC","6","0,0,3,3","0.06341320276260376","1736","1728","4.598934322216172","","ACC Championship",""
"401520445","2023","15","regular","2023-12-09T20:00:00.000Z","false","true","true","false","65878","3738","Gillette Stadium","349","Army","fbs","FBS Independents","17","0,10,0,7","0.7172252731276807","1379","1388","2426","Navy","fbs","American Athletic","11","0,0,0,11","0.2827747268723193","1311","1302","5.136619754","","",""
