"Id","Season","Week","SeasonType","StartDate","StartTimeTBD","Completed","NeutralSite","ConferenceGame","Attendance","VenueId","Venue","HomeId","HomeTeam","HomeClassification","HomeConference","HomePoints","HomeLineScores","HomePostgameWinProbability","HomePregameElo","HomePostgameElo","AwayId","AwayTeam","AwayClassification","AwayConference","AwayPoints","AwayLineScores","AwayPostgameWinProbability","AwayPregameElo","AwayPostgameElo","ExcitementIndex","Highlights","Notes","Playoff"
"401635525","2024","1","regular","2024-08-24T16:00:00.000Z","false","true","true","true","47998","3504","Aviva Stadium","59","Georgia Tech","fbs","ACC","24","7,7,0,10","0.9345302581787109","1497","1513","52","Florida State","fbs","ACC","21","8,6,0,7","0.06546974182128906","1692","1676","4.952562146005351","","Aer Lingus College Football Classic",""
"401643697","2024","1","regular","2024-08-24T20:00:00.000Z","false","true","false","false","17314","3971","University Stadium (NM)","167","New Mexico","fbs","Mountain West","31","10,14,7,0","0.5594903230667114","1234","1234","147","Montana State","fcs","Big Sky","35","0,14,0,21","0.4405096769332886","","","5.319334519577319","","",""
"401643696","2024","1","regular","2024-08-25T00:00:00.000Z","false","true","false","false","20263","3816","Mackay Stadium","2440","Nevada","fbs","Mountain West","24","7,10,7,0","0.07378165423870087","1222","1243","2567","SMU","fbs","ACC","29","0,10,3,16","0.9262183457612991","1690","1669","5.96225907281757","","",""
"401643858","2024","1","regular","2024-08-25T03:59:00.000Z","false","true","false","false","12206","7220","Clarence T.C. Ching Athletics Complex","62","Hawai'i","fbs","Mountain West","35","14,0,7,14","0.9564689570884497","1227","1227","2169","Delaware State","fcs","MEAC","14","0,7,7,0","0.0435310429115503","","","5.224356278","","",""
"401628458","2024","1","regular","2024-08-29T22:00:00.000Z","false","true","false","false","47803","6577","SHI Stadium","164","Rutgers","fbs","Big Ten","44","7,10,14,13","0.9901049137115479","1460","1460","47","Howard","fcs","MEAC","7","0,7,0,0","0.009895086288452148","","","2.843802521321338","","",""
"401628581","2024","1","regular","2024-08-29T23:00:00.000Z","false","true","false","false","29450","3630","Allegacy Federal Credit Union Stadium","154","Wake Forest","fbs","ACC","45","7,10,21,7","0.982387900352478","1431","1431","2448","North Carolina A&T","fcs","Coastal Athletic","13","7,3,0,3","0.017612099647521973","","","3.697231428764851","","",""
"401634299","2024","1","regular","2024-08-29T23:00:00.000Z","false","true","false","false","56919","3670","Carter-Finley Stadium","152","NC State","fbs","ACC","38","7,7,3,21","0.9725978970527649","1606","1606","2717","Western Carolina","fcs","Southern","21","14,0,7,0","0.027402102947235107","","","7.864829086653119","","",""
"401644727","2024","1","regular","2024-08-29T23:00:00.000Z","false","true","false","false","16400","3965","UB Stadium","2084","Buffalo","fbs","Mid-American","30","13,3,7,7","0.981427013874054","1357","1357","322","Lafayette","fcs","Patriot","13","0,0,6,7","0.018572986125946045","","","2.959181739704556","","",""
"401628582","2024","1","regular","2024-08-29T23:00:00.000Z","false","true","false","false","44206","3652","FBC Mortgage Stadium","2116","UCF","fbs","Big 12","57","6,23,28,0","1","1578","1578","160","New Hampshire","fcs","Coastal Athletic","3","0,3,0,0","0","","","2.317428368851348","","",""
"401636387","2024","1","regular","2024-08-29T23:00:00.000Z","false","true","false","false","11145","3817","Malone Stadium","2433","UL Monroe","fbs","Sun Belt","30","7,7,7,9","0.9698949195350997","1156","1156","2296","Jackson State","fcs","SWAC","14","0,7,7,0","0.030105080464900347","","","6.4645770987","","",""
"401644730","2024","1","regular","2024-08-29T23:00:00.000Z","false","true","false","false","18055","3786","Kelly/Shorts Stadium","2117","Central Michigan","fbs","Mid-American","66","14,28,24,0","0.8601021766662598","1333","1333","2115","Central Connecticut","fcs","NEC","10","7,0,3,0","0.13989782333374023","","","2.5520731835134005","","",""
"401644729","2024","1","regular","2024-08-29T23:00:00.000Z","false","true","false","false","12786","3700","Doyt L. Perry Stadium","189","Bowling Green","fbs","Mid-American","41","20,7,7,7","0.8227765560150146","1431","1431","2230","Fordham","fcs","Patriot","17","0,3,7,7","0.17722344398498535","","","2.0955176328791945","","",""
"401628320","2024","1","regular","2024-08-29T23:30:00.000Z","false","true","true","false","40127","3983","War Memorial Stadium (AR)","8","Arkansas","fbs","SEC","70","28,21,7,14","0.9989700310726486","1454","1454","2029","Arkansas-Pine Bluff","fcs","SWAC","0","0,0,0,0","0.00102996892735141","","","2.5735528941","","",""
"401644728","2024","1","regular","2024-08-29T23:30:00.000Z","false","true","false","false","23515","3739","Glass Bowl","2649","Toledo","fbs","Mid-American","49","21,7,14,7","0.978938102722168","1526","1526","2184","Duquesne","fcs","NEC","10","7,3,0,0","0.02106189727783203","","","3.0303738346295788","","",""
"401640998","2024","1","regular","2024-08-30T00:00:00.000Z","false","true","false","false","18977","3662","AmFirst Stadium","55","Jacksonville State","fbs","Conference USA","27","3,7,0,17","0","1538","1449","324","Coastal Carolina","fbs","Sun Belt","55","17,14,10,14","1","1448","1537","2.6124580530927535","","",""
"401645316","2024","1","regular","2024-08-30T00:00:00.000Z","false","true","false","false","21267","7221","Protective Stadium","5","UAB","fbs","American Athletic","41","14,14,3,10","0.9941887855529785","1363","1363","2016","Alcorn State","fcs","SWAC","3","3,0,0,0","0.005811214447021484","","","2.457954599383663","","",""
"401645318","2024","1","regular","2024-08-30T00:00:00.000Z","false","true","false","false","16483","3674","Chapman Stadium","202","Tulsa","fbs","American Athletic","62","14,27,7,14","0.9918601512908936","1248","1248","2466","Northwestern State","fcs","Southland","28","14,0,0,14","0.008139848709106445","","","3.903791429464651","","",""
"401636606","2024","1","regular","2024-08-30T00:00:00.000Z","false","true","true","false","20829","3486","Children's Mercy Park","2305","Kansas","fbs","Big 12","48","7,27,7,7","0.998935341835022","1619","1619","2815","Lindenwood","fcs","Big South-OVC","3","0,0,0,3","0.0010646581649780273","","","2.5591263641735407","","",""
"401645317","2024","1","regular","2024-08-30T00:00:00.000Z","false","true","false","false","20143","4729","Yulman Stadium","2655","Tulane","fbs","American Athletic","52","7,14,14,17","0.9875071048736572","1565","1565","2545","SE Louisiana","fcs","Southland","0","0,0,0,0","0.012492895126342773","","","2.15213815031093","","",""
"401634206","2024","1","regular","2024-08-30T00:00:00.000Z","false","true","false","false","49438","3726","Folsom Field","38","Colorado","fbs","Big 12","31","14,3,7,7","0.35244855284690857","1324","1324","2449","North Dakota State","fcs","MVFC","26","10,10,0,6","0.6475514471530914","","","5.152339932073766","","",""
"401628448","2024","1","regular","2024-08-30T00:00:00.000Z","false","true","false","false","50805","3953","Huntington Bank Stadium","135","Minnesota","fbs","Big Ten","17","0,14,0,3","0.9122595191001892","1492","1492","153","North Carolina","fbs","ACC","19","0,7,6,6","0.08774048089981079","1546","1546","5.521270141362677","","",""
"401628327","2024","1","regular","2024-08-30T00:00:00.000Z","false","true","false","false","62621","3838","Memorial Stadium","142","Missouri","fbs","SEC","51","28,7,10,6","0.9774129390716553","1744","1744","93","Murray State","fcs","MVFC","0","0,0,0,0","0.022587060928344727","","","1.712941538765301","","",""
"401636607","2024","1","regular","2024-08-30T01:00:00.000Z","false","true","false","false","52210","587","Rice-Eccles Stadium","254","Utah","fbs","Big 12","49","7,28,7,7","0.9919071197509766","1622","1622","253","Southern Utah","fcs","UAC","0","0,0,0,0","0.008092880249023438","","","1.8134759040786974","","",""
"401654845","2024","1","regular","2024-08-30T01:00:00.000Z","false","true","false","false","43849","3832","Memorial Stadium (Champaign, IL)","356","Illinois","fbs","Big Ten","45","14,17,7,7","0.9923451542854309","1502","1502","2197","Eastern Illinois","fcs","Big South-OVC","0","0,0,0,0","0.007654845714569092","","","2.4551539303536507","","",""
"401643698","2024","1","regular","2024-08-30T02:00:00.000Z","false","true","false","false","13811","3935","CEFCU Stadium","23","San José State","fbs","Mountain West","42","7,7,7,21","0.9956003427505493","1544","1544","16","Sacramento State","fcs","Big Sky","24","14,3,7,0","0.004399657249450684","","","6.442913215712913","","",""
"401645319","2024","1","regular","2024-08-30T22:00:00.000Z","false","true","false","false","23760","3841","Michie Stadium","349","Army","fbs","American Athletic","42","7,14,7,14","0.9542645215988159","1425","1425","2329","Lehigh","fcs","Patriot","7","7,0,0,0","0.04573547840118408","","","2.3715897160909445","","",""
"401628328","2024","1","regular","2024-08-30T23:00:00.000Z","false","true","false","false","83329","3835","Memorial Stadium (Norman, OK)","201","Oklahoma","fbs","SEC","51","17,17,3,14","0.9779277443885803","1786","1849","218","Temple","fbs","American Athletic","3","0,0,3,0","0.022072255611419678","1178","1115","2.0425201022360624","","",""
"401628453","2024","1","regular","2024-08-30T23:00:00.000Z","false","true","false","false","70271","3936","Spartan Stadium","127","Michigan State","fbs","Big Ten","16","2,14,0,0","0.8807753324508667","1392","1401","2226","Florida Atlantic","fbs","American Athletic","10","0,3,7,0","0.1192246675491333","1422","1413","3.9106104302508538","","",""
"401628584","2024","1","regular","2024-08-30T23:30:00.000Z","false","true","false","false","18466","3982","Wallace Wade Stadium","150","Duke","fbs","ACC","26","3,7,9,7","0.5600078105926514","1602","1602","2210","Elon","fcs","Coastal Athletic","3","0,0,0,3","0.43999218940734863","","","3.2282799740134647","","",""
"401628461","2024","1","regular","2024-08-31T01:00:00.000Z","false","true","false","false","75158","347","Camp Randall Stadium","275","Wisconsin","fbs","Big Ten","28","0,10,3,15","0.9123791456222534","1587","1593","2711","Western Michigan","fbs","Mid-American","14","0,7,0,7","0.08762085437774658","1315","1309","4.26093839948511","","",""
"401634300","2024","1","regular","2024-08-31T02:30:00.000Z","false","true","false","false","36026","3940","Stanford Stadium","24","Stanford","fbs","ACC","27","7,10,0,10","0.03356953710317612","1286","1295","2628","TCU","fbs","Big 12","34","7,3,10,14","0.9664304628968239","1587","1578","7.363318406375972","","",""
"401643703","2024","1","regular","2024-08-31T04:00:00.000Z","true","true","false","false","17037","3905","Maverik Stadium","328","Utah State","fbs","Mountain West","36","7,3,10,16","0.9518612027168274","1346","1346","2523","Robert Morris","fcs","NEC","14","0,14,0,0","0.04813879728317261","","","6.101459371659212","","",""
"401628323","2024","1","regular","2024-08-31T16:00:00.000Z","false","true","true","false","78827","5348","Mercedes-Benz Stadium","61","Georgia","fbs","SEC","34","0,6,14,14","0.980593204498291","2015","2066","228","Clemson","fbs","ACC","3","0,0,3,0","0.019406795501708984","1676","1625","2.8789609314034847","","Aflac Kickoff",""
"401628450","2024","1","regular","2024-08-31T16:00:00.000Z","false","true","false","false","69250","3793","Kinnick Stadium","2294","Iowa","fbs","Big Ten","40","3,3,13,21","1","1550","1550","2287","Illinois State","fcs","MVFC","0","0,0,0,0","0","","","2.793911585006647","","",""
"401634169","2024","1","regular","2024-08-31T16:00:00.000Z","false","true","false","false","59488","3907","Ross-Ade Stadium","2509","Purdue","fbs","Big Ten","49","7,14,14,14","0.9893006086349487","1492","1492","282","Indiana State","fcs","MVFC","0","0,0,0,0","0.01069939136505127","","","2.3671068601956624","","",""
"401628451","2024","1","regular","2024-08-31T16:00:00.000Z","false","true","false","false","35421","3665","SECU Stadium","120","Maryland","fbs","Big Ten","50","14,9,13,14","0.9924694895744324","1630","1703","41","UConn","fbs","FBS Independents","7","0,0,7,0","0.007530510425567627","1230","1157","2.404775825788813","","",""
"401628457","2024","1","regular","2024-08-31T16:00:00.000Z","false","true","false","false","62084","3842","Milan Puskar Stadium","277","West Virginia","fbs","Big 12","12","0,6,0,6","0","1574","1546","213","Penn State","fbs","Big Ten","34","0,20,7,7","1","1833","1861","3.7351041653868955","","",""
"401645322","2024","1","regular","2024-08-31T16:00:00.000Z","false","true","false","false","28763","3852","Navy-Marine Corps Memorial Stadium","2426","Navy","fbs","American Athletic","49","6,22,7,14","0.9987257122993469","1368","1368","2083","Bucknell","fcs","Patriot","21","7,0,7,7","0.0012742877006530762","","","3.6932632596516344","","",""
"401632062","2024","1","regular","2024-08-31T16:00:00.000Z","false","true","false","false","47067","3873","L&N Federal Credit Union Stadium","97","Louisville","fbs","ACC","62","10,28,21,3","0.9891191124916077","1625","1625","2046","Austin Peay","fcs","UAC","0","0,0,0,0","0.010880887508392334","","","1.8768843520273661","","",""
"401634305","2024","1","regular","2024-08-31T16:00:00.000Z","false","true","false","false","44616","3752","Acrisure Stadium","221","Pittsburgh","fbs","ACC","55","14,14,14,13","0.965776264667511","1436","1486","2309","Kent State","fbs","Mid-American","24","7,7,10,0","0.034223735332489014","1158","1108","3.4014438325652123","","",""
"401628333","2024","1","regular","2024-08-31T16:00:00.000Z","false","true","false","false","","3973","FirstBank Stadium","238","Vanderbilt","fbs","SEC","34","3,14,3,7,7","1","1284","1313","259","Virginia Tech","fbs","ACC","27","0,3,10,14,0","0","1604","1575","6.107332935925761","","",""
"401628330","2024","1","regular","2024-08-31T16:45:00.000Z","false","true","false","false","101915","3853","Neyland Stadium","2633","Tennessee","fbs","SEC","69","24,21,10,14","0.9840481877326965","1751","1751","236","Chattanooga","fcs","Southern","3","0,0,3,0","0.015951812267303467","","","2.0430216449479515","","",""
"401634212","2024","1","regular","2024-08-31T18:00:00.000Z","false","true","false","false","52202","3646","Boone Pickens Stadium","197","Oklahoma State","fbs","Big 12","44","10,7,21,6","0.9937065839767456","1522","1522","2571","South Dakota State","fcs","MVFC","20","0,6,7,7","0.0062934160232543945","","","2.9147172692536496","","",""
"401628591","2024","1","regular","2024-08-31T18:30:00.000Z","false","true","false","false","37654","3854","Nippert Stadium","2132","Cincinnati","fbs","Big 12","38","21,7,10,0","0.9920116662979126","1394","1394","119","Towson","fcs","Coastal Athletic","20","3,14,3,0","0.007988333702087402","","","2.9961249219906474","","",""
"401637159","2024","1","regular","2024-08-31T19:00:00.000Z","false","true","false","false","20089","3820","Gesa Field","265","Washington State","fbs","Pac-12","70","22,27,14,7","0.9906681180000305","1530","1530","2502","Portland State","fcs","Big Sky","30","7,10,6,7","0.009331881999969482","","","2.983677029155857","","",""
"401628322","2024","1","regular","2024-08-31T19:30:00.000Z","false","true","false","false","90544","3634","Ben Hill Griffin Stadium","57","Florida","fbs","SEC","17","3,7,0,7","0.008286379277706146","1562","1497","2390","Miami","fbs","ACC","41","7,17,14,3","0.9917136207222939","1553","1618","3.1975890118592023","","",""
"401643699","2024","1","regular","2024-08-31T19:30:00.000Z","false","true","false","false","31658","3713","Falcon Stadium","2005","Air Force","fbs","Mountain West","21","7,7,0,7","0.9875192046165466","1572","1572","2771","Merrimack","fcs","FCS Independents","6","0,0,0,6","0.01248079538345337","","","3.0020065660070876","","",""
"401641015","2024","1","regular","2024-08-31T19:30:00.000Z","false","true","false","false","25911","3604","Alamodome","2636","UTSA","fbs","American Athletic","28","14,7,0,7","0.9809761643409729","1598","1613","338","Kennesaw State","fbs","Conference USA","16","3,3,3,7","0.0190238356590271","1500","1485","4.051633624226645","","",""
"401628331","2024","1","regular","2024-08-31T19:30:00.000Z","false","true","false","false","99171","3910","DKR-Texas Memorial Stadium","251","Texas","fbs","SEC","52","7,24,14,7","0.9847278594970703","1850","1939","36","Colorado State","fbs","Mountain West","0","0,0,0,0","0.015272140502929688","1350","1261","1.9847637724366323","","",""
"401629039","2024","1","regular","2024-08-31T19:30:00.000Z","false","true","false","false","12810","3985","Warren McGuirk Alumni Stadium","113","Massachusetts","fbs","FBS Independents","14","0,0,7,7","0.051648177206516266","1141","1123","2199","Eastern Michigan","fbs","Mid-American","28","0,14,3,11","0.9483518227934837","1287","1305","4.213328917079542","","",""
"401628454","2024","1","regular","2024-08-31T19:30:00.000Z","false","true","false","false","86072","3834","Memorial Stadium (Lincoln, NE)","158","Nebraska","fbs","Big Ten","40","7,23,7,3","0.9538794159889221","1507","1571","2638","UTEP","fbs","Conference USA","7","7,0,0,0","0.04612058401107788","1296","1232","3.5714442090281193","","",""
"401628455","2024","1","regular","2024-08-31T19:30:00.000Z","false","true","false","false","102011","3861","Ohio Stadium","194","Ohio State","fbs","Big Ten","52","7,10,21,14","0.9925321340560913","1876","1927","2006","Akron","fbs","Mid-American","6","3,0,3,0","0.007467865943908691","1212","1161","2.516653106939922","","",""
"401644731","2024","1","regular","2024-08-31T19:30:00.000Z","false","true","false","false","10828","3764","Huskie Stadium","2459","Northern Illinois","fbs","Mid-American","54","6,28,13,7","0.9901735782623291","1446","1446","2710","Western Illinois","fcs","Big South-OVC","15","3,0,5,7","0.009826421737670898","","","2.6824886934792875","","",""
"401634304","2024","1","regular","2024-08-31T19:30:00.000Z","false","true","false","false","37225","1964","JMA Wireless Dome","183","Syracuse","fbs","ACC","38","0,17,14,7","0.9857051968574524","1330","1383","195","Ohio","fbs","Mid-American","22","6,3,7,6","0.014294803142547607","1522","1469","3.7649885928754214","","",""
"401634197","2024","1","regular","2024-08-31T19:30:00.000Z","false","true","false","false","56148","3772","Jack Trice Stadium","66","Iowa State","fbs","Big 12","21","7,7,0,7","0.9792457818984985","1612","1612","155","North Dakota","fcs","MVFC","3","0,3,0,0","0.020754218101501465","","","2.7771316305979155","","",""
"401644683","2024","1","regular","2024-08-31T19:30:00.000Z","false","true","true","false","12023","5960","Lanny and Sharon Martin Stadium","77","Northwestern","fbs","Big Ten","13","3,0,7,3","0.5036942958831787","1498","1514","193","Miami (OH)","fbs","Mid-American","6","3,0,0,3","0.4963057041168213","1506","1490","3.9585540485657753","","",""
"401628449","2024","1","regular","2024-08-31T19:30:00.000Z","false","true","false","false","44150","3830","Memorial Stadium (Bloomington, IN)","84","Indiana","fbs","Big Ten","31","14,7,3,7","0.9948592782020569","1395","1430","2229","Florida International","fbs","Conference USA","7","0,7,0,0","0.005140721797943115","1164","1129","2.3762521935476086","","",""
"401634133","2024","1","regular","2024-08-31T19:30:00.000Z","false","true","false","false","36232","3792","Kidd Brewer Stadium","2026","App State","fbs","Sun Belt","38","10,7,7,14","0.9833067655563354","1578","1578","2193","East Tennessee State","fcs","Southern","10","0,7,3,0","0.01669323444366455","","","3.2225527344981484","","",""
"401643700","2024","1","regular","2024-08-31T20:00:00.000Z","false","true","false","false","24134","3608","Allen E. Paulson Stadium","290","Georgia Southern","fbs","Sun Belt","45","0,16,14,15","0.15358150005340576","1384","1381","68","Boise State","fbs","Mountain West","56","14,14,8,20","0.8464184999465942","1626","1629","6.415953292529481","","",""
"401628329","2024","1","regular","2024-08-31T20:15:00.000Z","false","true","false","false","78496","3994","Williams-Brice Stadium","2579","South Carolina","fbs","SEC","23","10,3,3,7","0.9613243341445923","1562","1560","295","Old Dominion","fbs","Sun Belt","19","7,0,9,3","0.038675665855407715","1406","1408","5.344174217300797","","",""
"401634301","2024","1","regular","2024-08-31T21:00:00.000Z","false","true","false","false","32275","3831","California Memorial Stadium","25","California","fbs","ACC","31","7,7,10,7","0.19788752496242523","1483","1483","302","UC Davis","fcs","Big Sky","13","6,7,0,0","0.8021124750375748","","","3.103797912597656","","",""
"401628590","2024","1","regular","2024-08-31T21:00:00.000Z","false","true","false","false","25032","3775","Joan C. Edwards Stadium","276","Marshall","fbs","Sun Belt","45","7,10,7,21","0.9932472109794617","1406","1406","2619","Stony Brook","fcs","Coastal Athletic","3","0,0,3,0","0.00675278902053833","","","3.017729382763726","","",""
"401643775","2024","1","regular","2024-08-31T21:00:00.000Z","false","true","false","false","15559","6526","Hancock Whitney Stadium","6","South Alabama","fbs","Sun Belt","38","3,16,7,12","0.467881441116333","1650","1593","249","North Texas","fbs","American Athletic","52","7,7,28,10","0.532118558883667","1412","1469","6.0740383434957135","","",""
"401645320","2024","1","regular","2024-08-31T22:00:00.000Z","false","true","false","false","36467","3699","Dowdy-Ficklen Stadium","151","East Carolina","fbs","American Athletic","42","14,14,7,7","0.8727564811706543","1404","1404","2450","Norfolk State","fcs","MEAC","3","3,0,0,0","0.1272435188293457","","","2.3093746490890448","","",""
"401628326","2024","1","regular","2024-08-31T22:00:00.000Z","false","true","false","false","48724","3693","Davis Wade Stadium","344","Mississippi State","fbs","SEC","56","14,21,7,14","0.936838686466217","1447","1447","2198","Eastern Kentucky","fcs","UAC","7","0,7,0,0","0.06316131353378296","","","2.095558575056547","","",""
"401628589","2024","1","regular","2024-08-31T22:00:00.000Z","false","true","false","false","40811","3923","Scott Stadium","258","Virginia","fbs","ACC","34","17,10,7,0","0.9931436777114868","1310","1310","257","Richmond","fcs","Coastal Athletic","13","0,7,3,3","0.006856322288513184","","","2.34711357614246","","",""
"401628586","2024","1","regular","2024-08-31T22:00:00.000Z","false","true","false","false","21573","3992","Williams Stadium (VA)","2335","Liberty","fbs","Conference USA","41","7,10,10,14","1","1572","1572","2097","Campbell","fcs","Coastal Athletic","24","3,7,7,7","0","","","3.788145792359345","","",""
"401643704","2024","1","regular","2024-08-31T22:30:00.000Z","false","true","false","false","31013","3893","Reser Stadium","204","Oregon State","fbs","Pac-12","38","7,10,14,7","0.992974579334259","1648","1648","304","Idaho State","fcs","Big Sky","15","9,0,6,0","0.007025420665740967","","","3.5831568074348135","","",""
"401645321","2024","1","regular","2024-08-31T23:00:00.000Z","false","true","false","false","25849","3805","Simmons Bank Liberty Stadium","235","Memphis","fbs","American Athletic","40","7,24,3,6","0.99004065990448","1569","1569","2453","North Alabama","fcs","UAC","0","0,0,0,0","0.00995934009552002","","","1.896845397834977","","",""
"401628325","2024","1","regular","2024-08-31T23:00:00.000Z","false","true","false","false","66105","3974","Vaught-Hemingway Stadium","145","Ole Miss","fbs","SEC","76","24,28,21,3","0.9876115322113037","1658","1658","231","Furman","fcs","Southern","0","0,0,0,0","0.012388467788696289","","","2.0785826451708838","","",""
"401636612","2024","1","regular","2024-08-31T23:00:00.000Z","false","true","false","false","51240","3636","Bill Snyder Family Stadium","2306","Kansas State","fbs","Big 12","41","14,3,10,14","0.9845443964004517","1794","1794","2630","UT Martin","fcs","Big South-OVC","6","0,3,3,0","0.01545560359954834","","","2.76967873508945","","",""
"401643701","2024","1","regular","2024-08-31T23:00:00.000Z","false","true","false","false","27412","3975","Veterans Memorial Stadium (AL)","2653","Troy","fbs","Sun Belt","26","7,7,3,9","0.09937945753335953","1657","1629","2440","Nevada","fbs","Mountain West","28","0,6,15,7","0.9006205424666405","1243","1271","5.118414180981349","","",""
"401632064","2024","1","regular","2024-08-31T23:00:00.000Z","false","true","false","false","21708","3625","Centennial Bank Stadium","2032","Arkansas State","fbs","Sun Belt","34","6,7,7,14","0.5000490546226501","1406","1406","2110","Central Arkansas","fcs","UAC","31","0,0,10,21","0.49995094537734985","","","6.284371400998511","","",""
"401641023","2024","1","regular","2024-08-31T23:00:00.000Z","false","true","false","false","16000","3725","Johnny ""Red"" Floyd Stadium","2393","Middle Tennessee","fbs","Conference USA","32","7,14,0,11","0.4409990906715393","1400","1400","2635","Tennessee Tech","fcs","Big South-OVC","25","0,5,6,14","0.5590009093284607","","","4.508355150612762","","",""
"401636363","2024","1","regular","2024-08-31T23:00:00.000Z","false","true","false","false","","3886","Raymond James Stadium","58","South Florida","fbs","American Athletic","48","14,17,17,0","0.9894034266471863","1442","1442","2065","Bethune-Cookman","fcs","SWAC","3","0,3,0,0","0.01059657335281372","","","2.6146601166694183","","",""
"401636610","2024","1","regular","2024-08-31T23:00:00.000Z","false","true","false","false","42272","4727","McLane Stadium","239","Baylor","fbs","Big 12","45","21,7,7,10","0.9881401658058167","1422","1422","2627","Tarleton State","fcs","UAC","3","0,0,3,0","0.01185983419418335","","","1.9740995609871808","","",""
"401628319","2024","1","regular","2024-08-31T23:00:00.000Z","false","true","false","false","100077","3657","Bryant-Denny Stadium","333","Alabama","fbs","SEC","63","21,21,14,7","0.9892138242721558","1854","1997","98","Western Kentucky","fbs","Conference USA","0","0,0,0,0","0.010786175727844238","1466","1323","2.0994842554552258","","",""
"401636611","2024","1","regular","2024-08-31T23:00:00.000Z","false","true","false","false","25750","4728","TDECU Stadium","248","Houston","fbs","Big 12","7","0,0,0,7","0","1447","1402","2439","UNLV","fbs","Mountain West","27","7,7,10,3","1","1496","1541","2.872623398404453","","",""
"401641039","2024","1","regular","2024-08-31T23:00:00.000Z","false","true","false","false","17298","3895","Rice Stadium","242","Rice","fbs","American Athletic","14","0,7,7,0","0.020895639434456825","1362","1314","2534","Sam Houston","fbs","Conference USA","34","17,7,10,0","0.9791043605655432","1388","1436","3.5503441904816904","","",""
"401628452","2024","1","regular","2024-08-31T23:30:00.000Z","false","true","false","false","110665","3558","Michigan Stadium","130","Michigan","fbs","Big Ten","30","7,3,3,17","1","1973","1980","278","Fresno State","fbs","Mountain West","10","0,3,0,7","0","1558","1551","3.7357864560743543","","",""
"401628321","2024","1","regular","2024-08-31T23:30:00.000Z","false","true","false","false","88043","3785","Jordan-Hare Stadium","2","Auburn","fbs","SEC","73","28,24,14,7","0.9892137050628662","1556","1556","2010","Alabama A&M","fcs","SWAC","3","0,3,0,0","0.010786294937133789","","","1.844879981360457","","",""
"401628332","2024","1","regular","2024-08-31T23:30:00.000Z","false","true","false","false","","3795","Kyle Field","245","Texas A&M","fbs","SEC","13","3,3,0,7","0.11668472737073898","1681","1677","87","Notre Dame","fbs","FBS Independents","23","3,3,7,10","0.883315272629261","1884","1888","6.42230706776738","","",""
"401636613","2024","1","regular","2024-08-31T23:30:00.000Z","false","true","false","false","","3784","Jones AT&T Stadium","2641","Texas Tech","fbs","Big 12","52","22,10,7,6,7","0.662904679775238","1541","1541","2000","Abilene Christian","fcs","UAC","51","7,14,7,17,6","0.33709532022476196","","","8.44736610307328","","",""
"401628459","2024","1","regular","2024-08-31T23:30:00.000Z","false","true","false","false","15194","7220","Clarence T.C. Ching Athletics Complex","62","Hawai'i","fbs","Mountain West","13","7,3,3,0","0.566781222820282","1227","1242","26","UCLA","fbs","Big Ten","16","0,0,10,6","0.433218777179718","1568","1553","5.060538179534148","","",""
"401628456","2024","1","regular","2024-08-31T23:30:00.000Z","false","true","false","false","57435","3626","Autzen Stadium","2483","Oregon","fbs","Big Ten","24","7,7,0,10","0.9564478993415833","1904","1904","70","Idaho","fcs","Big Sky","14","0,0,7,7","0.04355210065841675","","","3.2933338755279626","","",""
"401628324","2024","1","regular","2024-08-31T23:45:00.000Z","false","true","false","false","61627","3683","Kroger Field","96","Kentucky","fbs","SEC","31","7,17,7","0.9930383563041687","1594","1640","2572","Southern Miss","fbs","Sun Belt","0","0,0,0","0.006961643695831299","1276","1230","2.213364541530609","","",""
"401636380","2024","1","regular","2024-09-01T00:00:00.000Z","false","true","false","false","23107","3666","Cajun Field","309","Louisiana","fbs","Sun Belt","40","7,23,7,3","0.9625090956687927","1496","1496","2755","Grambling","fcs","SWAC","10","0,0,7,3","0.037490904331207275","","","2.044324133531423","","",""
"401641007","2024","1","regular","2024-09-01T00:00:00.000Z","false","true","false","false","16570","3776","Joe Aillet Stadium","2348","Louisiana Tech","fbs","Conference USA","25","9,6,0,10","0.7930136322975159","1246","1246","2447","Nicholls","fcs","Southland","17","7,3,0,7","0.20698636770248413","","","5.509162046377392","","",""
"401643776","2024","1","regular","2024-09-01T00:00:00.000Z","false","true","false","false","19637","3644","Bobcat Stadium (TX)","326","Texas State","fbs","Sun Belt","34","15,3,3,13","0.9913235902786255","1399","1399","2320","Lamar","fcs","Southland","27","0,0,10,17","0.008676409721374512","","","3.6638370202947153","","",""
"401643774","2024","1","regular","2024-09-01T00:00:00.000Z","false","true","false","false","15614","4418","Jerry Richardson Stadium","2429","Charlotte","fbs","American Athletic","7","0,7,0,0","0","1203","1195","256","James Madison","fbs","Sun Belt","30","3,6,7,14","1","1691","1699","5.219903622148383","","",""
"401634240","2024","1","regular","2024-09-01T00:00:00.000Z","false","true","false","false","63712","3801","LaVell Edwards Stadium","252","BYU","fbs","Big 12","41","14,3,14,10","0.9939239621162415","1409","1409","79","Southern Illinois","fcs","MVFC","13","0,6,7,0","0.006076037883758545","","","2.8656754836713834","","",""
"401634302","2024","1","regular","2024-09-01T00:00:00.000Z","false","true","false","false","40113","721","Bobby Dodd Stadium","59","Georgia Tech","fbs","ACC","35","7,7,14,7","0.9883953332901001","1513","1559","2247","Georgia State","fbs","Sun Belt","12","0,3,9,0","0.011604666709899902","1416","1370","2.79266360511285","","",""
"401634303","2024","1","regular","2024-09-01T00:00:00.000Z","false","true","false","false","27080","3735","Gerald J. Ford Stadium","2567","SMU","fbs","ACC","59","28,14,7,10","0.9895529747009277","1684","1684","2277","Houston Christian","fcs","Southland","7","0,7,0,0","0.010447025299072266","","","2.048850774861513","","",""
"401643702","2024","1","regular","2024-09-01T00:00:00.000Z","false","true","false","false","25180","7311","Snapdragon Stadium","21","San Diego State","fbs","Mountain West","45","3,0,21,21","0.951508641242981","1416","1416","2837","East Texas A&M","fcs","Southland","14","0,6,8,0","0.04849135875701904","","","4.359621429975252","","",""
"401641032","2024","1","regular","2024-09-01T01:00:00.000Z","false","true","false","false","10738","3601","Aggie Memorial Stadium","166","New Mexico State","fbs","Conference USA","23","0,10,0,13","0.7747358083724976","1432","1432","2546","Southeast Missouri State","fcs","Big South-OVC","16","7,3,3,3","0.22526419162750244","","","6.669492879326449","","",""
"401636608","2024","1","regular","2024-09-01T02:30:00.000Z","false","true","false","false","44748","3619","Arizona Stadium","12","Arizona","fbs","Big 12","61","14,13,21,13","1","1714","1720","167","New Mexico","fbs","Mountain West","39","14,10,7,8","0","1234","1228","6.344794804431931","","",""
"401636609","2024","1","regular","2024-09-01T02:30:00.000Z","false","true","false","false","48108","3947","Mountain America Stadium","9","Arizona State","fbs","Big 12","48","17,10,21,0","0.9907545447349548","1355","1497","2751","Wyoming","fbs","Mountain West","7","0,0,0,7","0.009245455265045166","1496","1354","2.0747835987465097","","",""
"401628460","2024","1","regular","2024-09-01T03:00:00.000Z","false","true","false","false","66984","3765","Husky Stadium","264","Washington","fbs","Big Ten","35","0,14,14,7","0.9939773678779602","1752","1752","2692","Weber State","fcs","Big Sky","3","0,0,3,0","0.006022632122039795","","","3.155760778429135","","",""
"401628334","2024","1","regular","2024-09-01T23:30:00.000Z","false","true","true","false","63969","6501","Allegiant Stadium","99","LSU","fbs","SEC","20","0,10,7,3","0.21626512706279755","1823","1803","30","USC","fbs","Big Ten","27","0,10,3,14","0.7837348729372025","1648","1668","6.961932840784732","","Modelo Vegas Kickoff Classic",""
"401634306","2024","1","regular","2024-09-02T23:30:00.000Z","false","true","false","true","51719","3697","Doak Campbell Stadium","52","Florida State","fbs","ACC","13","0,6,7,0","0","1676","1610","103","Boston College","fbs","ACC","28","0,14,14,0","1","1396","1462","3.7022391337755955","","",""
"401628463","2024","2","regular","2024-09-06T23:00:00.000Z","false","true","false","false","39082","3830","Memorial Stadium (Bloomington, IN)","84","Indiana","fbs","Big Ten","77","28,14,14,21","0.9930822253227234","1438","1438","2710","Western Illinois","fcs","Big South-OVC","3","0,3,0,0","0.006917774677276611","","","1.5636748517539911","","",""
"401634765","2024","2","regular","2024-09-06T23:00:00.000Z","false","true","false","false","31172","3735","Gerald J. Ford Stadium","2567","SMU","fbs","ACC","15","0,9,3,3","0.4060007929801941","1669","1648","252","BYU","fbs","Big 12","18","7,0,8,3","0.5939992070198059","1409","1430","6.1588267572600675","","",""
"401635533","2024","2","regular","2024-09-07T01:00:00.000Z","false","true","true","false","11062","5960","Lanny and Sharon Martin Stadium","77","Northwestern","fbs","Big Ten","20","3,7,0,3,7,0","0.3426882028579712","1514","1514","150","Duke","fbs","ACC","26","7,0,3,3,7,6","0.6573117971420288","1602","1602","8.391282619490461","","",""
"401645323","2024","2","regular","2024-09-07T16:00:00.000Z","false","true","false","true","21810","3715","FAU Stadium","2226","Florida Atlantic","fbs","American Athletic","7","0,7,0,0","0.05286223813891411","1413","1373","349","Army","fbs","American Athletic","24","14,0,3,7","0.9471377618610859","1425","1465","3.224387081978644","","",""
"401635538","2024","2","regular","2024-09-07T16:00:00.000Z","false","true","false","false","37992","3854","Nippert Stadium","2132","Cincinnati","fbs","Big 12","27","14,3,10,0","0.7313023209571838","1394","1397","221","Pittsburgh","fbs","ACC","28","3,3,7,15","0.26869767904281616","1486","1483","4.295273637788174","","",""
"401635534","2024","2","regular","2024-09-07T16:00:00.000Z","false","true","false","true","39550","1964","JMA Wireless Dome","183","Syracuse","fbs","ACC","31","7,14,3,7","0.8480484485626221","1383","1386","59","Georgia Tech","fbs","ACC","28","7,7,0,14","0.15195155143737793","1559","1556","4.14882037870088","","",""
"401636616","2024","2","regular","2024-09-07T16:00:00.000Z","false","true","false","false","25034","4729","Yulman Stadium","2655","Tulane","fbs","American Athletic","27","7,13,0,7","0.5240082740783691","1565","1569","2306","Kansas State","fbs","Big 12","34","3,7,10,14","0.47599172592163086","1794","1790","5.538814788554292","","",""
"401636999","2024","2","regular","2024-09-07T16:00:00.000Z","false","true","false","false","32351","3892","Pratt & Whitney Stadium","41","UConn","fbs","FBS Independents","63","35,21,7,0","0.9976685047149658","1139","1139","2771","Merrimack","fcs","FCS Independents","17","7,0,0,10","0.0023314952850341797","","","2.0065422113994913","","",""
"401628471","2024","2","regular","2024-09-07T16:00:00.000Z","false","true","false","false","41021","6577","SHI Stadium","164","Rutgers","fbs","Big Ten","49","7,14,14,14","0.9931941032409668","1460","1511","2006","Akron","fbs","Mid-American","17","0,3,7,7","0.006805896759033203","1161","1110","3.0386438020649287","","",""
"401628470","2024","2","regular","2024-09-07T16:00:00.000Z","false","true","false","false","103861","3632","Beaver Stadium","213","Penn State","fbs","Big Ten","34","7,13,7,7","0.9979978799819946","1861","1848","189","Bowling Green","fbs","Mid-American","27","10,14,0,3","0.002002120018005371","1431","1444","6.638447287522661","","",""
"401643784","2024","2","regular","2024-09-07T16:00:00.000Z","false","true","false","false","23246","3805","Simmons Bank Liberty Stadium","235","Memphis","fbs","American Athletic","38","7,14,10,7","0.9747728705406189","1569","1625","2653","Troy","fbs","Sun Belt","17","0,7,3,7","0.025227129459381104","1629","1573","2.788899546320005","","",""
"401628347","2024","2","regular","2024-09-07T16:00:00.000Z","false","true","false","false","111170","3558","Michigan Stadium","130","Michigan","fbs","Big Ten","12","0,3,3,6","0.020386317744851112","1980","1928","251","Texas","fbs","SEC","31","7,17,7,0","0.9796136822551489","1939","1991","3.3875016933001283","","",""
"401628336","2024","2","regular","2024-09-07T16:00:00.000Z","false","true","false","false","52202","3646","Boone Pickens Stadium","197","Oklahoma State","fbs","Big 12","39","0,7,6,18,0,8","0.30445101857185364","1522","1530","8","Arkansas","fbs","SEC","31","14,7,0,10,0,0","0.6955489814281464","1454","1446","8.765053543167511","","",""
"401628466","2024","2","regular","2024-09-07T16:00:00.000Z","false","true","false","false","41006","3953","Huntington Bank Stadium","135","Minnesota","fbs","Big Ten","48","3,14,14,17","0.9912123680114746","1490","1490","227","Rhode Island","fcs","Coastal Athletic","0","0,0,0,0","0.00878763198852539","","","1.8414549011241264","","",""
"401628348","2024","2","regular","2024-09-07T16:45:00.000Z","false","true","false","false","92345","3795","Kyle Field","245","Texas A&M","fbs","SEC","52","14,24,7,7","1","1666","1666","2377","McNeese","fcs","Southland","10","0,0,0,10","0","","","2.052852433234934","","",""
"401634181","2024","2","regular","2024-09-07T18:00:00.000Z","false","true","false","false","10018","3919","Scheumann Stadium","2050","Ball State","fbs","Mid-American","42","0,7,7,28","0.7886424660682678","1341","1341","2623","Missouri State","fcs","MVFC","34","7,0,7,20","0.21135753393173218","","","5.422839298593091","","",""
"401628339","2024","2","regular","2024-09-07T18:00:00.000Z","false","true","false","false","93033","3917","Sanford Stadium","61","Georgia","fbs","SEC","48","14,10,21,3","0.9855786561965942","2079","2079","2635","Tennessee Tech","fcs","Big South-OVC","3","0,0,0,3","0.014421343803405762","","","1.864636604599209","","",""
"401644732","2024","2","regular","2024-09-07T18:30:00.000Z","false","true","false","false","11585","3696","Dix Stadium","2309","Kent State","fbs","Mid-American","17","0,14,0,3","0","1096","1096","2598","Saint Francis","fcs","NEC","23","10,10,3,0","1","","","4.309314242353065","","",""
"401632071","2024","2","regular","2024-09-07T19:00:00.000Z","false","true","false","false","24512","6501","Allegiant Stadium","2439","UNLV","fbs","Mountain West","72","28,16,7,21","0.9928979873657227","1548","1548","3101","Utah Tech","fcs","UAC","14","7,0,7,0","0.007102012634277344","","","2.7655722924630237","","",""
"401628337","2024","2","regular","2024-09-07T19:30:00.000Z","false","true","false","false","88043","3785","Jordan-Hare Stadium","2","Auburn","fbs","SEC","14","7,0,0,7","0.06808583438396454","1556","1537","25","California","fbs","ACC","21","7,7,0,7","0.9319141656160355","1483","1502","5.665729955527845","","",""
"401643710","2024","2","regular","2024-09-07T19:30:00.000Z","false","true","false","false","25070","3984","War Memorial Stadium","2751","Wyoming","fbs","Mountain West","13","10,0,0,3","0.9253181219100952","1369","1369","70","Idaho","fcs","Big Sky","17","7,10,0,0","0.07468187808990479","","","5.910495367741504","","",""
"401636618","2024","2","regular","2024-09-07T19:30:00.000Z","false","true","false","false","52827","587","Rice-Eccles Stadium","254","Utah","fbs","Big 12","23","17,6,0,0","0.9527061581611633","1622","1627","239","Baylor","fbs","Big 12","12","0,3,9,0","0.04729384183883667","1422","1417","2.485521324783402","","",""
"401629040","2024","2","regular","2024-09-07T19:30:00.000Z","false","true","false","false","21668","3739","Glass Bowl","2649","Toledo","fbs","Mid-American","38","7,10,7,14","0.4932994842529297","1526","1524","113","Massachusetts","fbs","FBS Independents","23","0,13,3,7","0.5067005157470703","1123","1125","4.470971626005707","","",""
"401628465","2024","2","regular","2024-09-07T19:30:00.000Z","false","true","false","true","34819","3665","SECU Stadium","120","Maryland","fbs","Big Ten","24","14,0,3,7","0.9415268898010254","1703","1679","127","Michigan State","fbs","Big Ten","27","7,10,0,10","0.05847311019897461","1401","1425","6.819989852706958","","",""
"401628473","2024","2","regular","2024-09-07T19:30:00.000Z","false","true","false","false","64222","3765","Husky Stadium","264","Washington","fbs","Big Ten","30","0,21,9,0","0.9980283379554749","1752","1759","2199","Eastern Michigan","fbs","Mid-American","9","3,3,0,3","0.0019716620445251465","1305","1298","3.4096437901260677","","",""
"401628464","2024","2","regular","2024-09-07T19:30:00.000Z","false","true","false","false","69250","3793","Kinnick Stadium","2294","Iowa","fbs","Big Ten","19","7,6,6,0","0.7676539421081543","1550","1552","66","Iowa State","fbs","Big 12","20","0,0,14,6","0.2323460578918457","1612","1610","5.191841845252687","","",""
"401635535","2024","2","regular","2024-09-07T19:30:00.000Z","false","true","false","false","48575","3873","L&N Federal Credit Union Stadium","97","Louisville","fbs","ACC","49","14,14,7,14","0.9896180033683777","1625","1700","55","Jacksonville State","fbs","Conference USA","14","0,14,0,0","0.010381996631622314","1449","1374","2.4251012030477788","","",""
"401635531","2024","2","regular","2024-09-07T19:30:00.000Z","false","true","false","false","38441","3615","Alumni Stadium (Chestnut Hill, MA)","103","Boston College","fbs","ACC","56","14,28,7,7","0.9920600652694702","1450","1450","2184","Duquesne","fcs","NEC","0","0,0,0,0","0.007939934730529785","","","1.9171770426780852","","",""
"401635537","2024","2","regular","2024-09-07T19:30:00.000Z","false","true","false","false","48431","3787","Kenan Stadium","153","North Carolina","fbs","ACC","38","14,7,10,7","0.9560319781303406","1546","1554","2429","Charlotte","fbs","American Athletic","20","3,3,7,7","0.043968021869659424","1195","1187","2.8465091296431857","","",""
"401628474","2024","2","regular","2024-09-07T19:30:00.000Z","false","true","false","false","76069","347","Camp Randall Stadium","275","Wisconsin","fbs","Big Ten","27","14,3,3,7","0.9941188593552427","1601","1601","233","South Dakota","fcs","MVFC","13","0,3,10,0","0.00588114064475731","","","5.4936784051","","",""
"401645324","2024","2","regular","2024-09-07T19:30:00.000Z","false","true","false","true","28889","3852","Navy-Marine Corps Memorial Stadium","2426","Navy","fbs","American Athletic","38","9,14,15,0","0.9940776824951172","1368","1409","218","Temple","fbs","American Athletic","11","0,3,0,8","0.0059223175048828125","1115","1074","2.2082532584244445","","",""
"401628977","2024","2","regular","2024-09-07T19:30:00.000Z","false","true","false","false","77622","3855","Notre Dame Stadium","87","Notre Dame","fbs","FBS Independents","14","7,0,7,0","0.09658686816692352","1888","1858","2459","Northern Illinois","fbs","Mid-American","16","10,3,0,3","0.9034131318330765","1446","1476","5.544971763389585","","",""
"401628340","2024","2","regular","2024-09-07T19:30:00.000Z","false","true","false","true","61349","3683","Kroger Field","96","Kentucky","fbs","SEC","6","0,6,0,0","0.2009754478931427","1640","1563","2579","South Carolina","fbs","SEC","31","7,3,14,7","0.7990245521068573","1560","1637","4.038801908561728","","",""
"401643783","2024","2","regular","2024-09-07T20:00:00.000Z","false","true","false","false","28000","3644","Bobcat Stadium (TX)","326","Texas State","fbs","Sun Belt","49","14,21,7,7","0.9929013252258301","1399","1545","2636","UTSA","fbs","American Athletic","10","3,0,7,0","0.007098674774169922","1613","1467","2.7242990365183144","","",""
"401628342","2024","2","regular","2024-09-07T20:15:00.000Z","false","true","false","false","66427","3974","Vaught-Hemingway Stadium","145","Ole Miss","fbs","SEC","52","17,14,14,7","0.9935848712921143","1658","1770","2393","Middle Tennessee","fbs","Conference USA","3","0,3,0,0","0.006415128707885742","1400","1288","2.348383465337146","","",""
"401635540","2024","2","regular","2024-09-07T20:30:00.000Z","false","true","false","false","65632","3799","Lane Stadium","259","Virginia Tech","fbs","ACC","31","7,3,14,7","1","1575","1597","276","Marshall","fbs","Sun Belt","14","0,7,7,0","0","1406","1384","4.015605506862386","","",""
"401640979","2024","2","regular","2024-09-07T22:00:00.000Z","false","true","true","false","17852","2031","Pitbull Stadium","2229","Florida International","fbs","Conference USA","52","7,21,8,16","0.9101037383079529","1129","1271","2117","Central Michigan","fbs","Mid-American","16","0,8,8,0","0.08989626169204712","1333","1191","2.815032506455291","","",""
"401643778","2024","2","regular","2024-09-07T22:00:00.000Z","false","true","false","false","21944","3918","S.B. Ballard Stadium","295","Old Dominion","fbs","Sun Belt","14","0,7,7,0","0.9229641556739807","1408","1397","151","East Carolina","fbs","American Athletic","20","6,0,11,3","0.07703584432601929","1404","1415","6.722233829004589","","",""
"401635536","2024","2","regular","2024-09-07T22:00:00.000Z","false","true","false","false","57886","3948","Hard Rock Stadium","2390","Miami","fbs","ACC","56","15,10,21,10","0.9876115322113037","1622","1622","50","Florida A&M","fcs","SWAC","9","3,3,3,0","0.012388467788696289","","","2.445765706266864","","",""
"401643781","2024","2","regular","2024-09-07T22:00:00.000Z","false","true","false","false","22158","3876","Peden Stadium","195","Ohio","fbs","Mid-American","27","3,14,7,3","0.9525876837264748","1469","1486","6","South Alabama","fbs","Sun Belt","20","0,10,7,3","0.04741231627352516","1593","1576","8.6579097653","","",""
"401628593","2024","2","regular","2024-09-07T22:00:00.000Z","false","true","false","false","50073","3842","Milan Puskar Stadium","277","West Virginia","fbs","Big 12","49","14,14,14,7","0.9548979997634888","1527","1527","399","UAlbany","fcs","Coastal Athletic","14","0,14,0,0","0.04510200023651123","","","2.6936235472253913","","",""
"401643777","2024","2","regular","2024-09-07T22:00:00.000Z","false","true","false","false","24570","3651","Bridgeforth Stadium","256","James Madison","fbs","Sun Belt","13","0,0,10,3","0.974480390548706","1728","1728","2241","Gardner-Webb","fcs","Big South-OVC","6","0,3,3,0","0.025519609451293945","","","4.6918861402365994","","",""
"401636617","2024","2","regular","2024-09-07T22:30:00.000Z","false","true","false","false","43807","3652","FBC Mortgage Stadium","2116","UCF","fbs","Big 12","45","14,10,14,7","0.9960842728614807","1578","1644","2534","Sam Houston","fbs","Conference USA","14","0,7,0,7","0.003915727138519287","1436","1370","2.2008123422984096","","",""
"401628338","2024","2","regular","2024-09-07T23:00:00.000Z","false","true","false","false","89295","3634","Ben Hill Griffin Stadium","57","Florida","fbs","SEC","45","7,7,14,17","0.9943934082984924","1493","1493","2535","Samford","fcs","Southern","7","0,0,7,0","0.005606591701507568","","","2.546862971151735","","",""
"401641016","2024","2","regular","2024-09-07T23:00:00.000Z","false","true","false","false","11040","4899","Fifth Third Stadium","338","Kennesaw State","fbs","Conference USA","10","7,0,0,3","0.12064797831540046","1485","1423","309","Louisiana","fbs","Sun Belt","34","0,20,14,0","0.8793520216845996","1496","1558","2.8462981643","","",""
"401645326","2024","2","regular","2024-09-07T23:00:00.000Z","false","true","false","false","17760","3895","Rice Stadium","242","Rice","fbs","American Athletic","69","14,24,17,14","0.9833810329437256","1309","1309","2640","Texas Southern","fcs","SWAC","7","0,0,0,7","0.016618967056274414","","","3.0932280044146196","","",""
"401635539","2024","2","regular","2024-09-07T23:00:00.000Z","false","true","false","false","22634","3940","Stanford Stadium","24","Stanford","fbs","ACC","41","7,7,17,10","0.9992937445640564","1282","1282","13","Cal Poly","fcs","Big Sky","7","0,7,0,0","0.0007062554359436035","","","3.283098593901135","","",""
"401628335","2024","2","regular","2024-09-07T23:00:00.000Z","false","true","false","false","100077","3657","Bryant-Denny Stadium","333","Alabama","fbs","SEC","42","7,7,0,28","0.9907345175743103","1997","2006","58","South Florida","fbs","American Athletic","16","3,3,7,3","0.009265482425689697","1442","1433","5.519475001485697","","",""
"401643708","2024","2","regular","2024-09-07T23:00:00.000Z","false","true","false","false","16245","3816","Mackay Stadium","2440","Nevada","fbs","Mountain West","17","14,0,3,0","0.8694356083869934","1271","1273","290","Georgia Southern","fbs","Sun Belt","20","7,10,3,0","0.1305643916130066","1381","1379","6.573679380449897","","",""
"401643705","2024","2","regular","2024-09-07T23:00:00.000Z","false","true","false","true","22478","3713","Falcon Stadium","2005","Air Force","fbs","Mountain West","7","7,0,0,0","0.23881980776786804","1572","1549","23","San José State","fbs","Mountain West","17","14,0,0,3","0.761180192232132","1544","1567","5.846021492702907","","",""
"401628462","2024","2","regular","2024-09-07T23:00:00.000Z","false","true","false","false","60670","3832","Memorial Stadium (Champaign, IL)","356","Illinois","fbs","Big Ten","23","3,10,0,10","0.6009734272956848","1502","1515","2305","Kansas","fbs","Big 12","17","0,10,7,0","0.3990265727043152","1619","1606","5.323752942523262","","",""
"401632068","2024","2","regular","2024-09-07T23:00:00.000Z","false","true","false","false","16712","3796","Houchens Industries-L.T. Smith Stadium","98","Western Kentucky","fbs","Conference USA","31","10,7,0,14","0.8102861046791077","1307","1307","2198","Eastern Kentucky","fcs","UAC","0","0,0,0,0","0.18971389532089233","","","2.302421485482935","","",""
"401628603","2024","2","regular","2024-09-07T23:00:00.000Z","false","true","false","false","19294","3654","Brooks Stadium (SC)","324","Coastal Carolina","fbs","Sun Belt","40","14,13,10,3","0.9976415522417889","1537","1537","2729","William & Mary","fcs","Coastal Athletic","21","0,7,7,7","0.0023584477582111463","","","3.3772758984","","",""
"401632459","2024","2","regular","2024-09-07T23:00:00.000Z","false","true","false","false","","4246","Center Parc Stadium","2247","Georgia State","fbs","Sun Belt","24","3,7,7,7","0.9809924960136414","1369","1369","236","Chattanooga","fcs","Southern","21","7,0,7,7","0.019007503986358643","","","6.037268105519335","","",""
"401643780","2024","2","regular","2024-09-07T23:00:00.000Z","false","true","false","false","12327","3817","Malone Stadium","2433","UL Monroe","fbs","Sun Belt","32","3,10,9,10","1","1156","1249","5","UAB","fbs","American Athletic","6","3,3,0,0","0","1363","1270","3.1464071515250236","","",""
"401628344","2024","2","regular","2024-09-07T23:00:00.000Z","false","true","false","false","62621","3838","Memorial Stadium","142","Missouri","fbs","SEC","38","3,21,7,7","0.9831824898719788","1744","1803","2084","Buffalo","fbs","Mid-American","0","0,0,0,0","0.01681751012802124","1357","1298","2.346331918882482","","",""
"401643779","2024","2","regular","2024-09-07T23:00:00.000Z","false","true","false","false","19316","3625","Centennial Bank Stadium","2032","Arkansas State","fbs","Sun Belt","28","7,0,21,0","0.2833746373653412","1406","1404","202","Tulsa","fbs","American Athletic","24","3,14,7,0","0.7166253626346588","1248","1250","5.72286519529551","","",""
"401643706","2024","2","regular","2024-09-07T23:00:00.000Z","false","true","false","false","36573","5388","Canvas Stadium","36","Colorado State","fbs","Mountain West","38","10,14,7,7","0.8852595090866089","1237","1237","2458","Northern Colorado","fcs","Big Sky","17","7,0,7,3","0.11474049091339111","","","2.943586015069682","","",""
"401635639","2024","2","regular","2024-09-07T23:00:00.000Z","false","true","false","true","30012","3630","Allegacy Federal Credit Union Stadium","154","Wake Forest","fbs","ACC","30","10,10,10,0","0.6734938025474548","1431","1424","258","Virginia","fbs","ACC","31","3,14,0,14","0.32650619745254517","1310","1317","4.800575262752851","","",""
"401643782","2024","2","regular","2024-09-07T23:00:00.000Z","false","true","false","false","22044","3815","M. M. Roberts Stadium","2572","Southern Miss","fbs","Sun Belt","35","7,7,7,14","0.9458715319633484","1217","1217","2545","SE Louisiana","fcs","Southland","10","3,7,0,0","0.05412846803665161","","","4.205996921112816","","",""
"401628341","2024","2","regular","2024-09-07T23:30:00.000Z","false","true","false","false","100242","3958","Tiger Stadium (LA)","99","LSU","fbs","SEC","44","9,14,21,0","0.7429512739181519","1805","1805","2447","Nicholls","fcs","Southland","21","7,7,7,0","0.25704872608184814","","","4.217336040608287","","",""
"401628468","2024","2","regular","2024-09-07T23:30:00.000Z","false","true","false","false","102665","3861","Ohio Stadium","194","Ohio State","fbs","Big Ten","56","21,14,14,7","0.9989683362339095","1927","2014","2711","Western Michigan","fbs","Mid-American","0","0,0,0,0","0.0010316637660905403","1309","1222","2.276632436","","",""
"401628346","2024","2","regular","2024-09-07T23:30:00.000Z","false","true","true","false","72730","3628","Bank of America Stadium","152","NC State","fbs","ACC","10","0,3,7,0","0","1606","1512","2633","Tennessee","fbs","SEC","51","7,13,17,14","1","1751","1845","3.3329795055565845","","Duke’s Mayo Classic",""
"401628349","2024","2","regular","2024-09-07T23:30:00.000Z","false","true","false","false","24080","3973","FirstBank Stadium","238","Vanderbilt","fbs","SEC","55","10,17,7,21","0.9933366775512695","1303","1303","2016","Alcorn State","fcs","SWAC","0","0,0,0,0","0.006663322448730469","","","1.7662549002880303","","",""
"401645325","2024","2","regular","2024-09-07T23:30:00.000Z","false","true","false","false","23510","3825","DATCU Stadium","249","North Texas","fbs","American Athletic","35","14,7,7,7","0.8242992162704468","1460","1460","2617","Stephen F. Austin","fcs","Southland","20","10,7,3,0","0.17570078372955322","","","5.149063402868667","","",""
"401628467","2024","2","regular","2024-09-07T23:30:00.000Z","false","true","false","false","86906","3834","Memorial Stadium (Lincoln, NE)","158","Nebraska","fbs","Big Ten","28","14,14,0,0","0.965196421811165","1571","1588","38","Colorado","fbs","Big 12","10","0,0,3,7","0.03480357818883495","1324","1307","3.2682399356","","",""
"401628345","2024","2","regular","2024-09-07T23:45:00.000Z","false","true","false","false","83653","3835","Memorial Stadium (Norman, OK)","201","Oklahoma","fbs","SEC","16","7,7,0,2","0.46490561962127686","1849","1840","248","Houston","fbs","Big 12","12","3,3,6,0","0.5350943803787231","1402","1411","4.208051983255282","","",""
"401636615","2024","2","regular","2024-09-08T00:00:00.000Z","false","true","false","false","44063","3616","Amon G. Carter Stadium","2628","TCU","fbs","Big 12","45","10,21,7,7","0.9886891841888428","1591","1591","2341","Long Island University","fcs","NEC","0","0,0,0,0","0.011310815811157227","","","2.2972262547529945","","",""
"401635532","2024","2","regular","2024-09-08T00:00:00.000Z","false","true","false","false","81500","3836","Memorial Stadium (Clemson, SC)","228","Clemson","fbs","ACC","66","35,21,10,0","0.9902606010437012","1625","1757","2026","App State","fbs","Sun Belt","20","0,13,7,0","0.009739398956298828","1578","1446","2.807218041254294","","",""
"401632072","2024","2","regular","2024-09-08T01:00:00.000Z","false","true","false","false","41609","3946","Sun Bowl","2638","UTEP","fbs","Conference USA","24","14,3,0,7,0","0.36967252790505417","1224","1224","253","Southern Utah","fcs","UAC","27","6,0,8,10,3","0.6303274720949459","","","8.3814588335","","",""
"401636859","2024","2","regular","2024-09-08T02:00:00.000Z","false","true","false","false","27372","3820","Gesa Field","265","Washington State","fbs","Pac-12","37","7,20,7,3","1","1530","1581","2641","Texas Tech","fbs","Big 12","16","3,7,0,6","0","1541","1490","3.2125211784622283","","",""
"401636614","2024","2","regular","2024-09-08T02:00:00.000Z","false","true","false","false","47746","3619","Arizona Stadium","12","Arizona","fbs","Big 12","22","3,3,7,9","0.9156093001365662","1739","1739","2464","Northern Arizona","fcs","Big Sky","10","0,10,0,0","0.08439069986343384","","","4.480207187513001","","",""
"401643707","2024","2","regular","2024-09-08T02:00:00.000Z","false","true","false","false","41031","3660","Valley Children's Stadium","278","Fresno State","fbs","Mountain West","46","18,7,14,7","0.9732740521430969","1535","1535","16","Sacramento State","fcs","Big Sky","30","3,7,7,13","0.026725947856903076","","","3.2329650772717775","","",""
"401628469","2024","2","regular","2024-09-08T02:00:00.000Z","false","true","false","false","58134","3626","Autzen Stadium","2483","Oregon","fbs","Big Ten","37","7,7,13,10","0.5011683702468872","1904","1902","68","Boise State","fbs","Mountain West","34","3,17,0,14","0.4988316297531128","1629","1631","7.4909918305693095","","",""
"401640989","2024","2","regular","2024-09-08T02:15:00.000Z","false","true","false","true","16562","3601","Aggie Memorial Stadium","166","New Mexico State","fbs","Conference USA","24","10,7,0,7","0.06431055068969727","1432","1431","2335","Liberty","fbs","Conference USA","30","3,6,0,21","0.9356894493103027","1572","1573","5.135487138691672","","",""
"401628343","2024","2","regular","2024-09-08T02:30:00.000Z","false","true","false","false","45504","3947","Mountain America Stadium","9","Arizona State","fbs","Big 12","30","10,17,3,0","0.8584505915641785","1497","1504","344","Mississippi State","fbs","SEC","23","0,3,7,13","0.14154940843582153","1447","1440","2.823523369454015","","",""
"401643709","2024","2","regular","2024-09-08T02:30:00.000Z","false","true","false","false","25318","7311","Snapdragon Stadium","21","San Diego State","fbs","Mountain West","0","0,0,0,0","0.03767629340291023","1416","1388","204","Oregon State","fbs","Pac-12","21","7,0,0,14","0.9623237065970898","1648","1676","4.518874534277917","","",""
"401628472","2024","2","regular","2024-09-08T03:00:00.000Z","false","true","false","false","68110","477","Los Angeles Memorial Coliseum","30","USC","fbs","Big Ten","48","10,17,7,14","0.9896718859672546","1668","1768","328","Utah State","fbs","Mountain West","0","0,0,0,0","0.010328114032745361","1346","1246","2.00760877860224","","",""
"401636867","2024","3","regular","2024-09-12T23:30:00.000Z","false","true","false","false","25187","3644","Bobcat Stadium (TX)","326","Texas State","fbs","Sun Belt","28","7,14,7,0","0.2422650158405304","1545","1538","9","Arizona State","fbs","Big 12","31","7,14,7,3","0.7577349841594696","1504","1511","6.181508125226355","","",""
"401643788","2024","3","regular","2024-09-12T23:30:00.000Z","false","true","false","false","","6526","Hancock Whitney Stadium","6","South Alabama","fbs","Sun Belt","87","24,28,28,7","0.994472086429596","1581","1581","2466","Northwestern State","fcs","Southland","10","10,0,0,0","0.005527913570404053","","","2.2605944837338203","","",""
"401636863","2024","3","regular","2024-09-13T23:00:00.000Z","false","true","true","false","21493","3486","Children's Mercy Park","2305","Kansas","fbs","Big 12","20","7,10,0,3","0.33186885714530945","1606","1603","2439","UNLV","fbs","Mountain West","23","3,10,3,7","0.6681311428546906","1541","1544","5.344084929182504","","",""
"401636864","2024","3","regular","2024-09-14T00:00:00.000Z","false","true","false","false","51290","3636","Bill Snyder Family Stadium","2306","Kansas State","fbs","Big 12","31","7,7,14,3","0.9699692130088806","1790","1842","12","Arizona","fbs","Big 12","7","7,0,0,0","0.030030786991119385","1720","1668","3.42457347029432","","",""
"401636865","2024","3","regular","2024-09-14T16:00:00.000Z","false","true","false","false","24717","3996","Yager Stadium","193","Miami (OH)","fbs","Mid-American","16","0,3,7,6","0.053266264498233795","1490","1458","2132","Cincinnati","fbs","Big 12","27","3,7,7,10","0.9467337355017662","1397","1429","4.521496073902828","","",""
"401635542","2024","3","regular","2024-09-14T16:00:00.000Z","false","true","false","false","55107","3697","Doak Campbell Stadium","52","Florida State","fbs","ACC","12","0,3,6,3","0.08631684631109238","1610","1596","235","Memphis","fbs","American Athletic","20","3,10,7,0","0.9136831536889076","1625","1639","4.099682919248931","","",""
"401635546","2024","3","regular","2024-09-14T16:00:00.000Z","false","true","false","false","56919","3670","Carter-Finley Stadium","152","NC State","fbs","ACC","30","3,3,14,10","0.997727632522583","1512","1511","2348","Louisiana Tech","fbs","Conference USA","20","0,17,3,0","0.002272367477416992","1246","1247","5.357099959805191","","",""
"401636868","2024","3","regular","2024-09-14T16:00:00.000Z","false","true","false","false","57865","3784","Jones AT&T Stadium","2641","Texas Tech","fbs","Big 12","66","17,35,7,7","0.9930024743080139","1490","1623","249","North Texas","fbs","American Athletic","21","7,0,7,7","0.006997525691986084","1469","1336","5.446500355045865","","",""
"401628479","2024","3","regular","2024-09-14T16:00:00.000Z","false","true","false","false","110250","3558","Michigan Stadium","130","Michigan","fbs","Big Ten","28","7,14,0,7","0.9277139902114868","1928","1911","2032","Arkansas State","fbs","Sun Belt","18","0,3,0,15","0.07228600978851318","1404","1421","3.129065670077843","","",""
"401636869","2024","3","regular","2024-09-14T16:00:00.000Z","false","true","false","false","30915","3674","Chapman Stadium","202","Tulsa","fbs","American Athletic","10","0,0,0,10","0.0025250574108213186","1250","1185","197","Oklahoma State","fbs","Big 12","45","7,21,10,7","0.9974749425891787","1530","1595","3.2596151148738928","","",""
"401628475","2024","3","regular","2024-09-14T16:00:00.000Z","false","true","false","false","","3832","Memorial Stadium (Champaign, IL)","356","Illinois","fbs","Big Ten","30","7,6,10,7","0.9854847192764282","1515","1533","2117","Central Michigan","fbs","Mid-American","9","3,3,0,3","0.014515280723571777","1191","1173","3.03227933418676","","",""
"401628359","2024","3","regular","2024-09-14T16:00:00.000Z","false","true","false","true","79531","3994","Williams-Brice Stadium","2579","South Carolina","fbs","SEC","33","7,17,0,9","0.7937157154083252","1637","1642","99","LSU","fbs","SEC","36","0,16,6,14","0.2062842845916748","1803","1798","7.1093528866627125","","",""
"401628350","2024","3","regular","2024-09-14T16:00:00.000Z","false","true","false","false","76323","347","Camp Randall Stadium","275","Wisconsin","fbs","Big Ten","10","3,0,7,0","0.009743355214595795","1593","1553","333","Alabama","fbs","SEC","42","7,14,14,7","0.9902566447854042","2006","2046","3.0312765267104105","","",""
"401628357","2024","3","regular","2024-09-14T16:45:00.000Z","false","true","false","false","62621","3838","Memorial Stadium","142","Missouri","fbs","SEC","27","3,14,7,3","0.896081805229187","1803","1795","103","Boston College","fbs","ACC","21","7,7,0,7","0.10391819477081299","1462","1470","4.195257256321096","","",""
"401629041","2024","3","regular","2024-09-14T17:00:00.000Z","false","true","false","false","15204","3965","UB Stadium","2084","Buffalo","fbs","Mid-American","34","7,3,17,7","0.9701620326958922","1298","1360","113","Massachusetts","fbs","FBS Independents","3","0,3,0,0","0.029837967304107815","1125","1063","5.4328549557","","",""
"401643786","2024","3","regular","2024-09-14T18:00:00.000Z","false","true","false","false","13945","3806","Lincoln Financial Field","218","Temple","fbs","American Athletic","20","3,7,7,3","0.004074958153069019","1074","1092","324","Coastal Carolina","fbs","Sun Belt","28","14,7,7,0","0.995925041846931","1537","1519","3.927872135226452","","",""
"401635547","2024","3","regular","2024-09-14T19:30:00.000Z","false","true","false","false","66087","3752","Acrisure Stadium","221","Pittsburgh","fbs","ACC","38","10,7,7,14","0.8928661942481995","1483","1488","277","West Virginia","fbs","Big 12","34","7,10,7,10","0.10713380575180054","1546","1541","7.626738119968978","","",""
"401628353","2024","3","regular","2024-09-14T19:30:00.000Z","false","true","false","true","89993","3634","Ben Hill Griffin Stadium","57","Florida","fbs","SEC","20","0,0,14,6","0","1497","1485","245","Texas A&M","fbs","SEC","33","10,10,13,0","1","1677","1689","3.654215822352354","","",""
"401628481","2024","3","regular","2024-09-14T19:30:00.000Z","false","true","false","false","44534","3953","Huntington Bank Stadium","135","Minnesota","fbs","Big Ten","27","6,14,7,0","0.9812129735946655","1492","1537","2440","Nevada","fbs","Mountain West","0","0,0,0,0","0.018787026405334473","1273","1228","2.9014800341251017","","",""
"401635544","2024","3","regular","2024-09-14T19:30:00.000Z","false","true","false","false","51564","3948","Hard Rock Stadium","2390","Miami","fbs","ACC","62","10,21,10,21","0.9958403706550598","1618","1774","2050","Ball State","fbs","Mid-American","0","0,0,0,0","0.0041596293449401855","1341","1185","2.3338679639664366","","",""
"401628978","2024","3","regular","2024-09-14T19:30:00.000Z","false","true","false","false","61441","3907","Ross-Ade Stadium","2509","Purdue","fbs","Big Ten","7","0,0,7,0","0.0025152238085865974","1492","1358","87","Notre Dame","fbs","FBS Independents","66","14,28,10,14","0.9974847761914134","1858","1992","2.7477523069061163","","",""
"401628484","2024","3","regular","2024-09-14T19:30:00.000Z","false","true","true","false","57567","3673","Lumen Field","264","Washington","fbs","Big Ten","19","7,6,6,0","0.8848147392272949","1759","1745","265","Washington State","fbs","Pac-12","24","10,7,7,0","0.11518526077270508","1581","1595","7.598524890441149","","",""
"401635543","2024","3","regular","2024-09-14T19:30:00.000Z","false","true","false","false","31729","721","Bobby Dodd Stadium","59","Georgia Tech","fbs","ACC","59","17,21,14,7","0.9889745712280273","1551","1551","2678","VMI","fcs","Southern","7","0,0,0,7","0.011025428771972656","","","2.0443414361625067","","",""
"401644734","2024","3","regular","2024-09-14T19:30:00.000Z","false","true","false","false","20438","3876","Peden Stadium","195","Ohio","fbs","Mid-American","21","14,0,7,0","0.8430721163749695","1481","1481","2415","Morgan State","fcs","MEAC","6","3,3,0,0","0.15692788362503052","","","3.015360689493553","","",""
"401628483","2024","3","regular","2024-09-14T19:30:00.000Z","false","true","false","false","38419","3893","Reser Stadium","204","Oregon State","fbs","Pac-12","14","7,7,0,0","0.06771453469991684","1676","1604","2483","Oregon","fbs","Big Ten","49","7,15,10,17","0.9322854653000832","1902","1974","3.944500730041556","","",""
"401628480","2024","3","regular","2024-09-14T19:30:00.000Z","false","true","false","false","70066","3936","Spartan Stadium","127","Michigan State","fbs","Big Ten","40","14,13,3,10","0.9989534090095522","1418","1418","2504","Prairie View A&M","fcs","SWAC","0","0,0,0,0","0.0010465909904477932","","","4.723501427","","",""
"401628358","2024","3","regular","2024-09-14T19:30:00.000Z","false","true","false","false","83325","3835","Memorial Stadium (Norman, OK)","201","Oklahoma","fbs","SEC","34","7,14,3,10","0.9835195541381836","1840","1848","2655","Tulane","fbs","American Athletic","19","0,6,7,6","0.016480445861816406","1569","1561","3.1322348119924444","","",""
"401628477","2024","3","regular","2024-09-14T20:00:00.000Z","false","true","false","false","69250","3793","Kinnick Stadium","2294","Iowa","fbs","Big Ten","38","0,10,14,14","0.9894864559173584","1552","1591","2653","Troy","fbs","Sun Belt","21","0,14,7,0","0.010513544082641602","1573","1534","5.312994459776912","","",""
"401643785","2024","3","regular","2024-09-14T20:00:00.000Z","false","true","false","false","46117","3699","Dowdy-Ficklen Stadium","151","East Carolina","fbs","American Athletic","19","16,0,0,3","0.23842495679855347","1415","1414","2026","App State","fbs","Sun Belt","21","0,14,7,0","0.7615750432014465","1446","1447","5.442081487067743","","",""
"401628351","2024","3","regular","2024-09-14T20:15:00.000Z","false","true","false","false","75021","3887","Razorback Stadium","8","Arkansas","fbs","SEC","37","3,17,7,10","0.7729232311248779","1446","1451","5","UAB","fbs","American Athletic","27","10,10,0,7","0.22707676887512207","1270","1265","5.779283553160291","","",""
"401636870","2024","3","regular","2024-09-14T20:30:00.000Z","false","true","false","false","","3905","Maverik Stadium","328","Utah State","fbs","Mountain West","21","7,7,7,0","0.14931797981262207","1246","1242","254","Utah","fbs","Big 12","38","3,14,11,10","0.8506820201873779","1627","1631","5.690327853078927","","",""
"401645327","2024","3","regular","2024-09-14T22:00:00.000Z","false","true","false","false","","4418","Jerry Richardson Stadium","2429","Charlotte","fbs","American Athletic","27","0,3,3,21","0.45809441804885864","1174","1174","2241","Gardner-Webb","fcs","Big South-OVC","26","3,14,3,6","0.5419055819511414","","","6.098850873872742","","",""
"401629030","2024","3","regular","2024-09-14T22:00:00.000Z","false","true","false","false","20174","3982","Wallace Wade Stadium","150","Duke","fbs","ACC","26","7,10,0,9","0.44367849826812744","1602","1590","41","UConn","fbs","FBS Independents","21","0,7,14,0","0.5563215017318726","1157","1169","4.568506657521192","","",""
"401644733","2024","3","regular","2024-09-14T22:00:00.000Z","false","true","false","false","8932","3768","InfoCision Stadium","2006","Akron","fbs","Mid-American","31","7,21,0,3","0.7864969968795776","1098","1098","2142","Colgate","fcs","Patriot","20","17,0,3,0","0.21350300312042236","","","4.138617444909076","","",""
"401635545","2024","3","regular","2024-09-14T22:00:00.000Z","false","true","false","false","45491","3787","Kenan Stadium","153","North Carolina","fbs","ACC","45","0,17,0,28","0.9901700019836426","1567","1567","2428","North Carolina Central","fcs","MEAC","10","7,3,0,0","0.009829998016357422","","","3.345880348242891","","",""
"401635548","2024","3","regular","2024-09-14T22:00:00.000Z","false","true","false","false","22208","3918","S.B. Ballard Stadium","295","Old Dominion","fbs","Sun Belt","17","0,10,0,7","0.03186587616801262","1397","1368","259","Virginia Tech","fbs","ACC","37","14,0,6,17","0.9681341238319874","1597","1626","4.1840472747187905","","",""
"401640990","2024","3","regular","2024-09-14T22:00:00.000Z","false","true","false","true","21805","3992","Williams Stadium (VA)","2335","Liberty","fbs","Conference USA","28","7,7,7,7","0.9947829246520996","1573","1582","2638","UTEP","fbs","Conference USA","10","3,0,7,0","0.005217075347900391","1232","1223","3.1827042473961513","","",""
"401640980","2024","3","regular","2024-09-14T22:00:00.000Z","false","true","false","false","24283","3715","FAU Stadium","2226","Florida Atlantic","fbs","American Athletic","38","7,17,14,0","0.9960647821426392","1373","1403","2229","Florida International","fbs","Conference USA","20","7,0,7,6","0.00393521785736084","1271","1241","3.4934517284480853","","",""
"401643787","2024","3","regular","2024-09-14T22:00:00.000Z","false","true","false","false","21617","3608","Allen E. Paulson Stadium","290","Georgia Southern","fbs","Sun Belt","42","7,14,14,7","0.9908620138574958","1383","1383","2569","South Carolina State","fcs","MEAC","14","0,7,7,0","0.009137986142504162","","","4.1223384087","","",""
"401628355","2024","3","regular","2024-09-14T22:30:00.000Z","false","true","false","false","32849","3630","Allegacy Federal Credit Union Stadium","154","Wake Forest","fbs","ACC","6","3,3,0,0","0.007809191942214966","1424","1370","145","Ole Miss","fbs","SEC","40","20,3,7,10","0.992190808057785","1770","1824","3.3154496636731077","","",""
"401636364","2024","3","regular","2024-09-14T22:30:00.000Z","false","true","false","false","23476","3980","Waldo Stadium","2711","Western Michigan","fbs","Mid-American","59","14,21,14,10","0.9989684442331265","1193","1193","2065","Bethune-Cookman","fcs","SWAC","31","0,14,7,10","0.0010315557668735265","","","2.73963378","","",""
"401641024","2024","3","regular","2024-09-14T23:00:00.000Z","false","true","false","true","12227","3725","Johnny ""Red"" Floyd Stadium","2393","Middle Tennessee","fbs","Conference USA","21","0,0,14,7","0.4053521454334259","1288","1215","98","Western Kentucky","fbs","Conference USA","49","14,7,21,7","0.5946478545665741","1323","1396","3.0731356880504253","","",""
"401640999","2024","3","regular","2024-09-14T23:00:00.000Z","false","true","false","false","17501","3912","Rynearson Stadium","2199","Eastern Michigan","fbs","Mid-American","37","14,14,3,0,3,3","0.7924458980560303","1298","1300","55","Jacksonville State","fbs","Conference USA","34","7,13,0,11,3,0","0.20755410194396973","1374","1372","10.219832788583032","","",""
"401628361","2024","3","regular","2024-09-14T23:00:00.000Z","false","true","false","false","101892","3910","DKR-Texas Memorial Stadium","251","Texas","fbs","SEC","56","14,14,14,14","0.9780104756355286","1991","2068","2636","UTSA","fbs","American Athletic","7","0,7,0,0","0.021989524364471436","1467","1390","2.25223890795822","","",""
"401628362","2024","3","regular","2024-09-14T23:00:00.000Z","false","true","false","false","14413","4246","Center Parc Stadium","2247","Georgia State","fbs","Sun Belt","36","3,9,10,14","0.30117449164390564","1370","1371","238","Vanderbilt","fbs","SEC","32","0,10,0,22","0.6988255083560944","1313","1312","6.593691325558333","","",""
"401641040","2024","3","regular","2024-09-14T23:00:00.000Z","false","true","false","false","15134","3647","Elliott T. Bowers Stadium","2534","Sam Houston","fbs","Conference USA","31","7,10,7,7","0.986011266708374","1370","1398","62","Hawai'i","fbs","Mountain West","13","0,3,10,0","0.013988733291625977","1242","1214","2.9843456114256957","","",""
"401643789","2024","3","regular","2024-09-14T23:00:00.000Z","false","true","false","false","23537","3815","M. M. Roberts Stadium","2572","Southern Miss","fbs","Sun Belt","24","14,7,0,3","0.013851610012352467","1230","1187","58","South Florida","fbs","American Athletic","49","14,14,14,7","0.9861483899876475","1433","1476","4.910981018121328","","",""
"401641017","2024","3","regular","2024-09-14T23:00:00.000Z","false","true","false","false","11090","3935","CEFCU Stadium","23","San José State","fbs","Mountain West","31","0,17,7,7","0.98399418592453","1567","1602","338","Kennesaw State","fbs","Conference USA","10","3,0,7,0","0.01600581407546997","1423","1388","4.335946622324489","","",""
"401636861","2024","3","regular","2024-09-14T23:30:00.000Z","false","true","false","false","40099","5388","Canvas Stadium","36","Colorado State","fbs","Mountain West","9","3,0,0,6","0.23195601999759674","1261","1219","38","Colorado","fbs","Big 12","28","0,14,7,7","0.7680439800024033","1307","1349","4.3657335371798975","","",""
"401636866","2024","3","regular","2024-09-14T23:30:00.000Z","false","true","false","true","48889","3616","Amon G. Carter Stadium","2628","TCU","fbs","Big 12","34","14,7,10,3","0.008433595726321992","1578","1580","2116","UCF","fbs","Big 12","35","0,7,13,15","0.991566404273678","1644","1642","6.913846806","","",""
"401636860","2024","3","regular","2024-09-14T23:30:00.000Z","false","true","false","false","46212","4727","McLane Stadium","239","Baylor","fbs","Big 12","31","3,3,17,8","0.9136401414871216","1417","1507","2005","Air Force","fbs","Mountain West","3","0,3,0,0","0.08635985851287842","1549","1459","3.2091531397528774","","",""
"401628354","2024","3","regular","2024-09-14T23:30:00.000Z","false","true","false","true","61663","3683","Kroger Field","96","Kentucky","fbs","SEC","12","3,3,3,3","0.20705104002487187","1563","1583","61","Georgia","fbs","SEC","13","0,3,3,7","0.7929489599751282","2066","2046","8.9509868466","","",""
"401628482","2024","3","regular","2024-09-14T23:30:00.000Z","false","true","false","false","86546","3834","Memorial Stadium (Lincoln, NE)","158","Nebraska","fbs","Big Ten","34","7,14,6,7","0.9602840542793274","1596","1596","2460","Northern Iowa","fcs","MVFC","3","3,0,0,0","0.03971594572067261","","","2.769869337986109","","",""
"401655632","2024","3","regular","2024-09-14T23:30:00.000Z","false","true","true","false","10631","5960","Lanny and Sharon Martin Stadium","77","Northwestern","fbs","Big Ten","31","7,7,10,7","0.987991988658905","1508","1508","2197","Eastern Illinois","fcs","Big South-OVC","7","0,7,0,0","0.01200801134109497","","","3.51131850601015","","",""
"401628356","2024","3","regular","2024-09-14T23:30:00.000Z","false","true","false","false","47412","3693","Davis Wade Stadium","344","Mississippi State","fbs","SEC","17","0,3,7,7","0.0015195030719041824","1440","1386","2649","Toledo","fbs","Mid-American","41","7,21,7,6","0.9984804969280958","1524","1578","2.8171227897501727","","",""
"401628476","2024","3","regular","2024-09-14T23:30:00.000Z","false","true","false","true","47811","1056","Rose Bowl","26","UCLA","fbs","Big Ten","13","0,7,3,3","0.0025374109391123056","1553","1456","84","Indiana","fbs","Big Ten","42","14,7,7,14","0.9974625890608877","1430","1527","2.97119558859487","","",""
"401628352","2024","3","regular","2024-09-14T23:30:00.000Z","false","true","false","false","88043","3785","Jordan-Hare Stadium","2","Auburn","fbs","SEC","45","14,3,14,14","1","1537","1569","167","New Mexico","fbs","Mountain West","19","10,3,0,6","0","1228","1196","3.8850884808092574","","",""
"401628360","2024","3","regular","2024-09-14T23:45:00.000Z","false","true","false","false","101915","3853","Neyland Stadium","2633","Tennessee","fbs","SEC","71","37,28,3,3","0.9935073256492615","1845","1964","2309","Kent State","fbs","Mid-American","0","0,0,0,0","0.006492674350738525","1108","989","2.0779291542707257","","",""
"401628478","2024","3","regular","2024-09-15T00:00:00.000Z","false","true","false","false","","3923","Scott Stadium","258","Virginia","fbs","ACC","13","3,10,0,0","0.045308783650398254","1317","1318","120","Maryland","fbs","Big Ten","27","0,7,10,10","0.9546912163496017","1679","1678","5.45654209707751","","",""
"401636862","2024","3","regular","2024-09-15T00:00:00.000Z","false","true","false","false","28146","4728","TDECU Stadium","248","Houston","fbs","Big 12","33","14,6,6,7","0.9921762347221375","1411","1466","242","Rice","fbs","American Athletic","7","0,0,0,7","0.007823765277862549","1314","1259","2.749624746329975","","",""
"401636871","2024","3","regular","2024-09-15T01:00:00.000Z","false","true","false","false","24513","3984","War Memorial Stadium","2751","Wyoming","fbs","Mountain West","14","0,7,0,7","0","1354","1312","252","BYU","fbs","Big 12","34","7,10,17,0","1","1430","1472","3.678719564365576","","",""
"401635541","2024","3","regular","2024-09-15T02:30:00.000Z","false","true","false","false","35197","3831","California Memorial Stadium","25","California","fbs","ACC","31","7,0,14,10","0.9842265248298645","1502","1540","21","San Diego State","fbs","Mountain West","10","3,0,0,7","0.015773475170135498","1388","1350","3.2232261819368255","","",""
"401641033","2024","3","regular","2024-09-15T02:30:00.000Z","false","true","false","false","39079","3660","Valley Children's Stadium","278","Fresno State","fbs","Mountain West","48","14,17,17,0","0.9954609870910645","1551","1680","166","New Mexico State","fbs","Conference USA","0","0,0,0,0","0.004539012908935547","1431","1302","2.2254907252015874","","",""
"401643790","2024","4","regular","2024-09-19T23:30:00.000Z","false","true","false","true","34133","3792","Kidd Brewer Stadium","2026","App State","fbs","Sun Belt","14","0,7,0,7","0.003978240303695202","1447","1366","6","South Alabama","fbs","Sun Belt","48","14,14,13,7","0.9960217596963048","1576","1657","4.057191545935922","","",""
"401634766","2024","4","regular","2024-09-20T23:30:00.000Z","false","true","false","true","39290","1964","JMA Wireless Dome","183","Syracuse","fbs","ACC","24","0,10,7,7","0.5641607642173767","1386","1378","24","Stanford","fbs","ACC","26","7,6,7,6","0.4358392357826233","1295","1303","6.915791134482115","","",""
"401628485","2024","4","regular","2024-09-21T00:00:00.000Z","false","true","false","true","86936","3834","Memorial Stadium (Lincoln, NE)","158","Nebraska","fbs","Big Ten","24","10,7,0,7,0","0.6159760355949402","1588","1570","356","Illinois","fbs","Big Ten","31","7,3,7,7,7","0.3840239644050598","1533","1551","7.430048519275258","","",""
"401643714","2024","4","regular","2024-09-21T02:00:00.000Z","false","true","false","false","24808","3820","Gesa Field","265","Washington State","fbs","Pac-12","54","7,17,0,22,0,8","0.823604166507721","1595","1596","23","San José State","fbs","Mountain West","52","10,7,21,8,0,6","0.17639583349227905","1602","1601","10.322487826799199","","",""
"401628367","2024","4","regular","2024-09-21T16:00:00.000Z","false","true","false","true","49655","3693","Davis Wade Stadium","344","Mississippi State","fbs","SEC","28","7,7,7,7","0.273383766412735","1386","1355","57","Florida","fbs","SEC","45","7,21,7,10","0.726616233587265","1485","1516","4.291553664896677","","",""
"401636873","2024","4","regular","2024-09-21T16:00:00.000Z","false","true","false","true","38007","3854","Nippert Stadium","2132","Cincinnati","fbs","Big 12","34","14,10,7,3","0.9920600652694702","1429","1529","248","Houston","fbs","Big 12","0","0,0,0,0","0.007939934730529785","1466","1366","1.859134174515357","","",""
"401635552","2024","4","regular","2024-09-21T16:00:00.000Z","false","true","false","true","81500","3836","Memorial Stadium (Clemson, SC)","228","Clemson","fbs","ACC","59","28,17,14,0","0.9522562026977539","1757","1790","152","NC State","fbs","ACC","35","0,7,7,21","0.047743797302246094","1511","1478","2.128813280475961","","",""
"401643791","2024","4","regular","2024-09-21T16:00:00.000Z","false","true","false","false","22534","3666","Cajun Field","309","Louisiana","fbs","Sun Belt","33","7,6,13,7","0.006313387304544449","1558","1543","2655","Tulane","fbs","American Athletic","41","0,17,21,3","0.9936866126954556","1561","1576","6.59110307135616","","",""
"401628486","2024","4","regular","2024-09-21T16:00:00.000Z","false","true","false","false","43109","3830","Memorial Stadium (Bloomington, IN)","84","Indiana","fbs","Big Ten","52","10,21,14,7","1","1527","1592","2429","Charlotte","fbs","American Athletic","14","0,14,0,0","0","1187","1122","2.89408512364107","","",""
"401628492","2024","4","regular","2024-09-21T16:00:00.000Z","false","true","false","false","103871","3861","Ohio Stadium","194","Ohio State","fbs","Big Ten","49","7,21,14,7","0.9988671629158615","2014","2038","276","Marshall","fbs","Sun Belt","14","7,7,0,0","0.0011328370841384716","1384","1360","3.6816411505","","",""
"401636879","2024","4","regular","2024-09-21T16:00:00.000Z","false","true","false","true","52428","3842","Milan Puskar Stadium","277","West Virginia","fbs","Big 12","32","7,7,3,15","0.5754549503326416","1541","1546","2305","Kansas","fbs","Big 12","28","0,7,14,7","0.4245450496673584","1603","1598","6.941278126933258","","",""
"401635556","2024","4","regular","2024-09-21T16:00:00.000Z","false","true","false","false","50500","3787","Kenan Stadium","153","North Carolina","fbs","ACC","50","14,7,17,12","0.03307970240712166","1554","1519","256","James Madison","fbs","Sun Belt","70","25,28,7,10","0.9669202975928783","1699","1734","5.790149590031702","","",""
"401645328","2024","4","regular","2024-09-21T16:00:00.000Z","false","true","false","true","26654","3841","Michie Stadium","349","Army","fbs","American Athletic","37","7,21,9,0","0.9984307056725569","1465","1499","242","Rice","fbs","American Athletic","14","0,0,7,7","0.001569294327443127","1259","1225","2.632426298283298","","",""
"401628488","2024","4","regular","2024-09-21T16:00:00.000Z","false","true","false","false","38006","3665","SECU Stadium","120","Maryland","fbs","Big Ten","38","17,7,7,7","0.9886807203292847","1698","1698","222","Villanova","fcs","Coastal Athletic","20","0,0,10,10","0.011319279670715332","","","2.0431528856606778","","",""
"401628364","2024","4","regular","2024-09-21T16:45:00.000Z","false","true","false","false","61783","3683","Kroger Field","96","Kentucky","fbs","SEC","41","3,14,10,14","0.9856982231140137","1583","1668","195","Ohio","fbs","Mid-American","6","0,0,0,6","0.014301776885986328","1486","1401","2.002807128481186","","",""
"401644735","2024","4","regular","2024-09-21T17:00:00.000Z","false","true","false","true","18011","3786","Kelly/Shorts Stadium","2117","Central Michigan","fbs","Mid-American","37","0,23,0,14","0.7515473365783691","1173","1174","2050","Ball State","fbs","Mid-American","34","10,7,7,10","0.24845266342163086","1185","1184","8.058088460054421","","",""
"401636875","2024","4","regular","2024-09-21T18:00:00.000Z","false","true","false","false","55428","3772","Jack Trice Stadium","66","Iowa State","fbs","Big 12","52","14,17,7,14","0.9954066276550293","1610","1718","2032","Arkansas State","fbs","Sun Belt","7","0,0,0,7","0.004593372344970703","1421","1313","2.3695602193065555","","",""
"401635558","2024","4","regular","2024-09-21T18:00:00.000Z","false","true","false","false","22104","3654","Brooks Stadium (SC)","324","Coastal Carolina","fbs","Sun Belt","24","3,7,7,7","0.0011874930933117867","1519","1448","258","Virginia","fbs","ACC","43","14,13,10,6","0.9988125069066882","1318","1389","3.550006693827249","","",""
"401644737","2024","4","regular","2024-09-21T18:00:00.000Z","false","true","false","false","15509","3912","Rynearson Stadium","2199","Eastern Michigan","fbs","Mid-American","36","10,3,16,7","1","1303","1303","2598","Saint Francis","fcs","NEC","0","0,0,0,0","0","","","2.757676238548781","","",""
"401643715","2024","4","regular","2024-09-21T18:00:00.000Z","false","true","false","false","11384","3806","Lincoln Financial Field","218","Temple","fbs","American Athletic","45","0,17,7,21","0.8281865119934082","1092","1141","328","Utah State","fbs","Mountain West","29","0,21,0,8","0.1718134880065918","1242","1193","6.27985534771323","","",""
"401641000","2024","4","regular","2024-09-21T19:00:00.000Z","false","true","false","false","21788","3662","AmFirst Stadium","55","Jacksonville State","fbs","Conference USA","44","14,7,23,0","0.9907800555229187","1372","1453","2572","Southern Miss","fbs","Sun Belt","7","0,7,0,0","0.009219944477081299","1187","1106","3.1711650523982904","","",""
"401643713","2024","4","regular","2024-09-21T19:00:00.000Z","false","true","false","false","16399","3816","Mackay Stadium","2440","Nevada","fbs","Mountain West","49","14,7,14,14","0.9938949942588806","1220","1220","331","Eastern Washington","fcs","Big Sky","16","0,3,0,13","0.006105005741119385","","","2.918452961385513","","",""
"401628493","2024","4","regular","2024-09-21T19:30:00.000Z","false","true","false","false","109526","3632","Beaver Stadium","213","Penn State","fbs","Big Ten","56","7,21,14,14","0.971174955368042","1848","1905","2309","Kent State","fbs","Mid-American","0","0,0,0,0","0.028825044631958008","989","932","2.2329938890864844","","",""
"401634247","2024","4","regular","2024-09-21T19:30:00.000Z","false","true","false","false","48437","3752","Acrisure Stadium","221","Pittsburgh","fbs","ACC","73","21,21,10,21","0.9907395243644714","1488","1488","2754","Youngstown State","fcs","MVFC","17","0,10,7,0","0.009260475635528564","","","1.8742891515214448","","",""
"401635554","2024","4","regular","2024-09-21T19:30:00.000Z","false","true","false","true","50727","3873","L&N Federal Credit Union Stadium","97","Louisville","fbs","ACC","31","7,10,7,7","0.6945644021034241","1700","1711","59","Georgia Tech","fbs","ACC","19","7,7,3,2","0.3054355978965759","1556","1545","4.210164828138383","","",""
"401645330","2024","4","regular","2024-09-21T19:30:00.000Z","false","true","false","false","20973","3604","Alamodome","2636","UTSA","fbs","American Athletic","45","10,21,7,7","0.9927331805229187","1366","1366","2277","Houston Christian","fcs","Southland","7","0,7,0,0","0.007266819477081299","","","2.4317269517375233","","",""
"401628494","2024","4","regular","2024-09-21T19:30:00.000Z","false","true","false","false","65632","3799","Lane Stadium","259","Virginia Tech","fbs","ACC","23","0,7,0,16","0","1626","1614","164","Rutgers","fbs","Big Ten","26","14,2,7,3","1","1511","1523","5.706352177935635","","",""
"401644736","2024","4","regular","2024-09-21T19:30:00.000Z","false","true","false","true","18688","3764","Huskie Stadium","2459","Northern Illinois","fbs","Mid-American","20","7,7,0,6,0","0.8238315582275391","1476","1464","2084","Buffalo","fbs","Mid-American","23","0,3,7,10,3","0.17616844177246094","1360","1372","6.307420576315963","","",""
"401628365","2024","4","regular","2024-09-21T19:30:00.000Z","false","true","false","false","100315","3958","Tiger Stadium (LA)","99","LSU","fbs","SEC","34","7,10,7,10","0.9904523491859436","1798","1805","26","UCLA","fbs","Big Ten","17","10,7,0,0","0.009547650814056396","1456","1449","3.8979996016107856","","",""
"401628979","2024","4","regular","2024-09-21T19:30:00.000Z","false","true","false","false","77622","3855","Notre Dame Stadium","87","Notre Dame","fbs","FBS Independents","28","0,14,7,7","0.8538546562194824","1992","2000","193","Miami (OH)","fbs","Mid-American","3","0,3,0,0","0.14614534378051758","1458","1450","3.9821329822911538","","",""
"401628489","2024","4","regular","2024-09-21T19:30:00.000Z","false","true","false","true","110702","3558","Michigan Stadium","130","Michigan","fbs","Big Ten","27","7,7,6,7","0.9074043035507202","1911","1910","30","USC","fbs","Big Ten","24","0,3,14,7","0.09259569644927979","1768","1769","5.5009964542679","","",""
"401628363","2024","4","regular","2024-09-21T19:30:00.000Z","false","true","false","true","88043","3785","Jordan-Hare Stadium","2","Auburn","fbs","SEC","14","0,0,7,7","0.25290098786354065","1569","1537","8","Arkansas","fbs","SEC","24","0,7,7,10","0.7470990121364594","1451","1483","6.433586929726095","","",""
"401636877","2024","4","regular","2024-09-21T19:30:00.000Z","false","true","false","true","58795","3784","Jones AT&T Stadium","2641","Texas Tech","fbs","Big 12","30","14,3,7,6","0.9260770678520203","1623","1628","9","Arizona State","fbs","Big 12","22","0,10,6,6","0.07392293214797974","1511","1506","3.4628401533085724","","",""
"401645329","2024","4","regular","2024-09-21T19:30:00.000Z","false","true","false","true","31268","3852","Navy-Marine Corps Memorial Stadium","2426","Navy","fbs","American Athletic","56","7,21,7,21","1","1409","1451","235","Memphis","fbs","American Athletic","44","14,3,13,14","0","1639","1597","5.220624905310474","","",""
"401629042","2024","4","regular","2024-09-21T19:30:00.000Z","false","true","false","false","10847","3985","Warren McGuirk Alumni Stadium","113","Massachusetts","fbs","FBS Independents","35","7,14,7,7","0.8933273553848267","1057","1057","2115","Central Connecticut","fcs","NEC","31","0,21,7,3","0.10667264461517334","","","5.5633250465661686","","",""
"401636876","2024","4","regular","2024-09-21T20:00:00.000Z","false","true","false","true","52202","3646","Boone Pickens Stadium","197","Oklahoma State","fbs","Big 12","19","3,0,0,16","0.11634741723537445","1595","1593","254","Utah","fbs","Big 12","22","0,10,3,9","0.8836525827646255","1631","1633","5.74390961391896","","",""
"401635553","2024","4","regular","2024-09-21T20:00:00.000Z","false","true","false","false","15209","3725","Johnny ""Red"" Floyd Stadium","2393","Middle Tennessee","fbs","Conference USA","17","10,0,7,0","0.006224454380571842","1215","1182","150","Duke","fbs","ACC","45","28,7,3,7","0.9937755456194282","1590","1623","3.9169447592458373","","",""
"401628368","2024","4","regular","2024-09-21T20:15:00.000Z","false","true","false","true","62621","3838","Memorial Stadium","142","Missouri","fbs","SEC","30","7,3,10,0,10","0.29799962043762207","1795","1790","238","Vanderbilt","fbs","SEC","27","7,6,7,0,7","0.7020003795623779","1312","1317","8.600016469755994","","",""
"401635557","2024","4","regular","2024-09-21T21:00:00.000Z","false","true","false","false","33168","3735","Gerald J. Ford Stadium","2567","SMU","fbs","ACC","66","17,24,18,7","1","1648","1700","2628","TCU","fbs","Big 12","42","0,21,7,14","0","1580","1528","3.8417505414631985","","",""
"401641028","2024","4","regular","2024-09-21T21:00:00.000Z","false","true","false","false","29151","5388","Canvas Stadium","36","Colorado State","fbs","Mountain West","27","7,7,10,3","0.9478221535682678","1219","1236","2638","UTEP","fbs","Conference USA","17","0,3,7,7","0.05217784643173218","1223","1206","3.049458807369073","","",""
"401628625","2024","4","regular","2024-09-21T22:00:00.000Z","false","true","true","false","17922","2031","Pitbull Stadium","2229","Florida International","fbs","Conference USA","42","14,14,7,7","0.9125432372093201","1239","1239","2405","Monmouth","fcs","Coastal Athletic","45","7,14,14,10","0.08745676279067993","","","7.04810153009533","","",""
"401640991","2024","4","regular","2024-09-21T22:00:00.000Z","false","true","false","false","24076","3992","Williams Stadium (VA)","2335","Liberty","fbs","Conference USA","35","0,7,14,14","0.8958510756492615","1582","1589","151","East Carolina","fbs","American Athletic","24","14,3,7,0","0.10414892435073853","1414","1407","6.54999306032067","","",""
"401635551","2024","4","regular","2024-09-21T23:00:00.000Z","false","true","false","true","55107","3697","Doak Campbell Stadium","52","Florida State","fbs","ACC","14","7,0,0,7","0.5811159610748291","1596","1599","25","California","fbs","ACC","9","0,6,3,0","0.4188840389251709","1540","1537","5.638096189838385","","",""
"401635555","2024","4","regular","2024-09-21T23:00:00.000Z","false","true","false","false","58616","3886","Raymond James Stadium","58","South Florida","fbs","American Athletic","15","9,6,0,0","0","1476","1413","2390","Miami","fbs","ACC","50","14,8,14,14","1","1774","1837","5.66321325576855","","",""
"401643716","2024","4","regular","2024-09-21T23:00:00.000Z","false","true","false","false","27049","3825","DATCU Stadium","249","North Texas","fbs","American Athletic","44","7,20,14,3","0.9589176177978516","1336","1403","2751","Wyoming","fbs","Mountain West","17","3,14,0,0","0.04108238220214844","1312","1245","3.135620328767114","","",""
"401628491","2024","4","regular","2024-09-21T23:00:00.000Z","false","true","false","true","69788","3765","Husky Stadium","264","Washington","fbs","Big Ten","24","7,10,0,7","0.9771302938461304","1745","1766","77","Northwestern","fbs","Big Ten","5","0,2,3,0","0.02286970615386963","1514","1493","2.738652224446903","","",""
"401641034","2024","4","regular","2024-09-21T23:00:00.000Z","false","true","false","true","","3647","Elliott T. Bowers Stadium","2534","Sam Houston","fbs","Conference USA","31","14,7,0,10","0.007016222904642351","1398","1435","166","New Mexico State","fbs","Conference USA","11","3,0,0,8","0.9929837770953577","1302","1265","3.8631946019","","",""
"401641037","2024","4","regular","2024-09-21T23:00:00.000Z","false","true","false","false","19127","3796","Houchens Industries-L.T. Smith Stadium","98","Western Kentucky","fbs","Conference USA","26","0,7,5,14","0.7308276891708374","1396","1409","2649","Toledo","fbs","Mid-American","21","0,14,7,0","0.2691723108291626","1578","1565","7.8801446889050455","","",""
"401641008","2024","4","regular","2024-09-21T23:00:00.000Z","false","true","false","false","18152","3776","Joe Aillet Stadium","2348","Louisiana Tech","fbs","Conference USA","20","0,7,0,13,0","0.28851819038391113","1247","1239","202","Tulsa","fbs","American Athletic","23","7,3,7,3,3","0.7114818096160889","1185","1193","7.719292005155993","","",""
"401636374","2024","4","regular","2024-09-21T23:00:00.000Z","false","true","false","false","29024","3975","Veterans Memorial Stadium (AL)","2653","Troy","fbs","Sun Belt","34","7,7,7,13","0.9955223798751831","1538","1538","50","Florida A&M","fcs","SWAC","12","6,3,3,0","0.0044776201248168945","","","5.124597050664124","","",""
"401629031","2024","4","regular","2024-09-21T23:00:00.000Z","false","true","false","false","20144","3892","Pratt & Whitney Stadium","41","UConn","fbs","FBS Independents","48","3,14,10,21","0.9857614636421204","1169","1297","2226","Florida Atlantic","fbs","American Athletic","14","0,0,7,7","0.014238536357879639","1403","1275","2.0760775895125123","","",""
"401628372","2024","4","regular","2024-09-21T23:30:00.000Z","false","true","false","false","99523","3795","Kyle Field","245","Texas A&M","fbs","SEC","26","7,6,7,6","0.7209299206733704","1689","1685","189","Bowling Green","fbs","Mid-American","20","0,3,14,3","0.27907007932662964","1444","1448","5.004361087392084","","",""
"401628487","2024","4","regular","2024-09-21T23:30:00.000Z","false","true","false","true","52048","3953","Huntington Bank Stadium","135","Minnesota","fbs","Big Ten","14","0,14,0,0","0","1537","1502","2294","Iowa","fbs","Big Ten","31","7,0,17,7","1","1591","1626","4.427280280439658","","",""
"401628369","2024","4","regular","2024-09-21T23:30:00.000Z","false","true","false","true","84701","3835","Memorial Stadium (Norman, OK)","201","Oklahoma","fbs","SEC","15","3,0,0,12","0.04081159085035324","1848","1837","2633","Tennessee","fbs","SEC","25","10,9,3,3","0.9591884091496468","1964","1975","4.829868566330654","","",""
"401628370","2024","4","regular","2024-09-21T23:30:00.000Z","false","true","false","false","78704","3994","Williams-Brice Stadium","2579","South Carolina","fbs","SEC","50","15,7,7,21","0.9921769499778748","1642","1699","2006","Akron","fbs","Mid-American","7","0,7,0,0","0.007823050022125244","1110","1053","2.489517887205231","","",""
"401628366","2024","4","regular","2024-09-21T23:45:00.000Z","false","true","false","false","67505","3974","Vaught-Hemingway Stadium","145","Ole Miss","fbs","SEC","52","17,7,14,14","0.9887562394142151","1824","1879","290","Georgia Southern","fbs","Sun Belt","13","0,7,3,3","0.011243760585784912","1379","1324","2.44474715686388","","",""
"401628371","2024","4","regular","2024-09-22T00:00:00.000Z","false","true","false","false","102850","3910","DKR-Texas Memorial Stadium","251","Texas","fbs","SEC","51","21,7,9,14","0.992832601070404","2068","2107","2433","UL Monroe","fbs","Sun Belt","3","0,3,0,0","0.007167398929595947","1249","1210","2.236391702671336","","",""
"401636874","2024","4","regular","2024-09-22T00:00:00.000Z","false","true","false","true","52794","3726","Folsom Field","38","Colorado","fbs","Big 12","38","7,10,7,7,7","0.21607506275177002","1349","1368","239","Baylor","fbs","Big 12","31","3,21,0,7,0","0.78392493724823","1507","1488","8.46437222447611","","",""
"401628490","2024","4","regular","2024-09-22T00:00:00.000Z","false","true","false","false","44500","3615","Alumni Stadium (Chestnut Hill, MA)","103","Boston College","fbs","ACC","23","0,6,10,7","0.9297201633453369","1470","1472","127","Michigan State","fbs","Big Ten","19","3,10,3,3","0.07027983665466309","1425","1423","6.324382094153756","","",""
"401643717","2024","4","regular","2024-09-22T00:30:00.000Z","false","true","false","false","34340","3893","Reser Stadium","204","Oregon State","fbs","Pac-12","38","7,10,7,14","0.9467328190803528","1604","1619","2509","Purdue","fbs","Big Ten","21","0,7,0,14","0.05326718091964722","1358","1343","2.77119307074766","","",""
"401643711","2024","4","regular","2024-09-22T00:30:00.000Z","false","true","false","true","18019","3971","University Stadium (NM)","167","New Mexico","fbs","Mountain West","21","3,7,0,11","0.011443939991295338","1196","1201","278","Fresno State","fbs","Mountain West","38","8,17,3,10","0.9885560600087047","1680","1675","3.3265878162078084","","",""
"401637162","2024","4","regular","2024-09-22T01:45:00.000Z","false","true","false","false","36972","3653","Albertsons Stadium","68","Boise State","fbs","Mountain West","56","7,21,14,14","0.9875921010971069","1636","1636","2502","Portland State","fcs","Big Sky","14","7,0,0,7","0.012407898902893066","","","2.753746520858333","","",""
"401636872","2024","4","regular","2024-09-22T02:30:00.000Z","false","true","false","true","64201","3801","LaVell Edwards Stadium","252","BYU","fbs","Big 12","38","0,17,14,7","0.924456775188446","1472","1600","2306","Kansas State","fbs","Big 12","9","3,3,3,0","0.07554322481155396","1842","1714","2.7061728878384272","","",""
"401643712","2024","4","regular","2024-09-22T03:59:00.000Z","false","true","false","false","11402","7220","Clarence T.C. Ching Athletics Complex","62","Hawai'i","fbs","Mountain West","36","15,7,7,7","0.9305852651596069","1211","1211","2460","Northern Iowa","fcs","MVFC","7","0,7,0,0","0.06941473484039307","","","2.250193814642325","","",""
"401645331","2024","5","regular","2024-09-26T23:30:00.000Z","false","true","false","true","13255","3806","Lincoln Financial Field","218","Temple","fbs","American Athletic","14","0,0,6,8","0.020534375682473183","1141","1106","349","Army","fbs","American Athletic","42","7,7,14,14","0.9794656243175268","1499","1534","3.3827349029229423","","",""
"401634767","2024","5","regular","2024-09-27T23:30:00.000Z","false","true","false","true","59539","3948","Hard Rock Stadium","2390","Miami","fbs","ACC","38","14,3,7,14","0.6991567611694336","1837","1834","259","Virginia Tech","fbs","ACC","34","7,17,3,7","0.3008432388305664","1614","1617","6.633167407077739","","",""
"401628501","2024","5","regular","2024-09-28T00:00:00.000Z","false","true","false","true","54079","6577","SHI Stadium","164","Rutgers","fbs","Big Ten","21","0,14,0,7","0.2600826323032379","1523","1527","264","Washington","fbs","Big Ten","18","3,0,7,8","0.7399173676967621","1766","1762","4.468477902526276","","",""
"401645332","2024","5","regular","2024-09-28T16:00:00.000Z","false","true","false","true","21536","7221","Protective Stadium","5","UAB","fbs","American Athletic","18","0,3,7,8","0.037269655615091324","1265","1226","2426","Navy","fbs","American Athletic","41","7,14,10,10","0.9627303443849087","1451","1490","2.452073276988878","","",""
"401645337","2024","5","regular","2024-09-28T16:00:00.000Z","false","true","false","true","20783","4729","Yulman Stadium","2655","Tulane","fbs","American Athletic","45","14,17,0,14","0.9921887516975403","1576","1653","58","South Florida","fbs","American Athletic","10","0,7,3,0","0.007811248302459717","1413","1336","2.0047079637740195","","",""
"401635565","2024","5","regular","2024-09-28T16:00:00.000Z","false","true","false","false","43455","1964","JMA Wireless Dome","183","Syracuse","fbs","ACC","42","14,14,7,7","0.9520706534385681","1379","1379","107","Holy Cross","fcs","Patriot","14","0,14,0,0","0.047929346561431885","","","2.7421823435284316","","",""
"401628377","2024","5","regular","2024-09-28T16:00:00.000Z","false","true","false","true","","3974","Vaught-Hemingway Stadium","145","Ole Miss","fbs","SEC","17","7,0,10,0","0.5076055341165858","1879","1861","96","Kentucky","fbs","SEC","20","3,7,3,7","0.4923944658834142","1668","1686","8.5683895645","","",""
"401628499","2024","5","regular","2024-09-28T16:00:00.000Z","false","true","false","true","61441","3907","Ross-Ade Stadium","2509","Purdue","fbs","Big Ten","10","0,0,3,7","0.007497810628081133","1343","1322","158","Nebraska","fbs","Big Ten","28","0,0,7,21","0.9925021893719189","1570","1591","4.3493917902","","",""
"401628497","2024","5","regular","2024-09-28T16:00:00.000Z","false","true","false","true","110340","3558","Michigan Stadium","130","Michigan","fbs","Big Ten","27","7,14,3,3","0.7718184590339661","1910","1906","135","Minnesota","fbs","Big Ten","24","0,3,0,21","0.22818154096603394","1502","1506","3.932367913630144","","",""
"401635564","2024","5","regular","2024-09-28T16:00:00.000Z","false","true","false","false","56919","3670","Carter-Finley Stadium","152","NC State","fbs","ACC","24","7,10,7,0","0.30551138520240784","1478","1487","2459","Northern Illinois","fbs","Mid-American","17","7,7,0,3","0.6944886147975922","1464","1455","3.456801072905933","","",""
"401636880","2024","5","regular","2024-09-28T16:00:00.000Z","false","true","false","true","39583","4727","McLane Stadium","239","Baylor","fbs","Big 12","28","7,7,7,7","0.20479287207126617","1488","1485","252","BYU","fbs","Big 12","34","21,10,3,0","0.7952071279287338","1600","1603","4.791392082381215","","",""
"401629032","2024","5","regular","2024-09-28T16:00:00.000Z","false","true","false","false","20347","3892","Pratt & Whitney Stadium","41","UConn","fbs","FBS Independents","47","10,13,14,10","0.9923335909843445","1297","1441","2084","Buffalo","fbs","Mid-American","3","0,3,0,0","0.007666409015655518","1372","1228","2.006999417015906","","",""
"401628496","2024","5","regular","2024-09-28T16:00:00.000Z","false","true","false","true","48323","3830","Memorial Stadium (Bloomington, IN)","84","Indiana","fbs","Big Ten","42","0,14,14,14","0.9862840175628662","1592","1628","120","Maryland","fbs","Big Ten","28","0,7,14,7","0.013715982437133789","1678","1642","6.342837825588786","","",""
"401636883","2024","5","regular","2024-09-28T16:00:00.000Z","false","true","false","true","","3636","Bill Snyder Family Stadium","2306","Kansas State","fbs","Big 12","42","7,14,14,7","0.9877654314041138","1714","1754","197","Oklahoma State","fbs","Big 12","20","3,10,0,7","0.01223456859588623","1593","1553","4.122338278189445","","",""
"401635560","2024","5","regular","2024-09-28T16:00:00.000Z","false","true","false","false","41403","3615","Alumni Stadium (Chestnut Hill, MA)","103","Boston College","fbs","ACC","21","0,7,0,14","0.6856840252876282","1472","1471","98","Western Kentucky","fbs","Conference USA","20","7,10,3,0","0.3143159747123718","1409","1410","5.86963118204976","","",""
"401643793","2024","5","regular","2024-09-28T17:30:00.000Z","false","true","false","false","25786","3651","Bridgeforth Stadium","256","James Madison","fbs","Sun Belt","63","22,7,20,14","0.9847715497016907","1734","1830","2050","Ball State","fbs","Mid-American","7","7,0,0,0","0.015228450298309326","1184","1088","2.648229197201901","","",""
"401641041","2024","5","regular","2024-09-28T19:00:00.000Z","false","true","true","false","27225","3891","NRG Stadium","2534","Sam Houston","fbs","Conference USA","40","0,21,13,6","0.5947272777557373","1435","1439","326","Texas State","fbs","Sun Belt","39","22,10,7,0","0.4052727222442627","1538","1534","6.155988386079404","","",""
"401636885","2024","5","regular","2024-09-28T19:30:00.000Z","false","true","false","true","45702","3652","FBC Mortgage Stadium","2116","UCF","fbs","Big 12","21","7,7,7,0","0.11495345830917358","1642","1531","38","Colorado","fbs","Big 12","48","14,13,14,7","0.8850465416908264","1368","1479","4.71159698637873","","",""
"401643720","2024","5","regular","2024-09-28T19:30:00.000Z","false","true","false","true","24638","6501","Allegiant Stadium","2439","UNLV","fbs","Mountain West","59","14,7,10,28","0.995891809463501","1544","1701","278","Fresno State","fbs","Mountain West","14","0,0,7,7","0.0041081905364990234","1675","1518","2.537252966951226","","",""
"401640992","2024","5","regular","2024-09-28T19:30:00.000Z","false","false","false","false","","3792","Kidd Brewer Stadium","2026","App State","fbs","Sun Belt","","","","1316","","2335","Liberty","fbs","Conference USA","","","","1750","","","","",""
"401629043","2024","5","regular","2024-09-28T19:30:00.000Z","false","true","false","false","9542","3996","Yager Stadium","193","Miami (OH)","fbs","Mid-American","23","7,3,7,3,3","0.31067949533462524","1450","1446","113","Massachusetts","fbs","FBS Independents","20","7,3,0,10,0","0.6893205046653748","1063","1067","5.882854451126603","","",""
"401628502","2024","5","regular","2024-09-28T19:30:00.000Z","false","true","false","true","74118","477","Los Angeles Memorial Coliseum","30","USC","fbs","Big Ten","38","7,3,14,14","0.8885719180107117","1769","1786","275","Wisconsin","fbs","Big Ten","21","7,14,0,0","0.11142808198928833","1553","1536","4.893055804158604","","",""
"401628980","2024","5","regular","2024-09-28T19:30:00.000Z","false","true","false","false","77622","3855","Notre Dame Stadium","87","Notre Dame","fbs","FBS Independents","31","21,3,0,7","1","2000","1994","97","Louisville","fbs","ACC","24","7,7,0,10","0","1711","1717","3.806097270133003","","",""
"401636882","2024","5","regular","2024-09-28T19:30:00.000Z","false","true","true","true","47928","3622","GEHA Field at Arrowhead Stadium","2305","Kansas","fbs","Big 12","27","14,3,7,3","0.18418282270431519","1598","1575","2628","TCU","fbs","Big 12","38","7,14,7,10","0.8158171772956848","1528","1551","6.578286282897454","","",""
"401644738","2024","5","regular","2024-09-28T19:30:00.000Z","false","true","false","true","21265","3876","Peden Stadium","195","Ohio","fbs","Mid-American","30","0,14,2,14","0.9968971610069275","1401","1414","2006","Akron","fbs","Mid-American","10","3,7,0,0","0.0031028389930725098","1053","1040","4.774582767571226","","",""
"401644739","2024","5","regular","2024-09-28T19:30:00.000Z","false","true","false","true","10899","3696","Dix Stadium","2309","Kent State","fbs","Mid-American","33","7,7,7,12","0.019632194191217422","932","922","2199","Eastern Michigan","fbs","Mid-American","52","7,14,17,14","0.9803678058087826","1300","1310","5.958633177679434","","",""
"401643721","2024","5","regular","2024-09-28T19:30:00.000Z","false","true","false","false","27072","3786","Kelly/Shorts Stadium","2117","Central Michigan","fbs","Mid-American","22","10,3,6,3","0.14117607474327087","1174","1180","21","San Diego State","fbs","Mountain West","21","7,14,0,0","0.8588239252567291","1350","1344","6.85704964976188","","",""
"401643794","2024","5","regular","2024-09-28T19:30:00.000Z","false","true","false","false","18723","3775","Joan C. Edwards Stadium","276","Marshall","fbs","Sun Belt","27","7,10,3,7","0.9485005736351013","1360","1362","2711","Western Michigan","fbs","Mid-American","20","3,0,14,3","0.05149942636489868","1222","1220","4.335581187180763","","",""
"401635659","2024","5","regular","2024-09-28T19:30:00.000Z","false","true","false","false","31061","3630","Allegacy Federal Credit Union Stadium","154","Wake Forest","fbs","ACC","38","3,14,14,7","0.20382629334926605","1370","1376","309","Louisiana","fbs","Sun Belt","41","14,7,10,10","0.796173706650734","1543","1537","6.702318198251937","","",""
"401628375","2024","5","regular","2024-09-28T19:30:00.000Z","false","true","false","true","88043","3785","Jordan-Hare Stadium","2","Auburn","fbs","SEC","21","0,14,0,7","0.18792657554149628","1537","1547","201","Oklahoma","fbs","SEC","27","7,0,3,17","0.8120734244585037","1837","1827","5.241636323770405","","",""
"401628373","2024","5","regular","2024-09-28T19:30:00.000Z","false","true","true","true","60928","3687","AT&T Stadium","245","Texas A&M","fbs","SEC","21","7,7,0,7","0.32543280720710754","1685","1683","8","Arkansas","fbs","SEC","17","14,0,0,3","0.6745671927928925","1483","1485","6.964203930175432","","",""
"401643792","2024","5","regular","2024-09-28T19:30:00.000Z","false","true","false","true","18808","4246","Center Parc Stadium","2247","Georgia State","fbs","Sun Belt","21","7,0,14,0","0.10591637343168259","1371","1325","290","Georgia Southern","fbs","Sun Belt","38","14,10,7,7","0.8940836265683174","1324","1370","5.357708257158071","","",""
"401635562","2024","5","regular","2024-09-28T20:00:00.000Z","false","true","false","true","35018","3982","Wallace Wade Stadium","150","Duke","fbs","ACC","21","0,0,7,14","0.7672407031059265","1623","1621","153","North Carolina","fbs","ACC","20","10,7,3,0","0.2327592968940735","1519","1521","5.668896176963781","","",""
"401645334","2024","5","regular","2024-09-28T20:00:00.000Z","false","true","false","true","41851","3699","Dowdy-Ficklen Stadium","151","East Carolina","fbs","American Athletic","30","3,7,14,6","0.9182283282279968","1407","1423","2636","UTSA","fbs","American Athletic","20","10,3,0,7","0.08177167177200317","1390","1374","5.574780443874977","","",""
"401628378","2024","5","regular","2024-09-28T20:15:00.000Z","false","true","false","true","101388","3910","DKR-Texas Memorial Stadium","251","Texas","fbs","SEC","35","7,7,7,14","0.9928284883499146","2107","2091","344","Mississippi State","fbs","SEC","13","0,6,0,7","0.007171511650085449","1355","1371","2.975920800201398","","",""
"401643795","2024","5","regular","2024-09-28T21:00:00.000Z","false","true","false","false","19140","3700","Doyt L. Perry Stadium","189","Bowling Green","fbs","Mid-American","27","7,7,7,6","0.24286724627017975","1448","1439","295","Old Dominion","fbs","Sun Belt","30","14,3,0,13","0.7571327537298203","1368","1377","7.260718089857533","","",""
"401645335","2024","5","regular","2024-09-28T22:00:00.000Z","false","true","false","false","21151","3715","FAU Stadium","2226","Florida Atlantic","fbs","American Athletic","41","10,7,10,14","0.9910696744918823","1295","1295","2681","Wagner","fcs","NEC","10","0,10,0,0","0.008930325508117676","","","2.262692577993847","","",""
"401641018","2024","5","regular","2024-09-28T22:00:00.000Z","false","true","false","false","","4899","Fifth Third Stadium","338","Kennesaw State","fbs","Conference USA","13","0,10,0,3","0.08904422074556351","1384","1384","2630","UT Martin","fcs","Big South-OVC","24","0,10,14,0","0.9109557792544365","","","5.140738484242076","","",""
"401640981","2024","5","regular","2024-09-28T22:00:00.000Z","false","true","true","true","12425","2031","Pitbull Stadium","2229","Florida International","fbs","Conference USA","17","7,0,7,3","0.3868897259235382","1241","1257","2348","Louisiana Tech","fbs","Conference USA","10","0,0,10,0","0.6131102740764618","1239","1223","3.924646095485344","","",""
"401636881","2024","5","regular","2024-09-28T23:00:00.000Z","false","true","false","true","25138","4728","TDECU Stadium","248","Houston","fbs","Big 12","0","0,0,0,0","0.01589883863925934","1366","1352","66","Iowa State","fbs","Big 12","20","3,0,7,10","0.9841011613607407","1718","1732","3.3323357311680826","","",""
"401643796","2024","5","regular","2024-09-28T23:00:00.000Z","false","true","false","true","21253","3975","Veterans Memorial Stadium (AL)","2653","Troy","fbs","Sun Belt","9","3,3,0,3","0.525316059589386","1534","1504","2433","UL Monroe","fbs","Sun Belt","13","3,0,3,7","0.474683940410614","1210","1240","4.500055975736567","","",""
"401635561","2024","5","regular","2024-09-28T23:00:00.000Z","false","true","false","true","80295","3836","Memorial Stadium (Clemson, SC)","228","Clemson","fbs","ACC","40","10,7,10,13","0.9117518067359924","1790","1805","24","Stanford","fbs","ACC","14","0,7,0,7","0.08824819326400757","1303","1288","2.449033875396446","","",""
"401645336","2024","5","regular","2024-09-28T23:00:00.000Z","false","true","false","true","18529","3825","DATCU Stadium","249","North Texas","fbs","American Athletic","52","0,24,21,7","1","1403","1464","202","Tulsa","fbs","American Athletic","20","0,3,0,17","0","1193","1132","3.643862437707139","","",""
"401645333","2024","5","regular","2024-09-28T23:00:00.000Z","false","true","false","true","17455","3895","Rice Stadium","242","Rice","fbs","American Athletic","20","0,10,0,10","0.6797924041748047","1225","1219","2429","Charlotte","fbs","American Athletic","21","0,0,14,7","0.3202075958251953","1122","1128","7.392244364159925","","",""
"401628374","2024","5","regular","2024-09-28T23:30:00.000Z","false","true","false","true","100077","3657","Bryant-Denny Stadium","333","Alabama","fbs","SEC","41","21,9,3,8","0.9645187854766846","2046","2056","61","Georgia","fbs","SEC","34","0,7,8,19","0.03548121452331543","2046","2036","5.455698136787349","","",""
"401628495","2024","5","regular","2024-09-28T23:30:00.000Z","false","true","false","true","109911","3632","Beaver Stadium","213","Penn State","fbs","Big Ten","21","7,0,7,7","0.998822808265686","1905","1905","356","Illinois","fbs","Big Ten","7","7,0,0,0","0.0011771917343139648","1551","1551","4.203267884989727","","",""
"401628498","2024","5","regular","2024-09-28T23:30:00.000Z","false","true","false","true","71114","3936","Spartan Stadium","127","Michigan State","fbs","Big Ten","7","0,7,0,0","0.03653306886553764","1423","1407","194","Ohio State","fbs","Big Ten","38","3,21,14,0","0.9634669311344624","2038","2054","3.35399564726513","","",""
"401641025","2024","5","regular","2024-09-28T23:30:00.000Z","false","true","false","false","25266","3805","Simmons Bank Liberty Stadium","235","Memphis","fbs","American Athletic","24","0,14,10,0","0.9820258617401123","1597","1598","2393","Middle Tennessee","fbs","Conference USA","7","0,0,7,0","0.017974138259887695","1182","1181","3.5069624612126535","","",""
"401628376","2024","5","regular","2024-09-28T23:45:00.000Z","false","true","false","false","102143","3958","Tiger Stadium (LA)","99","LSU","fbs","SEC","42","21,14,0,7","0.8056033849716187","1805","1874","6","South Alabama","fbs","Sun Belt","10","0,3,7,0","0.19439661502838135","1657","1588","1.597189385976028","","",""
"401635563","2024","5","regular","2024-09-29T00:00:00.000Z","false","true","false","true","34879","3735","Gerald J. Ford Stadium","2567","SMU","fbs","ACC","42","7,7,14,14","0.9965049624443054","1700","1755","52","Florida State","fbs","ACC","16","7,2,7,0","0.00349503755569458","1599","1544","4.281181150530368","","",""
"401641035","2024","5","regular","2024-09-29T00:00:00.000Z","false","true","false","false","21062","3601","Aggie Memorial Stadium","166","New Mexico State","fbs","Conference USA","40","7,3,7,23","0.04136263442755955","1265","1238","167","New Mexico","fbs","Mountain West","50","7,14,9,20","0.9586373655724405","1201","1228","3.8931490083","","",""
"401643718","2024","5","regular","2024-09-29T00:00:00.000Z","false","true","false","true","23068","3984","War Memorial Stadium","2751","Wyoming","fbs","Mountain West","31","7,0,14,10","0.9572429656982422","1245","1286","2005","Air Force","fbs","Mountain West","19","0,13,0,6","0.04275703430175781","1459","1418","4.323679796710635","","",""
"401636884","2024","5","regular","2024-09-29T00:00:00.000Z","false","true","false","true","60229","3784","Jones AT&T Stadium","2641","Texas Tech","fbs","Big 12","44","10,14,10,10","0.8620567321777344","1628","1628","2132","Cincinnati","fbs","Big 12","41","14,10,3,14","0.13794326782226562","1529","1529","5.918366187474399","","",""
"401643719","2024","5","regular","2024-09-29T02:00:00.000Z","false","true","false","false","37711","3653","Albertsons Stadium","68","Boise State","fbs","Mountain West","45","7,10,7,21","0.9958304166793823","1631","1677","265","Washington State","fbs","Pac-12","24","7,3,0,14","0.004169583320617676","1596","1550","4.616660796431069","","",""
"401636886","2024","5","regular","2024-09-29T02:15:00.000Z","false","true","false","true","52898","587","Rice-Eccles Stadium","254","Utah","fbs","Big 12","10","0,3,0,7","0.12156488746404648","1633","1607","12","Arizona","fbs","Big 12","23","3,7,6,7","0.8784351125359535","1668","1694","4.4245995859632625","","",""
"401628500","2024","5","regular","2024-09-29T03:00:00.000Z","false","true","false","true","43051","1056","Rose Bowl","26","UCLA","fbs","Big Ten","13","3,7,3,0","0.035428863018751144","1449","1449","2483","Oregon","fbs","Big Ten","34","7,21,0,6","0.9645711369812489","1974","1974","2.9419494294997683","","",""
"401643797","2024","6","regular","2024-10-03T23:00:00.000Z","false","true","false","true","20349","3975","Veterans Memorial Stadium (AL)","2653","Troy","fbs","Sun Belt","17","0,10,7,0","0.009403584524989128","1504","1454","326","Texas State","fbs","Sun Belt","38","14,14,10,0","0.9905964154750109","1534","1584","3.514585454987595","","",""
"401641029","2024","6","regular","2024-10-04T01:00:00.000Z","false","true","false","true","14454","3946","Sun Bowl","2638","UTEP","fbs","Conference USA","21","0,7,7,7","0.007471051998436451","1206","1181","2534","Sam Houston","fbs","Conference USA","41","7,10,21,3","0.9925289480015635","1439","1464","4.59150709163615","","",""
"401641001","2024","6","regular","2024-10-04T23:00:00.000Z","false","true","false","true","10029","4899","Fifth Third Stadium","338","Kennesaw State","fbs","Conference USA","24","3,14,0,7","0.015530594624578953","1388","1281","55","Jacksonville State","fbs","Conference USA","63","7,14,21,21","0.984469405375421","1453","1560","4.883545820424374","","",""
"401636891","2024","6","regular","2024-10-04T23:30:00.000Z","false","true","false","true","44211","3616","Amon G. Carter Stadium","2628","TCU","fbs","Big 12","19","0,6,6,7","0","1551","1508","248","Houston","fbs","Big 12","30","7,17,0,6","1","1352","1395","3.8256060690240603","","",""
"401634779","2024","6","regular","2024-10-05T01:00:00.000Z","false","true","false","false","31329","6501","Allegiant Stadium","2439","UNLV","fbs","Mountain West","41","0,21,10,7,3","0.9868842959403992","1701","1675","183","Syracuse","fbs","ACC","44","14,3,14,7,6","0.01311570405960083","1378","1404","6.934600265892131","","",""
"401628506","2024","6","regular","2024-10-05T01:00:00.000Z","false","true","false","true","59802","3626","Autzen Stadium","2483","Oregon","fbs","Big Ten","31","7,14,3,7","0.963258683681488","1974","1971","127","Michigan State","fbs","Big Ten","10","0,0,0,10","0.03674131631851196","1407","1410","3.202566472285447","","",""
"401635572","2024","6","regular","2024-10-05T16:00:00.000Z","false","true","false","true","46033","3787","Kenan Stadium","153","North Carolina","fbs","ACC","24","7,10,7,0","0.0413968488574028","1521","1497","221","Pittsburgh","fbs","ACC","34","3,14,7,10","0.9586031511425972","1488","1512","7.067075991557994","","",""
"401635571","2024","6","regular","2024-10-05T16:00:00.000Z","false","true","false","true","50254","3873","L&N Federal Credit Union Stadium","97","Louisville","fbs","ACC","27","10,3,14,0","0.0943855345249176","1717","1707","2567","SMU","fbs","ACC","34","14,10,3,7","0.9056144654750824","1755","1765","6.538803670743081","","",""
"401635567","2024","6","regular","2024-10-05T16:00:00.000Z","false","true","false","true","38285","3923","Scott Stadium","258","Virginia","fbs","ACC","24","0,6,0,18","0.9774066805839539","1389","1412","103","Boston College","fbs","ACC","14","7,7,0,0","0.022593319416046143","1471","1448","4.599998551357442","","",""
"401643722","2024","6","regular","2024-10-05T16:00:00.000Z","false","true","false","false","39441","3713","Falcon Stadium","2005","Air Force","fbs","Mountain West","7","0,7,0,0","0.07330261170864105","1418","1353","2426","Navy","fbs","American Athletic","34","14,7,6,7","0.926697388291359","1490","1555","3.6482887489039553","","",""
"401629044","2024","6","regular","2024-10-05T16:00:00.000Z","false","true","false","false","12466","3764","Huskie Stadium","2459","Northern Illinois","fbs","Mid-American","34","7,0,6,21","0.9888418912887573","1455","1452","113","Massachusetts","fbs","FBS Independents","20","7,6,0,7","0.011158108711242676","1067","1070","4.927837725355851","","",""
"401628510","2024","6","regular","2024-10-05T16:00:00.000Z","false","true","false","true","110047","3632","Beaver Stadium","213","Penn State","fbs","Big Ten","27","0,14,10,3","0.9934830069541931","1905","1901","26","UCLA","fbs","Big Ten","11","0,3,0,8","0.006516993045806885","1449","1453","3.031364543107889","","",""
"401628509","2024","6","regular","2024-10-05T16:00:00.000Z","false","true","false","true","76091","347","Camp Randall Stadium","275","Wisconsin","fbs","Big Ten","52","14,7,21,10","0.988965630531311","1536","1644","2509","Purdue","fbs","Big Ten","6","0,6,0,0","0.011034369468688965","1322","1214","2.51004429737512","","",""
"401635638","2024","6","regular","2024-10-05T16:00:00.000Z","false","true","false","true","56919","3670","Carter-Finley Stadium","152","NC State","fbs","ACC","30","3,13,7,7","0.3928472399711609","1487","1473","154","Wake Forest","fbs","ACC","34","10,7,3,14","0.6071527600288391","1376","1390","6.599172766224135","","",""
"401628383","2024","6","regular","2024-10-05T16:00:00.000Z","false","true","false","true","97049","3795","Kyle Field","245","Texas A&M","fbs","SEC","41","10,14,10,7","0.9771588444709778","1683","1781","142","Missouri","fbs","SEC","10","0,0,7,3","0.022841155529022217","1790","1692","2.6072692092656373","","",""
"401645339","2024","6","regular","2024-10-05T16:00:00.000Z","false","true","false","true","","3674","Chapman Stadium","202","Tulsa","fbs","American Athletic","7","7,0,0,0","0.0028981929644942284","1132","1060","349","Army","fbs","American Athletic","49","7,14,21,7","0.9971018070355058","1534","1606","2.9758932277024117","","",""
"401645338","2024","6","regular","2024-10-05T17:00:00.000Z","false","true","false","true","19724","7221","Protective Stadium","5","UAB","fbs","American Athletic","20","6,0,0,14","0","1226","1128","2655","Tulane","fbs","American Athletic","71","20,17,20,14","1","1653","1751","3.0937907943431444","","",""
"401644741","2024","6","regular","2024-10-05T18:00:00.000Z","false","true","false","true","10342","3919","Scheumann Stadium","2050","Ball State","fbs","Mid-American","42","14,7,14,7","0.3125140368938446","1088","1091","2711","Western Michigan","fbs","Mid-American","45","21,0,10,14","0.6874859631061554","1220","1217","7.657498887229761","","",""
"401643799","2024","6","regular","2024-10-05T19:30:00.000Z","false","true","false","true","28023","3775","Joan C. Edwards Stadium","276","Marshall","fbs","Sun Belt","52","7,21,10,14","0.9953216314315796","1362","1394","2026","App State","fbs","Sun Belt","37","3,14,7,13","0.00467836856842041","1366","1334","3.31941412942144","","",""
"401644684","2024","6","regular","2024-10-05T19:30:00.000Z","false","true","false","true","25027","3739","Glass Bowl","2649","Toledo","fbs","Mid-American","30","14,6,3,7","0.3547420799732208","1565","1574","193","Miami (OH)","fbs","Mid-American","20","3,3,7,7","0.6452579200267792","1446","1437","2.6837314610309235","","",""
"401644740","2024","6","regular","2024-10-05T19:30:00.000Z","false","true","false","true","9337","3768","InfoCision Stadium","2006","Akron","fbs","Mid-American","20","10,0,0,10","0.3126498758792877","1040","1055","189","Bowling Green","fbs","Mid-American","27","7,10,0,10","0.6873501241207123","1439","1424","6.1988609029428385","","",""
"401645340","2024","6","regular","2024-10-05T19:30:00.000Z","false","true","false","true","17102","4418","Jerry Richardson Stadium","2429","Charlotte","fbs","American Athletic","55","14,17,3,21","0.9722815155982971","1128","1253","151","East Carolina","fbs","American Athletic","24","3,7,7,7","0.02771848440170288","1423","1298","2.80882516722376","","",""
"401628504","2024","6","regular","2024-10-05T19:30:00.000Z","false","true","false","true","105135","3861","Ohio Stadium","194","Ohio State","fbs","Big Ten","35","7,0,21,7","0.9984027844674853","2054","2080","2294","Iowa","fbs","Big Ten","7","0,0,0,7","0.0015972155325146842","1626","1600","3.5455149433","","",""
"401628382","2024","6","regular","2024-10-05T19:30:00.000Z","false","true","false","true","79837","3994","Williams-Brice Stadium","2579","South Carolina","fbs","SEC","3","0,3,0,0","0.016977276653051376","1699","1654","145","Ole Miss","fbs","SEC","27","14,10,3,0","0.9830227233469486","1861","1906","5.508233788647158","","",""
"401635573","2024","6","regular","2024-10-05T19:30:00.000Z","false","true","false","true","36277","3940","Stanford Stadium","24","Stanford","fbs","ACC","7","0,0,7,0","0.024959133937954903","1288","1261","259","Virginia Tech","fbs","ACC","31","7,7,7,10","0.9750408660620451","1617","1644","3.371701277291301","","",""
"401628503","2024","6","regular","2024-10-05T19:30:00.000Z","false","true","true","true","12023","5960","Lanny and Sharon Martin Stadium","77","Northwestern","fbs","Big Ten","24","0,10,7,7","0.01249872986227274","1493","1473","84","Indiana","fbs","Big Ten","41","7,10,7,17","0.9875012701377273","1628","1648","5.446352020835115","","",""
"401629033","2024","6","regular","2024-10-05T19:30:00.000Z","false","true","false","false","28921","3892","Pratt & Whitney Stadium","41","UConn","fbs","FBS Independents","29","3,6,7,13","0.5503116250038147","1441","1434","218","Temple","fbs","American Athletic","20","0,7,6,7","0.4496883749961853","1106","1113","7.622746685912569","","",""
"401628381","2024","6","regular","2024-10-05T19:30:00.000Z","false","true","false","true","93033","3917","Sanford Stadium","61","Georgia","fbs","SEC","31","7,7,7,10","0.987847089767456","2036","2033","2","Auburn","fbs","SEC","13","3,0,7,3","0.012152910232543945","1547","1550","3.4510686910910553","","",""
"401628508","2024","6","regular","2024-10-05T20:00:00.000Z","false","true","false","true","87464","3834","Memorial Stadium (Lincoln, NE)","158","Nebraska","fbs","Big Ten","14","7,7,0,0","0.6832271218299866","1591","1597","164","Rutgers","fbs","Big Ten","7","0,0,0,7","0.3167728781700134","1527","1521","2.805150725976728","","",""
"401636890","2024","6","regular","2024-10-05T20:00:00.000Z","false","true","false","true","52202","3646","Boone Pickens Stadium","197","Oklahoma State","fbs","Big 12","14","0,7,0,7","0.03586244583129883","1553","1489","277","West Virginia","fbs","Big 12","38","10,21,0,7","0.9641375541687012","1546","1610","2.3982952073111408","","",""
"401628384","2024","6","regular","2024-10-05T20:15:00.000Z","false","true","false","true","28934","3973","FirstBank Stadium","238","Vanderbilt","fbs","SEC","40","13,10,7,10","0.8807790275067171","1317","1359","333","Alabama","fbs","SEC","35","7,7,14,7","0.1192209724932829","2056","2014","7.6288286297","","",""
"401643724","2024","6","regular","2024-10-05T22:30:00.000Z","false","true","false","false","46433","3893","Reser Stadium","204","Oregon State","fbs","Pac-12","39","0,14,0,10,7,8","0.25760453939437866","1619","1609","36","Colorado State","fbs","Mountain West","31","7,3,0,14,7,0","0.7423954606056213","1236","1246","9.144433733912097","","",""
"401643802","2024","6","regular","2024-10-05T23:00:00.000Z","false","true","false","true","24041","3815","M. M. Roberts Stadium","2572","Southern Miss","fbs","Sun Belt","13","0,13,0,0","0.08284809267446264","1106","1120","309","Louisiana","fbs","Sun Belt","23","3,14,3,3","0.9171519073255374","1537","1523","3.8168976361","","",""
"401643798","2024","6","regular","2024-10-05T23:00:00.000Z","false","true","false","true","18552","3654","Brooks Stadium (SC)","324","Coastal Carolina","fbs","Sun Belt","45","7,14,14,10","0.9837321639060974","1448","1456","295","Old Dominion","fbs","Sun Belt","37","7,10,7,13","0.016267836093902588","1377","1369","5.103882293881193","","",""
"401643800","2024","6","regular","2024-10-05T23:00:00.000Z","false","true","false","true","21427","3625","Centennial Bank Stadium","2032","Arkansas State","fbs","Sun Belt","18","3,3,3,9","0.4255731403827667","1313","1317","6","South Alabama","fbs","Sun Belt","16","0,3,7,6","0.5744268596172333","1588","1584","6.176001129045938","","",""
"401643723","2024","6","regular","2024-10-05T23:00:00.000Z","false","true","false","true","37210","3653","Albertsons Stadium","68","Boise State","fbs","Mountain West","62","14,35,6,7","0.983163595199585","1677","1708","328","Utah State","fbs","Mountain West","30","3,14,7,6","0.01683640480041504","1193","1162","2.649008775781136","","",""
"401643801","2024","6","regular","2024-10-05T23:00:00.000Z","false","true","false","true","19976","3817","Malone Stadium","2433","UL Monroe","fbs","Sun Belt","21","0,14,0,7","0.8283641338348389","1240","1247","256","James Madison","fbs","Sun Belt","19","10,3,0,6","0.17163586616516113","1830","1823","5.5957588210483475","","",""
"401635569","2024","6","regular","2024-10-05T23:00:00.000Z","false","true","false","true","55107","3697","Doak Campbell Stadium","52","Florida State","fbs","ACC","13","0,7,0,6","0.046038009226322174","1544","1532","228","Clemson","fbs","ACC","29","17,6,0,6","0.9539619907736778","1805","1817","3.255671376623969","","",""
"401636889","2024","6","regular","2024-10-05T23:30:00.000Z","false","true","false","true","61500","3772","Jack Trice Stadium","66","Iowa State","fbs","Big 12","43","3,16,14,10","0.9558457732200623","1732","1760","239","Baylor","fbs","Big 12","21","7,7,7,0","0.044154226779937744","1485","1457","4.545177904250398","","",""
"401628379","2024","6","regular","2024-10-05T23:30:00.000Z","false","true","false","true","75573","3887","Razorback Stadium","8","Arkansas","fbs","SEC","19","3,0,7,9","0.7092388868331909","1485","1513","2633","Tennessee","fbs","SEC","14","0,0,14,0","0.2907611131668091","1975","1947","6.621208239819063","","",""
"401643726","2024","6","regular","2024-10-05T23:30:00.000Z","false","true","false","true","17099","3935","CEFCU Stadium","23","San José State","fbs","Mountain West","35","7,14,7,7","0.47346362471580505","1601","1594","2440","Nevada","fbs","Mountain West","31","7,14,7,3","0.526536375284195","1228","1235","6.5600845700806465","","",""
"401628505","2024","6","regular","2024-10-05T23:30:00.000Z","false","true","false","true","72132","3765","Husky Stadium","264","Washington","fbs","Big Ten","27","7,7,0,13","0.9672155976295471","1762","1790","130","Michigan","fbs","Big Ten","17","0,10,7,0","0.03278440237045288","1906","1878","4.9286993290478875","","",""
"401628507","2024","6","regular","2024-10-05T23:30:00.000Z","false","true","false","true","50913","3953","Huntington Bank Stadium","135","Minnesota","fbs","Big Ten","24","3,7,0,14","0.5733951926231384","1506","1533","30","USC","fbs","Big Ten","17","0,10,7,0","0.4266048073768616","1786","1759","4.678179540982626","","",""
"401628380","2024","6","regular","2024-10-05T23:45:00.000Z","false","true","false","false","90369","3634","Ben Hill Griffin Stadium","57","Florida","fbs","SEC","24","7,17,0,0","0.9724757075309753","1516","1537","2116","UCF","fbs","Big 12","13","3,0,3,7","0.027524292469024658","1531","1510","2.3992846496751765","","",""
"401643725","2024","6","regular","2024-10-06T00:00:00.000Z","false","true","false","true","31307","7311","Snapdragon Stadium","21","San Diego State","fbs","Mountain West","27","3,14,3,7","0.8427420258522034","1344","1343","62","Hawai'i","fbs","Mountain West","24","3,7,7,7","0.15725797414779663","1214","1215","6.965947193157232","","",""
"401635570","2024","6","regular","2024-10-06T00:00:00.000Z","false","true","false","true","37287","721","Bobby Dodd Stadium","59","Georgia Tech","fbs","ACC","24","7,3,0,14","0.894904613494873","1545","1568","150","Duke","fbs","ACC","14","0,7,7,0","0.10509538650512695","1621","1598","4.220935481536408","","",""
"401636888","2024","6","regular","2024-10-06T00:00:00.000Z","false","true","false","true","54639","3947","Mountain America Stadium","9","Arizona State","fbs","Big 12","35","7,7,0,21","0.9970276951789856","1506","1511","2305","Kansas","fbs","Big 12","31","7,7,3,14","0.0029723048210144043","1575","1570","8.605481945861555","","",""
"401635568","2024","6","regular","2024-10-06T02:30:00.000Z","false","true","false","true","52428","3831","California Memorial Stadium","25","California","fbs","ACC","38","7,14,14,3","0.5155603885650635","1537","1549","2390","Miami","fbs","ACC","39","7,3,8,21","0.4844396114349365","1834","1822","5.2899739485667805","","",""
"401636887","2024","6","regular","2024-10-06T03:00:00.000Z","false","true","false","true","45773","3619","Arizona Stadium","12","Arizona","fbs","Big 12","22","3,0,13,6","0.021289873868227005","1694","1678","2641","Texas Tech","fbs","Big 12","28","7,11,0,10","0.978710126131773","1628","1644","6.574064411063272","","",""
"401640982","2024","7","regular","2024-10-08T23:00:00.000Z","false","true","false","true","16343","3992","Williams Stadium (VA)","2335","Liberty","fbs","Conference USA","31","3,14,0,7,7","0.9849969744682312","1589","1581","2229","Florida International","fbs","Conference USA","24","3,7,0,14,0","0.015003025531768799","1257","1265","5.575549214423984","","",""
"401641002","2024","7","regular","2024-10-09T23:30:00.000Z","false","true","false","true","16555","3662","AmFirst Stadium","55","Jacksonville State","fbs","Conference USA","54","7,26,14,7","0.986560583114624","1560","1637","166","New Mexico State","fbs","Conference USA","13","3,3,0,7","0.013439416885375977","1238","1161","3.2356494590579663","","",""
"401643803","2024","7","regular","2024-10-10T23:30:00.000Z","false","true","false","true","25622","3651","Bridgeforth Stadium","256","James Madison","fbs","Sun Belt","39","7,22,7,3","0.9913663268089294","1823","1866","324","Coastal Carolina","fbs","Sun Belt","7","7,0,0,0","0.008633673191070557","1456","1413","2.8990087695057847","","",""
"401641030","2024","7","regular","2024-10-11T00:00:00.000Z","false","true","false","true","12723","3796","Houchens Industries-L.T. Smith Stadium","98","Western Kentucky","fbs","Conference USA","44","14,13,7,10","0.9953188300132751","1410","1454","2638","UTEP","fbs","Conference USA","17","7,0,10,0","0.0046811699867248535","1181","1137","3.3952132096036083","","",""
"401641009","2024","7","regular","2024-10-11T00:00:00.000Z","false","true","false","true","15072","3776","Joe Aillet Stadium","2348","Louisiana Tech","fbs","Conference USA","48","20,14,14,0","0.9903640151023865","1223","1288","2393","Middle Tennessee","fbs","Conference USA","21","14,0,7,0","0.009635984897613525","1181","1116","3.8041596957293153","","",""
"401628513","2024","7","regular","2024-10-12T00:00:00.000Z","false","true","false","true","39371","3665","SECU Stadium","120","Maryland","fbs","Big Ten","10","0,7,0,3","0.02032030187547207","1642","1546","77","Northwestern","fbs","Big Ten","37","7,10,0,20","0.9796796981245279","1473","1569","3.888886765537353","","",""
"401643733","2024","7","regular","2024-10-12T01:00:00.000Z","false","true","false","true","20295","3905","Maverik Stadium","328","Utah State","fbs","Mountain West","34","7,0,14,13","0.0319853313267231","1162","1172","2439","UNLV","fbs","Mountain West","50","14,27,6,3","0.9680146686732769","1675","1665","3.5288577413424003","","",""
"401636892","2024","7","regular","2024-10-12T02:30:00.000Z","false","true","false","true","45310","3947","Mountain America Stadium","9","Arizona State","fbs","Big 12","27","6,7,7,7","0.7982373237609863","1511","1529","254","Utah","fbs","Big 12","19","6,3,7,3","0.20176267623901367","1607","1589","4.449459880157044","","",""
"401628385","2024","7","regular","2024-10-12T16:00:00.000Z","false","true","false","true","100077","3657","Bryant-Denny Stadium","333","Alabama","fbs","SEC","27","7,7,0,13","0.7796367406845093","2014","2010","2579","South Carolina","fbs","SEC","25","0,12,7,6","0.22036325931549072","1654","1658","5.932774080878053","","",""
"401635576","2024","7","regular","2024-10-12T16:00:00.000Z","false","true","false","true","31553","3630","Allegacy Federal Credit Union Stadium","154","Wake Forest","fbs","ACC","14","7,7,0,0","0.02057635225355625","1390","1343","228","Clemson","fbs","ACC","49","0,28,14,7","0.9794236477464437","1817","1864","4.084976603226811","","",""
"401644743","2024","7","regular","2024-10-12T16:00:00.000Z","false","true","false","true","7322","3696","Dix Stadium","2309","Kent State","fbs","Mid-American","35","0,7,7,21","0.2648608386516571","922","928","2050","Ball State","fbs","Mid-American","37","10,10,7,10","0.7351391613483429","1091","1085","5.165950219142929","","",""
"401645342","2024","7","regular","2024-10-12T16:00:00.000Z","false","true","false","true","29002","3841","Michie Stadium","349","Army","fbs","American Athletic","44","20,14,7,3","1","1606","1643","5","UAB","fbs","American Athletic","10","3,0,0,7","0","1128","1091","4.139247461329194","","",""
"401644745","2024","7","regular","2024-10-12T16:00:00.000Z","false","true","false","true","13996","3965","UB Stadium","2084","Buffalo","fbs","Mid-American","30","7,0,14,9","1","1228","1294","2649","Toledo","fbs","Mid-American","15","0,0,7,8","0","1574","1508","3.6172234545022257","","",""
"401628389","2024","7","regular","2024-10-12T16:00:00.000Z","false","true","false","false","16102","3985","Warren McGuirk Alumni Stadium","113","Massachusetts","fbs","FBS Independents","3","0,3,0,0","0.004559297114610672","1070","1025","142","Missouri","fbs","SEC","45","14,10,21,0","0.9954407028853893","1692","1737","2.964388205224502","","",""
"401628512","2024","7","regular","2024-10-12T16:00:00.000Z","false","true","false","true","69250","3793","Kinnick Stadium","2294","Iowa","fbs","Big Ten","40","7,13,3,17","0.9860123991966248","1600","1683","264","Washington","fbs","Big Ten","16","0,10,0,6","0.013987600803375244","1790","1707","3.105873547623971","","",""
"401628517","2024","7","regular","2024-10-12T16:00:00.000Z","false","true","false","true","50111","6577","SHI Stadium","164","Rutgers","fbs","Big Ten","7","0,0,0,7","0.0006891470402479172","1521","1436","275","Wisconsin","fbs","Big Ten","42","14,0,14,14","0.9993108529597521","1644","1729","3.5733833096011014","","",""
"401635577","2024","7","regular","2024-10-12T16:00:00.000Z","false","true","false","true","44482","3787","Kenan Stadium","153","North Carolina","fbs","ACC","34","7,7,10,10","0.07532638311386108","1497","1489","59","Georgia Tech","fbs","ACC","41","7,13,7,14","0.9246736168861389","1568","1576","6.737118202591687","","",""
"401644685","2024","7","regular","2024-10-12T18:00:00.000Z","false","true","false","true","16903","3912","Rynearson Stadium","2199","Eastern Michigan","fbs","Mid-American","14","7,0,7,0","0.00043657608330249786","1310","1261","193","Miami (OH)","fbs","Mid-American","38","7,14,0,17","0.9995634239166975","1437","1486","3.968206402911867","","",""
"401643732","2024","7","regular","2024-10-12T19:30:00.000Z","false","true","false","true","23155","3984","War Memorial Stadium","2751","Wyoming","fbs","Mountain West","24","7,7,3,7","0.013665717095136642","1286","1285","21","San Diego State","fbs","Mountain West","27","10,7,0,10","0.9863342829048634","1343","1344","7.082121173816998","","",""
"401628390","2024","7","regular","2024-10-12T19:30:00.000Z","false","true","true","true","92100","499","Cotton Bowl","201","Oklahoma","fbs","SEC","3","3,0,0,0","0.08741511404514313","1827","1780","251","Texas","fbs","SEC","34","0,21,3,10","0.9125848859548569","2091","2138","3.7599673638575815","","Allstate Red River Rivalry",""
"401628981","2024","7","regular","2024-10-12T19:30:00.000Z","false","true","false","false","77622","3855","Notre Dame Stadium","87","Notre Dame","fbs","FBS Independents","49","7,14,21,7","0.9925447702407837","1994","2026","24","Stanford","fbs","ACC","7","7,0,0,0","0.007455229759216309","1261","1229","3.303728214444246","","",""
"401643805","2024","7","regular","2024-10-12T19:30:00.000Z","false","true","false","true","12280","4246","Center Parc Stadium","2247","Georgia State","fbs","Sun Belt","14","0,7,0,7","0.036089297384023666","1325","1315","295","Old Dominion","fbs","Sun Belt","21","7,0,7,7","0.9639107026159763","1369","1379","5.21277551699668","","",""
"401644744","2024","7","regular","2024-10-12T19:30:00.000Z","false","true","false","true","9559","3700","Doyt L. Perry Stadium","189","Bowling Green","fbs","Mid-American","7","7,0,0,0","0","1424","1406","2459","Northern Illinois","fbs","Mid-American","17","3,3,0,11","1","1452","1470","4.748623967988504","","",""
"401636895","2024","7","regular","2024-10-12T19:30:00.000Z","false","true","false","true","42611","3652","FBC Mortgage Stadium","2116","UCF","fbs","Big 12","13","0,3,7,3","0.5972757339477539","1510","1501","2132","Cincinnati","fbs","Big 12","19","3,7,3,6","0.4027242660522461","1529","1538","5.835677390572894","","",""
"401628516","2024","7","regular","2024-10-12T19:30:00.000Z","false","true","false","true","75250","477","Los Angeles Memorial Coliseum","30","USC","fbs","Big Ten","30","7,13,3,7,0","0.845148503780365","1759","1763","213","Penn State","fbs","Big Ten","33","3,3,14,10,3","0.154851496219635","1901","1897","7.435288652766232","","",""
"401635578","2024","7","regular","2024-10-12T19:30:00.000Z","false","true","false","true","32688","3923","Scott Stadium","258","Virginia","fbs","ACC","20","7,0,6,7","0.00008440273813903332","1412","1424","97","Louisville","fbs","ACC","24","0,7,10,7","0.999915597261861","1707","1695","6.2372014527850155","","",""
"401628511","2024","7","regular","2024-10-12T19:30:00.000Z","false","true","false","true","55815","3832","Memorial Stadium (Champaign, IL)","356","Illinois","fbs","Big Ten","50","10,14,3,16,7","0.49779996275901794","1551","1541","2509","Purdue","fbs","Big Ten","49","0,3,17,23,6","0.5022000372409821","1214","1224","5.179256788410114","","",""
"401635575","2024","7","regular","2024-10-12T19:30:00.000Z","false","true","false","true","49773","3752","Acrisure Stadium","221","Pittsburgh","fbs","ACC","17","7,10,0,0","0.39359039068222046","1512","1513","25","California","fbs","ACC","15","6,3,0,6","0.6064096093177795","1549","1548","4.797974682802336","","",""
"401644742","2024","7","regular","2024-10-12T19:30:00.000Z","false","true","false","true","19507","3980","Waldo Stadium","2711","Western Michigan","fbs","Mid-American","34","0,24,7,3","0.9201413989067078","1217","1223","2006","Akron","fbs","Mid-American","24","10,7,7,0","0.07985860109329224","1055","1049","5.7925044164193915","","",""
"401645341","2024","7","regular","2024-10-12T19:30:00.000Z","false","true","true","true","3365","4013","Camping World Stadium","58","South Florida","fbs","American Athletic","3","0,3,0,0","0.08807849884033203","1336","1325","235","Memphis","fbs","American Athletic","21","14,0,0,7","0.911921501159668","1598","1609","3.6054851226920706","","",""
"401643729","2024","7","regular","2024-10-12T19:30:00.000Z","false","true","false","true","27280","5388","Canvas Stadium","36","Colorado State","fbs","Mountain West","31","7,7,7,10","0.6033872365951538","1246","1277","23","San José State","fbs","Mountain West","24","7,7,0,10","0.3966127634048462","1594","1563","4.906817659178243","","",""
"401636893","2024","7","regular","2024-10-12T20:00:00.000Z","false","true","false","true","64420","3801","LaVell Edwards Stadium","252","BYU","fbs","Big 12","41","0,14,13,14","0.9801632761955261","1603","1665","12","Arizona","fbs","Big 12","19","7,0,3,9","0.019836723804473877","1678","1616","3.951878786589223","","",""
"401644746","2024","7","regular","2024-10-12T20:00:00.000Z","false","true","false","true","22437","3786","Kelly/Shorts Stadium","2117","Central Michigan","fbs","Mid-American","25","0,0,8,17","0.5244964957237244","1180","1189","195","Ohio","fbs","Mid-American","27","3,21,0,3","0.47550350427627563","1414","1405","5.5026236644584126","","",""
"401628386","2024","7","regular","2024-10-12T20:15:00.000Z","false","true","false","true","93033","3917","Sanford Stadium","61","Georgia","fbs","SEC","41","10,17,7,7","0.8298102617263794","2033","2009","344","Mississippi State","fbs","SEC","31","3,7,14,7","0.1701897382736206","1371","1395","3.8188502034135348","","",""
"401643807","2024","7","regular","2024-10-12T21:00:00.000Z","false","true","false","true","22645","3817","Malone Stadium","2433","UL Monroe","fbs","Sun Belt","38","7,7,3,21","1","1247","1272","2572","Southern Miss","fbs","Sun Belt","21","3,3,8,7","0","1120","1095","4.119005874457292","","",""
"401628391","2024","7","regular","2024-10-12T23:00:00.000Z","false","true","false","true","101915","3853","Neyland Stadium","2633","Tennessee","fbs","SEC","23","0,0,10,7,6","0.8346436619758606","1947","1936","57","Florida","fbs","SEC","17","3,0,7,7,0","0.1653563380241394","1537","1548","6.810202313184021","","",""
"401645344","2024","7","regular","2024-10-12T23:00:00.000Z","false","true","false","true","18660","3895","Rice Stadium","242","Rice","fbs","American Athletic","29","0,9,14,6","0.8926241993904114","1219","1222","2636","UTSA","fbs","American Athletic","27","0,10,3,14","0.10737580060958862","1374","1371","7.833819706575591","","",""
"401645343","2024","7","regular","2024-10-12T23:00:00.000Z","false","true","false","true","14576","3715","FAU Stadium","2226","Florida Atlantic","fbs","American Athletic","37","7,20,7,3","0.9890259504318237","1275","1280","249","North Texas","fbs","American Athletic","41","14,3,10,14","0.01097404956817627","1464","1459","7.340358695286385","","",""
"401643808","2024","7","regular","2024-10-12T23:00:00.000Z","false","true","false","true","28000","3644","Bobcat Stadium (TX)","326","Texas State","fbs","Sun Belt","41","14,3,14,10","0.9880865812301636","1584","1639","2032","Arkansas State","fbs","Sun Belt","9","3,6,0,0","0.011913418769836426","1317","1262","3.1800871571036144","","",""
"401643730","2024","7","regular","2024-10-12T23:00:00.000Z","false","true","false","false","41031","3660","Valley Children's Stadium","278","Fresno State","fbs","Mountain West","17","7,0,7,3","0.40267405483796054","1518","1505","265","Washington State","fbs","Pac-12","25","13,0,3,9","0.5973259451620394","1550","1563","5.9016419656","","",""
"401643727","2024","7","regular","2024-10-12T23:00:00.000Z","false","true","false","true","15561","3971","University Stadium (NM)","167","New Mexico","fbs","Mountain West","52","7,21,17,7","0.9362213015556335","1228","1271","2005","Air Force","fbs","Mountain West","37","3,14,0,20","0.06377869844436646","1353","1310","3.502879105672355","","",""
"401628388","2024","7","regular","2024-10-12T23:30:00.000Z","false","true","false","true","102212","3958","Tiger Stadium (LA)","99","LSU","fbs","SEC","29","0,13,3,7,6","0.2957136631011963","1874","1875","145","Ole Miss","fbs","SEC","26","0,17,3,3,3","0.7042863368988037","1906","1905","10.014421124674865","","",""
"401628515","2024","7","regular","2024-10-12T23:30:00.000Z","false","true","false","true","60129","3626","Autzen Stadium","2483","Oregon","fbs","Big Ten","32","6,16,0,10","0.5034250020980835","1971","1975","194","Ohio State","fbs","Big Ten","31","7,14,7,3","0.4965749979019165","2080","2076","7.863148217991516","","",""
"401643731","2024","7","regular","2024-10-12T23:30:00.000Z","false","true","false","false","21541","3816","Mackay Stadium","2440","Nevada","fbs","Mountain West","42","7,7,7,21","0.9812478423118591","1235","1257","204","Oregon State","fbs","Pac-12","37","7,10,7,13","0.01875215768814087","1609","1587","6.365450160254874","","",""
"401643806","2024","7","regular","2024-10-12T23:30:00.000Z","false","true","false","true","14058","3666","Cajun Field","309","Louisiana","fbs","Sun Belt","34","3,14,3,14","0.9915509819984436","1523","1527","2026","App State","fbs","Sun Belt","24","0,14,3,7","0.008449018001556396","1334","1330","5.458345709162929","","",""
"401628387","2024","7","regular","2024-10-12T23:45:00.000Z","false","true","false","true","62120","3683","Kroger Field","96","Kentucky","fbs","SEC","13","0,7,0,6","0.5447068810462952","1686","1645","238","Vanderbilt","fbs","SEC","20","7,7,3,3","0.45529311895370483","1359","1400","3.8199529623202917","","",""
"401636896","2024","7","regular","2024-10-13T00:00:00.000Z","false","true","false","true","55202","3842","Milan Puskar Stadium","277","West Virginia","fbs","Big 12","16","7,3,0,6","0.06028786301612854","1610","1597","66","Iowa State","fbs","Big 12","28","0,14,0,14","0.9397121369838715","1760","1773","4.8661659701257","","",""
"401635574","2024","7","regular","2024-10-13T00:00:00.000Z","false","true","false","true","56919","3670","Carter-Finley Stadium","152","NC State","fbs","ACC","17","0,7,0,10","0.7724953293800354","1473","1454","183","Syracuse","fbs","ACC","24","3,7,7,7","0.2275046706199646","1404","1423","4.593175310001405","","",""
"401643804","2024","7","regular","2024-10-13T00:00:00.000Z","false","true","false","true","24048","3608","Allen E. Paulson Stadium","290","Georgia Southern","fbs","Sun Belt","24","3,0,0,21","0.6515949964523315","1370","1371","276","Marshall","fbs","Sun Belt","23","6,10,7,0","0.34840500354766846","1394","1393","5.256480778244205","","",""
"401628514","2024","7","regular","2024-10-13T01:00:00.000Z","false","true","false","true","42012","1056","Rose Bowl","26","UCLA","fbs","Big Ten","17","7,3,0,7","0.29411017894744873","1453","1452","135","Minnesota","fbs","Big Ten","21","0,0,14,7","0.7058898210525513","1533","1534","5.011058792371055","","",""
"401636894","2024","7","regular","2024-10-13T02:15:00.000Z","false","true","false","true","53972","3726","Folsom Field","38","Colorado","fbs","Big 12","28","7,0,7,14","0.5851468443870544","1479","1490","2306","Kansas State","fbs","Big 12","31","7,7,10,7","0.41485315561294556","1754","1743","6.2557581438811125","","",""
"401643728","2024","7","regular","2024-10-13T03:00:00.000Z","false","true","false","true","15194","7220","Clarence T.C. Ching Athletics Complex","62","Hawai'i","fbs","Mountain West","7","0,7,0,0","0.004177841357886791","1215","1212","68","Boise State","fbs","Mountain West","28","10,3,0,15","0.9958221586421132","1708","1711","4.112858612745802","","",""
"401643809","2024","8","regular","2024-10-15T23:30:00.000Z","false","true","false","true","25450","6526","Hancock Whitney Stadium","6","South Alabama","fbs","Sun Belt","25","3,16,6,0","1","1584","1606","2653","Troy","fbs","Sun Belt","9","0,3,0,6","0","1454","1432","3.272192294240801","","",""
"401641019","2024","8","regular","2024-10-16T00:00:00.000Z","false","true","false","true","10200","3725","Johnny ""Red"" Floyd Stadium","2393","Middle Tennessee","fbs","Conference USA","14","7,0,7,0","0.6059287786483765","1116","1142","338","Kennesaw State","fbs","Conference USA","5","2,0,0,3","0.39407122135162354","1281","1255","3.9708541209811847","","",""
"401641010","2024","8","regular","2024-10-16T01:00:00.000Z","false","true","false","true","9671","3601","Aggie Memorial Stadium","166","New Mexico State","fbs","Conference USA","33","0,10,7,7,3,6","0.6458162069320679","1161","1164","2348","Louisiana Tech","fbs","Conference USA","30","0,14,0,10,3,3","0.35418379306793213","1288","1285","8.600416261731684","","",""
"401641038","2024","8","regular","2024-10-16T23:00:00.000Z","false","true","false","true","8914","3647","Elliott T. Bowers Stadium","2534","Sam Houston","fbs","Conference USA","14","0,14,0,0","0","1464","1422","98","Western Kentucky","fbs","Conference USA","31","7,10,0,14","1","1454","1496","5.3110775467852465","","",""
"401640983","2024","8","regular","2024-10-17T01:00:00.000Z","false","true","false","true","11373","3946","Sun Bowl","2638","UTEP","fbs","Conference USA","30","3,14,3,10","0.840137779712677","1137","1161","2229","Florida International","fbs","Conference USA","21","7,7,7,0","0.159862220287323","1265","1241","5.450209147901211","","",""
"401643810","2024","8","regular","2024-10-17T23:00:00.000Z","false","true","false","true","20703","3775","Joan C. Edwards Stadium","276","Marshall","fbs","Sun Belt","35","11,14,0,10","0.9758923649787903","1393","1417","2247","Georgia State","fbs","Sun Belt","20","0,10,7,3","0.024107635021209717","1315","1291","3.292274188249841","","",""
"401634768","2024","8","regular","2024-10-17T23:30:00.000Z","false","true","false","true","65632","3799","Lane Stadium","259","Virginia Tech","fbs","ACC","42","14,14,0,14","0.9866065382957458","1644","1674","103","Boston College","fbs","ACC","21","0,0,21,0","0.01339346170425415","1448","1418","2.427537921731776","","",""
"401634769","2024","8","regular","2024-10-18T23:00:00.000Z","false","true","false","true","30735","3982","Wallace Wade Stadium","150","Duke","fbs","ACC","23","7,10,3,3","0.9367383122444153","1598","1604","52","Florida State","fbs","ACC","16","3,3,7,3","0.06326168775558472","1532","1526","3.8709997525693565","","",""
"401628523","2024","8","regular","2024-10-19T00:00:00.000Z","false","true","false","true","57463","3907","Ross-Ade Stadium","2509","Purdue","fbs","Big Ten","0","0,0,0,0","0.014711744152009487","1224","1212","2483","Oregon","fbs","Big Ten","35","14,7,0,14","0.9852882558479905","1975","1987","3.239203073613974","","",""
"401636898","2024","8","regular","2024-10-19T02:15:00.000Z","false","true","false","true","62841","3801","LaVell Edwards Stadium","252","BYU","fbs","Big 12","38","7,7,14,10","0.7566320300102234","1665","1664","197","Oklahoma State","fbs","Big 12","35","7,14,0,14","0.2433679699897766","1489","1490","6.999418650820871","","",""
"401643735","2024","8","regular","2024-10-19T02:30:00.000Z","false","true","false","true","18319","3816","Mackay Stadium","2440","Nevada","fbs","Mountain West","21","7,14,0,0","0.07479968667030334","1257","1267","278","Fresno State","fbs","Mountain West","24","3,14,7,0","0.9252003133296967","1505","1495","6.196437684814096","","",""
"401635588","2024","8","regular","2024-10-19T16:00:00.000Z","false","true","false","true","80100","3836","Memorial Stadium (Clemson, SC)","228","Clemson","fbs","ACC","48","3,14,21,10","0.9713402986526489","1864","1863","258","Virginia","fbs","ACC","31","3,7,0,21","0.028659701347351074","1424","1425","4.398025565166455","","",""
"401645346","2024","8","regular","2024-10-19T16:00:00.000Z","false","true","false","true","23044","3841","Michie Stadium","349","Army","fbs","American Athletic","45","7,17,14,7","1","1643","1649","151","East Carolina","fbs","American Athletic","28","0,0,7,21","0","1298","1292","1.8072816939293999","","",""
"401635589","2024","8","regular","2024-10-19T16:00:00.000Z","false","true","false","true","59115","3873","L&N Federal Credit Union Stadium","97","Louisville","fbs","ACC","45","7,10,14,14","0.43441691994667053","1695","1691","2390","Miami","fbs","ACC","52","10,14,14,14","0.5655830800533295","1822","1826","7.676636998140976","","",""
"401628395","2024","8","regular","2024-10-19T16:00:00.000Z","false","true","false","true","62621","3838","Memorial Stadium","142","Missouri","fbs","SEC","21","3,0,3,15","0.35122549533843994","1737","1735","2","Auburn","fbs","SEC","17","0,3,14,0","0.6487745046615601","1550","1552","6.958922973553182","","",""
"401643811","2024","8","regular","2024-10-19T16:00:00.000Z","false","true","false","true","17812","3654","Brooks Stadium (SC)","324","Coastal Carolina","fbs","Sun Belt","24","0,14,3,7","0.03764825621181366","1413","1402","309","Louisiana","fbs","Sun Belt","34","7,10,0,17","0.9623517437881863","1527","1538","6.4922501001","","",""
"401636899","2024","8","regular","2024-10-19T16:00:00.000Z","false","true","false","true","38007","3854","Nippert Stadium","2132","Cincinnati","fbs","Big 12","24","10,14,0,0","0.9564058780670166","1538","1554","9","Arizona State","fbs","Big 12","14","7,0,7,0","0.0435941219329834","1529","1513","3.5215348421712895","","",""
"401628524","2024","8","regular","2024-10-19T16:00:00.000Z","false","true","false","true","53726","6577","SHI Stadium","164","Rutgers","fbs","Big Ten","32","7,3,9,13","0.2262929528951645","1436","1432","26","UCLA","fbs","Big Ten","35","7,14,7,7","0.7737070471048355","1452","1456","5.6914151695824335","","",""
"401628522","2024","8","regular","2024-10-19T16:00:00.000Z","false","true","true","true","12023","5960","Lanny and Sharon Martin Stadium","77","Northwestern","fbs","Big Ten","3","0,0,3,0","0.00952816940844059","1569","1543","275","Wisconsin","fbs","Big Ten","23","0,14,7,2","0.9904718305915594","1729","1755","3.3153925420781714","","",""
"401629034","2024","8","regular","2024-10-19T16:00:00.000Z","false","true","false","false","30122","3892","Pratt & Whitney Stadium","41","UConn","fbs","FBS Independents","20","3,3,7,7","0.19086980819702148","1434","1424","154","Wake Forest","fbs","ACC","23","3,10,7,3","0.8091301918029785","1343","1353","5.400494261464476","","",""
"401628519","2024","8","regular","2024-10-19T16:00:00.000Z","false","true","false","true","53082","3830","Memorial Stadium (Bloomington, IN)","84","Indiana","fbs","Big Ten","56","7,21,14,14","0.9864884614944458","1648","1791","158","Nebraska","fbs","Big Ten","7","0,7,0,0","0.0135115385055542","1597","1454","2.70777878082143","","",""
"401628396","2024","8","regular","2024-10-19T16:45:00.000Z","false","true","false","true","83331","3835","Memorial Stadium (Norman, OK)","201","Oklahoma","fbs","SEC","9","0,3,6,0","0.15115189282518085","1780","1694","2579","South Carolina","fbs","SEC","35","21,11,0,3","0.8488481071748192","1658","1744","1.9556014898","","",""
"401644750","2024","8","regular","2024-10-19T18:00:00.000Z","false","true","false","true","17974","3912","Rynearson Stadium","2199","Eastern Michigan","fbs","Mid-American","38","10,6,0,22","0.8311103582382202","1261","1262","2117","Central Michigan","fbs","Mid-American","34","0,14,13,7","0.16888964176177979","1189","1188","5.890326306878259","","",""
"401645351","2024","8","regular","2024-10-19T18:00:00.000Z","false","true","false","true","18721","3806","Lincoln Financial Field","218","Temple","fbs","American Athletic","20","3,14,0,3","0.9404991269111633","1113","1126","202","Tulsa","fbs","American Athletic","10","0,0,10,0","0.05950087308883667","1060","1047","3.382527914711326","","",""
"401636901","2024","8","regular","2024-10-19T19:30:00.000Z","false","true","true","true","38619","3622","GEHA Field at Arrowhead Stadium","2305","Kansas","fbs","Big 12","42","14,14,0,14","0.9880543351173401","1570","1631","248","Houston","fbs","Big 12","14","0,14,0,0","0.011945664882659912","1395","1334","2.8249255834118068","","",""
"401644748","2024","8","regular","2024-10-19T19:30:00.000Z","false","true","false","true","20858","3700","Doyt L. Perry Stadium","189","Bowling Green","fbs","Mid-American","27","10,10,0,7","0.9956725835800171","1406","1410","2309","Kent State","fbs","Mid-American","6","3,3,0,0","0.00432741641998291","928","924","3.554507312152441","","",""
"401645345","2024","8","regular","2024-10-19T19:30:00.000Z","false","true","false","true","28154","3886","Raymond James Stadium","58","South Florida","fbs","American Athletic","35","0,7,13,15","0.9628206491470337","1325","1326","5","UAB","fbs","American Athletic","25","3,6,10,6","0.03717935085296631","1091","1090","7.974299090802465","","",""
"401643813","2024","8","regular","2024-10-19T19:30:00.000Z","false","true","false","true","19129","3918","S.B. Ballard Stadium","295","Old Dominion","fbs","Sun Belt","24","7,7,0,10","0.9074426670592894","1379","1416","326","Texas State","fbs","Sun Belt","14","0,0,7,7","0.09255733294071056","1639","1602","6.364009365","","",""
"401628397","2024","8","regular","2024-10-19T19:30:00.000Z","false","true","false","true","101915","3853","Neyland Stadium","2633","Tennessee","fbs","SEC","24","0,0,14,10","0.9950047135353088","1936","1950","333","Alabama","fbs","SEC","17","0,7,3,7","0.004995286464691162","2010","1996","6.986754327403018","","",""
"401635587","2024","8","regular","2024-10-19T19:30:00.000Z","false","true","false","true","35303","3831","California Memorial Stadium","25","California","fbs","ACC","23","7,6,10,0","0.1323164850473404","1548","1542","152","NC State","fbs","ACC","24","3,7,0,14","0.8676835149526596","1454","1460","5.85613016014124","","",""
"401643736","2024","8","regular","2024-10-19T19:30:00.000Z","false","true","false","false","25112","3820","Gesa Field","265","Washington State","fbs","Pac-12","42","7,14,7,14","0.9816960692405701","1563","1608","62","Hawai'i","fbs","Mountain West","10","3,0,7,0","0.01830393075942993","1212","1167","2.9640863034941414","","",""
"401644686","2024","8","regular","2024-10-19T19:30:00.000Z","false","true","false","true","17021","3996","Yager Stadium","193","Miami (OH)","fbs","Mid-American","30","3,13,14,0","0.9695755839347839","1486","1497","195","Ohio","fbs","Mid-American","20","0,0,6,14","0.030424416065216064","1405","1394","2.6801207401442384","","",""
"401645350","2024","8","regular","2024-10-19T19:30:00.000Z","false","true","false","true","22897","4729","Yulman Stadium","2655","Tulane","fbs","American Athletic","24","3,7,0,14","0.9935743808746338","1751","1738","242","Rice","fbs","American Athletic","10","0,7,3,0","0.006425619125366211","1222","1235","5.058264463347478","","",""
"401644751","2024","8","regular","2024-10-19T19:30:00.000Z","false","true","false","true","18350","3764","Huskie Stadium","2459","Northern Illinois","fbs","Mid-American","6","3,3,0,0","0.46659237146377563","1470","1460","2649","Toledo","fbs","Mid-American","13","0,7,3,3","0.5334076285362244","1508","1518","5.654923866645938","","",""
"401644749","2024","8","regular","2024-10-19T19:30:00.000Z","false","true","false","true","18487","3965","UB Stadium","2084","Buffalo","fbs","Mid-American","41","10,7,7,17","0.5770455002784729","1294","1275","2711","Western Michigan","fbs","Mid-American","48","7,21,7,13","0.4229544997215271","1223","1242","6.95619988524523","","",""
"401628518","2024","8","regular","2024-10-19T19:30:00.000Z","false","true","false","true","60670","3832","Memorial Stadium (Champaign, IL)","356","Illinois","fbs","Big Ten","21","3,10,8,0","0.9921573996543884","1541","1602","130","Michigan","fbs","Big Ten","7","0,7,0,0","0.007842600345611572","1878","1817","3.2928315169700695","","",""
"401645347","2024","8","regular","2024-10-19T19:30:00.000Z","false","true","false","true","35094","3852","Navy-Marine Corps Memorial Stadium","2426","Navy","fbs","American Athletic","51","24,14,13,0","0.9756401181221008","1555","1612","2429","Charlotte","fbs","American Athletic","17","0,10,7,0","0.02435988187789917","1253","1196","2.112060176236047","","",""
"401645348","2024","8","regular","2024-10-19T19:30:00.000Z","false","true","false","true","20802","3604","Alamodome","2636","UTSA","fbs","American Athletic","38","3,14,7,14","0.7265111804008484","1371","1391","2226","Florida Atlantic","fbs","American Athletic","24","7,10,7,0","0.2734888195991516","1280","1260","6.823454332688041","","",""
"401628982","2024","8","regular","2024-10-19T19:30:00.000Z","false","true","true","false","59021","5348","Mercedes-Benz Stadium","59","Georgia Tech","fbs","ACC","13","7,0,0,6","0","1576","1581","87","Notre Dame","fbs","FBS Independents","31","0,14,7,10","1","2026","2021","3.8865438625289945","","",""
"401636902","2024","8","regular","2024-10-19T20:00:00.000Z","false","true","false","true","60229","3784","Jones AT&T Stadium","2641","Texas Tech","fbs","Big 12","35","7,7,7,14","0.004952083341777325","1644","1556","239","Baylor","fbs","Big 12","59","7,17,14,21","0.9950479166582227","1457","1545","4.976409905154393","","",""
"401643812","2024","8","regular","2024-10-19T20:00:00.000Z","false","true","false","true","20153","3608","Allen E. Paulson Stadium","290","Georgia Southern","fbs","Sun Belt","28","7,14,7,0","0.7774406671524048","1371","1449","256","James Madison","fbs","Sun Belt","14","0,0,7,7","0.22255933284759521","1866","1788","3.3272118078267137","","",""
"401628521","2024","8","regular","2024-10-19T20:00:00.000Z","false","true","false","true","43013","3665","SECU Stadium","120","Maryland","fbs","Big Ten","29","0,7,7,15","0.3784219026565552","1546","1553","30","USC","fbs","Big Ten","28","7,14,0,7","0.6215780973434448","1763","1756","7.155283535151233","","",""
"401643737","2024","8","regular","2024-10-19T20:00:00.000Z","false","true","false","true","14584","3905","Maverik Stadium","328","Utah State","fbs","Mountain West","45","14,10,14,7","0.9988764389108926","1172","1170","167","New Mexico","fbs","Mountain West","50","0,15,14,21","0.0011235610891073833","1271","1273","1.661834419","","",""
"401636897","2024","8","regular","2024-10-19T20:00:00.000Z","false","true","false","true","50724","3619","Arizona Stadium","12","Arizona","fbs","Big 12","7","7,0,0,0","0","1616","1526","38","Colorado","fbs","Big 12","34","14,14,3,3","1","1490","1580","3.4283520459791763","","",""
"401643738","2024","8","regular","2024-10-19T20:00:00.000Z","false","true","false","true","17101","3935","CEFCU Stadium","23","San José State","fbs","Mountain West","24","7,7,3,7","0.9138110876083374","1563","1561","2751","Wyoming","fbs","Mountain West","14","0,0,7,7","0.0861889123916626","1285","1287","3.2445338597032163","","",""
"401628394","2024","8","regular","2024-10-19T20:15:00.000Z","false","true","false","true","50127","3693","Davis Wade Stadium","344","Mississippi State","fbs","SEC","24","7,10,0,7","0.008897795341908932","1395","1405","245","Texas A&M","fbs","SEC","34","7,14,10,3","0.9911022046580911","1781","1771","5.55105020302855","","",""
"401628399","2024","8","regular","2024-10-19T23:00:00.000Z","false","true","false","false","27884","3973","FirstBank Stadium","238","Vanderbilt","fbs","SEC","24","3,11,0,10","0.9042891884815737","1400","1396","2050","Ball State","fbs","Mid-American","14","7,0,7,0","0.09571081151842631","1085","1089","7.2337044479","","",""
"401643814","2024","8","regular","2024-10-19T23:00:00.000Z","false","true","false","true","24542","3815","M. M. Roberts Stadium","2572","Southern Miss","fbs","Sun Belt","28","7,14,0,7","0.051819369196891785","1095","1074","2032","Arkansas State","fbs","Sun Belt","44","21,7,13,3","0.9481806308031082","1262","1283","5.045361051060517","","",""
"401628392","2024","8","regular","2024-10-19T23:00:00.000Z","false","true","false","true","75893","3887","Razorback Stadium","8","Arkansas","fbs","SEC","10","0,7,3,0","0","1513","1490","99","LSU","fbs","SEC","34","10,6,8,10","1","1875","1898","3.8338395747864134","","",""
"401636904","2024","8","regular","2024-10-19T23:30:00.000Z","false","true","false","true","54327","3842","Milan Puskar Stadium","277","West Virginia","fbs","Big 12","18","3,7,0,8","0.002744939411059022","1597","1541","2306","Kansas State","fbs","Big 12","45","10,7,14,14","0.997255060588941","1743","1799","4.3488724142883255","","",""
"401628398","2024","8","regular","2024-10-19T23:30:00.000Z","false","true","false","true","105215","3910","DKR-Texas Memorial Stadium","251","Texas","fbs","SEC","15","0,0,15,0","0.3337695300579071","2138","2089","61","Georgia","fbs","SEC","30","7,16,0,7","0.6662304699420929","2009","2058","4.350208777361713","","",""
"401628520","2024","8","regular","2024-10-19T23:30:00.000Z","false","true","false","true","69682","3936","Spartan Stadium","127","Michigan State","fbs","Big Ten","32","6,6,7,13","0.9808642864227295","1410","1456","2294","Iowa","fbs","Big Ten","20","0,0,14,6","0.019135713577270508","1683","1637","3.686659810334258","","",""
"401636900","2024","8","regular","2024-10-19T23:30:00.000Z","false","true","false","true","61500","3772","Jack Trice Stadium","66","Iowa State","fbs","Big 12","38","14,0,13,11","0.09694363921880722","1773","1771","2116","UCF","fbs","Big 12","35","7,14,7,7","0.9030563607811928","1501","1503","8.103253061192863","","",""
"401645349","2024","8","regular","2024-10-19T23:30:00.000Z","false","true","false","true","24110","3805","Simmons Bank Liberty Stadium","235","Memphis","fbs","American Athletic","52","14,14,7,17","0.9536851644515991","1609","1612","249","North Texas","fbs","American Athletic","44","21,3,7,13","0.04631483554840088","1459","1456","7.4754561410521765","","",""
"401628393","2024","8","regular","2024-10-19T23:45:00.000Z","false","true","false","true","","3634","Ben Hill Griffin Stadium","57","Florida","fbs","SEC","48","3,24,7,14","0.9885360598564148","1548","1634","96","Kentucky","fbs","SEC","20","0,13,7,0","0.011463940143585205","1645","1559","3.1844642939609034","","",""
"401643734","2024","8","regular","2024-10-20T00:00:00.000Z","false","true","false","true","27598","3713","Falcon Stadium","2005","Air Force","fbs","Mountain West","13","0,0,0,13","0.036323752254247665","1310","1292","36","Colorado State","fbs","Mountain West","21","0,14,7,0","0.9636762477457523","1277","1295","3.8664348374018416","","",""
"401635590","2024","8","regular","2024-10-20T00:00:00.000Z","false","true","false","true","19117","3940","Stanford Stadium","24","Stanford","fbs","ACC","10","0,7,3,0","0.2712072432041168","1229","1208","2567","SMU","fbs","ACC","40","21,10,0,9","0.7287927567958832","1765","1786","4.0477402139248335","","",""
"401643739","2024","8","regular","2024-10-20T02:00:00.000Z","false","true","false","false","35195","3893","Reser Stadium","204","Oregon State","fbs","Pac-12","25","3,14,0,8","0.008156177587807178","1587","1578","2439","UNLV","fbs","Mountain West","33","3,13,7,10","0.9918438224121928","1665","1674","4.828604315834429","","",""
"401636903","2024","8","regular","2024-10-20T02:30:00.000Z","false","true","false","true","53299","587","Rice-Eccles Stadium","254","Utah","fbs","Big 12","7","0,0,7,0","0.06246717646718025","1589","1572","2628","TCU","fbs","Big 12","13","0,10,3,0","0.9375328235328197","1508","1525","4.9222024427525914","","",""
"401640984","2024","9","regular","2024-10-22T23:30:00.000Z","false","true","true","true","10625","2031","Pitbull Stadium","2229","Florida International","fbs","Conference USA","7","0,0,0,7","0.4008624255657196","1241","1248","2534","Sam Houston","fbs","Conference USA","10","0,0,7,3","0.5991375744342804","1422","1415","4.370862026824527","","",""
"401641011","2024","9","regular","2024-10-23T00:00:00.000Z","false","true","false","true","15168","3776","Joe Aillet Stadium","2348","Louisiana Tech","fbs","Conference USA","14","0,7,0,7","0.5261403918266296","1285","1284","2638","UTEP","fbs","Conference USA","10","7,0,3,0","0.47385960817337036","1161","1162","6.062660627315135","","",""
"401640993","2024","9","regular","2024-10-23T23:00:00.000Z","false","true","false","true","8209","4899","Fifth Third Stadium","338","Kennesaw State","fbs","Conference USA","27","7,7,7,6","0.8931236267089844","1255","1261","2335","Liberty","fbs","Conference USA","24","7,7,3,7","0.10687637329101562","1581","1575","5.463549571815046","","",""
"401641003","2024","9","regular","2024-10-23T23:30:00.000Z","false","true","false","true","17988","3662","AmFirst Stadium","55","Jacksonville State","fbs","Conference USA","42","14,0,21,7","0.9147096276283264","1637","1642","2393","Middle Tennessee","fbs","Conference USA","20","10,0,3,7","0.08529037237167358","1142","1137","3.7580919765213023","","",""
"401643815","2024","9","regular","2024-10-24T23:00:00.000Z","false","true","false","true","18281","3918","S.B. Ballard Stadium","295","Old Dominion","fbs","Sun Belt","47","13,17,14,3","0.9953979849815369","1416","1494","290","Georgia Southern","fbs","Sun Belt","19","0,7,6,6","0.004602015018463135","1449","1371","2.680605598327148","","",""
"401634770","2024","9","regular","2024-10-24T23:30:00.000Z","false","true","false","true","47266","3752","Acrisure Stadium","221","Pittsburgh","fbs","ACC","41","17,14,0,10","0.9981264472007751","1513","1576","183","Syracuse","fbs","ACC","13","0,0,6,7","0.0018735527992248535","1423","1360","2.134847606448981","","",""
"401634771","2024","9","regular","2024-10-25T23:30:00.000Z","false","true","false","true","42887","3615","Alumni Stadium (Chestnut Hill, MA)","103","Boston College","fbs","ACC","27","7,13,7,0","0.36637356877326965","1418","1428","97","Louisville","fbs","ACC","31","0,7,10,14","0.6336264312267303","1691","1681","5.73443917987525","","",""
"401643740","2024","9","regular","2024-10-26T02:30:00.000Z","false","true","false","true","42228","6501","Allegiant Stadium","2439","UNLV","fbs","Mountain West","24","10,0,14,0","0.6578167644895134","1674","1668","68","Boise State","fbs","Mountain West","29","3,17,3,6","0.34218323551048657","1711","1717","6.3665972191","","",""
"401628532","2024","9","regular","2024-10-26T03:00:00.000Z","false","true","false","true","63404","477","Los Angeles Memorial Coliseum","30","USC","fbs","Big Ten","42","14,14,14,0","0.9954424500465393","1756","1776","164","Rutgers","fbs","Big Ten","20","3,9,8,0","0.004557549953460693","1432","1412","2.833277906387177","","",""
"401628983","2024","9","regular","2024-10-26T16:00:00.000Z","false","true","true","false","76112","3839","MetLife Stadium","2426","Navy","fbs","American Athletic","14","0,7,7,0","0.0583665706217289","1612","1564","87","Notre Dame","fbs","FBS Independents","51","14,17,13,7","0.9416334293782711","2021","2069","3.2948967211317486","","",""
"401644755","2024","9","regular","2024-10-26T16:00:00.000Z","false","true","false","true","16048","3876","Peden Stadium","195","Ohio","fbs","Mid-American","47","3,21,9,14","0.98528653383255","1394","1463","2084","Buffalo","fbs","Mid-American","16","0,10,6,0","0.014713466167449951","1275","1206","3.440412121223079","","",""
"401645353","2024","9","regular","2024-10-26T16:00:00.000Z","false","true","false","true","25478","3805","Simmons Bank Liberty Stadium","235","Memphis","fbs","American Athletic","33","0,7,14,12","0.6314959526062012","1612","1601","2429","Charlotte","fbs","American Athletic","28","7,0,0,21","0.36850404739379883","1196","1207","7.099446363986192","","",""
"401635597","2024","9","regular","2024-10-26T16:00:00.000Z","false","true","false","true","65633","3799","Lane Stadium","259","Virginia Tech","fbs","ACC","21","0,14,7,0","0.8615702986717224","1674","1697","59","Georgia Tech","fbs","ACC","6","3,3,0,0","0.1384297013282776","1581","1558","3.885755240419359","","",""
"401628526","2024","9","regular","2024-10-26T16:00:00.000Z","false","true","false","true","53082","3830","Memorial Stadium (Bloomington, IN)","84","Indiana","fbs","Big Ten","31","7,10,7,7","0.9245380163192749","1791","1812","264","Washington","fbs","Big Ten","17","0,7,7,3","0.0754619836807251","1707","1686","3.7298396708999006","","",""
"401645354","2024","9","regular","2024-10-26T16:00:00.000Z","false","true","false","true","23138","3825","DATCU Stadium","249","North Texas","fbs","American Athletic","37","3,14,7,13","0.03623753413558006","1456","1462","2655","Tulane","fbs","American Athletic","45","21,10,14,0","0.9637624658644199","1738","1732","4.429286316382255","","",""
"401628530","2024","9","regular","2024-10-26T16:00:00.000Z","false","true","false","true","104830","3861","Ohio Stadium","194","Ohio State","fbs","Big Ten","21","7,7,0,7","0.9222075939178467","2076","2063","158","Nebraska","fbs","Big Ten","17","0,6,3,8","0.07779240608215332","1454","1467","5.056567931514018","","",""
"401635598","2024","9","regular","2024-10-26T16:00:00.000Z","false","true","false","true","44550","3923","Scott Stadium","258","Virginia","fbs","ACC","14","3,3,0,8","0.0019394317641854286","1425","1359","153","North Carolina","fbs","ACC","41","7,17,14,3","0.9980605682358146","1489","1555","3.7115022843794714","","",""
"401628402","2024","9","regular","2024-10-26T16:00:00.000Z","false","true","false","true","67926","3974","Vaught-Hemingway Stadium","145","Ole Miss","fbs","SEC","26","7,3,13,3","0.9788252711296082","1905","1911","201","Oklahoma","fbs","SEC","14","7,7,0,0","0.021174728870391846","1694","1688","4.50648850376662","","",""
"401628403","2024","9","regular","2024-10-26T16:45:00.000Z","false","true","false","true","49303","3693","Davis Wade Stadium","344","Mississippi State","fbs","SEC","25","7,3,15,0","0","1405","1322","8","Arkansas","fbs","SEC","58","17,14,10,17","1","1490","1573","3.582759494031044","","",""
"401643816","2024","9","regular","2024-10-26T17:00:00.000Z","false","true","false","true","33783","3792","Kidd Brewer Stadium","2026","App State","fbs","Sun Belt","33","2,16,7,8","1","1330","1337","2247","Georgia State","fbs","Sun Belt","26","0,16,7,3","0","1291","1284","6.175118715623405","","",""
"401645352","2024","9","regular","2024-10-26T18:00:00.000Z","false","true","false","true","33744","3699","Dowdy-Ficklen Stadium","151","East Carolina","fbs","American Athletic","56","13,14,29,0","1","1292","1328","218","Temple","fbs","American Athletic","34","14,7,7,6","0","1126","1090","4.914125950658528","","",""
"401644687","2024","9","regular","2024-10-26T18:00:00.000Z","false","true","false","true","10661","3996","Yager Stadium","193","Miami (OH)","fbs","Mid-American","46","3,13,10,20","0.9908604025840759","1497","1569","2117","Central Michigan","fbs","Mid-American","7","7,0,0,0","0.009139597415924072","1188","1116","3.5626283030138493","","",""
"401628400","2024","9","regular","2024-10-26T19:30:00.000Z","false","true","false","true","100077","3657","Bryant-Denny Stadium","333","Alabama","fbs","SEC","34","3,10,14,7","0.9217037558555603","1996","2058","142","Missouri","fbs","SEC","0","0,0,0,0","0.0782962441444397","1735","1673","2.7240010291755583","","",""
"401645308","2024","9","regular","2024-10-26T19:30:00.000Z","false","true","false","false","14374","3985","Warren McGuirk Alumni Stadium","113","Massachusetts","fbs","FBS Independents","35","7,14,0,14","0.9525712132453918","986","986","2681","Wagner","fcs","NEC","7","0,0,7,0","0.047428786754608154","","","2.255712112623948","","",""
"401628528","2024","9","regular","2024-10-26T19:30:00.000Z","false","true","false","true","48696","3953","Huntington Bank Stadium","135","Minnesota","fbs","Big Ten","48","21,13,7,7","0.9913734793663025","1534","1599","120","Maryland","fbs","Big Ten","23","0,10,0,13","0.00862652063369751","1553","1488","2.5634685294998962","","",""
"401644756","2024","9","regular","2024-10-26T19:30:00.000Z","false","true","false","true","23537","3980","Waldo Stadium","2711","Western Michigan","fbs","Mid-American","52","14,24,7,7","0.9937936067581177","1242","1288","2309","Kent State","fbs","Mid-American","21","0,7,0,14","0.006206393241882324","924","878","2.4775332880371095","","",""
"401644754","2024","9","regular","2024-10-26T19:30:00.000Z","false","true","false","true","29697","3739","Glass Bowl","2649","Toledo","fbs","Mid-American","26","7,13,6,0","0.0017360690981149673","1518","1472","189","Bowling Green","fbs","Mid-American","41","14,14,3,10","0.998263930901885","1410","1456","5.322220181025405","","",""
"401644753","2024","9","regular","2024-10-26T19:30:00.000Z","false","true","false","true","15318","3919","Scheumann Stadium","2050","Ball State","fbs","Mid-American","25","7,12,0,6","0.958755373954773","1089","1094","2459","Northern Illinois","fbs","Mid-American","23","7,7,0,9","0.04124462604522705","1460","1455","6.495835801520888","","",""
"401644752","2024","9","regular","2024-10-26T19:30:00.000Z","false","true","false","true","4277","3768","InfoCision Stadium","2006","Akron","fbs","Mid-American","25","8,10,0,7","0.8456786274909973","1049","1059","2199","Eastern Michigan","fbs","Mid-American","21","0,0,14,7","0.15432137250900269","1262","1252","5.118649271685231","","",""
"401643817","2024","9","regular","2024-10-26T19:30:00.000Z","false","true","false","true","25399","3651","Bridgeforth Stadium","256","James Madison","fbs","Sun Belt","32","0,17,8,7","1","1788","1766","2572","Southern Miss","fbs","Sun Belt","15","3,6,6,0","0","1074","1096","4.295523738194905","","",""
"401635599","2024","9","regular","2024-10-26T19:30:00.000Z","false","true","false","true","23471","3940","Stanford Stadium","24","Stanford","fbs","ACC","24","0,17,0,7","0.20814034342765808","1208","1212","154","Wake Forest","fbs","ACC","27","14,10,0,3","0.7918596565723419","1353","1349","6.332700759681029","","",""
"401629035","2024","9","regular","2024-10-26T19:30:00.000Z","false","true","false","false","23711","3892","Pratt & Whitney Stadium","41","UConn","fbs","FBS Independents","17","0,0,7,10","0.8282886743545532","1424","1423","242","Rice","fbs","American Athletic","10","3,0,0,7","0.17171132564544678","1235","1236","4.909096802623582","","",""
"401636906","2024","9","regular","2024-10-26T19:30:00.000Z","false","true","false","true","44987","4727","McLane Stadium","239","Baylor","fbs","Big 12","38","3,14,7,14","0.9991186261177063","1545","1558","197","Oklahoma State","fbs","Big 12","28","3,14,3,8","0.0008813738822937012","1490","1477","5.355524893847398","","",""
"401636911","2024","9","regular","2024-10-26T19:30:00.000Z","false","true","false","true","42144","3652","FBC Mortgage Stadium","2116","UCF","fbs","Big 12","24","0,10,0,14","0.007266920059919357","1503","1489","252","BYU","fbs","Big 12","37","7,17,10,3","0.9927330799400806","1664","1678","3.679114012173504","","",""
"401628525","2024","9","regular","2024-10-26T19:30:00.000Z","false","true","false","true","59830","3626","Autzen Stadium","2483","Oregon","fbs","Big Ten","38","14,21,0,3","0.9915086627006531","1987","2020","356","Illinois","fbs","Big Ten","9","3,0,6,0","0.008491337299346924","1602","1569","2.4308420092151564","","",""
"401636910","2024","9","regular","2024-10-26T19:30:00.000Z","false","true","false","true","42144","3616","Amon G. Carter Stadium","2628","TCU","fbs","Big 12","35","14,0,7,14","0.346099853515625","1525","1527","2641","Texas Tech","fbs","Big 12","34","3,14,14,3","0.653900146484375","1556","1554","6.063593280346528","","",""
"401645355","2024","9","regular","2024-10-26T19:30:00.000Z","false","true","false","true","17439","3674","Chapman Stadium","202","Tulsa","fbs","American Athletic","46","0,7,17,22","0.7328147292137146","1047","1057","2636","UTSA","fbs","American Athletic","45","14,21,7,3","0.2671852707862854","1391","1381","6.671301551029746","","",""
"401628527","2024","9","regular","2024-10-26T19:30:00.000Z","false","true","false","true","69250","3793","Kinnick Stadium","2294","Iowa","fbs","Big Ten","40","3,9,28,0","1","1637","1693","77","Northwestern","fbs","Big Ten","14","0,7,0,7","0","1543","1487","4.0583559696859774","","",""
"401635594","2024","9","regular","2024-10-26T20:00:00.000Z","false","true","false","false","33090","3831","California Memorial Stadium","25","California","fbs","ACC","44","14,17,10,3","0.9847278594970703","1542","1653","204","Oregon State","fbs","Pac-12","7","0,0,0,7","0.015272140502929688","1578","1467","2.275637894676169","","",""
"401628405","2024","9","regular","2024-10-26T20:15:00.000Z","false","true","false","true","28934","3973","FirstBank Stadium","238","Vanderbilt","fbs","SEC","24","7,3,7,7","0.12812569737434387","1396","1428","251","Texas","fbs","SEC","27","14,7,3,3","0.8718743026256561","2089","2057","4.903072463361272","","",""
"401643819","2024","9","regular","2024-10-26T21:00:00.000Z","false","true","false","true","16746","6526","Hancock Whitney Stadium","6","South Alabama","fbs","Sun Belt","46","7,5,20,14","0.9900234341621399","1606","1644","2433","UL Monroe","fbs","Sun Belt","17","7,10,0,0","0.009976565837860107","1272","1234","4.680718169323662","","",""
"401643741","2024","9","regular","2024-10-26T21:00:00.000Z","false","true","false","true","36980","5388","Canvas Stadium","36","Colorado State","fbs","Mountain West","17","0,17,0,0","0.7964233160018921","1295","1313","167","New Mexico","fbs","Mountain West","6","0,3,3,0","0.2035766839981079","1273","1255","3.3476666867524676","","",""
"401636908","2024","9","regular","2024-10-26T23:00:00.000Z","false","true","false","true","28251","4728","TDECU Stadium","248","Houston","fbs","Big 12","17","0,7,0,10","0.5616101622581482","1334","1338","254","Utah","fbs","Big 12","14","7,0,7,0","0.4383898377418518","1572","1568","5.9040531125440525","","",""
"401643745","2024","9","regular","2024-10-26T23:00:00.000Z","false","true","false","true","17724","3984","War Memorial Stadium","2751","Wyoming","fbs","Mountain West","25","3,7,6,9","0.39173105359077454","1287","1278","328","Utah State","fbs","Mountain West","27","7,10,0,10","0.6082689464092255","1170","1179","7.6449284691670645","","",""
"401636905","2024","9","regular","2024-10-26T23:00:00.000Z","false","true","false","true","49888","3619","Arizona Stadium","12","Arizona","fbs","Big 12","26","0,7,6,13","0.28679966926574707","1526","1518","277","West Virginia","fbs","Big 12","31","10,7,7,7","0.7132003307342529","1541","1549","4.518043074678402","","",""
"401635596","2024","9","regular","2024-10-26T23:00:00.000Z","false","true","false","true","66200","3948","Hard Rock Stadium","2390","Miami","fbs","ACC","36","7,10,6,13","0.9931332468986511","1826","1848","52","Florida State","fbs","ACC","14","0,7,0,7","0.006866753101348877","1526","1504","3.433825428896072","","",""
"401643818","2024","9","regular","2024-10-26T23:00:00.000Z","false","true","false","true","17162","3625","Centennial Bank Stadium","2032","Arkansas State","fbs","Sun Belt","34","13,10,3,8","0.4746299088001251","1283","1286","2653","Troy","fbs","Sun Belt","31","0,3,21,7","0.5253700911998749","1432","1429","5.435176444959132","","",""
"401628531","2024","9","regular","2024-10-26T23:30:00.000Z","false","true","false","true","76403","347","Camp Randall Stadium","275","Wisconsin","fbs","Big Ten","13","3,7,3,0","0.08754079043865204","1755","1734","213","Penn State","fbs","Big Ten","28","0,7,7,14","0.912459209561348","1897","1918","6.345095632845743","","",""
"401628404","2024","9","regular","2024-10-26T23:30:00.000Z","false","true","false","true","108852","3795","Kyle Field","245","Texas A&M","fbs","SEC","38","7,0,14,17","0.9708772301673889","1771","1814","99","LSU","fbs","SEC","23","10,7,0,6","0.029122769832611084","1898","1855","6.148302054512559","","",""
"401628529","2024","9","regular","2024-10-26T23:30:00.000Z","false","true","false","true","110849","3558","Michigan Stadium","130","Michigan","fbs","Big Ten","24","0,9,7,8","0.7940862774848938","1817","1808","127","Michigan State","fbs","Big Ten","17","7,0,3,7","0.2059137225151062","1456","1465","4.483565449869636","","",""
"401628401","2024","9","regular","2024-10-26T23:45:00.000Z","false","true","false","true","60605","3683","Kroger Field","96","Kentucky","fbs","SEC","10","10,0,0,0","0.05316650867462158","1559","1526","2","Auburn","fbs","SEC","24","0,10,7,7","0.9468334913253784","1552","1585","3.807051391040596","","",""
"401643742","2024","9","regular","2024-10-27T00:00:00.000Z","false","true","false","true","41343","3660","Valley Children's Stadium","278","Fresno State","fbs","Mountain West","33","3,17,7,6","1","1495","1559","23","San José State","fbs","Mountain West","10","7,0,0,3","0","1561","1497","3.6010194088145857","","",""
"401636909","2024","9","regular","2024-10-27T00:00:00.000Z","false","true","false","true","52074","3636","Bill Snyder Family Stadium","2306","Kansas State","fbs","Big 12","29","0,16,7,6","0.953384280204773","1799","1797","2305","Kansas","fbs","Big 12","27","7,7,13,0","0.04661571979522705","1631","1633","7.37618899217119","","",""
"401635595","2024","9","regular","2024-10-27T00:00:00.000Z","false","true","false","true","30241","3982","Wallace Wade Stadium","150","Duke","fbs","ACC","27","7,0,6,8,6","0.8280710577964783","1604","1611","2567","SMU","fbs","ACC","28","0,14,7,0,7","0.17192894220352173","1786","1779","8.955365777255066","","",""
"401636907","2024","9","regular","2024-10-27T02:15:00.000Z","false","true","false","true","53202","3726","Folsom Field","38","Colorado","fbs","Big 12","34","14,10,7,3","0.9759601950645447","1580","1598","2132","Cincinnati","fbs","Big 12","23","7,7,0,9","0.024039804935455322","1554","1536","3.9199531064695603","","",""
"401643744","2024","9","regular","2024-10-27T02:30:00.000Z","false","true","false","false","26937","7311","Snapdragon Stadium","21","San Diego State","fbs","Mountain West","26","6,6,7,7","0.08906947821378708","1344","1355","265","Washington State","fbs","Pac-12","29","7,7,0,15","0.9109305217862129","1608","1597","7.208744426166772","","",""
"401643743","2024","9","regular","2024-10-27T03:59:00.000Z","false","true","false","true","12006","7220","Clarence T.C. Ching Athletics Complex","62","Hawai'i","fbs","Mountain West","34","14,3,7,10","0.9959653615951538","1167","1228","2440","Nevada","fbs","Mountain West","13","0,0,7,6","0.004034638404846191","1267","1206","2.2102626018970066","","",""
"401640985","2024","10","regular","2024-10-29T23:00:00.000Z","false","true","true","true","9103","2031","Pitbull Stadium","2229","Florida International","fbs","Conference USA","34","0,7,13,14","1","1248","1297","166","New Mexico State","fbs","Conference USA","13","0,6,0,7","0","1164","1115","3.667916315186768","","",""
"401643820","2024","10","regular","2024-10-29T23:30:00.000Z","false","true","false","true","16831","3644","Bobcat Stadium (TX)","326","Texas State","fbs","Sun Belt","17","6,0,8,3","0.2351609617471695","1602","1586","309","Louisiana","fbs","Sun Belt","23","7,7,3,6","0.7648390382528305","1538","1554","5.83142085409525","","",""
"401641012","2024","10","regular","2024-10-30T00:00:00.000Z","false","true","false","true","9128","3647","Elliott T. Bowers Stadium","2534","Sam Houston","fbs","Conference USA","9","2,0,7,0","0.714531421661377","1415","1416","2348","Louisiana Tech","fbs","Conference USA","3","3,0,0,0","0.28546857833862305","1284","1283","4.5651586288576365","","",""
"401640994","2024","10","regular","2024-10-30T23:00:00.000Z","false","true","false","true","18069","3992","Williams Stadium (VA)","2335","Liberty","fbs","Conference USA","21","7,7,0,7","0.011588090099394321","1575","1560","55","Jacksonville State","fbs","Conference USA","31","7,7,10,7","0.9884119099006057","1642","1657","6.156632346638025","","",""
"401641020","2024","10","regular","2024-10-30T23:30:00.000Z","false","true","false","true","14547","3796","Houchens Industries-L.T. Smith Stadium","98","Western Kentucky","fbs","Conference USA","31","21,3,0,7","0.9927964806556702","1496","1512","338","Kennesaw State","fbs","Conference USA","14","7,0,0,7","0.007203519344329834","1261","1245","2.9656071851762587","","",""
"401645356","2024","10","regular","2024-10-31T23:30:00.000Z","false","true","false","true","12268","4418","Jerry Richardson Stadium","2429","Charlotte","fbs","American Athletic","3","0,3,0,0","0.005793973803520203","1207","1182","2655","Tulane","fbs","American Athletic","34","3,7,10,14","0.9942060261964798","1732","1757","3.2096889745517068","","",""
"401629036","2024","10","regular","2024-11-01T23:00:00.000Z","false","true","false","false","22028","3892","Pratt & Whitney Stadium","41","UConn","fbs","FBS Independents","34","10,3,7,14","0.9898902773857117","1423","1425","2247","Georgia State","fbs","Sun Belt","27","0,10,3,14","0.01010972261428833","1284","1282","3.981907283892783","","",""
"401645357","2024","10","regular","2024-11-01T23:30:00.000Z","false","true","false","true","20111","3715","FAU Stadium","2226","Florida Atlantic","fbs","American Athletic","21","7,7,7,0","0.0018254781607538462","1260","1207","58","South Florida","fbs","American Athletic","44","0,7,24,13","0.9981745218392462","1326","1379","6.177527721032722","","",""
"401643747","2024","10","regular","2024-11-02T00:00:00.000Z","false","true","false","true","36838","3653","Albertsons Stadium","68","Boise State","fbs","Mountain West","56","21,14,7,14","0.9970995187759399","1717","1761","21","San Diego State","fbs","Mountain West","24","0,10,0,14","0.0029004812240600586","1355","1311","2.450384884905396","","",""
"401643746","2024","10","regular","2024-11-02T16:00:00.000Z","false","true","false","false","30046","3841","Michie Stadium","349","Army","fbs","American Athletic","20","3,3,7,7","0.9585425853729248","1649","1654","2005","Air Force","fbs","Mountain West","3","0,3,0,0","0.041457414627075195","1292","1287","3.1865616903686504","","",""
"401635516","2024","10","regular","2024-11-02T16:00:00.000Z","false","true","false","true","56919","3670","Carter-Finley Stadium","152","NC State","fbs","ACC","59","14,17,21,7","0.9803693294525146","1460","1514","24","Stanford","fbs","ACC","28","7,7,7,7","0.01963067054748535","1212","1158","3.308469134963688","","",""
"401628406","2024","10","regular","2024-11-02T16:00:00.000Z","false","true","false","true","72894","3887","Razorback Stadium","8","Arkansas","fbs","SEC","31","3,7,14,7","0.07439258694648743","1573","1524","145","Ole Miss","fbs","SEC","63","7,28,21,7","0.9256074130535126","1911","1960","4.1063445756722805","","",""
"401635601","2024","10","regular","2024-11-02T16:00:00.000Z","false","true","false","true","60189","3948","Hard Rock Stadium","2390","Miami","fbs","ACC","53","14,3,15,21","0.9826810359954834","1848","1877","150","Duke","fbs","ACC","31","7,14,7,3","0.0173189640045166","1611","1582","6.166394966042118","","",""
"401644758","2024","10","regular","2024-11-02T16:00:00.000Z","false","true","false","true","13044","3912","Rynearson Stadium","2199","Eastern Michigan","fbs","Mid-American","28","7,3,9,9","0.4525200128555298","1252","1261","2649","Toledo","fbs","Mid-American","29","0,7,0,22","0.5474799871444702","1472","1463","6.203814989111249","","",""
"401635604","2024","10","regular","2024-11-02T16:00:00.000Z","false","true","false","true","38454","1964","JMA Wireless Dome","183","Syracuse","fbs","ACC","38","0,3,15,13,7","0.19811497628688812","1360","1391","259","Virginia Tech","fbs","ACC","31","14,0,7,10,0","0.8018850237131119","1697","1666","5.848225410628227","","",""
"401645359","2024","10","regular","2024-11-02T16:00:00.000Z","false","true","false","true","17198","3604","Alamodome","2636","UTSA","fbs","American Athletic","44","14,10,10,10","0.9894375205039978","1381","1408","235","Memphis","fbs","American Athletic","36","10,14,0,12","0.010562479496002197","1601","1574","5.674827280077521","","",""
"401644757","2024","10","regular","2024-11-02T16:00:00.000Z","false","true","false","true","4610","3768","InfoCision Stadium","2006","Akron","fbs","Mid-American","30","7,0,0,23","0","1059","1048","2084","Buffalo","fbs","Mid-American","41","14,10,14,3","1","1206","1217","4.879553385883938","","",""
"401628533","2024","10","regular","2024-11-02T16:00:00.000Z","false","true","false","true","58088","3832","Memorial Stadium (Champaign, IL)","356","Illinois","fbs","Big Ten","17","0,10,0,7","0.21511277556419373","1569","1556","135","Minnesota","fbs","Big Ten","25","3,10,3,9","0.7848872244358063","1599","1612","6.328111491613599","","",""
"401628538","2024","10","regular","2024-11-02T16:00:00.000Z","false","true","false","true","61141","3907","Ross-Ade Stadium","2509","Purdue","fbs","Big Ten","20","3,7,3,7,0","0.07691793143749237","1212","1220","77","Northwestern","fbs","Big Ten","26","10,7,0,3,6","0.9230820685625076","1487","1479","7.667213991707471","","",""
"401628539","2024","10","regular","2024-11-02T16:00:00.000Z","false","true","false","true","111030","3632","Beaver Stadium","213","Penn State","fbs","Big Ten","13","10,0,3,0","0.16422392427921295","1918","1916","194","Ohio State","fbs","Big Ten","20","7,7,3,3","0.835776075720787","2063","2065","4.860483080617873","","",""
"401628410","2024","10","regular","2024-11-02T16:00:00.000Z","false","true","false","false","82831","3835","Memorial Stadium (Norman, OK)","201","Oklahoma","fbs","SEC","59","7,28,14,10","0.9941574335098267","1682","1682","311","Maine","fcs","Coastal Athletic","14","7,0,0,7","0.00584256649017334","","","2.8021941362466065","","",""
"401628407","2024","10","regular","2024-11-02T16:45:00.000Z","false","true","false","true","88043","3785","Jordan-Hare Stadium","2","Auburn","fbs","SEC","7","0,7,0,0","0.5273105502128601","1585","1550","238","Vanderbilt","fbs","SEC","17","7,0,3,7","0.4726894497871399","1428","1463","4.866180279550277","","",""
"401643821","2024","10","regular","2024-11-02T18:30:00.000Z","false","true","false","true","34954","3792","Kidd Brewer Stadium","2026","App State","fbs","Sun Belt","28","7,7,7,7","0.9052767753601074","1337","1359","295","Old Dominion","fbs","Sun Belt","20","3,14,3,0","0.09472322463989258","1494","1472","5.052457299850726","","",""
"401645358","2024","10","regular","2024-11-02T18:30:00.000Z","false","true","false","true","17944","7221","Protective Stadium","5","UAB","fbs","American Athletic","59","21,24,14,0","1","1090","1195","202","Tulsa","fbs","American Athletic","21","0,7,7,7","0","1057","952","3.4391453524152045","","",""
"401643822","2024","10","regular","2024-11-02T19:30:00.000Z","false","true","false","true","21478","3775","Joan C. Edwards Stadium","276","Marshall","fbs","Sun Belt","28","7,7,0,14","0.6684921979904175","1417","1415","2433","UL Monroe","fbs","Sun Belt","23","7,7,0,9","0.3315078020095825","1234","1236","5.233381523300132","","",""
"401641026","2024","10","regular","2024-11-02T19:30:00.000Z","false","true","false","true","14775","3946","Sun Bowl","2638","UTEP","fbs","Conference USA","13","3,7,3,0","0.5200823545455933","1162","1147","2393","Middle Tennessee","fbs","Conference USA","20","3,7,3,7","0.47991764545440674","1137","1152","4.804823095507587","","",""
"401635602","2024","10","regular","2024-11-02T19:30:00.000Z","false","true","false","true","55107","3697","Doak Campbell Stadium","52","Florida State","fbs","ACC","11","3,0,8,0","0.005841361358761787","1504","1447","153","North Carolina","fbs","ACC","35","0,14,14,7","0.9941586386412382","1555","1612","3.522912846803519","","",""
"401628534","2024","10","regular","2024-11-02T19:30:00.000Z","false","true","false","true","68423","3936","Spartan Stadium","127","Michigan State","fbs","Big Ten","10","10,0,0,0","0.006686651147902012","1465","1402","84","Indiana","fbs","Big Ten","47","0,21,12,14","0.993313348852098","1812","1875","3.9259097028497667","","",""
"401628536","2024","10","regular","2024-11-02T19:30:00.000Z","false","true","false","true","110576","3558","Michigan Stadium","130","Michigan","fbs","Big Ten","17","7,3,7,0","0.10128606110811234","1808","1778","2483","Oregon","fbs","Big Ten","38","7,21,3,7","0.8987139388918877","2020","2050","3.8779406947745665","","",""
"401628408","2024","10","regular","2024-11-02T19:30:00.000Z","false","true","true","true","76307","3712","EverBank Stadium","61","Georgia","fbs","SEC","34","3,3,14,14","0.8569247722625732","2058","2057","57","Florida","fbs","SEC","20","0,13,0,7","0.14307522773742676","1634","1635","7.074802369900887","","",""
"401636916","2024","10","regular","2024-11-02T19:30:00.000Z","false","true","false","true","42110","3652","FBC Mortgage Stadium","2116","UCF","fbs","Big 12","56","14,21,14,7","0.9734269976615906","1489","1625","12","Arizona","fbs","Big 12","12","0,6,6,0","0.026573002338409424","1518","1382","2.687398572208911","","",""
"401636913","2024","10","regular","2024-11-02T19:30:00.000Z","false","true","false","true","23085","4728","TDECU Stadium","248","Houston","fbs","Big 12","24","0,10,0,14","0.9561502933502197","1338","1364","2306","Kansas State","fbs","Big 12","19","3,13,3,0","0.04384970664978027","1797","1771","5.861245109673602","","",""
"401628537","2024","10","regular","2024-11-02T19:30:00.000Z","false","true","false","true","87453","3834","Memorial Stadium (Lincoln, NE)","158","Nebraska","fbs","Big Ten","20","0,7,7,6","0.07497121393680573","1467","1453","26","UCLA","fbs","Big Ten","27","3,10,14,0","0.9250287860631943","1456","1470","4.7542760354638665","","",""
"401636915","2024","10","regular","2024-11-02T19:30:00.000Z","false","true","false","true","52202","3646","Boone Pickens Stadium","197","Oklahoma State","fbs","Big 12","21","0,14,0,7","0.009705759584903717","1477","1427","9","Arizona State","fbs","Big 12","42","7,14,7,14","0.9902942404150963","1513","1563","4.804736047054614","","",""
"401636914","2024","10","regular","2024-11-02T19:30:00.000Z","false","true","false","true","61500","3772","Jack Trice Stadium","66","Iowa State","fbs","Big 12","22","3,10,0,9","0.6836656928062439","1771","1759","2641","Texas Tech","fbs","Big 12","23","10,0,7,6","0.3163343071937561","1554","1566","7.0710129573159435","","",""
"401645360","2024","10","regular","2024-11-02T20:00:00.000Z","false","true","false","true","21253","3895","Rice Stadium","242","Rice","fbs","American Athletic","24","14,3,7,0","0.933373212814331","1236","1296","2426","Navy","fbs","American Athletic","10","0,7,0,3","0.06662678718566895","1564","1504","2.8035960498783488","","",""
"401643750","2024","10","regular","2024-11-02T20:00:00.000Z","false","true","false","true","15046","3971","University Stadium (NM)","167","New Mexico","fbs","Mountain West","45","13,22,10,0","0.2683567404747009","1255","1250","2751","Wyoming","fbs","Mountain West","49","14,21,0,14","0.7316432595252991","1278","1283","7.343661416480424","","",""
"401643824","2024","10","regular","2024-11-02T20:00:00.000Z","false","true","false","true","24223","3975","Veterans Memorial Stadium (AL)","2653","Troy","fbs","Sun Belt","38","7,21,7,3","1","1429","1455","324","Coastal Carolina","fbs","Sun Belt","24","7,0,17,0","0","1402","1376","3.5175536293160845","","",""
"401628409","2024","10","regular","2024-11-02T20:15:00.000Z","false","true","false","false","48617","3693","Davis Wade Stadium","344","Mississippi State","fbs","SEC","45","0,21,14,10","0.8929276466369629","1322","1353","113","Massachusetts","fbs","FBS Independents","20","10,0,0,10","0.10707235336303711","1025","994","3.7830127805831117","","",""
"401643749","2024","10","regular","2024-11-02T23:00:00.000Z","false","true","false","true","41575","3660","Valley Children's Stadium","278","Fresno State","fbs","Mountain West","20","7,6,7,0","0.8474671244621277","1559","1540","62","Hawai'i","fbs","Mountain West","21","7,0,0,14","0.15253287553787231","1228","1247","6.068856142364836","","",""
"401643823","2024","10","regular","2024-11-02T23:30:00.000Z","false","true","false","true","19667","6526","Hancock Whitney Stadium","6","South Alabama","fbs","Sun Belt","30","3,10,17,0","0.6029072999954224","1644","1618","290","Georgia Southern","fbs","Sun Belt","34","7,7,0,20","0.39709270000457764","1371","1397","6.897640434028847","","",""
"401628411","2024","10","regular","2024-11-02T23:30:00.000Z","false","true","false","true","80298","3994","Williams-Brice Stadium","2579","South Carolina","fbs","SEC","44","14,6,10,14","0.9189313650131226","1744","1812","245","Texas A&M","fbs","SEC","20","3,17,0,0","0.08106863498687744","1814","1746","4.371877774814291","","",""
"401628535","2024","10","regular","2024-11-02T23:30:00.000Z","false","true","false","true","69250","3793","Kinnick Stadium","2294","Iowa","fbs","Big Ten","42","0,14,14,14","0.9891756176948547","1693","1786","275","Wisconsin","fbs","Big Ten","10","3,0,0,7","0.010824382305145264","1734","1641","3.032425102181227","","",""
"401635600","2024","10","regular","2024-11-02T23:30:00.000Z","false","true","false","true","80446","3836","Memorial Stadium (Clemson, SC)","228","Clemson","fbs","ACC","21","7,0,0,14","0.32669517397880554","1863","1819","97","Louisville","fbs","ACC","33","3,14,9,7","0.6733048260211945","1681","1725","4.880672018932013","","",""
"401628540","2024","10","regular","2024-11-02T23:30:00.000Z","false","true","false","true","71251","3765","Husky Stadium","264","Washington","fbs","Big Ten","26","10,10,0,6","0.7126648426055908","1686","1695","30","USC","fbs","Big Ten","21","0,7,14,0","0.2873351573944092","1776","1767","5.546024447983016","","",""
"401628412","2024","10","regular","2024-11-02T23:45:00.000Z","false","true","false","true","101915","3853","Neyland Stadium","2633","Tennessee","fbs","SEC","28","0,7,14,7","0.9791595339775085","1950","1939","96","Kentucky","fbs","SEC","18","7,3,0,8","0.020840466022491455","1526","1537","5.698385150253387","","",""
"401636912","2024","10","regular","2024-11-03T00:00:00.000Z","false","true","false","true","44171","4727","McLane Stadium","239","Baylor","fbs","Big 12","37","7,6,7,17","0.43434377789501794","1558","1559","2628","TCU","fbs","Big 12","34","7,10,10,7","0.5656562221049821","1527","1526","8.663106695","","",""
"401643748","2024","10","regular","2024-11-03T00:00:00.000Z","false","true","false","true","16019","3816","Mackay Stadium","2440","Nevada","fbs","Mountain West","21","0,0,7,14","0.1572398543357849","1206","1176","36","Colorado State","fbs","Mountain West","38","14,3,11,10","0.8427601456642151","1313","1343","3.8495639379842133","","",""
"401635627","2024","10","regular","2024-11-03T00:00:00.000Z","false","true","false","true","34648","3735","Gerald J. Ford Stadium","2567","SMU","fbs","ACC","48","7,24,3,14","0.9928063154220581","1779","1814","221","Pittsburgh","fbs","ACC","25","3,0,8,14","0.0071936845779418945","1576","1541","2.9127401147276983","","",""
"401644760","2024","11","regular","2024-11-06T00:30:00.000Z","false","true","false","true","7832","3786","Kelly/Shorts Stadium","2117","Central Michigan","fbs","Mid-American","13","0,7,0,6","0.0788438618183136","1116","1123","189","Bowling Green","fbs","Mid-American","23","3,6,7,7","0.9211561381816864","1456","1449","4.298725467982059","","",""
"401644688","2024","11","regular","2024-11-06T01:00:00.000Z","false","true","false","true","6412","3919","Scheumann Stadium","2050","Ball State","fbs","Mid-American","21","7,6,8,0","0.09923596680164337","1094","1115","193","Miami (OH)","fbs","Mid-American","27","7,14,0,6","0.9007640331983566","1569","1548","5.072698714033837","","",""
"401644762","2024","11","regular","2024-11-07T00:00:00.000Z","false","true","false","true","10346","3980","Waldo Stadium","2711","Western Michigan","fbs","Mid-American","28","7,7,7,7","0.019617818295955658","1288","1272","2459","Northern Illinois","fbs","Mid-American","42","0,21,21,0","0.9803821817040443","1455","1471","4.920891555805441","","",""
"401644761","2024","11","regular","2024-11-07T00:00:00.000Z","false","true","false","true","5662","3696","Dix Stadium","2309","Kent State","fbs","Mid-American","0","0,0,0,0","0.0019642135594040155","878","831","195","Ohio","fbs","Mid-American","41","10,10,14,7","0.998035786440596","1463","1510","2.9994586920806343","","",""
"401645361","2024","11","regular","2024-11-08T01:00:00.000Z","false","true","false","true","30573","3699","Dowdy-Ficklen Stadium","151","East Carolina","fbs","American Athletic","49","21,14,7,7","0.989633321762085","1328","1410","2226","Florida Atlantic","fbs","American Athletic","14","0,7,0,7","0.010366678237915039","1207","1125","2.290036594726945","","",""
"401643825","2024","11","regular","2024-11-08T01:00:00.000Z","false","true","false","true","19415","3654","Brooks Stadium (SC)","324","Coastal Carolina","fbs","Sun Belt","38","14,3,14,7","0.9853019118309021","1376","1403","2026","App State","fbs","Sun Belt","24","0,10,0,14","0.0146980881690979","1359","1332","2.7128332628103915","","",""
"401634773","2024","11","regular","2024-11-09T01:00:00.000Z","false","true","false","true","28455","3630","Allegacy Federal Credit Union Stadium","154","Wake Forest","fbs","ACC","36","7,7,7,15","0.08052637428045273","1349","1353","25","California","fbs","ACC","46","10,19,7,10","0.9194736257195473","1653","1649","6.764454071066815","","",""
"401645362","2024","11","regular","2024-11-09T02:00:00.000Z","false","true","false","true","23692","3805","Simmons Bank Liberty Stadium","235","Memphis","fbs","American Athletic","27","0,17,0,10","0.4616771340370178","1574","1569","242","Rice","fbs","American Athletic","20","6,7,0,7","0.5383228659629822","1296","1301","5.092991023986161","","",""
"401628542","2024","11","regular","2024-11-09T02:00:00.000Z","false","true","false","true","53467","1056","Rose Bowl","26","UCLA","fbs","Big Ten","20","0,17,0,3","0.7959715723991394","1470","1476","2294","Iowa","fbs","Big Ten","17","10,0,0,7","0.2040284276008606","1786","1780","5.237328950971543","","",""
"401643754","2024","11","regular","2024-11-09T03:30:00.000Z","false","true","false","true","21832","7311","Snapdragon Stadium","21","San Diego State","fbs","Mountain West","16","3,10,3,0","0.33644676208496094","1311","1298","167","New Mexico","fbs","Mountain West","21","14,0,0,7","0.6635532379150391","1250","1263","5.732582994127503","","",""
"401628544","2024","11","regular","2024-11-09T17:00:00.000Z","false","true","false","true","44120","6577","SHI Stadium","164","Rutgers","fbs","Big Ten","26","7,7,0,12","0.8420133590698242","1412","1434","135","Minnesota","fbs","Big Ten","19","9,0,7,3","0.15798664093017578","1612","1590","6.209530180999019","","",""
"401636918","2024","11","regular","2024-11-09T17:00:00.000Z","false","true","false","true","38007","3854","Nippert Stadium","2132","Cincinnati","fbs","Big 12","24","7,0,7,10","0.3638865053653717","1536","1524","277","West Virginia","fbs","Big 12","31","0,17,7,7","0.6361134946346283","1549","1561","4.949353077761328","","",""
"401643828","2024","11","regular","2024-11-09T17:00:00.000Z","false","true","false","true","13720","3817","Malone Stadium","2433","UL Monroe","fbs","Sun Belt","17","0,0,14,3","0","1236","1220","326","Texas State","fbs","Sun Belt","38","14,14,0,10","1","1586","1602","4.335981193553452","","",""
"401628545","2024","11","regular","2024-11-09T17:00:00.000Z","false","true","false","true","103463","3861","Ohio Stadium","194","Ohio State","fbs","Big Ten","45","7,14,17,7","0.9925447702407837","2065","2093","2509","Purdue","fbs","Big Ten","0","0,0,0,0","0.007455229759216309","1220","1192","2.070666937290162","","",""
"401645363","2024","11","regular","2024-11-09T17:00:00.000Z","false","true","false","true","34091","3886","Raymond James Stadium","58","South Florida","fbs","American Athletic","7","0,0,0,7","0","1379","1339","2426","Navy","fbs","American Athletic","28","14,7,0,7","1","1504","1544","3.4064884581414354","","",""
"401635609","2024","11","regular","2024-11-09T17:00:00.000Z","false","true","false","true","47358","721","Bobby Dodd Stadium","59","Georgia Tech","fbs","ACC","28","7,7,7,7","0.9464443325996399","1558","1577","2390","Miami","fbs","ACC","23","10,0,6,7","0.05355566740036011","1877","1858","4.196556885753501","","",""
"401628417","2024","11","regular","2024-11-09T17:00:00.000Z","false","true","false","true","103375","3910","DKR-Texas Memorial Stadium","251","Texas","fbs","SEC","49","14,21,7,7","0.9840566515922546","2057","2094","57","Florida","fbs","SEC","17","0,0,10,7","0.01594334840774536","1635","1598","2.7076229642444436","","",""
"401635606","2024","11","regular","2024-11-09T17:00:00.000Z","false","true","false","true","44500","3615","Alumni Stadium (Chestnut Hill, MA)","103","Boston College","fbs","ACC","37","7,7,16,7","0.984311580657959","1428","1433","183","Syracuse","fbs","ACC","31","0,14,7,10","0.015688419342041016","1391","1386","5.818692236052835","","",""
"401640995","2024","11","regular","2024-11-09T18:00:00.000Z","false","true","false","true","13500","3725","Johnny ""Red"" Floyd Stadium","2393","Middle Tennessee","fbs","Conference USA","17","7,0,0,10","0.03358956053853035","1152","1144","2335","Liberty","fbs","Conference USA","37","7,20,3,7","0.9664104394614697","1560","1568","4.006155846955029","","",""
"401629037","2024","11","regular","2024-11-09T19:30:00.000Z","false","true","false","false","18351","7221","Protective Stadium","5","UAB","fbs","American Athletic","23","3,17,3,0","0","1195","1197","41","UConn","fbs","FBS Independents","31","3,0,7,21","1","1425","1423","5.725143772232433","","",""
"401643829","2024","11","regular","2024-11-09T20:00:00.000Z","false","true","false","true","20502","3815","M. M. Roberts Stadium","2572","Southern Miss","fbs","Sun Belt","3","0,3,0,0","0","1096","1039","276","Marshall","fbs","Sun Belt","37","3,14,17,3","1","1415","1472","4.5202759303067195","","",""
"401635607","2024","11","regular","2024-11-09T20:30:00.000Z","false","true","false","true","65632","3799","Lane Stadium","259","Virginia Tech","fbs","ACC","14","0,7,0,7","0.05578821152448654","1666","1658","228","Clemson","fbs","ACC","24","0,0,14,10","0.9442117884755135","1819","1827","4.747879883851768","","",""
"401643826","2024","11","regular","2024-11-09T20:30:00.000Z","false","true","false","true","25709","3651","Bridgeforth Stadium","256","James Madison","fbs","Sun Belt","38","14,14,10,0","0.9870517253875732","1766","1794","2247","Georgia State","fbs","Sun Belt","7","0,7,0,0","0.012948274612426758","1282","1254","2.912088059362898","","",""
"401643755","2024","11","regular","2024-11-09T20:30:00.000Z","false","true","false","false","37187","3893","Reser Stadium","204","Oregon State","fbs","Pac-12","13","0,10,3,0","0.11076812446117401","1467","1446","23","San José State","fbs","Mountain West","24","0,10,0,14","0.889231875538826","1497","1518","6.9531628349288495","","",""
"401629045","2024","11","regular","2024-11-09T20:30:00.000Z","false","true","false","true","28519","3825","DATCU Stadium","249","North Texas","fbs","American Athletic","3","3,0,0,0","0.14506089687347412","1462","1455","349","Army","fbs","American Athletic","14","7,0,0,7","0.8549391031265259","1654","1661","3.740931562565803","","",""
"401628541","2024","11","regular","2024-11-09T20:30:00.000Z","false","true","false","true","53082","3830","Memorial Stadium (Bloomington, IN)","84","Indiana","fbs","Big Ten","20","7,10,0,3","0.4176797866821289","1875","1876","130","Michigan","fbs","Big Ten","15","3,0,6,6","0.5823202133178711","1778","1777","3.557968252059709","","",""
"401635608","2024","11","regular","2024-11-09T20:30:00.000Z","false","true","false","true","56919","3670","Carter-Finley Stadium","152","NC State","fbs","ACC","19","0,9,3,7","0.008452389389276505","1514","1499","150","Duke","fbs","ACC","29","12,0,7,10","0.9915476106107235","1582","1597","5.086037529480641","","",""
"401636919","2024","11","regular","2024-11-09T20:30:00.000Z","false","true","true","true","51109","3622","GEHA Field at Arrowhead Stadium","2305","Kansas","fbs","Big 12","45","14,17,7,7","0.9645452499389648","1633","1664","66","Iowa State","fbs","Big 12","36","7,6,7,16","0.035454750061035156","1759","1728","3.5466658518556486","","",""
"401628414","2024","11","regular","2024-11-09T20:30:00.000Z","false","true","false","true","68126","3974","Vaught-Hemingway Stadium","145","Ole Miss","fbs","SEC","28","10,6,6,6","0.9801396131515503","1960","2010","61","Georgia","fbs","SEC","10","7,0,3,0","0.019860386848449707","2057","2007","3.6730757093012345","","",""
"401636921","2024","11","regular","2024-11-09T21:00:00.000Z","false","true","false","true","60229","3784","Jones AT&T Stadium","2641","Texas Tech","fbs","Big 12","27","13,0,7,7","0.2288302481174469","1566","1537","38","Colorado","fbs","Big 12","41","0,10,21,10","0.7711697518825531","1598","1627","6.0061020927037045","","",""
"401641021","2024","11","regular","2024-11-09T21:00:00.000Z","false","true","false","true","14728","3946","Sun Bowl","2638","UTEP","fbs","Conference USA","43","7,7,7,7,7,8","0.9805501103401184","1147","1165","338","Kennesaw State","fbs","Conference USA","35","7,0,14,7,7,0","0.019449889659881592","1245","1227","7.522709172950741","","",""
"401645364","2024","11","regular","2024-11-09T21:00:00.000Z","false","true","false","true","30000","4729","Yulman Stadium","2655","Tulane","fbs","American Athletic","52","7,21,14,10","0.9935848712921143","1757","1807","218","Temple","fbs","American Athletic","6","0,0,0,6","0.006415128707885742","1090","1040","2.0949126866221155","","",""
"401628418","2024","11","regular","2024-11-09T21:15:00.000Z","false","true","false","true","28934","3973","FirstBank Stadium","238","Vanderbilt","fbs","SEC","7","0,0,7,0","0.005490208975970745","1463","1446","2579","South Carolina","fbs","SEC","28","0,7,14,7","0.9945097910240293","1812","1829","3.8673046644945916","","",""
"401641004","2024","11","regular","2024-11-09T21:30:00.000Z","false","true","false","true","16345","3776","Joe Aillet Stadium","2348","Louisiana Tech","fbs","Conference USA","37","7,14,9,7,0","0.9360070824623108","1283","1297","55","Jacksonville State","fbs","Conference USA","44","7,21,0,9,7","0.06399291753768921","1657","1643","8.017644628510453","","",""
"401643827","2024","11","regular","2024-11-09T22:00:00.000Z","false","true","false","true","16451","3666","Cajun Field","309","Louisiana","fbs","Sun Belt","55","10,21,17,7","0.9592593908309937","1554","1621","2032","Arkansas State","fbs","Sun Belt","19","0,6,6,7","0.04074060916900635","1286","1219","1.9155071452309809","","",""
"401641036","2024","11","regular","2024-11-09T23:00:00.000Z","false","true","false","true","12710","3601","Aggie Memorial Stadium","166","New Mexico State","fbs","Conference USA","28","7,0,14,7","0.06958532333374023","1115","1121","98","Western Kentucky","fbs","Conference USA","41","14,10,7,10","0.9304146766662598","1512","1506","4.935904961781535","","",""
"401636917","2024","11","regular","2024-11-10T00:00:00.000Z","false","true","false","true","44940","3947","Mountain America Stadium","9","Arizona State","fbs","Big 12","35","7,14,7,7","0.03374087065458298","1563","1568","2116","UCF","fbs","Big 12","31","7,10,7,7","0.966259129345417","1625","1620","7.0504533673603","","",""
"401636920","2024","11","regular","2024-11-10T00:00:00.000Z","false","true","false","true","45348","3616","Amon G. Carter Stadium","2628","TCU","fbs","Big 12","38","10,14,7,7","0.9064395427703857","1526","1578","197","Oklahoma State","fbs","Big 12","13","0,0,6,7","0.09356045722961426","1427","1375","3.101668597329723","","",""
"401628416","2024","11","regular","2024-11-10T00:00:00.000Z","false","true","false","true","101915","3853","Neyland Stadium","2633","Tennessee","fbs","SEC","33","7,13,10,3","0.9013736844062805","1939","1930","344","Mississippi State","fbs","SEC","14","0,7,7,0","0.09862631559371948","1353","1362","3.5992308326049636","","",""
"401628543","2024","11","regular","2024-11-10T00:00:00.000Z","false","true","false","true","59245","3626","Autzen Stadium","2483","Oregon","fbs","Big Ten","39","7,14,8,10","0.983059823513031","2050","2047","120","Maryland","fbs","Big Ten","18","3,7,0,8","0.016940176486968994","1488","1491","3.4341120328594306","","",""
"401628413","2024","11","regular","2024-11-10T00:30:00.000Z","false","true","false","true","102283","3958","Tiger Stadium (LA)","99","LSU","fbs","SEC","13","3,3,0,7","0","1855","1800","333","Alabama","fbs","SEC","42","14,7,7,14","1","2058","2113","3.2314681889553802","","",""
"401628984","2024","11","regular","2024-11-10T00:30:00.000Z","false","true","false","false","77622","3855","Notre Dame Stadium","87","Notre Dame","fbs","FBS Independents","52","7,14,10,21","0.961488664150238","2069","2133","52","Florida State","fbs","ACC","3","3,0,0,0","0.03851133584976196","1447","1383","2.5071287390928783","","",""
"401628415","2024","11","regular","2024-11-10T00:45:00.000Z","false","true","false","true","62621","3838","Memorial Stadium","142","Missouri","fbs","SEC","30","0,3,7,20","0.9700127840042114","1673","1683","201","Oklahoma","fbs","SEC","23","0,9,0,14","0.029987215995788574","1688","1678","6.5294130720775945","","",""
"401643752","2024","11","regular","2024-11-10T01:00:00.000Z","false","true","false","true","37143","3653","Albertsons Stadium","68","Boise State","fbs","Mountain West","28","14,0,7,7","0.9336748123168945","1761","1741","2440","Nevada","fbs","Mountain West","21","7,7,0,7","0.06632518768310547","1176","1196","3.9524291350627228","","",""
"401628546","2024","11","regular","2024-11-10T01:00:00.000Z","false","true","false","true","110233","3632","Beaver Stadium","213","Penn State","fbs","Big Ten","35","7,21,0,7","0.9886565208435059","1916","1967","264","Washington","fbs","Big Ten","6","0,0,3,3","0.01134347915649414","1695","1644","2.254180776434667","","",""
"401635610","2024","11","regular","2024-11-10T01:00:00.000Z","false","true","false","true","56693","3752","Acrisure Stadium","221","Pittsburgh","fbs","ACC","19","0,13,0,6","0.33498746156692505","1541","1519","258","Virginia","fbs","ACC","24","0,7,14,3","0.665012538433075","1359","1381","6.285908291028621","","",""
"401643753","2024","11","regular","2024-11-10T02:00:00.000Z","false","true","false","true","12691","7220","Clarence T.C. Ching Athletics Complex","62","Hawai'i","fbs","Mountain West","27","7,3,10,7","0.052156463265419006","1247","1265","2439","UNLV","fbs","Mountain West","29","12,0,10,7","0.947843536734581","1668","1650","6.899657009464809","","",""
"401643751","2024","11","regular","2024-11-10T02:45:00.000Z","false","true","false","true","14794","3713","Falcon Stadium","2005","Air Force","fbs","Mountain West","36","7,10,9,10","0.9903101325035095","1287","1316","278","Fresno State","fbs","Mountain West","28","7,14,0,7","0.009689867496490479","1540","1511","5.360165094674511","","",""
"401636922","2024","11","regular","2024-11-10T03:15:00.000Z","false","true","false","true","54383","587","Rice-Eccles Stadium","254","Utah","fbs","Big 12","21","0,21,0,0","0.7878780364990234","1568","1572","252","BYU","fbs","Big 12","22","3,7,3,9","0.21212196350097656","1678","1674","5.725567163015939","","",""
"401643756","2024","11","regular","2024-11-10T03:30:00.000Z","false","true","false","false","20011","3820","Gesa Field","265","Washington State","fbs","Pac-12","49","7,14,14,14","0.9887107014656067","1597","1606","328","Utah State","fbs","Mountain West","28","7,0,7,14","0.01128929853439331","1179","1170","2.7070863321101766","","",""
"401644763","2024","12","regular","2024-11-13T00:00:00.000Z","false","true","false","true","12708","3965","UB Stadium","2084","Buffalo","fbs","Mid-American","51","7,17,7,14,6","0.6031242609024048","1217","1217","2050","Ball State","fbs","Mid-American","48","7,21,7,10,3","0.3968757390975952","1115","1115","8.024189777437115","","",""
"401644764","2024","12","regular","2024-11-13T00:00:00.000Z","false","true","false","true","1156","3700","Doyt L. Perry Stadium","189","Bowling Green","fbs","Mid-American","31","3,14,14,0","0.9908657670021057","1449","1472","2711","Western Michigan","fbs","Mid-American","13","0,7,6,0","0.009134232997894287","1272","1249","3.5183895347971648","","",""
"401644765","2024","12","regular","2024-11-13T00:00:00.000Z","false","true","false","true","14661","3739","Glass Bowl","2649","Toledo","fbs","Mid-American","37","7,20,7,3","0.9873344302177429","1463","1495","2117","Central Michigan","fbs","Mid-American","10","3,0,0,7","0.01266556978225708","1123","1091","2.9983125258226258","","",""
"401644766","2024","12","regular","2024-11-14T00:00:00.000Z","false","true","false","true","6795","3764","Huskie Stadium","2459","Northern Illinois","fbs","Mid-American","29","17,6,0,6","1","1471","1464","2006","Akron","fbs","Mid-American","16","6,10,0,0","0","1048","1055","3.8803958567107646","","",""
"401644689","2024","12","regular","2024-11-14T00:00:00.000Z","false","true","false","true","5328","3996","Yager Stadium","193","Miami (OH)","fbs","Mid-American","34","10,7,14,3","","1548","1544","2309","Kent State","fbs","Mid-American","7","7,0,0,0","","831","835","","","",""
"401644767","2024","12","regular","2024-11-14T00:00:00.000Z","false","true","false","true","14133","3876","Peden Stadium","195","Ohio","fbs","Mid-American","35","0,14,7,14","0.992637574672699","1510","1546","2199","Eastern Michigan","fbs","Mid-American","10","0,7,0,3","0.007362425327301025","1261","1225","4.563829030956917","","",""
"401645365","2024","12","regular","2024-11-15T00:30:00.000Z","false","true","false","true","17979","3674","Chapman Stadium","202","Tulsa","fbs","American Athletic","31","3,14,7,7","0.05817333236336708","952","971","151","East Carolina","fbs","American Athletic","38","7,10,7,14","0.9418266676366329","1410","1391","7.659156769468611","","",""
"401643759","2024","12","regular","2024-11-16T01:00:00.000Z","false","true","false","true","36720","5388","Canvas Stadium","36","Colorado State","fbs","Mountain West","24","14,3,7,0","0.9907070994377136","1343","1366","2751","Wyoming","fbs","Mountain West","10","0,3,7,0","0.009292900562286377","1283","1260","2.4404590155335266","","",""
"401645366","2024","12","regular","2024-11-16T01:00:00.000Z","false","true","false","true","21350","3604","Alamodome","2636","UTSA","fbs","American Athletic","48","14,13,3,18","0.9740085601806641","1408","1463","249","North Texas","fbs","American Athletic","27","0,7,13,7","0.025991439819335938","1455","1400","3.298597258798221","","",""
"401628553","2024","12","regular","2024-11-16T02:00:00.000Z","false","true","false","true","68811","3765","Husky Stadium","264","Washington","fbs","Big Ten","31","7,7,3,14","0.5107772946357727","1644","1654","26","UCLA","fbs","Big Ten","19","0,10,3,6","0.4892227053642273","1476","1466","4.397378392583857","","",""
"401636923","2024","12","regular","2024-11-16T03:15:00.000Z","false","true","false","true","38538","3619","Arizona Stadium","12","Arizona","fbs","Big 12","27","7,3,17,0","0.7833019495010376","1382","1440","248","Houston","fbs","Big 12","3","0,3,0,0","0.2166980504989624","1364","1306","2.989002931254109","","",""
"401635582","2024","12","regular","2024-11-16T17:00:00.000Z","false","true","false","true","58667","3752","Acrisure Stadium","221","Pittsburgh","fbs","ACC","20","7,0,0,13","0.29278257489204407","1519","1531","228","Clemson","fbs","ACC","24","7,10,0,7","0.7072174251079559","1827","1815","8.447491259663193","","",""
"401636925","2024","12","regular","2024-11-16T17:00:00.000Z","false","true","false","true","54646","3726","Folsom Field","38","Colorado","fbs","Big 12","49","14,7,7,21","0.9381392002105713","1627","1684","254","Utah","fbs","Big 12","24","3,6,7,8","0.06186079978942871","1572","1515","3.5986710956290917","","",""
"401645370","2024","12","regular","2024-11-16T17:00:00.000Z","false","true","false","true","38914","3852","Navy-Marine Corps Memorial Stadium","2426","Navy","fbs","American Athletic","0","0,0,0,0","0.007091894745826721","1544","1477","2655","Tulane","fbs","American Athletic","35","7,7,7,14","0.9929081052541733","1807","1874","2.5402487844033095","","",""
"401629046","2024","12","regular","2024-11-16T17:00:00.000Z","false","true","false","false","9115","3985","Warren McGuirk Alumni Stadium","113","Massachusetts","fbs","FBS Independents","34","7,13,0,8,6","0.2587684094905853","994","1017","2335","Liberty","fbs","Conference USA","35","0,7,7,14,7","0.7412315905094147","1568","1545","6.031051648660567","","",""
"401628550","2024","12","regular","2024-11-16T17:00:00.000Z","false","true","true","true","38147","4250","Wrigley Field","77","Northwestern","fbs","Big Ten","7","0,7,0,0","0.015133490785956383","1479","1486","194","Ohio State","fbs","Big Ten","31","0,21,10,0","0.9848665092140436","2093","2086","3.275728726439794","","",""
"401641013","2024","12","regular","2024-11-16T17:00:00.000Z","false","true","false","true","13312","3796","Houchens Industries-L.T. Smith Stadium","98","Western Kentucky","fbs","Conference USA","7","0,7,0,0","0.45485857129096985","1506","1482","2348","Louisiana Tech","fbs","Conference USA","12","3,6,0,3","0.5451414287090302","1297","1321","4.040177810951153","","",""
"401628419","2024","12","regular","2024-11-16T17:00:00.000Z","false","true","false","true","74929","3887","Razorback Stadium","8","Arkansas","fbs","SEC","10","0,0,7,3","0.08316595107316971","1524","1547","251","Texas","fbs","SEC","20","7,3,3,7","0.9168340489268303","2094","2071","4.4377816556590295","","",""
"401628426","2024","12","regular","2024-11-16T17:45:00.000Z","false","true","false","false","88043","3785","Jordan-Hare Stadium","2","Auburn","fbs","SEC","48","10,14,14,10","0.9928672313690186","1550","1604","2433","UL Monroe","fbs","Sun Belt","14","0,0,7,7","0.007132768630981445","1220","1166","1.6541832310807754","","",""
"401643832","2024","12","regular","2024-11-16T18:00:00.000Z","false","true","false","true","24175","3775","Joan C. Edwards Stadium","276","Marshall","fbs","Sun Belt","31","3,14,7,7","0.9655942916870117","1472","1489","324","Coastal Carolina","fbs","Sun Belt","19","7,0,0,12","0.03440570831298828","1403","1386","3.971071956949464","","",""
"401628422","2024","12","regular","2024-11-16T18:30:00.000Z","false","true","false","false","48370","3683","Kroger Field","96","Kentucky","fbs","SEC","48","14,10,10,14","0.9877020716667175","1527","1527","93","Murray State","fcs","MVFC","6","0,0,3,3","0.01229792833328247","","","2.375985203105853","","",""
"401645369","2024","12","regular","2024-11-16T19:00:00.000Z","false","true","false","true","12291","3806","Lincoln Financial Field","218","Temple","fbs","American Athletic","18","3,0,3,9,3","0.6021506786346436","1040","1042","2226","Florida Atlantic","fbs","American Athletic","15","0,7,0,8,0","0.39784932136535645","1125","1123","6.296938715983375","","",""
"401628425","2024","12","regular","2024-11-16T19:00:00.000Z","false","true","false","false","100077","3657","Bryant-Denny Stadium","333","Alabama","fbs","SEC","52","14,17,7,14","0.990824282169342","2130","2130","2382","Mercer","fcs","Southern","7","0,7,0,0","0.009175717830657959","","","2.210549656090027","","",""
"401640986","2024","12","regular","2024-11-16T19:00:00.000Z","false","true","false","true","17688","3662","AmFirst Stadium","55","Jacksonville State","fbs","Conference USA","34","3,17,0,14","0.9359528422355652","1643","1640","2229","Florida International","fbs","Conference USA","31","3,14,7,7","0.06404715776443481","1297","1300","7.484719132951689","","",""
"401628547","2024","12","regular","2024-11-16T19:30:00.000Z","false","true","false","true","52660","3832","Memorial Stadium (Champaign, IL)","356","Illinois","fbs","Big Ten","38","14,7,3,14","0.99127197265625","1556","1593","127","Michigan State","fbs","Big Ten","16","6,3,7,0","0.00872802734375","1402","1365","3.9335955194653955","","",""
"401635581","2024","12","regular","2024-11-16T20:00:00.000Z","false","true","false","true","33493","3831","California Memorial Stadium","25","California","fbs","ACC","25","0,7,7,11","0.17002426087856293","1649","1610","183","Syracuse","fbs","ACC","33","6,21,3,3","0.8299757391214371","1386","1425","4.8873771385319476","","",""
"401641022","2024","12","regular","2024-11-16T20:00:00.000Z","false","true","false","true","7736","4899","Fifth Third Stadium","338","Kennesaw State","fbs","Conference USA","17","0,3,7,7,0","0.5700892210006714","1227","1230","2534","Sam Houston","fbs","Conference USA","23","0,3,7,7,6","0.4299107789993286","1416","1413","5.869494169814326","","",""
"401643760","2024","12","regular","2024-11-16T20:00:00.000Z","false","true","false","true","","3905","Maverik Stadium","328","Utah State","fbs","Mountain West","55","17,7,21,10","0.982502818107605","1170","1321","62","Hawai'i","fbs","Mountain West","10","0,3,0,7","0.01749718189239502","1265","1114","2.1374518319933893","","",""
"401628420","2024","12","regular","2024-11-16T20:30:00.000Z","false","true","false","true","90067","3634","Ben Hill Griffin Stadium","57","Florida","fbs","SEC","27","7,3,3,14","0.959041953086853","1598","1634","99","LSU","fbs","SEC","16","0,10,3,3","0.04095804691314697","1800","1764","5.33315691554045","","",""
"401643757","2024","12","regular","2024-11-16T20:30:00.000Z","false","true","false","false","21385","3713","Falcon Stadium","2005","Air Force","fbs","Mountain West","28","7,7,0,14","0.993308961391449","1316","1406","204","Oregon State","fbs","Pac-12","0","0,0,0,0","0.006691038608551025","1446","1356","1.8552075852714331","","",""
"401645368","2024","12","regular","2024-11-16T20:30:00.000Z","false","true","false","true","15030","4418","Jerry Richardson Stadium","2429","Charlotte","fbs","American Athletic","24","7,3,7,7","0.03342616185545921","1182","1101","58","South Florida","fbs","American Athletic","59","7,7,31,14","0.9665738381445408","1339","1420","5.271316672734322","","",""
"401635580","2024","12","regular","2024-11-16T20:30:00.000Z","false","true","false","true","34438","3735","Gerald J. Ford Stadium","2567","SMU","fbs","ACC","38","10,10,11,7","0.9798381328582764","1814","1806","103","Boston College","fbs","ACC","28","0,14,7,7","0.020161867141723633","1433","1441","5.301375495397462","","",""
"401635517","2024","12","regular","2024-11-16T20:30:00.000Z","false","true","false","true","18685","3940","Stanford Stadium","24","Stanford","fbs","ACC","38","10,3,8,17","0.8145387172698975","1158","1168","97","Louisville","fbs","ACC","35","7,14,7,7","0.18546128273010254","1725","1715","5.764665266658283","","",""
"401628985","2024","12","regular","2024-11-16T20:30:00.000Z","false","true","false","false","77622","3855","Notre Dame Stadium","87","Notre Dame","fbs","FBS Independents","35","7,21,7,0","0.9839110970497131","2133","2115","258","Virginia","fbs","ACC","14","0,0,7,7","0.016088902950286865","1381","1399","2.6804055780137226","","",""
"401628552","2024","12","regular","2024-11-16T20:30:00.000Z","false","true","false","true","58346","3907","Ross-Ade Stadium","2509","Purdue","fbs","Big Ten","10","0,3,0,7","0.000837622019717758","1192","1172","213","Penn State","fbs","Big Ten","49","14,7,21,7","0.9991623779802823","1967","1987","1.8035917166","","",""
"401643833","2024","12","regular","2024-11-16T21:00:00.000Z","false","true","false","true","21984","3918","S.B. Ballard Stadium","295","Old Dominion","fbs","Sun Belt","32","7,17,0,8","0.41225598505539546","1472","1486","256","James Madison","fbs","Sun Belt","35","7,14,7,7","0.5877440149446045","1794","1780","8.3624957585","","",""
"401636929","2024","12","regular","2024-11-16T21:00:00.000Z","false","true","false","true","52376","3842","Milan Puskar Stadium","277","West Virginia","fbs","Big 12","35","7,21,0,7","0","1561","1529","239","Baylor","fbs","Big 12","49","14,21,0,14","1","1559","1591","6.470057922278158","","",""
"401628549","2024","12","regular","2024-11-16T21:00:00.000Z","false","true","false","true","75304","477","Los Angeles Memorial Coliseum","30","USC","fbs","Big Ten","28","7,7,7,7","0.995826166219086","1767","1761","158","Nebraska","fbs","Big Ten","20","7,7,6,0","0.00417383378091396","1453","1459","7.8481713683","","",""
"401643830","2024","12","regular","2024-11-16T21:00:00.000Z","false","true","false","true","21762","3608","Allen E. Paulson Stadium","290","Georgia Southern","fbs","Sun Belt","20","7,3,7,3","0","1397","1386","2653","Troy","fbs","Sun Belt","28","0,7,7,14","1","1455","1466","5.32145550117369","","",""
"401628423","2024","12","regular","2024-11-16T21:15:00.000Z","false","true","false","true","79361","3994","Williams-Brice Stadium","2579","South Carolina","fbs","SEC","34","7,14,0,13","0.17378149926662445","1829","1828","142","Missouri","fbs","SEC","30","6,0,6,18","0.8262185007333755","1683","1684","5.160145911289666","","",""
"401643831","2024","12","regular","2024-11-16T22:00:00.000Z","false","true","false","true","14047","4246","Center Parc Stadium","2247","Georgia State","fbs","Sun Belt","20","7,0,7,6","0.030450697988271713","1254","1238","2032","Arkansas State","fbs","Sun Belt","27","7,0,10,10","0.9695493020117283","1219","1235","6.351785663818993","","",""
"401628548","2024","12","regular","2024-11-16T23:00:00.000Z","false","true","false","true","31433","3665","SECU Stadium","120","Maryland","fbs","Big Ten","17","3,7,7,0","0.06721833348274231","1491","1453","164","Rutgers","fbs","Big Ten","31","0,14,7,10","0.9327816665172577","1434","1472","5.984811442880731","","",""
"401643758","2024","12","regular","2024-11-17T00:00:00.000Z","false","true","false","true","20517","3935","CEFCU Stadium","23","San José State","fbs","Mountain West","21","7,7,7,0","0.16972799599170685","1518","1489","68","Boise State","fbs","Mountain West","42","0,14,14,14","0.8302720040082932","1741","1770","4.752790814634451","","",""
"401636927","2024","12","regular","2024-11-17T00:00:00.000Z","false","true","false","true","51880","3636","Bill Snyder Family Stadium","2306","Kansas State","fbs","Big 12","14","0,0,6,8","0.06519926339387894","1771","1731","9","Arizona State","fbs","Big 12","24","7,14,3,0","0.9348007366061211","1568","1608","3.739081231971401","","",""
"401643834","2024","12","regular","2024-11-17T00:00:00.000Z","false","true","false","true","16063","3666","Cajun Field","309","Louisiana","fbs","Sun Belt","22","0,3,3,16","0.42303532361984253","1621","1618","6","South Alabama","fbs","Sun Belt","24","7,17,0,0","0.5769646763801575","1618","1621","3.605417965941981","","",""
"401643835","2024","12","regular","2024-11-17T00:00:00.000Z","false","true","false","true","22618","3644","Bobcat Stadium (TX)","326","Texas State","fbs","Sun Belt","58","21,13,17,7","0.9452369213104248","1602","1693","2572","Southern Miss","fbs","Sun Belt","3","0,3,0,0","0.054763078689575195","1039","948","2.1976323694763558","","",""
"401628551","2024","12","regular","2024-11-17T00:30:00.000Z","false","true","false","true","76298","347","Camp Randall Stadium","275","Wisconsin","fbs","Big Ten","13","0,10,3,0","0","1641","1659","2483","Oregon","fbs","Big Ten","16","6,0,0,10","1","2047","2029","6.273681476727409","","",""
"401628421","2024","12","regular","2024-11-17T00:30:00.000Z","false","true","false","true","93033","3917","Sanford Stadium","61","Georgia","fbs","SEC","31","0,17,7,7","0.9929498434066772","2007","2029","2633","Tennessee","fbs","SEC","17","10,7,0,0","0.007050156593322754","1930","1908","5.512019683714967","","",""
"401628424","2024","12","regular","2024-11-17T00:45:00.000Z","false","true","false","false","105815","3795","Kyle Field","245","Texas A&M","fbs","SEC","38","17,7,7,7","0.9867249131202698","1746","1770","166","New Mexico State","fbs","Conference USA","3","0,0,0,3","0.013275086879730225","1121","1097","1.9732749908394778","","",""
"401636926","2024","12","regular","2024-11-17T01:00:00.000Z","false","true","false","true","52881","3772","Jack Trice Stadium","66","Iowa State","fbs","Big 12","34","7,3,10,14","0.7731809020042419","1728","1746","2132","Cincinnati","fbs","Big 12","17","7,3,0,7","0.22681909799575806","1524","1506","5.345293457370588","","",""
"401645367","2024","12","regular","2024-11-17T01:00:00.000Z","false","true","false","true","24225","3805","Simmons Bank Liberty Stadium","235","Memphis","fbs","American Athletic","53","11,7,7,28","0.9952467679977417","1569","1621","5","UAB","fbs","American Athletic","18","0,8,3,7","0.004753232002258301","1197","1145","2.7666542203130837","","",""
"401635583","2024","12","regular","2024-11-17T01:00:00.000Z","false","true","false","true","48364","3787","Kenan Stadium","153","North Carolina","fbs","ACC","31","0,10,14,7","0.7997316718101501","1612","1608","154","Wake Forest","fbs","ACC","24","3,0,14,7","0.20026832818984985","1353","1357","4.931720440611799","","",""
"401643761","2024","12","regular","2024-11-17T02:30:00.000Z","false","true","false","false","14067","3971","University Stadium (NM)","167","New Mexico","fbs","Mountain West","38","7,7,14,10","0.38932960123114607","1263","1269","265","Washington State","fbs","Pac-12","35","14,14,0,7","0.610670398768854","1606","1600","8.4413070753","","",""
"401636924","2024","12","regular","2024-11-17T03:15:00.000Z","false","true","false","true","62704","3801","LaVell Edwards Stadium","252","BYU","fbs","Big 12","13","0,10,3,0","0.28021949529647827","1674","1667","2305","Kansas","fbs","Big 12","17","7,3,0,7","0.7197805047035217","1664","1671","5.333465718202751","","",""
"401643762","2024","12","regular","2024-11-17T03:30:00.000Z","false","true","false","true","30386","6501","Allegiant Stadium","2439","UNLV","fbs","Mountain West","41","7,21,10,3","1","1650","1665","21","San Diego State","fbs","Mountain West","20","0,6,7,7","0","1298","1283","2.801890621769447","","",""
"401644769","2024","13","regular","2024-11-20T00:00:00.000Z","false","true","false","true","6768","3696","Dix Stadium","2309","Kent State","fbs","Mid-American","17","7,3,0,7","0.07420440763235092","835","805","2006","Akron","fbs","Mid-American","38","10,13,15,0","0.9257955923676491","1055","1085","3.804020533717492","","",""
"401644770","2024","13","regular","2024-11-20T00:30:00.000Z","false","true","false","true","13102","3786","Kelly/Shorts Stadium","2117","Central Michigan","fbs","Mid-American","16","7,6,0,3","0.9996080994606018","1091","1094","2711","Western Michigan","fbs","Mid-American","14","0,0,7,7","0.00039190053939819336","1249","1246","4.326444538979832","","",""
"401644690","2024","13","regular","2024-11-20T01:00:00.000Z","false","true","false","true","5891","3996","Yager Stadium","193","Miami (OH)","fbs","Mid-American","20","7,10,0,3","0.5566905736923218","1544","1558","2459","Northern Illinois","fbs","Mid-American","9","0,3,0,6","0.4433094263076782","1464","1450","2.8304017864524567","","",""
"401644772","2024","13","regular","2024-11-21T00:00:00.000Z","false","true","false","true","12004","3912","Rynearson Stadium","2199","Eastern Michigan","fbs","Mid-American","20","0,0,13,7","0","1225","1183","2084","Buffalo","fbs","Mid-American","37","8,9,6,14","1","1217","1259","5.37936371321777","","",""
"401644773","2024","13","regular","2024-11-21T00:00:00.000Z","false","true","false","true","14543","3739","Glass Bowl","2649","Toledo","fbs","Mid-American","7","0,7,0,0","0.0526498444378376","1495","1459","195","Ohio","fbs","Mid-American","24","0,0,7,17","0.9473501555621624","1546","1582","4.535534597248482","","",""
"401634772","2024","13","regular","2024-11-22T00:30:00.000Z","false","true","false","true","34591","721","Bobby Dodd Stadium","59","Georgia Tech","fbs","ACC","30","7,6,3,14","0.8967820405960083","1577","1575","152","NC State","fbs","ACC","29","7,0,0,22","0.1032179594039917","1499","1501","6.921749317598019","","",""
"401645374","2024","13","regular","2024-11-23T00:00:00.000Z","false","true","false","true","20121","3604","Alamodome","2636","UTSA","fbs","American Athletic","51","7,21,10,13","0.990747332572937","1463","1479","218","Temple","fbs","American Athletic","27","3,14,7,3","0.009252667427062988","1042","1026","4.093751479209763","","",""
"401628558","2024","13","regular","2024-11-23T01:00:00.000Z","false","true","false","true","57558","3936","Spartan Stadium","127","Michigan State","fbs","Big Ten","24","7,17,0,0","0.8620511293411255","1365","1364","2509","Purdue","fbs","Big Ten","17","3,0,7,7","0.1379488706588745","1172","1173","3.171925120433743","","",""
"401643767","2024","13","regular","2024-11-23T03:00:00.000Z","false","true","false","true","13671","3935","CEFCU Stadium","23","San José State","fbs","Mountain West","16","0,16,0,0","0.14000453054904938","1489","1481","2439","UNLV","fbs","Mountain West","27","3,7,10,7","0.8599954694509506","1665","1673","5.654143139953593","","",""
"401635518","2024","13","regular","2024-11-23T17:00:00.000Z","false","true","false","false","35453","1964","JMA Wireless Dome","183","Syracuse","fbs","ACC","31","7,14,3,7","0.9888649582862854","1425","1434","41","UConn","fbs","FBS Independents","24","7,7,3,7","0.0111350417137146","1423","1414","3.7018182922725513","","",""
"401641005","2024","13","regular","2024-11-23T17:00:00.000Z","false","true","false","true","16312","3662","AmFirst Stadium","55","Jacksonville State","fbs","Conference USA","21","7,7,0,7","0.447383314371109","1640","1641","2534","Sam Houston","fbs","Conference USA","11","0,3,8,0","0.552616685628891","1413","1412","3.31710391580976","","",""
"401635612","2024","13","regular","2024-11-23T17:00:00.000Z","false","true","false","true","37801","3615","Alumni Stadium (Chestnut Hill, MA)","103","Boston College","fbs","ACC","41","3,21,3,14","0.9886507987976074","1441","1506","153","North Carolina","fbs","ACC","21","0,7,0,14","0.011349201202392578","1608","1543","3.8425672072818897","","",""
"401635618","2024","13","regular","2024-11-23T17:00:00.000Z","false","true","false","true","64210","3948","Hard Rock Stadium","2390","Miami","fbs","ACC","42","10,10,0,22","0.9769409894943237","1858","1877","154","Wake Forest","fbs","ACC","14","7,7,0,0","0.02305901050567627","1357","1338","3.6548371226781655","","",""
"401635619","2024","13","regular","2024-11-23T17:00:00.000Z","false","true","false","true","36305","3923","Scott Stadium","258","Virginia","fbs","ACC","7","0,0,0,7","0.0009218386840075254","1399","1375","2567","SMU","fbs","ACC","33","7,10,3,13","0.9990781613159925","1806","1830","3.876500710518288","","",""
"401628556","2024","13","regular","2024-11-23T17:00:00.000Z","false","true","false","true","30214","3665","SECU Stadium","120","Maryland","fbs","Big Ten","13","0,0,6,7","0.017935680225491524","1453","1447","2294","Iowa","fbs","Big Ten","29","3,10,6,10","0.9820643197745085","1780","1786","3.7794278238840353","","",""
"401628555","2024","13","regular","2024-11-23T17:00:00.000Z","false","true","false","true","105751","3861","Ohio Stadium","194","Ohio State","fbs","Big Ten","38","0,14,14,10","0.9810001850128174","2086","2120","84","Indiana","fbs","Big Ten","15","7,0,0,8","0.018999814987182617","1876","1842","3.5133640512372524","","",""
"401628429","2024","13","regular","2024-11-23T17:00:00.000Z","false","true","false","true","89942","3634","Ben Hill Griffin Stadium","57","Florida","fbs","SEC","24","0,14,3,7","0.5597763657569885","1634","1667","145","Ole Miss","fbs","SEC","17","0,14,3,0","0.4402236342430115","2010","1977","6.418535554203734","","",""
"401628554","2024","13","regular","2024-11-23T17:00:00.000Z","false","true","false","true","47524","6577","SHI Stadium","164","Rutgers","fbs","Big Ten","31","3,14,0,14","0.08114991337060928","1472","1468","356","Illinois","fbs","Big Ten","38","0,9,6,23","0.9188500866293907","1593","1597","7.133938527182541","","",""
"401628430","2024","13","regular","2024-11-23T17:45:00.000Z","false","true","false","false","93033","3917","Sanford Stadium","61","Georgia","fbs","SEC","59","7,21,17,14","0.9873310327529907","2029","2023","113","Massachusetts","fbs","FBS Independents","21","7,7,7,0","0.012668967247009277","1017","1023","3.1187392814344728","","",""
"401640996","2024","13","regular","2024-11-23T18:00:00.000Z","false","true","false","true","17930","3992","Williams Stadium (VA)","2335","Liberty","fbs","Conference USA","38","0,21,7,10","0.9917790293693542","1545","1576","98","Western Kentucky","fbs","Conference USA","21","0,7,14,0","0.008220970630645752","1482","1451","4.000666168120101","","",""
"401628435","2024","13","regular","2024-11-23T18:00:00.000Z","false","true","false","false","101915","3853","Neyland Stadium","2633","Tennessee","fbs","SEC","56","0,28,21,7","0.9860267043113708","1908","1979","2638","UTEP","fbs","Conference USA","0","0,0,0,0","0.01397329568862915","1165","1094","3.7263349171015285","","",""
"401635616","2024","13","regular","2024-11-23T18:30:00.000Z","false","true","false","false","43711","3697","Doak Campbell Stadium","52","Florida State","fbs","ACC","41","0,17,14,10","0.9945473670959473","1353","1353","2127","Charleston Southern","fcs","Big South-OVC","7","0,0,0,7","0.005452632904052734","","","3.047874592245136","","",""
"401645373","2024","13","regular","2024-11-23T19:00:00.000Z","false","true","false","true","16181","7221","Protective Stadium","5","UAB","fbs","American Athletic","40","14,13,0,13","1","1145","1231","242","Rice","fbs","American Athletic","14","14,0,0,0","0","1301","1215","4.373395452564022","","",""
"401644774","2024","13","regular","2024-11-23T19:00:00.000Z","false","true","false","true","7116","3919","Scheumann Stadium","2050","Ball State","fbs","Mid-American","13","0,7,0,6","0.0012204669183120131","1115","1089","189","Bowling Green","fbs","Mid-American","38","7,3,18,10","0.998779533081688","1472","1498","4.915044510800161","","",""
"401641027","2024","13","regular","2024-11-23T19:30:00.000Z","false","true","false","true","10123","3725","Johnny ""Red"" Floyd Stadium","2393","Middle Tennessee","fbs","Conference USA","21","0,7,7,7","0","1144","1104","166","New Mexico State","fbs","Conference USA","36","10,3,13,10","1","1097","1137","4.994034360974621","","",""
"401643836","2024","13","regular","2024-11-23T19:30:00.000Z","false","true","false","true","34012","3792","Kidd Brewer Stadium","2026","App State","fbs","Sun Belt","34","0,24,7,3","0.9537871479988098","1332","1405","256","James Madison","fbs","Sun Belt","20","7,10,3,0","0.046212852001190186","1780","1707","3.8507133456466867","","",""
"401643839","2024","13","regular","2024-11-23T20:00:00.000Z","false","true","false","true","14029","3625","Centennial Bank Stadium","2032","Arkansas State","fbs","Sun Belt","28","7,7,7,7","0.9449933767318726","1235","1241","2433","UL Monroe","fbs","Sun Belt","21","7,0,7,7","0.05500662326812744","1166","1160","5.680124569362166","","",""
"401640987","2024","13","regular","2024-11-23T20:00:00.000Z","false","true","false","true","6210","4899","Fifth Third Stadium","338","Kennesaw State","fbs","Conference USA","27","3,14,0,10","0.25141119956970215","1230","1233","2229","Florida International","fbs","Conference USA","26","0,20,6,0","0.7485888004302979","1300","1297","6.317093636173363","","",""
"401643841","2024","13","regular","2024-11-23T20:00:00.000Z","false","true","false","true","20074","3815","M. M. Roberts Stadium","2572","Southern Miss","fbs","Sun Belt","14","8,3,0,3","0.02268652431666851","948","961","6","South Alabama","fbs","Sun Belt","35","0,14,14,7","0.9773134756833315","1621","1608","4.708429732587975","","",""
"401645371","2024","13","regular","2024-11-23T20:00:00.000Z","false","true","false","true","15066","3715","FAU Stadium","2226","Florida Atlantic","fbs","American Athletic","27","3,7,10,7","0.46418288350105286","1123","1095","2429","Charlotte","fbs","American Athletic","39","10,6,10,13","0.5358171164989471","1101","1129","6.810475733496954","","",""
"401636935","2024","13","regular","2024-11-23T20:00:00.000Z","false","true","false","true","42977","3616","Amon G. Carter Stadium","2628","TCU","fbs","Big 12","49","14,7,14,14","1","1578","1614","12","Arizona","fbs","Big 12","28","7,6,0,15","0","1440","1404","3.2501533187441023","","",""
"401645375","2024","13","regular","2024-11-23T20:30:00.000Z","false","true","false","true","27623","3886","Raymond James Stadium","58","South Florida","fbs","American Athletic","63","28,14,7,14","0.9899627566337585","1420","1457","202","Tulsa","fbs","American Athletic","30","0,7,0,23","0.010037243366241455","971","934","2.8025375964279213","","",""
"401645372","2024","13","regular","2024-11-23T20:30:00.000Z","false","true","false","true","17387","3825","DATCU Stadium","249","North Texas","fbs","American Athletic","28","14,7,7,0","0.10445157438516617","1400","1373","151","East Carolina","fbs","American Athletic","40","0,7,24,9","0.8955484256148338","1391","1418","5.721435480516302","","",""
"401636937","2024","13","regular","2024-11-23T20:30:00.000Z","false","true","false","true","40722","3842","Milan Puskar Stadium","277","West Virginia","fbs","Big 12","31","14,7,7,3","0.8476546406745911","1529","1553","2116","UCF","fbs","Big 12","21","0,7,7,7","0.15234535932540894","1620","1596","2.7958646629617636","","",""
"401628436","2024","13","regular","2024-11-23T20:30:00.000Z","false","true","false","true","102811","3910","DKR-Texas Memorial Stadium","251","Texas","fbs","SEC","31","7,17,0,7","0.8899090886116028","2071","2063","96","Kentucky","fbs","SEC","14","0,7,7,0","0.11009091138839722","1537","1545","3.1557316581143473","","",""
"401636930","2024","13","regular","2024-11-23T20:30:00.000Z","false","true","false","true","55400","3947","Mountain America Stadium","9","Arizona State","fbs","Big 12","28","7,14,7,0","1","1608","1615","252","BYU","fbs","Big 12","23","0,3,14,6","0","1667","1660","3.8783119818220886","","",""
"401643837","2024","13","regular","2024-11-23T20:30:00.000Z","false","true","false","true","14556","3654","Brooks Stadium (SC)","324","Coastal Carolina","fbs","Sun Belt","6","3,0,3,0","0","1386","1335","290","Georgia Southern","fbs","Sun Belt","26","10,3,0,13","1","1386","1437","3.786611354215834","","",""
"401636934","2024","13","regular","2024-11-23T20:30:00.000Z","false","true","false","true","52202","3646","Boone Pickens Stadium","197","Oklahoma State","fbs","Big 12","48","7,7,14,20","0.42045173048973083","1375","1372","2641","Texas Tech","fbs","Big 12","56","14,7,14,21","0.5795482695102692","1537","1540","9.935029690989401","","",""
"401636932","2024","13","regular","2024-11-23T20:30:00.000Z","false","true","true","true","56470","3622","GEHA Field at Arrowhead Stadium","2305","Kansas","fbs","Big 12","37","10,13,7,7","0.9880779981613159","1671","1714","38","Colorado","fbs","Big 12","21","0,14,7,0","0.011922001838684082","1684","1641","3.1588420188716957","","",""
"401635614","2024","13","regular","2024-11-23T20:30:00.000Z","false","true","false","false","80300","3836","Memorial Stadium (Clemson, SC)","228","Clemson","fbs","ACC","51","14,21,10,6","0.9824963808059692","1824","1824","2643","The Citadel","fcs","Southern","14","0,0,7,7","0.01750361919403076","","","2.128136332550022","","",""
"401635613","2024","13","regular","2024-11-23T20:30:00.000Z","false","true","false","true","52428","3831","California Memorial Stadium","25","California","fbs","ACC","24","0,7,3,14","0.9074411392211914","1610","1606","24","Stanford","fbs","ACC","21","14,0,7,0","0.0925588607788086","1168","1172","5.624663686290698","","",""
"401643766","2024","13","regular","2024-11-23T20:30:00.000Z","false","true","false","true","12583","3905","Maverik Stadium","328","Utah State","fbs","Mountain West","41","0,14,7,20","0.9596592783927917","1321","1367","21","San Diego State","fbs","Mountain West","20","3,10,0,7","0.04034072160720825","1283","1237","5.257574675451709","","",""
"401628560","2024","13","regular","2024-11-23T20:30:00.000Z","false","true","false","true","86923","3834","Memorial Stadium (Lincoln, NE)","158","Nebraska","fbs","Big Ten","44","7,17,10,10","0.9763728976249695","1459","1524","275","Wisconsin","fbs","Big Ten","25","7,3,7,8","0.023627102375030518","1659","1594","3.812255433388763","","",""
"401628559","2024","13","regular","2024-11-23T20:30:00.000Z","false","true","false","true","44266","3953","Huntington Bank Stadium","135","Minnesota","fbs","Big Ten","25","7,12,3,3","0.1375134438276291","1590","1606","213","Penn State","fbs","Big Ten","26","0,16,7,3","0.8624865561723709","1987","1971","4.8314334971113935","","",""
"401628557","2024","13","regular","2024-11-23T20:30:00.000Z","false","true","false","true","109830","3558","Michigan Stadium","130","Michigan","fbs","Big Ten","50","10,7,14,19","0.9438161849975586","1777","1867","77","Northwestern","fbs","Big Ten","6","0,6,0,0","0.056183815002441406","1486","1396","2.983166654095502","","",""
"401635617","2024","13","regular","2024-11-23T21:00:00.000Z","false","true","false","true","49441","3873","L&N Federal Credit Union Stadium","97","Louisville","fbs","ACC","37","10,17,10,0","0.9911055564880371","1715","1767","221","Pittsburgh","fbs","ACC","9","0,0,7,2","0.00889444351196289","1531","1479","2.455487113037938","","",""
"401628434","2024","13","regular","2024-11-23T21:00:00.000Z","false","true","false","false","79078","3994","Williams-Brice Stadium","2579","South Carolina","fbs","SEC","56","7,14,14,21","0.904030978679657","1827","1827","2747","Wofford","fcs","Southern","12","3,6,0,3","0.09596902132034302","","","3.0588180580645528","","",""
"401628427","2024","13","regular","2024-11-23T21:00:00.000Z","false","true","false","false","66041","3887","Razorback Stadium","8","Arkansas","fbs","SEC","35","0,14,7,14","0.9892511367797852","1547","1574","2348","Louisiana Tech","fbs","Conference USA","14","0,0,7,7","0.010748863220214844","1321","1294","4.053954592704638","","",""
"401628432","2024","13","regular","2024-11-23T21:15:00.000Z","false","true","false","true","47824","3693","Davis Wade Stadium","344","Mississippi State","fbs","SEC","20","10,3,7,0","0.01019931212067604","1362","1348","142","Missouri","fbs","SEC","39","14,14,3,8","0.989800687879324","1684","1698","3.683423411213274","","",""
"401643840","2024","13","regular","2024-11-23T22:00:00.000Z","false","true","false","true","15501","3666","Cajun Field","309","Louisiana","fbs","Sun Belt","51","7,27,3,14","0.9979888200759888","1618","1652","2653","Troy","fbs","Sun Belt","30","14,0,8,8","0.0020111799240112305","1466","1432","4.467095687825893","","",""
"401643764","2024","13","regular","2024-11-24T00:00:00.000Z","false","true","false","true","18094","3984","War Memorial Stadium","2751","Wyoming","fbs","Mountain West","13","3,7,0,3","0.32419294118881226","1260","1283","68","Boise State","fbs","Mountain West","17","7,3,0,7","0.6758070588111877","1770","1747","5.479898315638003","","",""
"401636931","2024","13","regular","2024-11-24T00:00:00.000Z","false","true","false","true","34166","4728","TDECU Stadium","248","Houston","fbs","Big 12","10","7,0,0,3","0.2282697856426239","1306","1309","239","Baylor","fbs","Big 12","20","7,10,0,3","0.7717302143573761","1591","1588","4.749040455339252","","",""
"401628572","2024","13","regular","2024-11-24T00:00:00.000Z","false","true","false","true","38008","3893","Reser Stadium","204","Oregon State","fbs","Pac-12","41","7,14,10,10","0.3890833854675293","1356","1360","265","Washington State","fbs","Pac-12","38","7,10,7,14","0.6109166145324707","1600","1596","6.569601233246732","","",""
"401640959","2024","13","regular","2024-11-24T00:00:00.000Z","false","true","true","false","47342","4102","Yankee Stadium","87","Notre Dame","fbs","FBS Independents","49","14,14,14,7","0.9778062105178833","2115","2165","349","Army","fbs","American Athletic","14","0,7,0,7","0.0221937894821167","1661","1611","1.9951739314201462","","",""
"401643842","2024","13","regular","2024-11-24T00:00:00.000Z","false","true","false","true","18271","3644","Bobcat Stadium (TX)","326","Texas State","fbs","Sun Belt","44","14,7,0,23","0.28171345591545105","1693","1635","2247","Georgia State","fbs","Sun Belt","52","14,24,7,7","0.718286544084549","1238","1296","5.968950373645084","","",""
"401636936","2024","13","regular","2024-11-24T00:30:00.000Z","false","true","false","true","52152","587","Rice-Eccles Stadium","254","Utah","fbs","Big 12","28","3,10,0,15","0.7425057291984558","1515","1524","66","Iowa State","fbs","Big 12","31","7,10,7,7","0.2574942708015442","1746","1737","7.181723247913672","","",""
"401628428","2024","13","regular","2024-11-24T00:30:00.000Z","false","true","false","true","88043","3785","Jordan-Hare Stadium","2","Auburn","fbs","SEC","43","14,7,7,3,7,3,0,2","0.1604197770357132","1604","1607","245","Texas A&M","fbs","SEC","41","0,7,14,10,7,3,0,0","0.8395802229642868","1770","1767","10.269865547929546","","",""
"401643838","2024","13","regular","2024-11-24T00:30:00.000Z","false","true","false","true","18083","3918","S.B. Ballard Stadium","295","Old Dominion","fbs","Sun Belt","35","0,7,21,7","0.27058646082878113","1486","1473","276","Marshall","fbs","Sun Belt","42","3,14,10,15","0.7294135391712189","1489","1502","8.788548843802724","","",""
"401628433","2024","13","regular","2024-11-24T00:30:00.000Z","false","true","false","true","84053","3835","Memorial Stadium (Norman, OK)","201","Oklahoma","fbs","SEC","24","0,10,14,0","0.9999362230300903","1678","1780","333","Alabama","fbs","SEC","3","3,0,0,0","0.00006377696990966797","2113","2011","3.3117644923004925","","",""
"401628431","2024","13","regular","2024-11-24T00:45:00.000Z","false","true","false","true","102086","3958","Tiger Stadium (LA)","99","LSU","fbs","SEC","24","7,7,7,3","0.7792057991027832","1764","1757","238","Vanderbilt","fbs","SEC","17","7,0,3,7","0.2207942008972168","1446","1453","3.717449497673473","","",""
"401636933","2024","13","regular","2024-11-24T01:00:00.000Z","false","true","false","true","50988","3636","Bill Snyder Family Stadium","2306","Kansas State","fbs","Big 12","41","10,17,0,14","0.9963854551315308","1731","1772","2132","Cincinnati","fbs","Big 12","15","0,3,6,6","0.0036145448684692383","1506","1465","2.0829546566241928","","",""
"401635615","2024","13","regular","2024-11-24T01:00:00.000Z","false","true","false","true","22462","3982","Wallace Wade Stadium","150","Duke","fbs","ACC","31","14,7,10,0","0.8735338449478149","1597","1599","259","Virginia Tech","fbs","ACC","28","7,10,0,11","0.12646615505218506","1658","1656","6.427808567249802","","",""
"401643763","2024","13","regular","2024-11-24T03:30:00.000Z","false","true","false","true","12228","3816","Mackay Stadium","2440","Nevada","fbs","Mountain West","19","0,6,6,7","0.038624826818704605","1196","1204","2005","Air Force","fbs","Mountain West","22","0,7,0,15","0.9613751731812954","1406","1398","5.562163641400027","","",""
"401643765","2024","13","regular","2024-11-24T03:30:00.000Z","false","true","false","true","39543","3660","Valley Children's Stadium","278","Fresno State","fbs","Mountain West","28","7,21,0,0","0.8744219541549683","1511","1511","36","Colorado State","fbs","Mountain West","22","7,0,7,8","0.12557804584503174","1366","1366","5.041555870377935","","",""
"401628561","2024","13","regular","2024-11-24T03:30:00.000Z","false","true","false","true","59473","1056","Rose Bowl","26","UCLA","fbs","Big Ten","13","3,0,10,0","0.2288723737001419","1466","1476","30","USC","fbs","Big Ten","19","3,6,0,10","0.7711276262998581","1761","1751","5.472270490531233","","",""
"401644776","2024","14","regular","2024-11-27T00:00:00.000Z","false","true","false","true","11916","3965","UB Stadium","2084","Buffalo","fbs","Mid-American","43","13,13,7,10","0.9937936067581177","1259","1304","2309","Kent State","fbs","Mid-American","7","0,0,7,0","0.006206393241882324","805","760","2.3923176955994445","","",""
"401644775","2024","14","regular","2024-11-27T00:00:00.000Z","false","true","false","true","4716","3768","InfoCision Stadium","2006","Akron","fbs","Mid-American","21","7,0,0,7,7","0.3837621808052063","1085","1118","2649","Toledo","fbs","Mid-American","14","0,0,0,14,0","0.6162378191947937","1459","1426","4.878281443759803","","",""
"401645376","2024","14","regular","2024-11-29T00:30:00.000Z","false","true","false","true","25021","4729","Yulman Stadium","2655","Tulane","fbs","American Athletic","24","10,0,0,14","0.0545661523938179","1874","1829","235","Memphis","fbs","American Athletic","34","7,10,7,10","0.9454338476061821","1621","1666","4.388342962218865","","",""
"401644691","2024","14","regular","2024-11-29T17:00:00.000Z","false","true","false","true","9345","3700","Doyt L. Perry Stadium","189","Bowling Green","fbs","Mid-American","12","0,5,0,7","0.01343018002808094","1498","1466","193","Miami (OH)","fbs","Mid-American","28","7,7,0,14","0.9865698199719191","1558","1590","4.4725347275931835","","",""
"401644777","2024","14","regular","2024-11-29T17:00:00.000Z","false","true","false","true","11804","3876","Peden Stadium","195","Ohio","fbs","Mid-American","42","14,7,14,7","0.9950094819068909","1582","1585","2050","Ball State","fbs","Mid-American","21","0,7,7,7","0.004990518093109131","1089","1086","2.4739106721701223","","",""
"401645379","2024","14","regular","2024-11-29T17:00:00.000Z","false","true","false","true","35663","3699","Dowdy-Ficklen Stadium","151","East Carolina","fbs","American Athletic","20","0,3,0,17","0.016632651910185814","1418","1392","2426","Navy","fbs","American Athletic","34","0,0,14,20","0.9833673480898142","1477","1503","4.944710414409827","","",""
"401636938","2024","14","regular","2024-11-29T17:00:00.000Z","false","true","false","true","51030","3726","Folsom Field","38","Colorado","fbs","Big 12","52","21,0,17,14","0.987844705581665","1641","1762","197","Oklahoma State","fbs","Big 12","0","0,0,0,0","0.012155294418334961","1372","1251","2.6517819193600864","","",""
"401628568","2024","14","regular","2024-11-29T17:00:00.000Z","false","true","false","true","76059","347","Camp Randall Stadium","275","Wisconsin","fbs","Big Ten","7","0,0,7,0","0","1594","1554","135","Minnesota","fbs","Big Ten","24","7,7,7,3","1","1606","1646","3.3706385083800288","","",""
"401643769","2024","14","regular","2024-11-29T17:00:00.000Z","false","true","false","false","37264","3653","Albertsons Stadium","68","Boise State","fbs","Mountain West","34","14,7,6,7","1","1747","1748","204","Oregon State","fbs","Pac-12","18","0,7,3,8","0","1360","1359","2.562092216867285","","",""
"401640997","2024","14","regular","2024-11-29T20:30:00.000Z","false","true","false","true","8651","3647","Elliott T. Bowers Stadium","2534","Sam Houston","fbs","Conference USA","20","3,14,3,0","1","1412","1415","2335","Liberty","fbs","Conference USA","18","2,7,0,9","0","1576","1573","4.0819542831673745","","",""
"401628442","2024","14","regular","2024-11-29T20:30:00.000Z","false","true","false","true","67896","3974","Vaught-Hemingway Stadium","145","Ole Miss","fbs","SEC","26","10,7,3,6","0.9883589148521423","1977","1956","344","Mississippi State","fbs","SEC","14","14,0,0,0","0.011641085147857666","1348","1369","5.7009099652296","","",""
"401643843","2024","14","regular","2024-11-29T20:30:00.000Z","false","true","false","true","15569","6526","Hancock Whitney Stadium","6","South Alabama","fbs","Sun Belt","38","14,14,7,3","0.025989998131990433","1608","1597","326","Texas State","fbs","Sun Belt","45","14,7,10,14","0.9740100018680096","1635","1646","7.565117157498561","","",""
"401643770","2024","14","regular","2024-11-29T20:30:00.000Z","false","true","false","true","24772","5388","Canvas Stadium","36","Colorado State","fbs","Mountain West","42","0,13,0,29","0.9249988198280334","1366","1371","328","Utah State","fbs","Mountain West","37","13,3,14,7","0.07500118017196655","1367","1362","6.4714859765384185","","",""
"401635625","2024","14","regular","2024-11-29T21:00:00.000Z","false","true","false","false","19117","3935","CEFCU Stadium","23","San José State","fbs","Mountain West","34","0,17,10,7","0.8878703713417053","1481","1478","24","Stanford","fbs","ACC","31","3,7,7,14","0.11212962865829468","1172","1175","5.89567207354352","","",""
"401628562","2024","14","regular","2024-11-30T00:30:00.000Z","false","true","false","true","69250","3793","Kinnick Stadium","2294","Iowa","fbs","Big Ten","13","0,0,3,10","0.060828858245351496","1786","1784","158","Nebraska","fbs","Big Ten","10","3,7,0,0","0.9391711417546486","1524","1526","6.8061849771","","",""
"401628439","2024","14","regular","2024-11-30T00:30:00.000Z","false","true","false","false","93033","3917","Sanford Stadium","61","Georgia","fbs","SEC","44","0,0,6,21,7,6,0,0,2,0,0,2","0.5666486620903015","2023","2017","59","Georgia Tech","fbs","ACC","42","3,14,0,10,7,6,0,0,2,0,0,0","0.4333513379096985","1575","1581","8.225850887789113","","",""
"401636939","2024","14","regular","2024-11-30T01:00:00.000Z","false","true","false","true","40747","3652","FBC Mortgage Stadium","2116","UCF","fbs","Big 12","14","0,7,0,7","0.10484883189201355","1596","1557","254","Utah","fbs","Big 12","28","3,10,0,15","0.8951511681079865","1524","1563","4.912997487441696","","",""
"401628566","2024","14","regular","2024-11-30T17:00:00.000Z","false","true","false","true","106005","3861","Ohio Stadium","194","Ohio State","fbs","Big Ten","10","3,7,0,0","0.07448332756757736","2120","2099","130","Michigan","fbs","Big Ten","13","0,10,0,3","0.9255166724324226","1867","1888","5.026016630386382","","",""
"401629038","2024","14","regular","2024-11-30T17:00:00.000Z","false","true","false","true","10365","3985","Warren McGuirk Alumni Stadium","113","Massachusetts","fbs","FBS Independents","42","14,14,0,14","0.9002549648284912","1023","1040","41","UConn","fbs","FBS Independents","47","14,13,6,14","0.09974503517150879","1414","1397","6.982458727450796","","",""
"401628444","2024","14","regular","2024-11-30T17:00:00.000Z","false","true","false","false","81500","3836","Memorial Stadium (Clemson, SC)","228","Clemson","fbs","ACC","14","0,7,7,0","0.11170210689306259","1815","1811","2579","South Carolina","fbs","SEC","17","0,7,0,10","0.8882978931069374","1828","1832","6.196028401357402","","",""
"401645381","2024","14","regular","2024-11-30T17:00:00.000Z","false","true","false","true","","3806","Lincoln Financial Field","218","Temple","fbs","American Athletic","17","3,14,0,0","0.11347541958093643","1026","1038","249","North Texas","fbs","American Athletic","24","17,7,0,0","0.8865245804190636","1373","1361","5.781767629423672","","",""
"401643848","2024","14","regular","2024-11-30T17:00:00.000Z","false","true","false","true","15006","3817","Malone Stadium","2433","UL Monroe","fbs","Sun Belt","23","3,10,3,7","0.01896926760673523","1160","1172","309","Louisiana","fbs","Sun Belt","37","6,7,7,17","0.9810307323932648","1652","1640","6.197964668702797","","",""
"401628440","2024","14","regular","2024-11-30T17:00:00.000Z","false","true","false","false","58612","3683","Kroger Field","96","Kentucky","fbs","SEC","14","0,0,7,7","0.03597419336438179","1545","1498","97","Louisville","fbs","ACC","41","7,13,14,7","0.9640258066356182","1767","1814","3.1345997755382915","","",""
"401636945","2024","14","regular","2024-11-30T17:00:00.000Z","false","true","false","true","52785","3784","Jones AT&T Stadium","2641","Texas Tech","fbs","Big 12","52","6,29,7,10","0.9802547097206116","1540","1647","277","West Virginia","fbs","Big 12","15","3,0,6,6","0.019745290279388428","1553","1446","2.836670370370417","","",""
"401645378","2024","14","regular","2024-11-30T17:00:00.000Z","false","true","false","true","22120","3841","Michie Stadium","349","Army","fbs","American Athletic","29","7,6,3,13","0.9905475378036499","1611","1611","2636","UTSA","fbs","American Athletic","24","7,3,7,7","0.009452462196350098","1479","1479","6.883645164285345","","",""
"401635622","2024","14","regular","2024-11-30T17:00:00.000Z","false","true","false","true","24776","3630","Allegacy Federal Credit Union Stadium","154","Wake Forest","fbs","ACC","17","0,10,7,0","0.9492907524108887","1338","1346","150","Duke","fbs","ACC","23","0,3,7,13","0.05070924758911133","1599","1591","5.1814565047653245","","",""
"401628563","2024","14","regular","2024-11-30T17:00:00.000Z","false","true","true","true","26378","4250","Wrigley Field","77","Northwestern","fbs","Big Ten","28","10,0,10,8","0.03415999934077263","1396","1397","356","Illinois","fbs","Big Ten","38","7,7,14,10","0.9658400006592274","1597","1596","5.278482950483824","","",""
"401628446","2024","14","regular","2024-11-30T17:00:00.000Z","false","true","false","true","28934","3973","FirstBank Stadium","238","Vanderbilt","fbs","SEC","23","17,0,0,6","0.13009844720363617","1453","1469","2633","Tennessee","fbs","SEC","36","7,17,9,3","0.8699015527963638","1979","1963","3.355829925434262","","",""
"401636941","2024","14","regular","2024-11-30T17:00:00.000Z","false","true","false","true","36585","4727","McLane Stadium","239","Baylor","fbs","Big 12","45","14,7,21,3","0.9468156099319458","1588","1677","2305","Kansas","fbs","Big 12","17","7,3,7,0","0.0531843900680542","1714","1625","3.253403767857007","","",""
"401644780","2024","14","regular","2024-11-30T18:30:00.000Z","false","true","false","true","","3980","Waldo Stadium","2711","Western Michigan","fbs","Mid-American","26","0,16,7,3","0.9105388555960335","1246","1254","2199","Eastern Michigan","fbs","Mid-American","18","0,0,15,3","0.08946114440396646","1183","1175","6.2258019605","","",""
"401643849","2024","14","regular","2024-11-30T19:00:00.000Z","false","true","false","true","19521","3975","Veterans Memorial Stadium (AL)","2653","Troy","fbs","Sun Belt","52","10,7,14,21","1","1432","1464","2572","Southern Miss","fbs","Sun Belt","20","8,0,6,6","0","961","929","4.211109236915879","","",""
"401643845","2024","14","regular","2024-11-30T19:00:00.000Z","false","true","false","true","12606","4246","Center Parc Stadium","2247","Georgia State","fbs","Sun Belt","27","0,10,9,8","0.001841534161940217","1296","1247","324","Coastal Carolina","fbs","Sun Belt","48","7,10,14,17","0.9981584658380598","1335","1384","3.8419166732405343","","",""
"401645382","2024","14","regular","2024-11-30T19:00:00.000Z","false","true","false","true","16430","3895","Rice Stadium","242","Rice","fbs","American Athletic","35","17,10,8,0","0.8131147027015686","1215","1239","58","South Florida","fbs","American Athletic","28","7,0,7,14","0.1868852972984314","1457","1433","4.180401515622044","","",""
"401640988","2024","14","regular","2024-11-30T19:00:00.000Z","false","true","true","true","8962","2031","Pitbull Stadium","2229","Florida International","fbs","Conference USA","35","14,14,0,7","0.929617702960968","1297","1308","2393","Middle Tennessee","fbs","Conference USA","24","0,17,0,7","0.07038229703903198","1104","1093","3.411391971216249","","",""
"401643847","2024","14","regular","2024-11-30T20:00:00.000Z","false","true","false","true","13584","3625","Centennial Bank Stadium","2032","Arkansas State","fbs","Sun Belt","32","7,7,15,3","0.007109101861715317","1241","1243","295","Old Dominion","fbs","Sun Belt","40","14,7,19,0","0.9928908981382847","1473","1471","6.38650796218999","","",""
"401635620","2024","14","regular","2024-11-30T20:00:00.000Z","false","true","false","true","29704","3615","Alumni Stadium (Chestnut Hill, MA)","103","Boston College","fbs","ACC","34","6,14,7,7","0.9811515212059021","1506","1524","221","Pittsburgh","fbs","ACC","23","0,10,7,6","0.0188484787940979","1479","1461","4.561281172203917","","",""
"401628565","2024","14","regular","2024-11-30T20:30:00.000Z","false","true","false","true","104044","3632","Beaver Stadium","213","Penn State","fbs","Big Ten","44","3,28,0,13","0.9880518913269043","1971","2011","120","Maryland","fbs","Big Ten","7","7,0,0,0","0.011948108673095703","1447","1407","3.879484605046563","","",""
"401635624","2024","14","regular","2024-11-30T20:30:00.000Z","false","true","false","true","50500","3787","Kenan Stadium","153","North Carolina","fbs","ACC","30","0,6,14,10","0.0007380731403827667","1543","1531","152","NC State","fbs","ACC","35","7,0,6,22","0.9992619268596172","1501","1513","7.287584943060739","","",""
"401635621","2024","14","regular","2024-11-30T20:30:00.000Z","false","true","false","true","33178","3735","Gerald J. Ford Stadium","2567","SMU","fbs","ACC","38","14,7,0,17","0.9911704063415527","1830","1890","25","California","fbs","ACC","6","0,0,3,3","0.008829593658447266","1606","1546","2.3167428770268494","","",""
"401644779","2024","14","regular","2024-11-30T20:30:00.000Z","false","true","false","true","5843","3764","Huskie Stadium","2459","Northern Illinois","fbs","Mid-American","24","19,2,3,0","0.9561448693275452","1450","1441","2117","Central Michigan","fbs","Mid-American","16","0,16,0,0","0.043855130672454834","1094","1103","3.1751001387064175","","",""
"401645377","2024","14","regular","2024-11-30T20:30:00.000Z","false","true","false","true","8091","4418","Jerry Richardson Stadium","2429","Charlotte","fbs","American Athletic","29","7,6,6,10","0.16719546914100647","1129","1131","5","UAB","fbs","American Athletic","27","0,14,0,13","0.8328045308589935","1231","1229","7.197260328251095","","",""
"401645380","2024","14","regular","2024-11-30T20:30:00.000Z","false","true","false","true","15243","3674","Chapman Stadium","202","Tulsa","fbs","American Athletic","16","2,7,7,0","0","934","812","2226","Florida Atlantic","fbs","American Athletic","63","7,35,14,7","1","1095","1217","3.2889448497001577","","",""
"401628571","2024","14","regular","2024-11-30T20:30:00.000Z","false","true","false","false","73241","477","Los Angeles Memorial Coliseum","30","USC","fbs","Big Ten","35","0,14,7,14","0.12436264753341675","1751","1756","87","Notre Dame","fbs","FBS Independents","49","7,7,21,14","0.8756373524665833","2165","2160","6.866238201944575","","",""
"401628570","2024","14","regular","2024-11-30T20:30:00.000Z","false","true","false","false","35018","1056","Rose Bowl","26","UCLA","fbs","Big Ten","20","3,3,7,7","0.7204728126525879","1476","1488","278","Fresno State","fbs","Mountain West","13","0,10,0,3","0.2795271873474121","1511","1499","4.766963413103574","","",""
"401628567","2024","14","regular","2024-11-30T20:30:00.000Z","false","true","false","true","50038","3936","Spartan Stadium","127","Michigan State","fbs","Big Ten","14","7,0,0,7","0.00315166637301445","1364","1303","164","Rutgers","fbs","Big Ten","41","10,13,8,10","0.9968483336269855","1468","1529","4.387602558642776","","",""
"401628443","2024","14","regular","2024-11-30T20:30:00.000Z","false","true","false","true","62621","3838","Memorial Stadium","142","Missouri","fbs","SEC","28","7,0,3,18","0.9334843158721924","1698","1701","8","Arkansas","fbs","SEC","21","0,7,7,7","0.06651568412780762","1574","1571","6.0145398828883","","",""
"401635623","2024","14","regular","2024-11-30T20:30:00.000Z","false","true","false","true","40486","1964","JMA Wireless Dome","183","Syracuse","fbs","ACC","42","0,14,21,7","0.7667104005813599","1434","1452","2390","Miami","fbs","ACC","38","14,7,7,10","0.23328959941864014","1877","1859","6.603588936042728","","",""
"401628437","2024","14","regular","2024-11-30T20:30:00.000Z","false","true","false","true","100077","3657","Bryant-Denny Stadium","333","Alabama","fbs","SEC","28","7,7,14,0","0.8266636729240417","2011","2007","2","Auburn","fbs","SEC","14","0,6,8,0","0.17333632707595825","1607","1611","3.3247335585616766","","",""
"401636940","2024","14","regular","2024-11-30T20:30:00.000Z","false","true","false","true","49813","3619","Arizona Stadium","12","Arizona","fbs","Big 12","7","0,0,7,0","0.001609391300007701","1404","1307","9","Arizona State","fbs","Big 12","49","14,21,0,14","0.9983906086999923","1615","1712","2.702761958657678","","",""
"401641031","2024","14","regular","2024-11-30T21:00:00.000Z","false","true","false","true","15358","3601","Aggie Memorial Stadium","166","New Mexico State","fbs","Conference USA","35","17,7,0,11","0.25096625089645386","1137","1120","2638","UTEP","fbs","Conference USA","42","7,7,14,14","0.7490337491035461","1094","1111","6.160766566482527","","",""
"401641006","2024","14","regular","2024-11-30T21:00:00.000Z","false","true","false","true","6547","3796","Houchens Industries-L.T. Smith Stadium","98","Western Kentucky","fbs","Conference USA","19","7,3,3,6","0.7082599997520447","1451","1454","55","Jacksonville State","fbs","Conference USA","17","3,7,0,7","0.2917400002479553","1641","1638","5.890768750011016","","",""
"401641014","2024","14","regular","2024-11-30T21:00:00.000Z","false","true","false","true","14686","3776","Joe Aillet Stadium","2348","Louisiana Tech","fbs","Conference USA","33","7,10,9,7","0.9912545084953308","1294","1377","338","Kennesaw State","fbs","Conference USA","0","0,0,0,0","0.00874549150466919","1233","1150","2.4459853079649654","","",""
"401643844","2024","14","regular","2024-11-30T23:00:00.000Z","false","true","false","true","23383","3608","Allen E. Paulson Stadium","290","Georgia Southern","fbs","Sun Belt","29","8,7,0,14","0.6559457182884216","1437","1449","2026","App State","fbs","Sun Belt","20","0,6,7,7","0.34405428171157837","1405","1393","4.627025439429121","","",""
"401636943","2024","14","regular","2024-11-30T23:00:00.000Z","false","true","false","true","30021","3854","Nippert Stadium","2132","Cincinnati","fbs","Big 12","13","0,7,0,6","0.0877544954419136","1465","1463","2628","TCU","fbs","Big 12","20","7,13,0,0","0.9122455045580864","1614","1616","3.845641432534461","","",""
"401643773","2024","14","regular","2024-11-30T23:30:00.000Z","false","true","false","false","17088","3820","Gesa Field","265","Washington State","fbs","Pac-12","14","7,7,0,0","0.4724685549736023","1596","1578","2751","Wyoming","fbs","Mountain West","15","3,3,3,6","0.5275314450263977","1283","1301","4.771440185916518","","",""
"401628438","2024","14","regular","2024-12-01T00:00:00.000Z","false","true","false","false","55107","3697","Doak Campbell Stadium","52","Florida State","fbs","ACC","11","0,0,3,8","0","1383","1363","57","Florida","fbs","SEC","31","7,7,3,14","1","1667","1687","3.8269729081220913","","",""
"401628441","2024","14","regular","2024-12-01T00:00:00.000Z","false","true","false","true","99364","3958","Tiger Stadium (LA)","99","LSU","fbs","SEC","37","7,17,7,6","0.9838939905166626","1757","1806","201","Oklahoma","fbs","SEC","17","7,10,0,0","0.016106009483337402","1780","1731","3.796345377328534","","",""
"401628564","2024","14","regular","2024-12-01T00:00:00.000Z","false","true","false","true","53082","3830","Memorial Stadium (Bloomington, IN)","84","Indiana","fbs","Big Ten","66","7,21,17,21","0.9919167160987854","1842","1954","2509","Purdue","fbs","Big Ten","0","0,0,0,0","0.0080832839012146","1173","1061","2.6971314769417623","","",""
"401628445","2024","14","regular","2024-12-01T00:30:00.000Z","false","true","false","true","109028","3795","Kyle Field","245","Texas A&M","fbs","SEC","7","0,0,7,0","0.01941147819161415","1767","1771","251","Texas","fbs","SEC","17","7,10,0,0","0.9805885218083858","2063","2059","3.4045616377466894","","",""
"401628569","2024","14","regular","2024-12-01T00:30:00.000Z","false","true","false","true","59603","3626","Autzen Stadium","2483","Oregon","fbs","Big Ten","49","7,21,7,14","0.9905105829238892","2029","2060","264","Washington","fbs","Big Ten","21","3,11,0,7","0.00948941707611084","1654","1623","3.3293176864109535","","",""
"401636944","2024","14","regular","2024-12-01T00:30:00.000Z","false","true","false","true","56228","3772","Jack Trice Stadium","66","Iowa State","fbs","Big 12","29","7,17,0,5","0.3992723822593689","1737","1751","2306","Kansas State","fbs","Big 12","21","7,7,7,0","0.6007276177406311","1772","1758","4.4378195289087605","","",""
"401635640","2024","14","regular","2024-12-01T01:00:00.000Z","false","true","false","true","65632","3799","Lane Stadium","259","Virginia Tech","fbs","ACC","37","10,10,10,7","0.9919674396514893","1656","1675","258","Virginia","fbs","ACC","17","0,3,8,6","0.008032560348510742","1375","1356","2.345801087478854","","",""
"401643772","2024","14","regular","2024-12-01T01:00:00.000Z","false","true","false","true","40122","6501","Allegiant Stadium","2439","UNLV","fbs","Mountain West","38","10,14,7,7","0.8515607118606567","1673","1685","2440","Nevada","fbs","Mountain West","14","7,0,0,7","0.14843928813934326","1204","1192","2.817803519714785","","",""
"401643846","2024","14","regular","2024-12-01T01:00:00.000Z","false","true","false","true","23341","3651","Bridgeforth Stadium","256","James Madison","fbs","Sun Belt","33","14,3,0,7,3,6","0.9707049378406948","1707","1692","276","Marshall","fbs","Sun Belt","35","0,0,17,7,3,8","0.02929506215930522","1502","1517","5.7902123187","","",""
"401636942","2024","14","regular","2024-12-01T03:15:00.000Z","false","true","false","true","59213","3801","LaVell Edwards Stadium","252","BYU","fbs","Big 12","30","7,14,3,6","0.9705783128738403","1660","1656","248","Houston","fbs","Big 12","18","7,3,0,8","0.029421687126159668","1309","1313","3.9557654195144405","","",""
"401643768","2024","14","regular","2024-12-01T03:30:00.000Z","false","true","false","true","18045","7311","Snapdragon Stadium","21","San Diego State","fbs","Mountain West","20","7,7,0,6","0","1237","1228","2005","Air Force","fbs","Mountain West","31","14,3,14,0","1","1398","1407","3.982084712444832","","",""
"401643771","2024","14","regular","2024-12-01T04:00:00.000Z","false","true","false","true","12046","7220","Clarence T.C. Ching Athletics Complex","62","Hawai'i","fbs","Mountain West","38","7,14,10,7","0.6815758347511292","1114","1136","167","New Mexico","fbs","Mountain West","30","0,9,7,14","0.31842416524887085","1269","1247","4.094300785633626","","",""
"401673466","2024","15","regular","2024-12-07T00:00:00.000Z","false","true","false","true","15628","3662","AmFirst Stadium","55","Jacksonville State","fbs","Conference USA","52","14,14,10,14","0.9942452311515808","1638","1729","98","Western Kentucky","fbs","Conference USA","12","3,3,6,0","0.0057547688484191895","1454","1363","2.3472106579004777","","Conference USA Championship",""
"401673462","2024","15","regular","2024-12-07T01:00:00.000Z","false","true","false","true","14016","3841","Michie Stadium","349","Army","fbs","American Athletic","35","7,14,7,7","0.9998512268066406","1611","1686","2655","Tulane","fbs","American Athletic","14","0,7,0,7","0.000148773193359375","1829","1754","2.478052448203305","","American Athletic Championship",""
"401673468","2024","15","regular","2024-12-07T01:00:00.000Z","false","true","false","true","36663","3653","Albertsons Stadium","68","Boise State","fbs","Mountain West","21","7,14,0,0","0.9350031018257141","1748","1771","2439","UNLV","fbs","Mountain West","7","0,0,0,7","0.06499689817428589","1685","1662","2.9133277523530534","","Mountain West Championship",""
"401673465","2024","15","regular","2024-12-07T17:00:00.000Z","false","true","true","true","55889","3687","AT&T Stadium","9","Arizona State","fbs","Big 12","45","10,14,21,0","0.9893358945846558","1712","1792","66","Iowa State","fbs","Big 12","19","7,3,0,9","0.010664105415344238","1751","1671","2.928390766186814","","Dr Pepper Big 12 Championship",""
"401673467","2024","15","regular","2024-12-07T17:00:00.000Z","false","true","true","true","15478","3727","Ford Field","193","Miami (OH)","fbs","Mid-American","3","3,0,0,0","0.009252317249774933","1590","1496","195","Ohio","fbs","Mid-American","38","7,14,10,7","0.9907476827502251","1585","1679","2.540766488512685","","MAC Championship",""
"401673469","2024","15","regular","2024-12-07T21:00:00.000Z","false","true","true","true","74916","5348","Mercedes-Benz Stadium","251","Texas","fbs","SEC","19","3,3,0,10,3","0.29323112964630127","2059","2057","61","Georgia","fbs","SEC","22","0,3,10,3,6","0.7067688703536987","2017","2019","9.136188031505878","","SEC Championship",""
"401673470","2024","15","regular","2024-12-08T00:30:00.000Z","false","true","false","true","20067","3666","Cajun Field","309","Louisiana","fbs","Sun Belt","3","3,0,0,0","0","1640","1546","276","Marshall","fbs","Sun Belt","31","7,10,7,7","1","1517","1611","3.7945691492399476","","Sun Belt Championship",""
"401673464","2024","15","regular","2024-12-08T01:00:00.000Z","false","true","true","true","67469","3812","Lucas Oil Stadium","2483","Oregon","fbs","Big Ten","45","14,17,7,7","0.8975746631622314","2060","2075","213","Penn State","fbs","Big Ten","37","10,14,0,13","0.10242533683776855","2011","1996","4.045752768237689","","Big Ten Championship",""
"401673463","2024","15","regular","2024-12-08T01:00:00.000Z","false","true","true","true","53808","3628","Bank of America Stadium","2567","SMU","fbs","ACC","31","7,0,7,17","0.6509968042373657","1890","1886","228","Clemson","fbs","ACC","34","21,3,7,3","0.3490031957626343","1811","1815","5.15762411312274","","ACC Championship",""
"401645383","2024","16","regular","2024-12-14T20:00:00.000Z","false","true","true","true","60726","3719","Northwest Stadium","349","Army","fbs","American Athletic","13","0,7,3,3","0","1686","1630","2426","Navy","fbs","American Athletic","31","7,7,7,10","1","1503","1559","3.7390196410750183","","",""
