"Id","HomeTeam","HomeScore","AwayTeam","AwayScore","FormattedSpread","LineProvider","OverUnder","Spread","OpeningSpread","OpeningOverUnder","HomeMoneyline","AwayMoneyline"
"401426553","Army","38","UTSA","41","UTSA -2","consensus","54","2","","","",""
"401426553","Army","38","UTSA","41","UTSA -2","teamrankings","54","2","","","",""
"401426553","Army","38","UTSA","41","UTSA -1.5","Bovada","54","1.5","1.5","54","130","-150"
"401426553","Army","38","UTSA","41","UTSA -2","William Hill (New Jersey)","54","2","","","",""
"401411101","Georgia Tech","10","Clemson","41","Clemson -24.5","teamrankings","51","24.5","","","",""
"401411101","Georgia Tech","10","Clemson","41","Clemson -24.5","consensus","51.5","24.5","","","",""
"401411101","Georgia Tech","10","Clemson","41","Clemson -24","William Hill (New Jersey)","51.5","24","","","",""
"401411101","Georgia Tech","10","Clemson","41","Clemson -24.5","Bovada","51.5","24.5","21","51","950","-2000"
"401423155","St. Thomas (MN)","26","Drake","14","St. Thomas (MN) -16.5","consensus","45","-16.5","","","",""
"401423155","St. Thomas (MN)","26","Drake","14","St. Thomas (MN) -16.5","William Hill (New Jersey)","45","-16.5","","","",""
"401423453","Alabama State","24","Mississippi Valley State","9","Alabama State -18","William Hill (New Jersey)","37.5","-18","","","",""
"401418832","Illinois State","12","South Dakota","10","South Dakota -1.5","consensus","40","1.5","","","",""
"401418832","Illinois State","12","South Dakota","10","South Dakota -1.5","William Hill (New Jersey)","40","1.5","","","",""
"401418840","Youngstown State","48","Indiana State","42","Youngstown State -12","consensus","48","-12","","","",""
"401418840","Youngstown State","48","Indiana State","42","Youngstown State -12.5","William Hill (New Jersey)","48","-12.5","","","",""
"401425519","Southern Illinois","30","Western Illinois","7","Southern Illinois -25","William Hill (New Jersey)","59.5","-25","","","",""
"401420834","North Dakota State","21","South Dakota State","23","North Dakota State -4","consensus","46","-4","","","",""
"401420834","North Dakota State","21","South Dakota State","23","North Dakota State -4","William Hill (New Jersey)","46","-4","","","",""
"401421113","Valparaiso","25","Butler","26","Valparaiso -10.5","consensus","48.5","-10.5","","","",""
"401421113","Valparaiso","25","Butler","26","Valparaiso -10.5","William Hill (New Jersey)","49.5","-10.5","","","",""
"401421160","Furman","47","Western Carolina","40","Furman -9.5","consensus","58.5","-9.5","","","",""
"401421160","Furman","47","Western Carolina","40","Furman -9.5","William Hill (New Jersey)","58.5","-9.5","","","",""
"401404081","Oklahoma","34","Kansas State","41","Oklahoma -13.5","teamrankings","53","-13.5","","","",""
"401404081","Oklahoma","34","Kansas State","41","Oklahoma -13.5","consensus","53","-13.5","","","",""
"401404081","Oklahoma","34","Kansas State","41","Oklahoma -13.5","William Hill (New Jersey)","53","-13.5","","","",""
"401404081","Oklahoma","34","Kansas State","41","Oklahoma -14.0","Bovada","53","-14","-13","53.5","-550","390"
"401403893","Texas A&M","23","Arkansas","21","Texas A&M -1.5","teamrankings","51","-1.5","","","",""
"401403893","Texas A&M","23","Arkansas","21","Texas A&M -1.5","consensus","51","-1.5","","","",""
"401403893","Texas A&M","23","Arkansas","21","Texas A&M -2","William Hill (New Jersey)","51","-2","","","",""
"401403893","Texas A&M","23","Arkansas","21","Texas A&M -1.0","Bovada","51","-1","-2","48","-135","115"
"401404080","Iowa State","24","Baylor","31","Iowa State -2.5","teamrankings","45","-2.5","","","",""
"401404080","Iowa State","24","Baylor","31","Iowa State -2.5","consensus","45","-2.5","","","",""
"401404080","Iowa State","24","Baylor","31","Iowa State -2.5","William Hill (New Jersey)","45","-2.5","","","",""
"401404080","Iowa State","24","Baylor","31","Iowa State -2.5","Bovada","45","-2.5","-1","44.5","-140","120"
"401404082","Texas Tech","37","Texas","34","Texas -7","teamrankings","60","7","","","",""
"401404082","Texas Tech","37","Texas","34","Texas -7","consensus","60.5","7","","","",""
"401404082","Texas Tech","37","Texas","34","Texas -7","William Hill (New Jersey)","60.5","7","","","",""
"401404082","Texas Tech","37","Texas","34","Texas -7.0","Bovada","60","7","4.5","60.5","220","-270"
"401404079","Kansas","35","Duke","27","Kansas -7","teamrankings","65.5","-7","","","",""
"401404079","Kansas","35","Duke","27","Kansas -7","consensus","65.5","-7","","","",""
"401404079","Kansas","35","Duke","27","Kansas -7","William Hill (New Jersey)","65.5","-7","","","",""
"401404079","Kansas","35","Duke","27","Kansas -7.5","Bovada","66","-7.5","-9","64","-330","265"
"401415642","East Carolina","34","UCF","13","UCF -5.5","teamrankings","63","5.5","","","",""
"401415642","East Carolina","34","UCF","13","UCF -5.5","consensus","63.5","5.5","","","",""
"401415642","East Carolina","34","UCF","13","UCF -5","William Hill (New Jersey)","63","5","","","",""
"401415642","East Carolina","34","UCF","13","UCF -6.0","Bovada","63","6","4.5","64.5","175","-210"
"401416625","Ohio","24","Northern Illinois","17","Northern Illinois -2.5","teamrankings","65.5","2.5","","","",""
"401416625","Ohio","24","Northern Illinois","17","Northern Illinois -2.5","consensus","65.5","2.5","","","",""
"401416625","Ohio","24","Northern Illinois","17","Northern Illinois -2.5","William Hill (New Jersey)","66","2.5","","","",""
"401416625","Ohio","24","Northern Illinois","17","Northern Illinois -2.5","Bovada","65.5","2.5","1.5","65.5","120","-140"
"401426355","James Madison","12","Marshall","26","James Madison -9.5","teamrankings","48.5","-9.5","","","",""
"401426355","James Madison","12","Marshall","26","James Madison -9.5","consensus","48.5","-9.5","","","",""
"401426355","James Madison","12","Marshall","26","James Madison -12.5","William Hill (New Jersey)","50.5","-12.5","","","",""
"401426355","James Madison","12","Marshall","26","James Madison -9.5","Bovada","48.5","-9.5","-12.5","55","-340","270"
"401426357","Louisiana","38","Arkansas State","18","Louisiana -6","teamrankings","51","-6","","","",""
"401426357","Louisiana","38","Arkansas State","18","Louisiana -6.5","consensus","51","-6.5","","","",""
"401426357","Louisiana","38","Arkansas State","18","Louisiana -6.5","William Hill (New Jersey)","51.5","-6.5","","","",""
"401426357","Louisiana","38","Arkansas State","18","Louisiana -6.0","Bovada","51.5","-6","-7","51.5","-250","210"
"401426358","Texas State","14","Southern Miss","20","Southern Miss -2.5","teamrankings","43","2.5","","","",""
"401426358","Texas State","14","Southern Miss","20","Southern Miss -2.5","consensus","43","2.5","","","",""
"401426358","Texas State","14","Southern Miss","20","Southern Miss -2.5","William Hill (New Jersey)","43","2.5","","","",""
"401426358","Texas State","14","Southern Miss","20","Southern Miss -2.5","Bovada","43","2.5","1","45","110","-130"
"401416633","Ohio","45","Buffalo","24","Buffalo -2.5","teamrankings","61","2.5","","","",""
"401416633","Ohio","45","Buffalo","24","Buffalo -2.5","consensus","61","2.5","","","",""
"401416633","Ohio","45","Buffalo","24","Buffalo -2.5","William Hill (New Jersey)","60.5","2.5","","","",""
"401416633","Ohio","45","Buffalo","24","Buffalo -2.5","Bovada","61.5","2.5","3","58.5","130","-150"
"401403920","Ole Miss","48","Auburn","34","Ole Miss -15.5","teamrankings","55.5","-15.5","","","",""
"401403920","Ole Miss","48","Auburn","34","Ole Miss -15.5","consensus","55","-15.5","","","",""
"401403920","Ole Miss","48","Auburn","34","Ole Miss -15","William Hill (New Jersey)","55","-15","","","",""
"401403920","Ole Miss","48","Auburn","34","Ole Miss -15.5","Bovada","55","-15.5","-15.5","54.5","-700","475"
"401403917","Florida","35","LSU","45","Florida -2","teamrankings","51.5","-2","","","",""
"401403917","Florida","35","LSU","45","Florida -2","consensus","51.5","-2","","","",""
"401403917","Florida","35","LSU","45","Florida -2","William Hill (New Jersey)","51","-2","","","",""
"401403917","Florida","35","LSU","45","Florida -2.0","Bovada","51.5","-2","-3","51.5","-135","115"
"401404140","Army","48","UL Monroe","24","Army -6.5","teamrankings","55.5","-6.5","","","",""
"401404140","Army","48","UL Monroe","24","Army -6.5","consensus","55.5","-6.5","","","",""
"401404140","Army","48","UL Monroe","24","Army -6.5","William Hill (New Jersey)","55.5","-6.5","","","",""
"401404140","Army","48","UL Monroe","24","Army -6.5","Bovada","56","-6.5","-7.5","56","-280","230"
"401416628","Kent State","33","Akron","27","Kent State -16","teamrankings","65","-16","","","",""
"401416628","Kent State","33","Akron","27","Kent State -15.5","consensus","65","-15.5","","","",""
"401416628","Kent State","33","Akron","27","Kent State -15","William Hill (New Jersey)","65","-15","","","",""
"401416628","Kent State","33","Akron","27","Kent State -16.0","Bovada","65","-16","-19.5","67","-800","525"
"401416634","Northern Illinois","22","Central Michigan","35","Northern Illinois -4.5","teamrankings","54","-4.5","","","",""
"401416634","Northern Illinois","22","Central Michigan","35","Northern Illinois -4.5","consensus","53.5","-4.5","","","",""
"401416634","Northern Illinois","22","Central Michigan","35","Northern Illinois -6","William Hill (New Jersey)","57","-6","","","",""
"401416634","Northern Illinois","22","Central Michigan","35","Northern Illinois -4.5","Bovada","54","-4.5","-4","55.5","-210","175"
"401416626","Buffalo","34","Toledo","27","Toledo -7","teamrankings","56","7","","","",""
"401416626","Buffalo","34","Toledo","27","Toledo -7","consensus","56","7","","","",""
"401416626","Buffalo","34","Toledo","27","Toledo -7.5","William Hill (New Jersey)","56","7.5","","","",""
"401416626","Buffalo","34","Toledo","27","Toledo -7.0","Bovada","56","7","7.5","62","250","-300"
"401416629","Central Michigan","18","Bowling Green","34","Central Michigan -6","teamrankings","50.5","-6","","","",""
"401416629","Central Michigan","18","Bowling Green","34","Central Michigan -6.5","consensus","50.5","-6.5","","","",""
"401416629","Central Michigan","18","Bowling Green","34","Central Michigan -6","William Hill (New Jersey)","50.5","-6","","","",""
"401416629","Central Michigan","18","Bowling Green","34","Central Michigan -5.5","Bovada","51","-5.5","-7.5","50.5","-250","210"
"401416624","Ball State","16","Eastern Michigan","20","Ball State -2.5","consensus","57.5","-2.5","","","",""
"401416624","Ball State","16","Eastern Michigan","20","Ball State -2.5","William Hill (New Jersey)","57.5","-2.5","","","",""
"401416624","Ball State","16","Eastern Michigan","20","Ball State -2.5","teamrankings","57.5","-2.5","","","",""
"401416624","Ball State","16","Eastern Michigan","20","Ball State -2.5","Bovada","57.5","-2.5","-3","57.5","-135","115"
"401462224","Nicholls","40","McNeese","35","Nicholls -2.5","consensus","54.5","-2.5","","","",""
"401462224","Nicholls","40","McNeese","35","Nicholls -2.5","William Hill (New Jersey)","54.5","-2.5","","","",""
"401426604","Florida International","7","Florida Atlantic","52","Florida Atlantic -15","teamrankings","54.5","15","","","",""
"401426604","Florida International","7","Florida Atlantic","52","Florida Atlantic -15.5","consensus","54.5","15.5","","","",""
"401426604","Florida International","7","Florida Atlantic","52","Florida Atlantic -15.5","William Hill (New Jersey)","54.5","15.5","","","",""
"401426604","Florida International","7","Florida Atlantic","52","Florida Atlantic -15.0","Bovada","54.5","15","15","54","500","-750"
"401415217","Wyoming","17","Air Force","14","Air Force -16.5","teamrankings","47","16.5","","","",""
"401415217","Wyoming","17","Air Force","14","Air Force -16.5","consensus","47","16.5","","","",""
"401415217","Wyoming","17","Air Force","14","Air Force -16.5","William Hill (New Jersey)","47","16.5","","","",""
"401415217","Wyoming","17","Air Force","14","Air Force -17.0","Bovada","47","17","15","50","500","-750"
"401426254","Howard","28","South Carolina State","14","Howard -2.5","William Hill (New Jersey)","54.5","-2.5","","","",""
"401405088","Ohio State","77","Toledo","21","Ohio State -34.5","teamrankings","63","-34.5","","","",""
"401405088","Ohio State","77","Toledo","21","Ohio State -31","consensus","63","-31","","","",""
"401405088","Ohio State","77","Toledo","21","Ohio State -31","William Hill (New Jersey)","63","-31","","","",""
"401405088","Ohio State","77","Toledo","21","Ohio State -32.0","Bovada","63","-32","-31.5","61","",""
"401426556","Clemson","48","Louisiana Tech","20","Clemson -33.5","teamrankings","53.5","-33.5","","","",""
"401426556","Clemson","48","Louisiana Tech","20","Clemson -33.5","consensus","53.5","-33.5","","","",""
"401426556","Clemson","48","Louisiana Tech","20","Clemson -33.5","William Hill (New Jersey)","53.5","-33.5","","","",""
"401426556","Clemson","48","Louisiana Tech","20","Clemson -33.5","Bovada","54","-33.5","-32","54.5","",""
"401411115","Western Michigan","13","Pittsburgh","34","Pittsburgh -10","teamrankings","46","10","","","",""
"401411115","Western Michigan","13","Pittsburgh","34","Pittsburgh -10","consensus","46","10","","","",""
"401411115","Western Michigan","13","Pittsburgh","34","Pittsburgh -10","William Hill (New Jersey)","46","10","","","",""
"401411115","Western Michigan","13","Pittsburgh","34","Pittsburgh -10.5","Bovada","46","10.5","10","54.5","315","-420"
"401416601","Coastal Carolina","38","Buffalo","26","Coastal Carolina -12","teamrankings","60","-12","","","",""
"401416601","Coastal Carolina","38","Buffalo","26","Coastal Carolina -12","consensus","59.5","-12","","","",""
"401416601","Coastal Carolina","38","Buffalo","26","Coastal Carolina -12","William Hill (New Jersey)","59.5","-12","","","",""
"401416601","Coastal Carolina","38","Buffalo","26","Coastal Carolina -11.5","Bovada","60","-11.5","-18.5","58","-500","360"
"401405089","Temple","14","Rutgers","16","Rutgers -18","teamrankings","42.5","18","","","",""
"401405089","Temple","14","Rutgers","16","Rutgers -18","consensus","42.5","18","","","",""
"401405089","Temple","14","Rutgers","16","Rutgers -18","Caesars Sportsbook (Colorado)","43.5","18","","","",""
"401405089","Temple","14","Rutgers","16","Rutgers -18.0","Bovada","43","18","17","44.5","625","-1000"
"401411113","Virginia","16","Old Dominion","14","Virginia -8","teamrankings","52.5","-8","","","",""
"401411113","Virginia","16","Old Dominion","14","Virginia -8.5","consensus","52.5","-8.5","","","",""
"401411113","Virginia","16","Old Dominion","14","Virginia -8.5","William Hill (New Jersey)","53.5","-8.5","","","",""
"401411113","Virginia","16","Old Dominion","14","Virginia -8.0","Bovada","52","-8","-10.5","53","-330","265"
"401403987","Notre Dame","24","California","17","Notre Dame -13.5","teamrankings","41.5","-13.5","","","",""
"401403987","Notre Dame","24","California","17","Notre Dame -13.5","consensus","41","-13.5","","","",""
"401403987","Notre Dame","24","California","17","Notre Dame -13.5","William Hill (New Jersey)","41","-13.5","","","",""
"401403987","Notre Dame","24","California","17","Notre Dame -13.5","Bovada","41","-13.5","-12.5","43","-480","350"
"401426558","UNLV","58","North Texas","27","UNLV -2.5","teamrankings","62.5","-2.5","","","",""
"401426558","UNLV","58","North Texas","27","UNLV -2.5","consensus","62.5","-2.5","","","",""
"401426558","UNLV","58","North Texas","27","UNLV -2.5","William Hill (New Jersey)","62.5","-2.5","","","",""
"401426558","UNLV","58","North Texas","27","UNLV -2.5","Bovada","62.5","-2.5","-2.5","57.5","-135","115"
"401403988","Minnesota","49","Colorado","7","Minnesota -28","teamrankings","47.5","-28","","","",""
"401403988","Minnesota","49","Colorado","7","Minnesota -28","consensus","47.5","-28","","","",""
"401403988","Minnesota","49","Colorado","7","Minnesota -28","William Hill (New Jersey)","47.5","-28","","","",""
"401403988","Minnesota","49","Colorado","7","Minnesota -28.0","Bovada","47.5","-28","-27","46.5","-6500","1350"
"401426333","App State","32","Troy","28","App State -14","teamrankings","52","-14","","","",""
"401426333","App State","32","Troy","28","App State -14","consensus","52","-14","","","",""
"401426333","App State","32","Troy","28","App State -14","William Hill (New Jersey)","52","-14","","","",""
"401426333","App State","32","Troy","28","App State -14.0","Bovada","52","-14","-13","54.5","-550","390"
"401426560","UAB","35","Georgia Southern","21","UAB -11.5","teamrankings","59","-11.5","","","",""
"401426560","UAB","35","Georgia Southern","21","UAB -11.5","consensus","59","-11.5","","","",""
"401426560","UAB","35","Georgia Southern","21","UAB -11.5","William Hill (New Jersey)","59","-11.5","","","",""
"401426560","UAB","35","Georgia Southern","21","UAB -11.5","Bovada","59.5","-11.5","-12","56","-440","330"
"401415029","Bowling Green","34","Marshall","31","Marshall -17","teamrankings","50","17","","","",""
"401415029","Bowling Green","34","Marshall","31","Marshall -17","consensus","50","17","","","",""
"401415029","Bowling Green","34","Marshall","31","Marshall -17","William Hill (New Jersey)","50","17","","","",""
"401415029","Bowling Green","34","Marshall","31","Marshall -17.0","Bovada","50","17","18.5","53.5","500","-750"
"401426554","Georgia State","41","Charlotte","42","Georgia State -19.5","teamrankings","64","-19.5","","","",""
"401426554","Georgia State","41","Charlotte","42","Georgia State -19.5","consensus","63.5","-19.5","","","",""
"401426554","Georgia State","41","Charlotte","42","Georgia State -19.5","William Hill (New Jersey)","63.5","-19.5","","","",""
"401426554","Georgia State","41","Charlotte","42","Georgia State -19.5","Bovada","64","-19.5","-19.5","60.5","-1500","775"
"401426555","Florida Atlantic","14","UCF","40","UCF -7.5","teamrankings","61.5","7.5","","","",""
"401426555","Florida Atlantic","14","UCF","40","UCF -7.5","consensus","61.5","7.5","","","",""
"401426555","Florida Atlantic","14","UCF","40","UCF -7.5","William Hill (New Jersey)","61.5","7.5","","","",""
"401426555","Florida Atlantic","14","UCF","40","UCF -7.5","Bovada","61.5","7.5","9.5","58.5","240","-290"
"401403986","Arizona State","21","Eastern Michigan","30","Arizona State -20.5","teamrankings","56.5","-20.5","","","",""
"401403986","Arizona State","21","Eastern Michigan","30","Arizona State -20.5","consensus","56.5","-20.5","","","",""
"401403986","Arizona State","21","Eastern Michigan","30","Arizona State -20.5","William Hill (New Jersey)","56","-20.5","","","",""
"401403986","Arizona State","21","Eastern Michigan","30","Arizona State -20.5","Bovada","56.5","-20.5","-19.5","57.5","-1300","725"
"401426366","Old Dominion","0","Marshall","12","Marshall -3.5","teamrankings","46.5","3.5","","","",""
"401426366","Old Dominion","0","Marshall","12","Marshall -3.5","consensus","46.5","3.5","","","",""
"401426366","Old Dominion","0","Marshall","12","Marshall -3.5","William Hill (New Jersey)","47","3.5","","","",""
"401426366","Old Dominion","0","Marshall","12","Marshall -3.5","Bovada","46.5","3.5","2.5","46","115","-135"
"401426369","Southern Miss","14","Georgia State","42","Southern Miss -2","teamrankings","47.5","-2","","","",""
"401426369","Southern Miss","14","Georgia State","42","Southern Miss -2","consensus","48","-2","","","",""
"401426369","Southern Miss","14","Georgia State","42","Southern Miss -2","William Hill (New Jersey)","48","-2","","","",""
"401426369","Southern Miss","14","Georgia State","42","Southern Miss -2.5","Bovada","48","-2.5","-2.5","50.5","-135","115"
"401426365","Georgia Southern","31","South Alabama","38","South Alabama -3.5","teamrankings","60.5","3.5","","","",""
"401426365","Georgia Southern","31","South Alabama","38","South Alabama -3.5","consensus","60.5","3.5","","","",""
"401426365","Georgia Southern","31","South Alabama","38","South Alabama -3.5","William Hill (New Jersey)","60.5","3.5","","","",""
"401426365","Georgia Southern","31","South Alabama","38","South Alabama -3.5","Bovada","60.5","3.5","5","60","170","-200"
"401426367","Louisiana","17","Troy","23","Troy -3.5","teamrankings","42.5","3.5","","","",""
"401426367","Louisiana","17","Troy","23","Troy -3.5","consensus","42.5","3.5","","","",""
"401426367","Louisiana","17","Troy","23","Troy -3.5","William Hill (New Jersey)","42.5","3.5","","","",""
"401426367","Louisiana","17","Troy","23","Troy -3.5","Bovada","42.5","3.5","4","43","155","-180"
"401426368","UL Monroe","31","Texas State","30","UL Monroe -2.5","teamrankings","52.5","-2.5","","","",""
"401426368","UL Monroe","31","Texas State","30","UL Monroe -2.5","consensus","52.5","-2.5","","","",""
"401426368","UL Monroe","31","Texas State","30","UL Monroe -3","William Hill (New Jersey)","52.5","-3","","","",""
"401426368","UL Monroe","31","Texas State","30","UL Monroe -2.5","Bovada","52.5","-2.5","","52","","-120"
"401415622","Memphis","44","Arkansas State","32","Memphis -14.5","teamrankings","64","-14.5","","","",""
"401415622","Memphis","44","Arkansas State","32","Memphis -14.5","consensus","64.5","-14.5","","","",""
"401415622","Memphis","44","Arkansas State","32","Memphis -14.5","William Hill (New Jersey)","64","-14.5","","","",""
"401415622","Memphis","44","Arkansas State","32","Memphis -14.5","Bovada","64","-14.5","-13.5","62","-600","425"
"401426559","Rice","33","Louisiana","21","Louisiana -11.5","teamrankings","52","11.5","","","",""
"401426559","Rice","33","Louisiana","21","Louisiana -11.5","consensus","52","11.5","","","",""
"401426559","Rice","33","Louisiana","21","Louisiana -12","William Hill (New Jersey)","52","12","","","",""
"401426559","Rice","33","Louisiana","21","Louisiana -11.5","Bovada","52","11.5","11.5","53","315","-420"
"401428195","Campbell","35","Gardner-Webb","42","Gardner-Webb -2","William Hill (New Jersey)","61.5","2","","","",""
"401420808","Missouri State","14","South Dakota State","28","South Dakota State -2","William Hill (New Jersey)","52.5","2","","","",""
"401420816","Southern Illinois","34","North Dakota","17","Southern Illinois -4","consensus","60","-4","","","",""
"401420816","Southern Illinois","34","North Dakota","17","Southern Illinois -4","William Hill (New Jersey)","60","-4","","","",""
"401420842","UT Martin","56","Lindenwood","26","UT Martin -27.5","William Hill (New Jersey)","51.5","-27.5","","","",""
"401424366","William & Mary","31","Elon","35","William & Mary -6.5","consensus","50","-6.5","","","",""
"401424366","William & Mary","31","Elon","35","William & Mary -6.5","William Hill (New Jersey)","50","-6.5","","","",""
"401424405","Villanova","42","Monmouth","49","Villanova -10.5","consensus","60.5","-10.5","","","",""
"401424955","Jackson State","49","Mississippi Valley State","7","Jackson State -40","consensus","51.5","-40","","","",""
"401424955","Jackson State","49","Mississippi Valley State","7","Jackson State -40","William Hill (New Jersey)","52","-40","","","",""
"401424429","UAlbany","45","Central Connecticut","26","UAlbany -17","consensus","48","-17","","","",""
"401424429","UAlbany","45","Central Connecticut","26","UAlbany -17","William Hill (New Jersey)","48","-17","","","",""
"401425452","Southeast Missouri State","35","Central Arkansas","27","Southeast Missouri State -4","William Hill (New Jersey)","57","-4","","","",""
"401435075","Delaware State","13","Merrimack","26","Merrimack -6","consensus","46.5","6","","","",""
"401435075","Delaware State","13","Merrimack","26","Merrimack -6","William Hill (New Jersey)","45.5","6","","","",""
"401422992","Lafayette","20","Georgetown","30","Lafayette -10.5","consensus","43","-10.5","","","",""
"401422992","Lafayette","20","Georgetown","30","Lafayette -10","William Hill (New Jersey)","43","-10","","","",""
"401423141","Butler","56","Morehead State","20","Butler -8.5","consensus","58.5","-8.5","","","",""
"401423141","Butler","56","Morehead State","20","Butler -8.5","William Hill (New Jersey)","58.5","-8.5","","","",""
"401418787","Abilene Christian","21","Southern Utah","18","Abilene Christian -7","William Hill (New Jersey)","53.5","-7","","","",""
"401420835","Northern Iowa","28","South Dakota State","31","South Dakota State -10.5","consensus","49.5","10.5","","","",""
"401420835","Northern Iowa","28","South Dakota State","31","South Dakota State -10.5","William Hill (New Jersey)","49.5","10.5","","","",""
"401420838","Western Illinois","17","North Dakota State","56","North Dakota State -29.5","consensus","46.5","29.5","","","",""
"401420838","Western Illinois","17","North Dakota State","56","North Dakota State -29.5","William Hill (New Jersey)","46","29.5","","","",""
"401403978","Oregon","70","Eastern Washington","14","Oregon -27.5","consensus","69.5","-27.5","","","",""
"401403978","Oregon","70","Eastern Washington","14","Oregon -26.5","William Hill (New Jersey)","69.5","-26.5","","","",""
"401403914","Mississippi State","40","Arkansas","17","Mississippi State -8","teamrankings","55.5","-8","","","",""
"401403914","Mississippi State","40","Arkansas","17","Mississippi State -8.5","consensus","55.5","-8.5","","","",""
"401403914","Mississippi State","40","Arkansas","17","Mississippi State -8.5","William Hill (New Jersey)","55.5","-8.5","","","",""
"401403914","Mississippi State","40","Arkansas","17","Mississippi State -8.5","Bovada","55.5","-8.5","-6","62","-320","260"
"401411114","Virginia Tech","27","Wofford","7","Virginia Tech -38.5","consensus","45.5","-38.5","","","",""
"401411114","Virginia Tech","27","Wofford","7","Virginia Tech -40","William Hill (New Jersey)","45.5","-40","","","",""
"401411114","Virginia Tech","27","Wofford","7","Virginia Tech -39.0","Bovada","45","-39","-37","45","",""
"401411163","Virginia","7","Pittsburgh","37","Pittsburgh -5.5","teamrankings","41.5","5.5","","","",""
"401411163","Virginia","7","Pittsburgh","37","Pittsburgh -5.5","consensus","41.5","5.5","","","",""
"401411163","Virginia","7","Pittsburgh","37","Pittsburgh -5.5","William Hill (New Jersey)","41.5","5.5","","","",""
"401411163","Virginia","7","Pittsburgh","37","Pittsburgh -5.5","Bovada","41.5","5.5","4.5","41.5","170","-200"
"401424400","Elon","27","UAlbany","3","Elon -11","consensus","52.5","-11","","","",""
"401424400","Elon","27","UAlbany","3","Elon -11","William Hill (New Jersey)","52","-11","","","",""
"401418609","Austin Peay","63","Presbyterian","0","Austin Peay -36","consensus","61.5","-36","","","",""
"401418609","Austin Peay","63","Presbyterian","0","Austin Peay -36","William Hill (New Jersey)","61.5","-36","","","",""
"401420822","Youngstown State","31","Duquesne","14","Youngstown State -16.5","consensus","54","-16.5","","","",""
"401420822","Youngstown State","31","Duquesne","14","Youngstown State -16.5","William Hill (New Jersey)","53.5","-16.5","","","",""
"401420836","North Dakota State","56","Drake","14","North Dakota State -48","consensus","52","-48","","","",""
"401420836","North Dakota State","56","Drake","14","North Dakota State -48","William Hill (New Jersey)","52","-48","","","",""
"401420846","Incarnate Word","64","Southern Illinois","29","Southern Illinois -4.5","consensus","65","4.5","","","",""
"401420846","Incarnate Word","64","Southern Illinois","29","Southern Illinois -5","William Hill (New Jersey)","65","5","","","",""
"401424417","Hampton","31","Howard","28","Hampton -9","consensus","58","-9","","","",""
"401424417","Hampton","31","Howard","28","Hampton -9","William Hill (New Jersey)","58","-9","","","",""
"401428336","Robert Morris","20","Dayton","22","Robert Morris -1.5","William Hill (New Jersey)","59.5","-1.5","","","",""
"401422975","Charleston Southern","38","Western Carolina","52","Western Carolina -3","consensus","63.5","3","","","",""
"401422975","Charleston Southern","38","Western Carolina","52","Western Carolina -3","William Hill (New Jersey)","63","3","","","",""
"401422987","Lafayette","6","Sacred Heart","0","Sacred Heart -6.5","consensus","36.5","6.5","","","",""
"401422987","Lafayette","6","Sacred Heart","0","Sacred Heart -6.5","William Hill (New Jersey)","36.5","6.5","","","",""
"401413203","Chattanooga","31","Wofford","0","Chattanooga -18.5","consensus","42","-18.5","","","",""
"401413203","Chattanooga","31","Wofford","0","Chattanooga -19","William Hill (New Jersey)","42","-19","","","",""
"401416645","Central Michigan","10","Western Michigan","12","Central Michigan -10","teamrankings","49","-10","","","",""
"401416645","Central Michigan","10","Western Michigan","12","Central Michigan -10","consensus","48.5","-10","","","",""
"401416645","Central Michigan","10","Western Michigan","12","Central Michigan -10","William Hill (New Jersey)","48.5","-10","","","",""
"401416645","Central Michigan","10","Western Michigan","12","Central Michigan -10.0","Bovada","49","-10","-9.5","50","-380","290"
"401413214","Jacksonville State","35","Davidson","17","Jacksonville State -26.5","William Hill (New Jersey)","61.5","-26.5","","","",""
"401424428","Richmond","51","Stony Brook","7","Richmond -14.5","William Hill (New Jersey)","47.5","-14.5","","","",""
"401425090","Valparaiso","28","San Diego","21","San Diego -7.5","consensus","50.5","7.5","","","",""
"401425090","Valparaiso","28","San Diego","21","San Diego -7.5","William Hill (New Jersey)","50.5","7.5","","","",""
"401423413","Stetson","14","Princeton","39","Princeton -33.5","consensus","56.5","33.5","","","",""
"401423413","Stetson","14","Princeton","39","Princeton -33.5","Bovada","56","33.5","33.5","56","",""
"401421098","San Diego","28","Presbyterian","3","San Diego -27.5","consensus","56","-27.5","","","",""
"401421098","San Diego","28","Presbyterian","3","San Diego -28","William Hill (New Jersey)","58","-28","","","",""
"401424424","Rhode Island","21","Delaware","42","Rhode Island -3","consensus","47","-3","","","",""
"401424424","Rhode Island","21","Delaware","42","Rhode Island -3","William Hill (New Jersey)","47","-3","","","",""
"401424424","Rhode Island","21","Delaware","42","Rhode Island -3.0","Bovada","44","-3","-3","43","",""
"401424404","Monmouth","45","Georgetown","6","Monmouth -17.5","Caesars Sportsbook (Colorado)","54","-17.5","","","",""
"401424404","Monmouth","45","Georgetown","6","Monmouth -17.5","Bovada","55","-17.5","-17.5","55","",""
"401424425","Fordham","48","UAlbany","45","Fordham -8.5","William Hill (New Jersey)","61.5","-8.5","","","",""
"401424425","Fordham","48","UAlbany","45","Fordham -7.5","Bovada","61","-7.5","-7.5","61","",""
"401425456","Northern Iowa","21","Sacramento State","37","Northern Iowa -2.5","consensus","53","-2.5","","","",""
"401425456","Northern Iowa","21","Sacramento State","37","Northern Iowa -2","William Hill (New Jersey)","53","-2","","","",""
"401413335","Indiana State","14","Montana","49","Montana -24.5","consensus","39","24.5","","","",""
"401413335","Indiana State","14","Montana","49","Montana -24.5","William Hill (New Jersey)","40","24.5","","","",""
"401413335","Indiana State","14","Montana","49","Montana -25.0","Bovada","39","25","25","39","",""
"401415404","VMI","22","Cornell","28","VMI -14.5","consensus","54.5","-14.5","","","",""
"401415404","VMI","22","Cornell","28","VMI -14.5","William Hill (New Jersey)","54.5","-14.5","","","",""
"401415404","VMI","22","Cornell","28","VMI -14.5","Bovada","54.5","-14.5","-15","54.5","",""
"401424954","Jackson State","66","Grambling","24","Jackson State -28.5","consensus","44.5","-28.5","","","",""
"401424954","Jackson State","66","Grambling","24","Jackson State -28.5","William Hill (New Jersey)","44.5","-28.5","","","",""
"401425413","Holy Cross","38","Yale","14","Holy Cross -8.5","consensus","52.5","-8.5","","","",""
"401425413","Holy Cross","38","Yale","14","Holy Cross -8.5","William Hill (New Jersey)","51.5","-8.5","","","",""
"401404131","Navy","32","Notre Dame","35","Notre Dame -17","teamrankings","40.5","17","","","",""
"401404131","Navy","32","Notre Dame","35","Notre Dame -17","consensus","40.5","17","","","",""
"401404131","Navy","32","Notre Dame","35","Notre Dame -16.5","William Hill (New Jersey)","40.5","16.5","","","",""
"401404131","Navy","32","Notre Dame","35","Notre Dame -17.0","Bovada","40.5","17","17","42.5","575","-900"
"401420824","North Dakota State","27","Youngstown State","14","North Dakota State -23","William Hill (New Jersey)","53","-23","","","",""
"401424395","Elon","30","Richmond","27","Richmond -2","consensus","55","2","","","",""
"401424395","Elon","30","Richmond","27","Richmond -2","William Hill (New Jersey)","55","2","","","",""
"401421159","Furman","27","Samford","34","Furman -2","consensus","53.5","-2","","","",""
"401421159","Furman","27","Samford","34","Furman -2","William Hill (New Jersey)","53.5","-2","","","",""
"401420833","South Dakota State","34","Western Illinois","10","South Dakota State -34.5","consensus","56.5","-34.5","","","",""
"401420833","South Dakota State","34","Western Illinois","10","South Dakota State -34.5","William Hill (New Jersey)","56.5","-34.5","","","",""
"401422973","Western Carolina","38","VMI","17","Western Carolina -7.5","consensus","66.5","-7.5","","","",""
"401422973","Western Carolina","38","VMI","17","Western Carolina -7.5","William Hill (New Jersey)","66.5","-7.5","","","",""
"401424430","Delaware","24","Towson","10","Delaware -26.5","consensus","44.5","-26.5","","","",""
"401424430","Delaware","24","Towson","10","Delaware -26","William Hill (New Jersey)","44.5","-26","","","",""
"401423441","Alabama A&M","35","Bethune-Cookman","27","Alabama A&M -6.5","consensus","58.5","-6.5","","","",""
"401423441","Alabama A&M","35","Bethune-Cookman","27","Alabama A&M -6.5","William Hill (New Jersey)","58.5","-6.5","","","",""
"401424367","Stony Brook","10","William & Mary","27","William & Mary -17","William Hill (New Jersey)","44","17","","","",""
"401428478","UT Martin","45","Tennessee Tech","28","UT Martin -21.5","consensus","54.5","-21.5","","","",""
"401428478","UT Martin","45","Tennessee Tech","28","UT Martin -21.5","William Hill (New Jersey)","56","-21.5","","","",""
"401404146","Utah State","31","UConn","20","Utah State -24","teamrankings","59","-24","","","",""
"401404146","Utah State","31","UConn","20","Utah State -24","consensus","59.5","-24","","","",""
"401404146","Utah State","31","UConn","20","Utah State -24","William Hill (New Jersey)","59.5","-24","","","",""
"401404146","Utah State","31","UConn","20","Utah State -23.0","Bovada","59","-23","-25","60.5","",""
"401405058","Illinois","38","Wyoming","6","Illinois -14","teamrankings","42.5","-14","","","",""
"401405058","Illinois","38","Wyoming","6","Illinois -14","consensus","42.5","-14","","","",""
"401405058","Illinois","38","Wyoming","6","Illinois -14","William Hill (New Jersey)","43","-14","","","",""
"401405058","Illinois","38","Wyoming","6","Illinois -14.0","Bovada","43","-14","-9.5","46.5","-400","300"
"401403853","Hawai'i","10","Vanderbilt","63","Vanderbilt -9.5","teamrankings","54.5","9.5","","","",""
"401403853","Hawai'i","10","Vanderbilt","63","Vanderbilt -9","consensus","54.5","9","","","",""
"401403853","Hawai'i","10","Vanderbilt","63","Vanderbilt -9","William Hill (New Jersey)","54.5","9","","","",""
"401403853","Hawai'i","10","Vanderbilt","63","Vanderbilt -9.5","Bovada","54.5","9.5","4.5","55","250","-300"
"401421139","Mercer","17","The Citadel","0","Mercer -18.5","consensus","48.5","-18.5","","","",""
"401421139","Mercer","17","The Citadel","0","Mercer -18.5","William Hill (New Jersey)","48","-18.5","","","",""
"401403958","Florida State","45","Florida","38","Florida State -10","teamrankings","58.5","-10","","","",""
"401403958","Florida State","45","Florida","38","Florida State -10","consensus","58","-10","","","",""
"401403958","Florida State","45","Florida","38","Florida State -9.5","William Hill (New Jersey)","58","-9.5","","","",""
"401403958","Florida State","45","Florida","38","Florida State -10.0","Bovada","58","-10","-10","58.5","-360","280"
"401404046","California","28","UCLA","35","UCLA -11.5","teamrankings","62.5","11.5","","","",""
"401404046","California","28","UCLA","35","UCLA -11.5","consensus","62.5","11.5","","","",""
"401404046","California","28","UCLA","35","UCLA -11","William Hill (New Jersey)","62.5","11","","","",""
"401404046","California","28","UCLA","35","UCLA -11.5","Bovada","63","11.5","10.5","61","280","-360"
"401437036","Georgia","50","LSU","30","Georgia -17","teamrankings","52","-17","","","",""
"401437036","Georgia","50","LSU","30","Georgia -17.5","consensus","52","-17.5","","","",""
"401437036","Georgia","50","LSU","30","Georgia -17","William Hill (New Jersey)","51","-17","","","",""
"401437036","Georgia","50","LSU","30","Georgia -17.0","Bovada","52","-17","-15","50.5","-900","575"
"401437009","North Carolina","10","Clemson","39","Clemson -7.5","teamrankings","64","7.5","","","",""
"401437009","North Carolina","10","Clemson","39","Clemson -7.5","consensus","64","7.5","","","",""
"401437009","North Carolina","10","Clemson","39","Clemson -7","William Hill (New Jersey)","64","7","","","",""
"401437009","North Carolina","10","Clemson","39","Clemson -7.0","Bovada","64","7","7.5","62","255","-310"
"401413227","Cal Poly","21","Sacramento State","49","Sacramento State -25","consensus","62","25","","","",""
"401413227","Cal Poly","21","Sacramento State","49","Sacramento State -25","William Hill (New Jersey)","62","25","","","",""
"401413248","Idaho","55","Northern Colorado","35","Idaho -15.5","consensus","52","-15.5","","","",""
"401413248","Idaho","55","Northern Colorado","35","Idaho -15.5","William Hill (New Jersey)","52","-15.5","","","",""
"401421158","Charleston Southern","19","Furman","24","Furman -16","William Hill (New Jersey)","55.5","16","","","",""
"401423158","Stetson","38","Morehead State","26","Morehead State -2.5","consensus","63.5","2.5","","","",""
"401423158","Stetson","38","Morehead State","26","Morehead State -2.5","William Hill (New Jersey)","63.5","2.5","","","",""
"401422999","Princeton","29","Lehigh","17","Princeton -24","consensus","49.5","-24","","","",""
"401422999","Princeton","29","Lehigh","17","Princeton -24","Caesars Sportsbook (Colorado)","49","-24","","","",""
"401423146","Presbyterian","24","Davidson","56","Davidson -30","consensus","69","30","","","",""
"401423146","Presbyterian","24","Davidson","56","Davidson -26.5","William Hill (New Jersey)","70.5","26.5","","","",""
"401424930","Alcorn State","38","Arkansas-Pine Bluff","21","Alcorn State -18.5","consensus","59.5","-18.5","","","",""
"401424930","Alcorn State","38","Arkansas-Pine Bluff","21","Alcorn State -18","William Hill (New Jersey)","58.5","-18","","","",""
"401424427","Towson","14","New Hampshire","37","New Hampshire -6","consensus","46.5","6","","","",""
"401424427","Towson","14","New Hampshire","37","New Hampshire -6","William Hill (New Jersey)","46.5","6","","","",""
"401425511","Robert Morris","3","East Tennessee State","45","East Tennessee State -16","William Hill (New Jersey)","47","16","","","",""
"401426255","Murray State","21","Eastern Illinois","35","Murray State -4.5","William Hill (New Jersey)","44","-4.5","","","",""
"401428475","North Carolina A&T","41","South Carolina State","27","North Carolina A&T -2.5","William Hill (New Jersey)","46","-2.5","","","",""
"401418605","Dartmouth","17","Pennsylvania","23","Dartmouth -14","consensus","43.5","-14","","","",""
"401418605","Dartmouth","17","Pennsylvania","23","Dartmouth -13.5","William Hill (New Jersey)","43.5","-13.5","","","",""
"401405059","Northwestern","31","Nebraska","28","Nebraska -12","teamrankings","52.5","12","","","",""
"401405059","Northwestern","31","Nebraska","28","Nebraska -12.5","consensus","52","12.5","","","",""
"401405059","Northwestern","31","Nebraska","28","Nebraska -12","William Hill (New Jersey)","52.5","12","","","",""
"401405059","Northwestern","31","Nebraska","28","Nebraska -13","Bovada","52","13","10","52","-450","335"
"401415197","Georgetown","6","Columbia","42","Columbia -10.5","consensus","48","10.5","","","",""
"401415197","Georgetown","6","Columbia","42","Columbia -10","William Hill (New Jersey)","48","10","","","",""
"401435080","Marist","7","Dayton","24","Dayton -4","consensus","53","4","","","",""
"401435080","Marist","7","Dayton","24","Dayton -4","William Hill (New Jersey)","53","4","","","",""
"401423434","Merrimack","54","Wagner","17","Merrimack -19.5","William Hill (New Jersey)","52","-19.5","","","",""
"401425423","Tennessee Tech","14","Tennessee State","30","Tennessee Tech -2.5","William Hill (New Jersey)","53.5","-2.5","","","",""
"401428190","Portland State","7","Weber State","42","Weber State -12.5","William Hill (New Jersey)","55","12.5","","","",""
"401428197","Bryant","23","Charleston Southern","24","Bryant -3","William Hill (New Jersey)","59.5","-3","","","",""
"401423148","Davidson","28","Morehead State","26","Davidson -22.5","consensus","58.5","-22.5","","","",""
"401423148","Davidson","28","Morehead State","26","Davidson -22.5","William Hill (New Jersey)","58.5","-22.5","","","",""
"401424397","Rhode Island","17","Elon","10","Rhode Island -4","consensus","53.5","-4","","","",""
"401424397","Rhode Island","17","Elon","10","Rhode Island -4","William Hill (New Jersey)","53.5","-4","","","",""
"401422981","Yale","29","Bucknell","9","Yale -29","consensus","44.5","-29","","","",""
"401422981","Yale","29","Bucknell","9","Yale -29","William Hill (New Jersey)","44","-29","","","",""
"401424407","Maine","38","Monmouth","28","Monmouth -10.5","consensus","60.5","10.5","","","",""
"401424407","Maine","38","Monmouth","28","Monmouth -11.5","Caesars Sportsbook (Colorado)","60.5","11.5","","","",""
"401428192","Campbell","41","Robert Morris","10","Campbell -27","consensus","48.5","-27","","","",""
"401428192","Campbell","41","Robert Morris","10","Campbell -27.5","William Hill (New Jersey)","48.5","-27.5","","","",""
"401418839","Indiana State","26","North Dakota State","31","North Dakota State -30","William Hill (New Jersey)","45.5","30","","","",""
"401422990","Lafayette","2","Princeton","23","Princeton -16","consensus","37.5","16","","","",""
"401422990","Lafayette","2","Princeton","23","Princeton -16","Caesars Sportsbook (Colorado)","37.5","16","","","",""
"401423139","Butler","31","Dayton","0","Dayton -9.5","consensus","51.5","9.5","","","",""
"401423139","Butler","31","Dayton","0","Dayton -9.5","William Hill (New Jersey)","51.5","9.5","","","",""
"401418603","Dartmouth","35","Valparaiso","13","Dartmouth -31","consensus","47.5","-31","","","",""
"401418603","Dartmouth","35","Valparaiso","13","Dartmouth -32.5","Bovada","48.5","-32.5","-32.5","49.5","",""
"401418637","Eastern Kentucky","40","Charleston Southern","17","Eastern Kentucky -18","consensus","59.5","-18","","","",""
"401418637","Eastern Kentucky","40","Charleston Southern","17","Eastern Kentucky -18","William Hill (New Jersey)","59.5","-18","","","",""
"401420789","Norfolk State","7","Hampton","17","Hampton -2.5","William Hill (New Jersey)","64","2.5","","","",""
"401415186","Brown","44","Bryant","38","Bryant -4.5","consensus","63.5","4.5","","","",""
"401415186","Brown","44","Bryant","38","Bryant -4.5","William Hill (New Jersey)","64","4.5","","","",""
"401415186","Brown","44","Bryant","38","Bryant -3.5","Bovada","68","3.5","3","68","",""
"401415196","Marist","3","Columbia","38","Columbia -20","consensus","50.5","20","","","",""
"401415196","Marist","3","Columbia","38","Columbia -20","William Hill (New Jersey)","50.5","20","","","",""
"401420779","Morgan State","24","Sacred Heart","9","Sacred Heart -14.5","consensus","32.5","14.5","","","",""
"401420779","Morgan State","24","Sacred Heart","9","Sacred Heart -14.5","William Hill (New Jersey)","31.5","14.5","","","",""
"401420779","Morgan State","24","Sacred Heart","9","Sacred Heart -15.0","Bovada","32.5","15","15","32.5","",""
"401422979","Bucknell","14","Lafayette","24","Lafayette -3","consensus","35.5","3","","","",""
"401422979","Bucknell","14","Lafayette","24","Lafayette -3","William Hill (New Jersey)","35","3","","","",""
"401423138","Davidson","31","Butler","0","Davidson -21.5","consensus","62.5","-21.5","","","",""
"401423138","Davidson","31","Butler","0","Davidson -21.5","William Hill (New Jersey)","62.5","-21.5","","","",""
"401423000","Lehigh","7","Monmouth","35","Monmouth -17","consensus","53","17","","","",""
"401423000","Lehigh","7","Monmouth","35","Monmouth -17","Caesars Sportsbook (Colorado)","52","17","","","",""
"401423154","Dayton","27","Drake","14","Dayton -16","consensus","52","-16","","","",""
"401423154","Dayton","27","Drake","14","Dayton -16","William Hill (New Jersey)","51","-16","","","",""
"401424956","Jackson State","22","Campbell","14","Jackson State -17","consensus","56.5","-17","","","",""
"401424956","Jackson State","22","Campbell","14","Jackson State -17","William Hill (New Jersey)","56.5","-17","","","",""
"401423159","Morehead State","14","Presbyterian","10","Morehead State -17.5","consensus","63.5","-17.5","","","",""
"401423159","Morehead State","14","Presbyterian","10","Morehead State -17.5","William Hill (New Jersey)","63.5","-17.5","","","",""
"401423451","Texas Southern","13","Alabama State","16","Texas Southern -5.5","consensus","55.5","-5.5","","","",""
"401423451","Texas Southern","13","Alabama State","16","Texas Southern -5.5","William Hill (New Jersey)","55.5","-5.5","","","",""
"401426253","Yale","34","Howard","26","Yale -21.5","consensus","51.5","-21.5","","","",""
"401426253","Yale","34","Howard","26","Yale -21.5","William Hill (New Jersey)","51.5","-21.5","","","",""
"401415198","Columbia","6","Princeton","24","Princeton -4","consensus","50","4","","","",""
"401415198","Columbia","6","Princeton","24","Princeton -4","Caesars Sportsbook (Colorado)","50","4","","","",""
"401424431","Maine","20","Villanova","45","Villanova -8.5","consensus","57","8.5","","","",""
"401424431","Maine","20","Villanova","45","Villanova -8.5","William Hill (New Jersey)","57","8.5","","","",""
"401418597","Harvard","21","Holy Cross","30","Holy Cross -6.5","consensus","46.5","6.5","","","",""
"401418597","Harvard","21","Holy Cross","30","Holy Cross -6.5","William Hill (New Jersey)","46.5","6.5","","","",""
"401420809","North Dakota","48","Missouri State","31","Missouri State -5.5","consensus","51.5","5.5","","","",""
"401420809","North Dakota","48","Missouri State","31","Missouri State -5.5","William Hill (New Jersey)","51.5","5.5","","","",""
"401421130","East Tennessee State","16","Chattanooga","24","Chattanooga -6.5","consensus","44","6.5","","","",""
"401421130","East Tennessee State","16","Chattanooga","24","Chattanooga -6.5","William Hill (New Jersey)","44","6.5","","","",""
"401424931","Mississippi Valley State","7","Alcorn State","30","Alcorn State -15.5","consensus","47","15.5","","","",""
"401424931","Mississippi Valley State","7","Alcorn State","30","Alcorn State -15.5","William Hill (New Jersey)","47","15.5","","","",""
"401420817","Youngstown State","30","North Dakota","35","Youngstown State -1.5","William Hill (New Jersey)","51","-1.5","","","",""
"401455633","Princeton","35","Brown","19","Princeton -22.5","consensus","54.5","-22.5","","","",""
"401455633","Princeton","35","Brown","19","Princeton -21.5","Caesars Sportsbook (Colorado)","54.5","-21.5","","","",""
"401418634","Austin Peay","52","Murray State","17","Austin Peay -23.5","William Hill (New Jersey)","52.5","-23.5","","","",""
"401418833","Indiana State","21","Illinois State","27","Illinois State -4.5","consensus","40.5","4.5","","","",""
"401418833","Indiana State","21","Illinois State","27","Illinois State -4.5","William Hill (New Jersey)","39","4.5","","","",""
"401423140","Butler","31","Marist","10","Butler -7","consensus","50.5","-7","","","",""
"401423140","Butler","31","Marist","10","Butler -7","William Hill (New Jersey)","50.5","-7","","","",""
"401413338","Weber State","24","Montana","21","Weber State -3.5","consensus","48.5","-3.5","","","",""
"401413338","Weber State","24","Montana","21","Weber State -3.5","William Hill (New Jersey)","48.5","-3.5","","","",""
"401415192","Brown","34","Pennsylvania","31","Pennsylvania -13","consensus","55.5","13","","","",""
"401415192","Brown","34","Pennsylvania","31","Pennsylvania -13","William Hill (New Jersey)","55.5","13","","","",""
"401431404","Colgate","34","Georgetown","24","Colgate -13","consensus","50","-13","","","",""
"401431404","Colgate","34","Georgetown","24","Colgate -13","William Hill (New Jersey)","50","-13","","","",""
"401425516","Howard","35","Delaware State","17","Howard -7.5","consensus","45.5","-7.5","","","",""
"401425516","Howard","35","Delaware State","17","Howard -7.5","William Hill (New Jersey)","45.5","-7.5","","","",""
"401425424","Tennessee State","37","Eastern Illinois","17","Tennessee State -7.5","consensus","49.5","-7.5","","","",""
"401425424","Tennessee State","37","Eastern Illinois","17","Tennessee State -7.5","William Hill (New Jersey)","49.5","-7.5","","","",""
"401428459","Robert Morris","14","North Carolina A&T","38","North Carolina A&T -16.5","consensus","44.5","16.5","","","",""
"401428459","Robert Morris","14","North Carolina A&T","38","North Carolina A&T -16.5","William Hill (New Jersey)","44.5","16.5","","","",""
"401418798","Houston Christian","28","UT Martin","52","UT Martin -24","consensus","58","24","","","",""
"401418798","Houston Christian","28","UT Martin","52","UT Martin -24","William Hill (New Jersey)","58","24","","","",""
"401420784","Morgan State","41","South Carolina State","14","South Carolina State -10.5","consensus","46","10.5","","","",""
"401420784","Morgan State","41","South Carolina State","14","South Carolina State -10.5","William Hill (New Jersey)","46","10.5","","","",""
"401422922","Mercer","63","Morehead State","13","Mercer -29.5","consensus","56.5","-29.5","","","",""
"401422922","Mercer","63","Morehead State","13","Mercer -29.5","William Hill (New Jersey)","56.5","-29.5","","","",""
"401422922","Mercer","63","Morehead State","13","Mercer -27.5","Bovada","58","-27.5","-28.5","60.5","",""
"401413213","Jacksonville State","42","Stephen F. Austin","17","Stephen F. Austin -7.5","consensus","55.5","7.5","","","",""
"401413213","Jacksonville State","42","Stephen F. Austin","17","Stephen F. Austin -7.5","William Hill (New Jersey)","55.5","7.5","","","",""
"401413213","Jacksonville State","42","Stephen F. Austin","17","Stephen F. Austin -8.0","Bovada","55","8","6.5","51","",""
"401423448","Alabama State","23","Howard","13","Howard -1","consensus","53.5","1","","","",""
"401423448","Alabama State","23","Howard","13","Alabama State -1","William Hill (New Jersey)","53.5","-1","","","",""
"401423448","Alabama State","23","Howard","13","Alabama State -2.0","Bovada","54","-2","-2.5","53.5","",""
"401415264","New Mexico","10","San Diego State","34","San Diego State -15","teamrankings","36","15","","","",""
"401415264","New Mexico","10","San Diego State","34","San Diego State -14.5","consensus","36","14.5","","","",""
"401415264","New Mexico","10","San Diego State","34","San Diego State -14.5","William Hill (New Jersey)","36","14.5","","","",""
"401415264","New Mexico","10","San Diego State","34","San Diego State -14.5","Bovada","36","14.5","14.5","39.5","430","-625"
"401409235","New Mexico State","12","Nevada","23","Nevada -7","teamrankings","48","7","","","",""
"401409235","New Mexico State","12","Nevada","23","Nevada -7","consensus","48","7","","","",""
"401409235","New Mexico State","12","Nevada","23","Nevada -7","William Hill (New Jersey)","48","7","","","",""
"401409235","New Mexico State","12","Nevada","23","Nevada -7.5","Bovada","48","7.5","14","55.5","270","-340"
"401426531","UTEP","13","North Texas","31","North Texas -1.5","teamrankings","52.5","1.5","","","",""
"401426531","UTEP","13","North Texas","31","North Texas -1.5","consensus","52.5","1.5","","","",""
"401426531","UTEP","13","North Texas","31","North Texas -1","William Hill (New Jersey)","52.5","1","","","",""
"401426531","UTEP","13","North Texas","31","North Texas -1.5","Bovada","54","1.5","3","57","105","-125"
"401423003","Lehigh","36","Colgate","33","Colgate -3","William Hill (New Jersey)","38.5","3","","","",""
"401418843","Western Illinois","0","Indiana State","21","Indiana State -3.5","William Hill (New Jersey)","52","3.5","","","",""
"401415411","Cornell","17","Dartmouth","13","Dartmouth -6","William Hill (New Jersey)","44.5","6","","","",""
"401423142","Drake","27","Butler","24","Butler -7.5","William Hill (New Jersey)","44.5","7.5","","","",""
"401418601","Pennsylvania","14","Harvard","37","Pennsylvania -2.5","William Hill (New Jersey)","44.5","-2.5","","","",""
"401420795","Norfolk State","14","North Carolina Central","48","North Carolina Central -18.5","William Hill (New Jersey)","61.5","18.5","","","",""
"401422977","East Tennessee State","17","Western Carolina","20","East Tennessee State -6","consensus","73.5","-6","","","",""
"401422977","East Tennessee State","17","Western Carolina","20","East Tennessee State -5","William Hill (New Jersey)","73.5","-5","","","",""
"401405095","Ohio State","52","Wisconsin","21","Ohio State -19","teamrankings","56.5","-19","","","",""
"401405095","Ohio State","52","Wisconsin","21","Ohio State -18.5","consensus","56.5","-18.5","","","",""
"401405095","Ohio State","52","Wisconsin","21","Ohio State -19","William Hill (New Jersey)","56.5","-19","","","",""
"401405095","Ohio State","52","Wisconsin","21","Ohio State -19.0","Bovada","57","-19","-18","57","-1200","700"
"401411121","Pittsburgh","45","Rhode Island","24","Pittsburgh -32.5","consensus","55","-32.5","","","",""
"401411121","Pittsburgh","45","Rhode Island","24","Pittsburgh -32.5","William Hill (New Jersey)","55","-32.5","","","",""
"401416606","Ohio","59","Fordham","52","Ohio -16.5","consensus","73.5","-16.5","","","",""
"401416606","Ohio","59","Fordham","52","Ohio -16.5","William Hill (New Jersey)","74.5","-16.5","","","",""
"401418793","Texas State","34","Houston Christian","0","Texas State -26.5","consensus","65","-26.5","","","",""
"401418793","Texas State","34","Houston Christian","0","Texas State -26.5","William Hill (New Jersey)","65","-26.5","","","",""
"401405093","Northwestern","14","Miami (OH)","17","Northwestern -7.5","teamrankings","50","-7.5","","","",""
"401405093","Northwestern","14","Miami (OH)","17","Northwestern -7.5","consensus","50","-7.5","","","",""
"401405093","Northwestern","14","Miami (OH)","17","Northwestern -7.5","William Hill (New Jersey)","50","-7.5","","","",""
"401405093","Northwestern","14","Miami (OH)","17","Northwestern -7.5","Bovada","50","-7.5","-6.5","50.5","-260","215"
"401411130","Syracuse","59","Wagner","0","Syracuse -54","consensus","62.5","-54","","","",""
"401411130","Syracuse","59","Wagner","0","Syracuse -54","William Hill (New Jersey)","63.5","-54","","","",""
"401416612","Western Michigan","44","New Hampshire","7","Western Michigan -15","consensus","52.5","-15","","","",""
"401416612","Western Michigan","44","New Hampshire","7","Western Michigan -15","William Hill (New Jersey)","52.5","-15","","","",""
"401415649","Tulsa","13","Tulane","27","Tulane -6.5","teamrankings","56","6.5","","","",""
"401415649","Tulsa","13","Tulane","27","Tulane -6.5","consensus","56","6.5","","","",""
"401415649","Tulsa","13","Tulane","27","Tulane -7","William Hill (New Jersey)","56","7","","","",""
"401415649","Tulsa","13","Tulane","27","Tulane -6.5","Bovada","55.5","6.5","8.5","58.5","250","-300"
"401415648","Temple","54","South Florida","28","South Florida -3.5","teamrankings","49","3.5","","","",""
"401415648","Temple","54","South Florida","28","South Florida -3.5","consensus","49","3.5","","","",""
"401415648","Temple","54","South Florida","28","South Florida -3.5","William Hill (New Jersey)","49","3.5","","","",""
"401415648","Temple","54","South Florida","28","South Florida -3.5","Bovada","49","3.5","3.5","51.5","150","-175"
"401415254","San Diego State","14","UNLV","10","San Diego State -5","teamrankings","47","-5","","","",""
"401415254","San Diego State","14","UNLV","10","San Diego State -5","consensus","47","-5","","","",""
"401415254","San Diego State","14","UNLV","10","San Diego State -5","William Hill (New Jersey)","47","-5","","","",""
"401415254","San Diego State","14","UNLV","10","San Diego State -5.0","Bovada","47","-5","-6.5","48","-250","210"
"401404113","Texas","10","TCU","17","Texas -7.5","teamrankings","65","-7.5","","","",""
"401404113","Texas","10","TCU","17","Texas -7.5","consensus","66","-7.5","","","",""
"401404113","Texas","10","TCU","17","Texas -7.5","William Hill (New Jersey)","66","-7.5","","","",""
"401404113","Texas","10","TCU","17","Texas -7.5","Bovada","65.5","-7.5","-7","65.5","-290","240"
"401423415","Dayton","23","Stetson","20","Dayton -13.5","consensus","53","-13.5","","","",""
"401423415","Dayton","23","Stetson","20","Dayton -13.5","William Hill (New Jersey)","53","-13.5","","","",""
"401404109","Baylor","3","Kansas State","31","Baylor -2.5","teamrankings","52","-2.5","","","",""
"401404109","Baylor","3","Kansas State","31","Baylor -2.5","consensus","52.5","-2.5","","","",""
"401404109","Baylor","3","Kansas State","31","Baylor -3","William Hill (New Jersey)","52","-3","","","",""
"401404109","Baylor","3","Kansas State","31","Baylor -2.5","Bovada","52.5","-2.5","-3.5","53.5","-140","120"
"401424437","Villanova","31","UAlbany","29","Villanova -16.5","consensus","65.5","-16.5","","","",""
"401424437","Villanova","31","UAlbany","29","Villanova -16","William Hill (New Jersey)","65.5","-16","","","",""
"401404112","West Virginia","23","Oklahoma","20","Oklahoma -8.5","teamrankings","68.5","8.5","","","",""
"401404112","West Virginia","23","Oklahoma","20","Oklahoma -8.5","consensus","68.5","8.5","","","",""
"401404112","West Virginia","23","Oklahoma","20","Oklahoma -8.5","William Hill (New Jersey)","68.5","8.5","","","",""
"401404112","West Virginia","23","Oklahoma","20","Oklahoma -8.5","Bovada","68.5","8.5","8","66","255",""
"401404110","Oklahoma State","20","Iowa State","14","Iowa State -2.5","teamrankings","47.5","2.5","","","",""
"401404110","Oklahoma State","20","Iowa State","14","Iowa State -2.5","consensus","47.5","2.5","","","",""
"401404110","Oklahoma State","20","Iowa State","14","Iowa State -3","William Hill (New Jersey)","47.5","3","","","",""
"401404110","Oklahoma State","20","Iowa State","14","Iowa State -3.0","Bovada","47.5","3","2.5","47.5","115","-135"
"401441991","Long Island University","29","Bryant","31","Bryant -14","Caesars Sportsbook (Colorado)","55.5","14","","","",""
"401404024","California","24","Oregon","42","Oregon -16.5","teamrankings","56.5","16.5","","","",""
"401404024","California","24","Oregon","42","Oregon -16.5","consensus","56.5","16.5","","","",""
"401404024","California","24","Oregon","42","Oregon -17","William Hill (New Jersey)","56.5","17","","","",""
"401404024","California","24","Oregon","42","Oregon -17.0","Bovada","56.5","17","15","57","525","-800"
"401405097","Michigan","34","Maryland","27","Michigan -17","teamrankings","66","-17","","","",""
"401405097","Michigan","34","Maryland","27","Michigan -17","consensus","66","-17","","","",""
"401405097","Michigan","34","Maryland","27","Michigan -17","William Hill (New Jersey)","66","-17","","","",""
"401405097","Michigan","34","Maryland","27","Michigan -17.0","Bovada","66","-17","-17.5","62.5","-850","550"
"401404000","Oregon State","14","USC","17","USC -5.5","teamrankings","70.5","5.5","","","",""
"401404000","Oregon State","14","USC","17","USC -5.5","consensus","70.5","5.5","","","",""
"401404000","Oregon State","14","USC","17","USC -5.5","William Hill (New Jersey)","69.5","5.5","","","",""
"401404000","Oregon State","14","USC","17","USC -6.0","Bovada","70","6","7","68","220","-270"
"401403901","Tennessee","38","Florida","33","Tennessee -11","teamrankings","62","-11","","","",""
"401403901","Tennessee","38","Florida","33","Tennessee -11","consensus","62.5","-11","","","",""
"401403901","Tennessee","38","Florida","33","Tennessee -11","William Hill (New Jersey)","62","-11","","","",""
"401403901","Tennessee","38","Florida","33","Tennessee -11.5","Bovada","62","-11.5","-9.5","63.5","-400","300"
"401403997","Arizona State","13","Utah","34","Utah -16.5","teamrankings","54","16.5","","","",""
"401403997","Arizona State","13","Utah","34","Utah -16.5","consensus","54","16.5","","","",""
"401403997","Arizona State","13","Utah","34","Utah -17","William Hill (New Jersey)","54","17","","","",""
"401403997","Arizona State","13","Utah","34","Utah -17.0","Bovada","53.5","17","16","52","430","-625"
"401405098","Penn State","33","Central Michigan","14","Penn State -28","teamrankings","61.5","-28","","","",""
"401405098","Penn State","33","Central Michigan","14","Penn State -28","consensus","61.5","-28","","","",""
"401405098","Penn State","33","Central Michigan","14","Penn State -28","William Hill (New Jersey)","61.5","-28","","","",""
"401405098","Penn State","33","Central Michigan","14","Penn State -28.0","Bovada","61.5","-28","-26","61","-5000","1300"
"401403999","Washington State","41","Oregon","44","Oregon -6","teamrankings","57","6","","","",""
"401403999","Washington State","41","Oregon","44","Oregon -6.5","consensus","57.5","6.5","","","",""
"401403999","Washington State","41","Oregon","44","Oregon -6.5","William Hill (New Jersey)","57.5","6.5","","","",""
"401403999","Washington State","41","Oregon","44","Oregon -6.5","Bovada","57","6.5","6","53.5","195","-235"
"401404001","Washington","40","Stanford","22","Washington -14","teamrankings","62.5","-14","","","",""
"401404001","Washington","40","Stanford","22","Washington -14","consensus","62","-14","","","",""
"401404001","Washington","40","Stanford","22","Washington -14","William Hill (New Jersey)","62","-14","","","",""
"401404001","Washington","40","Stanford","22","Washington -14.0","Bovada","62","-14","-11.5","61","-550","390"
"401403899","Mississippi State","45","Bowling Green","14","Mississippi State -31","teamrankings","53","-31","","","",""
"401403899","Mississippi State","45","Bowling Green","14","Mississippi State -31","consensus","53","-31","","","",""
"401403899","Mississippi State","45","Bowling Green","14","Mississippi State -31","William Hill (New Jersey)","53","-31","","","",""
"401403899","Mississippi State","45","Bowling Green","14","Mississippi State -31.0","Bovada","53","-31","-29","56.5","",""
"401403998","Colorado","17","UCLA","45","UCLA -22","teamrankings","57","22","","","",""
"401403998","Colorado","17","UCLA","45","UCLA -22","consensus","57","22","","","",""
"401403998","Colorado","17","UCLA","45","UCLA -22","William Hill (New Jersey)","57","22","","","",""
"401403998","Colorado","17","UCLA","45","UCLA -22.5","Bovada","57","22.5","21","58","800","-1600"
"401405096","Cincinnati","45","Indiana","24","Cincinnati -16.5","teamrankings","57","-16.5","","","",""
"401405096","Cincinnati","45","Indiana","24","Cincinnati -16.5","consensus","57","-16.5","","","",""
"401405096","Cincinnati","45","Indiana","24","Cincinnati -16.5","William Hill (New Jersey)","58","-16.5","","","",""
"401405096","Cincinnati","45","Indiana","24","Cincinnati -16.5","Bovada","57","-16.5","-14","54.5","-800","525"
"401403996","California","49","Arizona","31","California -3.5","teamrankings","50","-3.5","","","",""
"401403996","California","49","Arizona","31","California -3.5","consensus","50.5","-3.5","","","",""
"401403996","California","49","Arizona","31","California -3.5","William Hill (New Jersey)","50.5","-3.5","","","",""
"401403996","California","49","Arizona","31","California -3.5","Bovada","50.5","-3.5","-4","48","-160","135"
"401411118","Florida State","44","Boston College","14","Florida State -18.5","teamrankings","48.5","-18.5","","","",""
"401411118","Florida State","44","Boston College","14","Florida State -18.5","consensus","48.5","-18.5","","","",""
"401411118","Florida State","44","Boston College","14","Florida State -18.5","William Hill (New Jersey)","48.5","-18.5","","","",""
"401411118","Florida State","44","Boston College","14","Florida State -18.5","Bovada","49","-18.5","-16.5","48.5","-1100","650"
"401409237","New Mexico State","45","Hawai'i","26","New Mexico State -4.5","teamrankings","53","-4.5","","","",""
"401409237","New Mexico State","45","Hawai'i","26","New Mexico State -4.5","consensus","53","-4.5","","","",""
"401409237","New Mexico State","45","Hawai'i","26","New Mexico State -4.5","William Hill (New Jersey)","53","-4.5","","","",""
"401409237","New Mexico State","45","Hawai'i","26","New Mexico State -4.5","Bovada","53","-4.5","-2","55","-200","170"
"401462216","Lamar","34","Houston Christian","37","Lamar -1.5","consensus","54.5","-1.5","","","",""
"401462216","Lamar","34","Houston Christian","37","Lamar -1.5","William Hill (New Jersey)","54.5","-1.5","","","",""
"401462219","Houston Christian","17","Nicholls","19","Nicholls -7","consensus","61.5","7","","","",""
"401462219","Houston Christian","17","Nicholls","19","Nicholls -7","William Hill (New Jersey)","61.5","7","","","",""
"401462217","Incarnate Word","48","McNeese","20","Incarnate Word -24.5","consensus","70.5","-24.5","","","",""
"401462217","Incarnate Word","48","McNeese","20","Incarnate Word -24.5","William Hill (New Jersey)","70.5","-24.5","","","",""
"401462221","Houston Christian","10","Northwestern State","37","Houston Christian -2.5","William Hill (New Jersey)","65","-2.5","","","",""
"401462517","Stephen F. Austin","41","Abilene Christian","38","Stephen F. Austin -3.5","consensus","48.5","-3.5","","","",""
"401462517","Stephen F. Austin","41","Abilene Christian","38","Stephen F. Austin -4","William Hill (New Jersey)","48.5","-4","","","",""
"401462218","Northwestern State","36","Nicholls","33","Nicholls -8","consensus","63.5","8","","","",""
"401462218","Northwestern State","36","Nicholls","33","Nicholls -8","William Hill (New Jersey)","63.5","8","","","",""
"401418778","Chattanooga","41","North Alabama","14","Chattanooga -20.5","consensus","45","-20.5","","","",""
"401418778","Chattanooga","41","North Alabama","14","Chattanooga -21","William Hill (New Jersey)","45","-21","","","",""
"401420799","New Hampshire","27","North Carolina Central","45","New Hampshire -13.5","consensus","44.5","-13.5","","","",""
"401420799","New Hampshire","27","North Carolina Central","45","New Hampshire -13","William Hill (New Jersey)","44.5","-13","","","",""
"401421118","Southeast Missouri State","42","Nicholls","16","Southeast Missouri State -5.5","consensus","61.5","-5.5","","","",""
"401421118","Southeast Missouri State","42","Nicholls","16","Southeast Missouri State -5.5","William Hill (New Jersey)","61.5","-5.5","","","",""
"401422988","Lafayette","7","William & Mary","34","William & Mary -21","consensus","38.5","21","","","",""
"401422988","Lafayette","7","William & Mary","34","William & Mary -21","William Hill (New Jersey)","38.5","21","","","",""
"401422976","Western Carolina","77","Presbyterian","21","Western Carolina -39","consensus","65.5","-39","","","",""
"401422976","Western Carolina","77","Presbyterian","21","Western Carolina -39","William Hill (New Jersey)","65.5","-39","","","",""
"401426532","Western Kentucky","38","Austin Peay","27","Western Kentucky -32.5","consensus","72","-32.5","","","",""
"401426532","Western Kentucky","38","Austin Peay","27","Western Kentucky -32.5","William Hill (New Jersey)","72","-32.5","","","",""
"401426532","Western Kentucky","38","Austin Peay","27","Western Kentucky -32.5","Bovada","73","-32.5","-27.5","64.5","",""
"401413256","UNLV","52","Idaho State","21","UNLV -22.5","consensus","51","-22.5","","","",""
"401413256","UNLV","52","Idaho State","21","UNLV -22.5","William Hill (New Jersey)","51","-22.5","","","",""
"401413256","UNLV","52","Idaho State","21","UNLV -23.0","Bovada","50","-23","-23.5","52.5","",""
"401411090","Florida State","47","Duquesne","7","Florida State -42","consensus","57","-42","","","",""
"401411090","Florida State","47","Duquesne","7","Florida State -42","William Hill (New Jersey)","57","-42","","","",""
"401411090","Florida State","47","Duquesne","7","Florida State -41.5","Bovada","57","-41.5","-43","55","",""
"401411091","North Carolina","56","Florida A&M","24","North Carolina -45.5","consensus","56.5","-45.5","","","",""
"401411091","North Carolina","56","Florida A&M","24","North Carolina -45","William Hill (New Jersey)","56.5","-45","","","",""
"401411091","North Carolina","56","Florida A&M","24","North Carolina -45.0","Bovada","55","-45","-43","56","",""
"401426334","Georgia State","24","Coastal Carolina","41","Coastal Carolina -2.5","teamrankings","63.5","2.5","","","",""
"401426334","Georgia State","24","Coastal Carolina","41","Coastal Carolina -2.5","consensus","63.5","2.5","","","",""
"401426334","Georgia State","24","Coastal Carolina","41","Coastal Carolina -2.5","William Hill (New Jersey)","63.5","2.5","","","",""
"401426334","Georgia State","24","Coastal Carolina","41","Coastal Carolina -2.5","Bovada","63.5","2.5","1.5","64","110","-130"
"401415645","BYU","24","East Carolina","27","BYU -3","teamrankings","64","-3","","","",""
"401415645","BYU","24","East Carolina","27","BYU -3.5","consensus","64","-3.5","","","",""
"401415645","BYU","24","East Carolina","27","BYU -3","William Hill (New Jersey)","64","-3","","","",""
"401415645","BYU","24","East Carolina","27","BYU -3.0","Bovada","64","-3","-3","60.5","-150","130"
"401415644","UCF","25","Cincinnati","21","UCF -1.5","teamrankings","55.5","-1.5","","","",""
"401415644","UCF","25","Cincinnati","21","UCF -1.5","consensus","55.5","-1.5","","","",""
"401415644","UCF","25","Cincinnati","21","UCF -1.5","William Hill (New Jersey)","55.5","-1.5","","","",""
"401415644","UCF","25","Cincinnati","21","UCF -1.5","Bovada","56","-1.5","","55.5","-110","-110"
"401415643","Houston","42","South Florida","27","Houston -17","teamrankings","59","-17","","","",""
"401415643","Houston","42","South Florida","27","Houston -17.5","consensus","59","-17.5","","","",""
"401415643","Houston","42","South Florida","27","Houston -17.5","William Hill (New Jersey)","59","-17.5","","","",""
"401415643","Houston","42","South Florida","27","Houston -17.5","Bovada","59.5","-17.5","-18","62","-1100","650"
"401415646","Navy","27","Temple","20","Navy -14.5","teamrankings","41.5","-14.5","","","",""
"401415646","Navy","27","Temple","20","Navy -14.5","consensus","41.5","-14.5","","","",""
"401415646","Navy","27","Temple","20","Navy -14.5","William Hill (New Jersey)","41.5","-14.5","","","",""
"401415646","Navy","27","Temple","20","Navy -14.5","Bovada","41","-14.5","-13.5","39.5","-600","425"
"401462513","Northwestern State","35","Lamar","27","Lamar -2","William Hill (New Jersey)","52.5","2","","","",""
"401415215","Utah State","7","Weber State","35","Utah State -6.5","consensus","59.5","-6.5","","","",""
"401415215","Utah State","7","Weber State","35","Utah State -6.5","William Hill (New Jersey)","59","-6.5","","","",""
"401411110","Boston College","38","Maine","17","Boston College -31","consensus","48","-31","","","",""
"401411110","Boston College","38","Maine","17","Boston College -31","William Hill (New Jersey)","48","-31","","","",""
"401424390","William & Mary","31","Rhode Island","30","William & Mary -6.5","consensus","59.5","-6.5","","","",""
"401424390","William & Mary","31","Rhode Island","30","William & Mary -6.5","William Hill (New Jersey)","59.5","-6.5","","","",""
"401421108","Dayton","31","Valparaiso","24","Dayton -3","consensus","55","-3","","","",""
"401421108","Dayton","31","Valparaiso","24","Dayton -3","William Hill (New Jersey)","54.5","-3","","","",""
"401423156","Stetson","17","Drake","24","Stetson -7","William Hill (New Jersey)","47.5","-7","","","",""
"401424409","Monmouth","48","Towson","52","Monmouth -19.5","Caesars Sportsbook (Colorado)","57","-19.5","","","",""
"401424440","UAlbany","59","Stony Brook","14","UAlbany -9.5","William Hill (New Jersey)","46","-9.5","","","",""
"401415211","Wyoming","40","Tulsa","37","Tulsa -6.5","Bovada","46","6.5","2","46.5","160","-185"
"401415211","Wyoming","40","Tulsa","37","Tulsa -6.5","teamrankings","47","6.5","","","",""
"401415211","Wyoming","40","Tulsa","37","Tulsa -6.5","consensus","46","6.5","","","",""
"401415211","Wyoming","40","Tulsa","37","Tulsa -6.5","William Hill (New Jersey)","46","6.5","","","",""
"401426541","Oklahoma","45","UTEP","13","Oklahoma -31.0","Bovada","58.5","-31","-37","56.5","",""
"401426541","Oklahoma","45","UTEP","13","Oklahoma -31","teamrankings","58","-31","","","",""
"401426541","Oklahoma","45","UTEP","13","Oklahoma -31","consensus","58","-31","","","",""
"401426541","Oklahoma","45","UTEP","13","Oklahoma -31","William Hill (New Jersey)","58","-31","","","",""
"401415612","South Florida","21","BYU","50","BYU -12.5","Bovada","57.5","12.5","12.5","57.5","",""
"401415612","South Florida","21","BYU","50","BYU -11","teamrankings","58.5","11","","","",""
"401415612","South Florida","21","BYU","50","BYU -11.5","consensus","58.5","11.5","","","",""
"401415612","South Florida","21","BYU","50","BYU -11.5","William Hill (New Jersey)","58.5","11.5","","","",""
"401426542","UTSA","35","Houston","37","Houston -4.0","Bovada","62","4","6.5","59","165","-195"
"401426542","UTSA","35","Houston","37","Houston -3.5","teamrankings","61.5","3.5","","","",""
"401426542","UTSA","35","Houston","37","Houston -3.5","consensus","62","3.5","","","",""
"401426542","UTSA","35","Houston","37","Houston -3.5","William Hill (New Jersey)","62","3.5","","","",""
"401403855","Arkansas","31","Cincinnati","24","Arkansas -7.0","Bovada","54.5","-7","-7.5","54","-230","190"
"401403855","Arkansas","31","Cincinnati","24","Arkansas -6.5","teamrankings","54.5","-6.5","","","",""
"401403855","Arkansas","31","Cincinnati","24","Arkansas -6.5","consensus","54.5","-6.5","","","",""
"401403855","Arkansas","31","Cincinnati","24","Arkansas -6.5","William Hill (New Jersey)","54.5","-6.5","","","",""
"401403860","Ole Miss","28","Troy","10","Ole Miss -21.0","Bovada","57","-21","-21","61","-2200","1000"
"401403860","Ole Miss","28","Troy","10","Ole Miss -21.5","teamrankings","56.5","-21.5","","","",""
"401403860","Ole Miss","28","Troy","10","Ole Miss -21.5","consensus","57","-21.5","","","",""
"401403860","Ole Miss","28","Troy","10","Ole Miss -21.5","William Hill (New Jersey)","57","-21.5","","","",""
"401404134","Coastal Carolina","38","Army","28","Coastal Carolina -1.5","Bovada","54","-1.5","-3","55","-140","120"
"401404134","Coastal Carolina","38","Army","28","Coastal Carolina -1.5","teamrankings","54","-1.5","","","",""
"401404134","Coastal Carolina","38","Army","28","Coastal Carolina -1.5","consensus","54","-1.5","","","",""
"401404134","Coastal Carolina","38","Army","28","Coastal Carolina -1.5","William Hill (New Jersey)","54","-1.5","","","",""
"401405064","Purdue","31","Penn State","35","Penn State -3.5","Bovada","53","3.5","3","55","140","-165"
"401405064","Purdue","31","Penn State","35","Penn State -3.5","teamrankings","53.5","3.5","","","",""
"401405064","Purdue","31","Penn State","35","Penn State -3.5","consensus","53.5","3.5","","","",""
"401405064","Purdue","31","Penn State","35","Penn State -3.5","William Hill (New Jersey)","53.5","3.5","","","",""
"401416591","Michigan State","35","Western Michigan","13","Michigan State -22.0","Bovada","54.5","-22","-19","54.5","-1200","700"
"401416591","Michigan State","35","Western Michigan","13","Michigan State -22","teamrankings","54.5","-22","","","",""
"401416591","Michigan State","35","Western Michigan","13","Michigan State -21.5","consensus","54.5","-21.5","","","",""
"401416591","Michigan State","35","Western Michigan","13","Michigan State -21.5","William Hill (New Jersey)","54.5","-21.5","","","",""
"401426330","Old Dominion","20","Virginia Tech","17","Virginia Tech -6.0","Bovada","48","6","7","52.5","260","-320"
"401426330","Old Dominion","20","Virginia Tech","17","Virginia Tech -6","teamrankings","48.5","6","","","",""
"401426330","Old Dominion","20","Virginia Tech","17","Virginia Tech -6","consensus","48.5","6","","","",""
"401426330","Old Dominion","20","Virginia Tech","17","Virginia Tech -6","William Hill (New Jersey)","48.5","6","","","",""
"401403864","Tennessee","59","Ball State","10","Tennessee -37.0","Bovada","66","-37","-28","68","",""
"401403864","Tennessee","59","Ball State","10","Tennessee -37","teamrankings","66.5","-37","","","",""
"401403864","Tennessee","59","Ball State","10","Tennessee -35.5","consensus","66.5","-35.5","","","",""
"401403864","Tennessee","59","Ball State","10","Tennessee -35.5","William Hill (New Jersey)","66.5","-35.5","","","",""
"401426537","Missouri","52","Louisiana Tech","24","Missouri -20.5","Bovada","62.5","-20.5","-17","58.5","-1200","700"
"401426537","Missouri","52","Louisiana Tech","24","Missouri -20","teamrankings","62.5","-20","","","",""
"401426537","Missouri","52","Louisiana Tech","24","Missouri -20.5","consensus","62.5","-20.5","","","",""
"401426537","Missouri","52","Louisiana Tech","24","Missouri -20.5","William Hill (New Jersey)","62.5","-20.5","","","",""
"401403967","San Diego State","20","Arizona","38","San Diego State -6.5","Bovada","46.5","-6.5","-7","49.5","-235","195"
"401403967","San Diego State","20","Arizona","38","San Diego State -6","teamrankings","46.5","-6","","","",""
"401403967","San Diego State","20","Arizona","38","San Diego State -6.5","consensus","46.5","-6.5","","","",""
"401403967","San Diego State","20","Arizona","38","San Diego State -6","William Hill (New Jersey)","46.5","-6","","","",""
"401405066","Maryland","31","Buffalo","10","Maryland -24.0","Bovada","66","-24","-20.5","64.5","-2500","1050"
"401405066","Maryland","31","Buffalo","10","Maryland -24","teamrankings","66","-24","","","",""
"401405066","Maryland","31","Buffalo","10","Maryland -24","consensus","65.5","-24","","","",""
"401405066","Maryland","31","Buffalo","10","Maryland -24","William Hill (New Jersey)","65.5","-24","","","",""
"401405067","Michigan","51","Colorado State","7","Michigan -31.0","Bovada","61","-31","-28.5","57.5","",""
"401405067","Michigan","51","Colorado State","7","Michigan -31","teamrankings","60.5","-31","","","",""
"401405067","Michigan","51","Colorado State","7","Michigan -31","consensus","60.5","-31","","","",""
"401405067","Michigan","51","Colorado State","7","Michigan -31","William Hill (New Jersey)","61.5","-31","","","",""
"401426540","USC","66","Rice","14","USC -33.0","Bovada","62","-33","-34.5","64.5","",""
"401426540","USC","66","Rice","14","USC -33","teamrankings","61.5","-33","","","",""
"401426540","USC","66","Rice","14","USC -32.5","consensus","61.5","-32.5","","","",""
"401426540","USC","66","Rice","14","USC -33","William Hill (New Jersey)","61.5","-33","","","",""
"401411095","App State","61","North Carolina","63","App State -3.0","Bovada","56.5","-3","3.5","57","-120","-120"
"401411095","App State","61","North Carolina","63","App State -3","teamrankings","56","-3","","","",""
"401411095","App State","61","North Carolina","63","App State -3","consensus","56.5","-3","","","",""
"401411095","App State","61","North Carolina","63","App State -3","William Hill (New Jersey)","56","-3","","","",""
"401411096","East Carolina","20","NC State","21","NC State -12.5","Bovada","52","12.5","10.5","57.5","300","-400"
"401411096","East Carolina","20","NC State","21","NC State -12.5","teamrankings","52","12.5","","","",""
"401411096","East Carolina","20","NC State","21","NC State -12.5","consensus","51.5","12.5","","","",""
"401411096","East Carolina","20","NC State","21","NC State -12.5","William Hill (New Jersey)","51.5","12.5","","","",""
"401405069","Boston College","21","Rutgers","22","Boston College -9.5","Bovada","47","-9.5","-7.5","52","-300","250"
"401405069","Boston College","21","Rutgers","22","Boston College -8.5","teamrankings","47","-8.5","","","",""
"401405069","Boston College","21","Rutgers","22","Boston College -9","consensus","47.5","-9","","","",""
"401405069","Boston College","21","Rutgers","22","Boston College -9","Caesars Sportsbook (Colorado)","47","-9","","","",""
"401426530","Florida Atlantic","43","Charlotte","13","Florida Atlantic -7.0","Bovada","60","-7","-5.5","57.5","-300","250"
"401415212","Nevada","38","Texas State","14","Texas State -2.0","Bovada","51.5","2","-10","56.5","-115","-120"
"401415212","Nevada","38","Texas State","14","Texas State -2","teamrankings","51.5","2","","","",""
"401415212","Nevada","38","Texas State","14","Texas State -2","consensus","51.5","2","","","",""
"401415212","Nevada","38","Texas State","14","Texas State -2","William Hill (New Jersey)","52","2","","","",""
"401426536","Ohio","41","Florida Atlantic","38","Florida Atlantic -6.0","Bovada","51.5","6","1.5","48.5","150","-175"
"401426536","Ohio","41","Florida Atlantic","38","Florida Atlantic -6","teamrankings","51","6","","","",""
"401426536","Ohio","41","Florida Atlantic","38","Florida Atlantic -6","consensus","51","6","","","",""
"401426536","Ohio","41","Florida Atlantic","38","Florida Atlantic -6","William Hill (New Jersey)","51","6","","","",""
"401403858","Georgia","49","Oregon","3","Georgia -16","Bovada","54","-16","-17","51","-900","575"
"401403858","Georgia","49","Oregon","3","Georgia -16","teamrankings","54.5","-16","","","",""
"401403858","Georgia","49","Oregon","3","Georgia -16","consensus","54.5","-16","","","",""
"401403858","Georgia","49","Oregon","3","Georgia -16","William Hill (New Jersey)","54.5","-16","","","",""
"401414778","Tulane","42","Massachusetts","10","Tulane -28.5","Bovada","59","-28.5","-31","60.5","",""
"401414778","Tulane","42","Massachusetts","10","Tulane -28.5","teamrankings","59","-28.5","","","",""
"401414778","Tulane","42","Massachusetts","10","Tulane -28.5","consensus","58.5","-28.5","","","",""
"401414778","Tulane","42","Massachusetts","10","Tulane -28.5","William Hill (New Jersey)","59","-28.5","","","",""
"401411094","Duke","30","Temple","0","Duke -9.5","Bovada","51","-9.5","-6.5","54","-260","215"
"401411094","Duke","30","Temple","0","Duke -9.5","teamrankings","51.5","-9.5","","","",""
"401411094","Duke","30","Temple","0","Duke -9.5","consensus","51.5","-9.5","","","",""
"401411094","Duke","30","Temple","0","Duke -9.5","William Hill (New Jersey)","51.5","-9.5","","","",""
"401404157","Southern Miss","27","Liberty","29","Liberty -3.5","Bovada","49.5","3.5","4","53.5","140","-165"
"401404157","Southern Miss","27","Liberty","29","Liberty -3.5","teamrankings","50","3.5","","","",""
"401404157","Southern Miss","27","Liberty","29","Liberty -3.5","consensus","50","3.5","","","",""
"401404157","Southern Miss","27","Liberty","29","Liberty -3.5","William Hill (New Jersey)","50","3.5","","","",""
"401403966","Colorado","13","TCU","38","TCU -14.0","Bovada","59.5","14","8","54.5","290","-380"
"401403966","Colorado","13","TCU","38","TCU -13.5","teamrankings","59","13.5","","","",""
"401403966","Colorado","13","TCU","38","TCU -13.5","consensus","59.5","13.5","","","",""
"401403966","Colorado","13","TCU","38","TCU -13.5","William Hill (New Jersey)","59.5","13.5","","","",""
"401405061","Indiana","23","Illinois","20","Indiana -1.0","Bovada","48","-1","-3","48.5","-115","-105"
"401405061","Indiana","23","Illinois","20","Indiana -1","teamrankings","47.5","-1","","","",""
"401405061","Indiana","23","Illinois","20","Indiana -1","consensus","47.5","-1","","","",""
"401405061","Indiana","23","Illinois","20","Illinois -0","William Hill (New Jersey)","47.5","0","","","",""
"401405060","Minnesota","38","New Mexico State","0","Minnesota -36.0","Bovada","52","-36","-38","57.5","",""
"401405060","Minnesota","38","New Mexico State","0","Minnesota -36","teamrankings","52.5","-36","","","",""
"401405060","Minnesota","38","New Mexico State","0","Minnesota -36","consensus","52.5","-36","","","",""
"401405060","Minnesota","38","New Mexico State","0","Minnesota -36","William Hill (New Jersey)","52.5","-36","","","",""
"401426538","James Madison","44","Middle Tennessee","7","James Madison -4.5","Bovada","59.5","-4.5","-5","58.5","-250","210"
"401426538","James Madison","44","Middle Tennessee","7","James Madison -4.5","teamrankings","60.5","-4.5","","","",""
"401426538","James Madison","44","Middle Tennessee","7","James Madison -4.5","consensus","60.5","-4.5","","","",""
"401426538","James Madison","44","Middle Tennessee","7","James Madison -4.5","William Hill (New Jersey)","60.5","-4.5","","","",""
"401403971","UCLA","45","Bowling Green","17","UCLA -24.0","Bovada","56","-24","-30","55.5","-2800","1100"
"401403971","UCLA","45","Bowling Green","17","UCLA -24","teamrankings","56.5","-24","","","",""
"401403971","UCLA","45","Bowling Green","17","UCLA -24","consensus","56.5","-24","","","",""
"401403971","UCLA","45","Bowling Green","17","UCLA -24","William Hill (New Jersey)","56.5","-24","","","",""
"401416569","Oklahoma State","58","Central Michigan","44","Oklahoma State -20.5","Bovada","58","-20.5","-18.5","59.5","-1800","850"
"401416569","Oklahoma State","58","Central Michigan","44","Oklahoma State -20.5","teamrankings","58","-20.5","","","",""
"401416569","Oklahoma State","58","Central Michigan","44","Oklahoma State -20.5","consensus","58","-20.5","","","",""
"401416569","Oklahoma State","58","Central Michigan","44","Oklahoma State -21.5","William Hill (New Jersey)","57.5","-21.5","","","",""
"401411092","Pittsburgh","38","West Virginia","31","Pittsburgh -7.5","Bovada","50","-7.5","-7","55","-270","220"
"401411092","Pittsburgh","38","West Virginia","31","Pittsburgh -7.5","teamrankings","50","-7.5","","","",""
"401411092","Pittsburgh","38","West Virginia","31","Pittsburgh -7.5","consensus","51","-7.5","","","",""
"401411092","Pittsburgh","38","West Virginia","31","Pittsburgh -7.5","William Hill (New Jersey)","51","-7.5","","","",""
"401403861","Mississippi State","49","Memphis","23","Mississippi State -17.0","Bovada","58","-17","-13.5","56.5","-625","430"
"401403861","Mississippi State","49","Memphis","23","Mississippi State -17","teamrankings","58","-17","","","",""
"401403861","Mississippi State","49","Memphis","23","Mississippi State -17","consensus","58","-17","","","",""
"401403861","Mississippi State","49","Memphis","23","Mississippi State -17","William Hill (New Jersey)","58","-17","","","",""
"401403863","South Carolina","35","Georgia State","14","South Carolina -12.5","Bovada","54.5","-12.5","-11","56","-480","350"
"401403863","South Carolina","35","Georgia State","14","South Carolina -12.5","teamrankings","55","-12.5","","","",""
"401403863","South Carolina","35","Georgia State","14","South Carolina -12.5","consensus","55","-12.5","","","",""
"401403863","South Carolina","35","Georgia State","14","South Carolina -12.5","William Hill (New Jersey)","54","-12.5","","","",""
"401441990","Toledo","37","Long Island University","0","Toledo -47.0","Bovada","57.5","-47","-47","55.5","",""
"401441990","Toledo","37","Long Island University","0","Toledo -47.5","consensus","57","-47.5","","","",""
"401441990","Toledo","37","Long Island University","0","Toledo -47","William Hill (New Jersey)","55.5","-47","","","",""
"401403973","Washington","45","Kent State","20","Washington -24.0","Bovada","61.5","-24","-23","63","-2200","1000"
"401403973","Washington","45","Kent State","20","Washington -23.5","teamrankings","61.5","-23.5","","","",""
"401403973","Washington","45","Kent State","20","Washington -23.5","consensus","61.5","-23.5","","","",""
"401403973","Washington","45","Kent State","20","Washington -23.5","William Hill (New Jersey)","61.5","-23.5","","","",""
"401411093","Wake Forest","44","VMI","10","Wake Forest -33.5","Bovada","66.5","-33.5","-31.5","67.5","",""
"401411093","Wake Forest","44","VMI","10","Wake Forest -33.5","consensus","66.5","-33.5","","","",""
"401411093","Wake Forest","44","VMI","10","Wake Forest -33","William Hill (New Jersey)","66.5","-33","","","",""
"401403867","Florida State","24","LSU","23","LSU -4.5","Bovada","51","4.5","3","51.5","-165","140"
"401426543","Hawai'i","17","Western Kentucky","49","Western Kentucky -16.5","Bovada","67.5","16.5","9","62.5","450","-650"
"401426543","Hawai'i","17","Western Kentucky","49","Western Kentucky -16.5","teamrankings","67.5","16.5","","","",""
"401426543","Hawai'i","17","Western Kentucky","49","Western Kentucky -16.5","consensus","67.5","16.5","","","",""
"401426543","Hawai'i","17","Western Kentucky","49","Western Kentucky -16.5","William Hill (New Jersey)","67.5","16.5","","","",""
"401416592","Northern Illinois","34","Eastern Illinois","27","Northern Illinois -35.0","Bovada","55.5","-35","-35","54","",""
"401416592","Northern Illinois","34","Eastern Illinois","27","Northern Illinois -35","consensus","55.5","-35","","","",""
"401416592","Northern Illinois","34","Eastern Illinois","27","Northern Illinois -35","William Hill (New Jersey)","55.5","-35","","","",""
"401403854","Alabama","55","Utah State","0","Alabama -42.5","Bovada","63","-42.5","-34","62.5","",""
"401403854","Alabama","55","Utah State","0","Alabama -42","teamrankings","63","-42","","","",""
"401403854","Alabama","55","Utah State","0","Alabama -42","consensus","63","-42","","","",""
"401403854","Alabama","55","Utah State","0","Alabama -42","William Hill (New Jersey)","63","-42","","","",""
"401426534","UAB","59","Alabama A&M","0","UAB -41.0","Bovada","60.5","-41","-41","63.5","",""
"401426534","UAB","59","Alabama A&M","0","UAB -40.5","consensus","60.5","-40.5","","","",""
"401426534","UAB","59","Alabama A&M","0","UAB -40.5","William Hill (New Jersey)","60.5","-40.5","","","",""
"401428480","Wagner","31","Fordham","48","Fordham -27.5","Bovada","64","27.5","28.5","64","",""
"401428480","Wagner","31","Fordham","48","Fordham -27.5","consensus","64","27.5","","","",""
"401428480","Wagner","31","Fordham","48","Fordham -28.5","William Hill (New Jersey)","64","28.5","","","",""
"401403859","Kentucky","37","Miami (OH)","13","Kentucky -16.0","Bovada","55","-16","-21","49.5","-1100","650"
"401403859","Kentucky","37","Miami (OH)","13","Kentucky -15","teamrankings","55","-15","","","",""
"401403859","Kentucky","37","Miami (OH)","13","Kentucky -15","consensus","55","-15","","","",""
"401403859","Kentucky","37","Miami (OH)","13","Kentucky -16","William Hill (New Jersey)","55","-16","","","",""
"401403857","Florida","29","Utah","26","Utah -2.5","Bovada","51.5","2.5","","52.5","120","-140"
"401403857","Florida","29","Utah","26","Utah -2.5","teamrankings","52","2.5","","","",""
"401403857","Florida","29","Utah","26","Utah -2.5","consensus","51.5","2.5","","","",""
"401403857","Florida","29","Utah","26","Utah -2.5","William Hill (New Jersey)","51.5","2.5","","","",""
"401418782","Abilene Christian","28","Lamar","14","Abilene Christian -16.0","Bovada","50.5","-16","-16.5","50.5","",""
"401418782","Abilene Christian","28","Lamar","14","Abilene Christian -16.5","consensus","50.5","-16.5","","","",""
"401418782","Abilene Christian","28","Lamar","14","Abilene Christian -17","William Hill (New Jersey)","50.5","-17","","","",""
"401403965","Arizona State","40","Northern Arizona","3","Arizona State -25.5","Bovada","52.5","-25.5","-27.5","52","",""
"401403965","Arizona State","40","Northern Arizona","3","Arizona State -25.5","consensus","52.5","-25.5","","","",""
"401403965","Arizona State","40","Northern Arizona","3","Arizona State -25.5","William Hill (New Jersey)","52","-25.5","","","",""
"401421137","Campbell","29","The Citadel","10","Campbell -10.0","Bovada","56","-10","-10","56","",""
"401421137","Campbell","29","The Citadel","10","Campbell -9.5","consensus","56","-9.5","","","",""
"401421137","Campbell","29","The Citadel","10","Campbell -9.5","William Hill (New Jersey)","56","-9.5","","","",""
"401426533","Florida International","38","Bryant","37","Florida International -10.5","Bovada","58.5","-10.5","-10","54","",""
"401426533","Florida International","38","Bryant","37","Florida International -10.5","consensus","58.5","-10.5","","","",""
"401426533","Florida International","38","Bryant","37","Florida International -10","William Hill (New Jersey)","58.5","-10","","","",""
"401411099","Syracuse","31","Louisville","7","Louisville -6.0","Bovada","55","6","4","59.5","155","-180"
"401424402","New Hampshire","31","Monmouth","21","Monmouth -1.5","Bovada","48.5","1.5","1.5","48.5","",""
"401424402","New Hampshire","31","Monmouth","21","Monmouth -1.5","consensus","48.5","1.5","","","",""
"401424402","New Hampshire","31","Monmouth","21","Monmouth -1.5","Caesars Sportsbook (Colorado)","48.5","1.5","","","",""
"401404124","Ohio State","21","Notre Dame","10","Ohio State -17.0","Bovada","59.5","-17","-14.5","58","-800","525"
"401404124","Ohio State","21","Notre Dame","10","Ohio State -17","teamrankings","58.5","-17","","","",""
"401404124","Ohio State","21","Notre Dame","10","Ohio State -17","consensus","58.5","-17","","","",""
"401404124","Ohio State","21","Notre Dame","10","Ohio State -17","William Hill (New Jersey)","58.5","-17","","","",""
"401426539","North Texas","10","SMU","48","SMU -9.5","Bovada","67.5","9.5","7","71","285","-370"
"401426539","North Texas","10","SMU","48","SMU -9.5","teamrankings","67.5","9.5","","","",""
"401426539","North Texas","10","SMU","48","SMU -9.5","consensus","67.5","9.5","","","",""
"401426539","North Texas","10","SMU","48","SMU -8.5","William Hill (New Jersey)","66.5","8.5","","","",""
"401424414","Stony Brook","14","Rhode Island","35","Rhode Island -0.0","Bovada","46","0","","46","",""
"401424414","Stony Brook","14","Rhode Island","35","Rhode Island -0","consensus","46","0","","","",""
"401424414","Stony Brook","14","Rhode Island","35","Rhode Island -0","William Hill (New Jersey)","46","0","","","",""
"401418776","Indiana State","17","North Alabama","14","Indiana State -3.5","Bovada","51.5","-3.5","-3","51.5","",""
"401418776","Indiana State","17","North Alabama","14","Indiana State -3.5","consensus","51.5","-3.5","","","",""
"401418776","Indiana State","17","North Alabama","14","Indiana State -3.5","William Hill (New Jersey)","51.5","-3.5","","","",""
"401418645","Samford","27","Kennesaw State","17","Kennesaw State -13.5","Bovada","68.5","13.5","10.5","68.5","",""
"401420806","Central Arkansas","14","Missouri State","27","Missouri State -16.5","Bovada","65.5","16.5","14.5","64","",""
"401420806","Central Arkansas","14","Missouri State","27","Missouri State -16","consensus","66","16","","","",""
"401420806","Central Arkansas","14","Missouri State","27","Missouri State -16","William Hill (New Jersey)","66","16","","","",""
"401415610","UCF","56","South Carolina State","10","UCF -43.5","Bovada","58.5","-43.5","-39.5","57","",""
"401415610","UCF","56","South Carolina State","10","UCF -43.5","consensus","58","-43.5","","","",""
"401415610","UCF","56","South Carolina State","10","UCF -43.5","William Hill (New Jersey)","57.5","-43.5","","","",""
"401415213","San José State","21","Portland State","17","San José State -22.0","Bovada","51","-22","-22","54.5","",""
"401415213","San José State","21","Portland State","17","San José State -22","consensus","51","-22","","","",""
"401415213","San José State","21","Portland State","17","San José State -22","William Hill (New Jersey)","51","-22","","","",""
"401404059","Texas","52","UL Monroe","10","Texas -37.5","Bovada","64","-37.5","-38","67","",""
"401404059","Texas","52","UL Monroe","10","Texas -37","teamrankings","64.5","-37","","","",""
"401404059","Texas","52","UL Monroe","10","Texas -37.5","consensus","64.5","-37.5","","","",""
"401404059","Texas","52","UL Monroe","10","Texas -37.5","William Hill (New Jersey)","64.5","-37.5","","","",""
"401413224","Fresno State","35","Cal Poly","7","Fresno State -43.0","Bovada","63","-43","-41","59.5","",""
"401413224","Fresno State","35","Cal Poly","7","Fresno State -42.5","consensus","63","-42.5","","","",""
"401413224","Fresno State","35","Cal Poly","7","Fresno State -42","William Hill (New Jersey)","63","-42","","","",""
"401404056","Kansas State","34","South Dakota","0","Kansas State -27.0","Bovada","50","-27","-25","47.5","",""
"401404056","Kansas State","34","South Dakota","0","Kansas State -27","consensus","50.5","-27","","","",""
"401404056","Kansas State","34","South Dakota","0","Kansas State -27","William Hill (New Jersey)","50.5","-27","","","",""
"401403970","Stanford","41","Colgate","10","Stanford -39.0","Bovada","52","-39","-40","51","",""
"401403970","Stanford","41","Colgate","10","Stanford -40","consensus","51.5","-40","","","",""
"401403970","Stanford","41","Colgate","10","Stanford -40","William Hill (New Jersey)","51.5","-40","","","",""
"401404147","UConn","28","Central Connecticut","3","UConn -21.0","Bovada","51","-21","-20","51.5","",""
"401404147","UConn","28","Central Connecticut","3","UConn -20.5","consensus","51.5","-20.5","","","",""
"401404147","UConn","28","Central Connecticut","3","UConn -20.5","William Hill (New Jersey)","51","-20.5","","","",""
"401415209","Air Force","48","Northern Iowa","17","Air Force -16.0","Bovada","47","-16","-15","44","",""
"401415209","Air Force","48","Northern Iowa","17","Air Force -14.5","consensus","46.5","-14.5","","","",""
"401415209","Air Force","48","Northern Iowa","17","Air Force -15","William Hill (New Jersey)","46.5","-15","","","",""
"401403974","Washington State","24","Idaho","17","Washington State -29.0","Bovada","63.5","-29","-28","61.5","",""
"401403974","Washington State","24","Idaho","17","Washington State -28.5","consensus","63.5","-28.5","","","",""
"401403974","Washington State","24","Idaho","17","Washington State -28.5","William Hill (New Jersey)","63.5","-28.5","","","",""
"401405062","Iowa","7","South Dakota State","3","Iowa -11.0","Bovada","42.5","-11","-10.5","42.5","",""
"401405062","Iowa","7","South Dakota State","3","Iowa -10.5","consensus","42","-10.5","","","",""
"401405062","Iowa","7","South Dakota State","3","Iowa -10.5","William Hill (New Jersey)","42","-10.5","","","",""
"401411100","Virginia","34","Richmond","17","Virginia -22.5","Bovada","62","-22.5","-21","58.5","",""
"401411100","Virginia","34","Richmond","17","Virginia -21.5","consensus","60.5","-21.5","","","",""
"401411100","Virginia","34","Richmond","17","Virginia -21","William Hill (New Jersey)","60.5","-21","","","",""
"401415015","Marshall","55","Norfolk State","3","Marshall -40.5","Bovada","59","-40.5","-40.5","59","",""
"401415015","Marshall","55","Norfolk State","3","Marshall -40.5","consensus","59","-40.5","","","",""
"401415015","Marshall","55","Norfolk State","3","Marshall -40.5","William Hill (New Jersey)","59","-40.5","","","",""
"401415611","Navy","7","Delaware","14","Navy -13.0","Bovada","49.5","-13","-12","48.5","",""
"401415611","Navy","7","Delaware","14","Navy -13","consensus","48.5","-13","","","",""
"401415611","Navy","7","Delaware","14","Navy -12","William Hill (New Jersey)","49","-12","","","",""
"401421116","South Alabama","48","Nicholls","7","South Alabama -13.5","Bovada","53","-13.5","-13.5","53","-575","400"
"401421116","South Alabama","48","Nicholls","7","South Alabama -13.5","consensus","53","-13.5","","","",""
"401421116","South Alabama","48","Nicholls","7","South Alabama -13.5","William Hill (New Jersey)","53","-13.5","","","",""
"401435072","Merrimack","17","Holy Cross","31","Holy Cross -23.5","Bovada","50","23.5","23","50.5","",""
"401435072","Merrimack","17","Holy Cross","31","Holy Cross -23.5","consensus","49.5","23.5","","","",""
"401435072","Merrimack","17","Holy Cross","31","Holy Cross -23.5","William Hill (New Jersey)","49.5","23.5","","","",""
"401424415","Villanova","45","Lehigh","17","Villanova -27.5","Bovada","43","-27.5","-28","42.5","",""
"401424415","Villanova","45","Lehigh","17","Villanova -27.5","consensus","43","-27.5","","","",""
"401424415","Villanova","45","Lehigh","17","Villanova -27.5","William Hill (New Jersey)","43","-27.5","","","",""
"401403865","Texas A&M","31","Sam Houston","0","Texas A&M -38.0","Bovada","55.5","-38","-33","53.5","",""
"401403865","Texas A&M","31","Sam Houston","0","Texas A&M -36.5","consensus","54","-36.5","","","",""
"401403865","Texas A&M","31","Sam Houston","0","Texas A&M -34.5","William Hill (New Jersey)","54","-34.5","","","",""
"401416590","Eastern Michigan","42","Eastern Kentucky","34","Eastern Michigan -10.5","Bovada","58","-10.5","-13","58","-435","325"
"401416590","Eastern Michigan","42","Eastern Kentucky","34","Eastern Michigan -10.5","consensus","57.5","-10.5","","","",""
"401416590","Eastern Michigan","42","Eastern Kentucky","34","Eastern Michigan -11.5","William Hill (New Jersey)","57.5","-11.5","","","",""
"401403968","California","34","UC Davis","13","California -14.0","Bovada","44","-14","-13.5","44","-600","425"
"401403968","California","34","UC Davis","13","California -14","consensus","44","-14","","","",""
"401403968","California","34","UC Davis","13","California -14","William Hill (New Jersey)","44","-14","","","",""
"401404052","Kansas","56","Tennessee Tech","10","Kansas -30.0","Bovada","62","-30","-31","60","",""
"401404052","Kansas","56","Tennessee Tech","10","Kansas -30.5","consensus","62","-30.5","","","",""
"401404052","Kansas","56","Tennessee Tech","10","Kansas -30.5","William Hill (New Jersey)","59.5","-30.5","","","",""
"401426535","Charlotte","24","William & Mary","41","Charlotte -4.5","Bovada","52","-4.5","-2.5","52","-185","160"
"401426535","Charlotte","24","William & Mary","41","Charlotte -4.5","consensus","52","-4.5","","","",""
"401426535","Charlotte","24","William & Mary","41","Charlotte -4.5","William Hill (New Jersey)","52","-4.5","","","",""
"401405065","Wisconsin","38","Illinois State","0","Wisconsin -36.0","Bovada","42.5","-36","-36.5","43","",""
"401405065","Wisconsin","38","Illinois State","0","Wisconsin -36.5","consensus","42.5","-36.5","","","",""
"401405065","Wisconsin","38","Illinois State","0","Wisconsin -36.5","William Hill (New Jersey)","42.5","-36.5","","","",""
"401425418","Arkansas State","58","Grambling","3","Arkansas State -25.5","Bovada","57","-25.5","-24.5","58.5","",""
"401425418","Arkansas State","58","Grambling","3","Arkansas State -25.5","consensus","57.5","-25.5","","","",""
"401425418","Arkansas State","58","Grambling","3","Arkansas State -25","William Hill (New Jersey)","57","-25","","","",""
"401403856","Auburn","42","Mercer","16","Auburn -30.0","Bovada","51.5","-30","-29","50","",""
"401403856","Auburn","42","Mercer","16","Auburn -30","consensus","51.5","-30","","","",""
"401403856","Auburn","42","Mercer","16","Auburn -30","William Hill (New Jersey)","51.5","-30","","","",""
"401421121","Louisiana","24","SE Louisiana","7","Louisiana -13.0","Bovada","61","-13","-13","61","-550","390"
"401421121","Louisiana","24","SE Louisiana","7","Louisiana -13.5","consensus","61","-13.5","","","",""
"401421121","Louisiana","24","SE Louisiana","7","Louisiana -13","William Hill (New Jersey)","61","-13","","","",""
"401420777","Georgia Southern","59","Morgan State","7","Georgia Southern -39.5","Bovada","54","-39.5","-39.5","53.5","",""
"401420777","Georgia Southern","59","Morgan State","7","Georgia Southern -39.5","consensus","53.5","-39.5","","","",""
"401420777","Georgia Southern","59","Morgan State","7","Georgia Southern -40.5","William Hill (New Jersey)","54","-40.5","","","",""
"401403969","Oregon State","34","Boise State","17","Oregon State -1.5","Bovada","55.5","-1.5","-2","60.5","-145","125"
"401403969","Oregon State","34","Boise State","17","Oregon State -2","teamrankings","55.5","-2","","","",""
"401403969","Oregon State","34","Boise State","17","Oregon State -1.5","consensus","55.5","-1.5","","","",""
"401403969","Oregon State","34","Boise State","17","Oregon State -1.5","William Hill (New Jersey)","55.5","-1.5","","","",""
"401405063","Nebraska","38","North Dakota","17","Nebraska -28.0","Bovada","62.5","-28","-29.5","62.5","",""
"401405063","Nebraska","38","North Dakota","17","Nebraska -28.5","consensus","62.5","-28.5","","","",""
"401405063","Nebraska","38","North Dakota","17","Nebraska -28.5","William Hill (New Jersey)","62.5","-28.5","","","",""
"401424416","Baylor","69","UAlbany","10","Baylor -43.0","Bovada","47.5","-43","-42.5","45.5","",""
"401424416","Baylor","69","UAlbany","10","Baylor -42.5","consensus","46.5","-42.5","","","",""
"401424416","Baylor","69","UAlbany","10","Baylor -42.5","William Hill (New Jersey)","46","-42.5","","","",""
"401415210","New Mexico","41","Maine","0","New Mexico -6.5","Bovada","42","-6.5","-5","42","-210","175"
"401415210","New Mexico","41","Maine","0","New Mexico -6","consensus","42.5","-6","","","",""
"401415210","New Mexico","41","Maine","0","New Mexico -6","William Hill (New Jersey)","42.5","-6","","","",""
"401403866","Vanderbilt","42","Elon","31","Vanderbilt -20.0","Bovada","51","-20","-18","51","",""
"401403866","Vanderbilt","42","Elon","31","Vanderbilt -18.5","consensus","51.5","-18.5","","","",""
"401403866","Vanderbilt","42","Elon","31","Vanderbilt -18.5","William Hill (New Jersey)","51.5","-18.5","","","",""
"401404055","Texas Tech","63","Murray State","10","Texas Tech -39.0","Bovada","64.5","-39","-38","60","",""
"401404055","Texas Tech","63","Murray State","10","Texas Tech -38","consensus","64","-38","","","",""
"401404055","Texas Tech","63","Murray State","10","Texas Tech -38","William Hill (New Jersey)","64","-38","","","",""
"401403984","Wisconsin","14","Washington State","17","Wisconsin -17.5","Bovada","49","-17.5","-17","46.5","-1000","625"
"401403984","Wisconsin","14","Washington State","17","Wisconsin -17.5","teamrankings","48.5","-17.5","","","",""
"401403984","Wisconsin","14","Washington State","17","Wisconsin -17.5","consensus","49","-17.5","","","",""
"401403984","Wisconsin","14","Washington State","17","Wisconsin -17.5","William Hill (New Jersey)","49","-17.5","","","",""
"401404064","Iowa","7","Iowa State","10","Iowa -3.5","Bovada","38.5","-3.5","-3.5","41.5","-175","150"
"401404064","Iowa","7","Iowa State","10","Iowa -3.5","teamrankings","39","-3.5","","","",""
"401404064","Iowa","7","Iowa State","10","Iowa -3.5","consensus","39","-3.5","","","",""
"401404064","Iowa","7","Iowa State","10","Iowa -3.5","William Hill (New Jersey)","39","-3.5","","","",""
"401415617","Navy","13","Memphis","37","Memphis -4.5","Bovada","47","4.5","6.5","50","170","-200"
"401415617","Navy","13","Memphis","37","Memphis -4.5","teamrankings","47.5","4.5","","","",""
"401415617","Navy","13","Memphis","37","Memphis -4.5","consensus","47.5","4.5","","","",""
"401415617","Navy","13","Memphis","37","Memphis -4.5","William Hill (New Jersey)","47","4.5","","","",""
"401404063","Texas Tech","33","Houston","30","Texas Tech -4.0","Bovada","62.5","-4","-3","65.5","-165","140"
"401404063","Texas Tech","33","Houston","30","Texas Tech -3.5","teamrankings","62.5","-3.5","","","",""
"401404063","Texas Tech","33","Houston","30","Texas Tech -4","consensus","62","-4","","","",""
"401404063","Texas Tech","33","Houston","30","Texas Tech -4","William Hill (New Jersey)","62","-4","","","",""
"401404062","BYU","26","Baylor","20","BYU -2.5","Bovada","55","-2.5","-2.5","53","-150","130"
"401404062","BYU","26","Baylor","20","BYU -2.5","teamrankings","54.5","-2.5","","","",""
"401404062","BYU","26","Baylor","20","BYU -2.5","consensus","55","-2.5","","","",""
"401404062","BYU","26","Baylor","20","BYU -2.5","William Hill (New Jersey)","55","-2.5","","","",""
"401411108","Virginia Tech","27","Boston College","10","Virginia Tech -3.0","Bovada","45","-3","-3","45","-135","115"
"401411108","Virginia Tech","27","Boston College","10","Virginia Tech -2.5","teamrankings","45","-2.5","","","",""
"401411108","Virginia Tech","27","Boston College","10","Virginia Tech -3","consensus","45","-3","","","",""
"401411108","Virginia Tech","27","Boston College","10","Virginia Tech -3","William Hill (New Jersey)","45","-3","","","",""
"401403877","Pittsburgh","27","Tennessee","34","Tennessee -6.0","Bovada","63","6","6","65","185","-225"
"401403877","Pittsburgh","27","Tennessee","34","Tennessee -6","teamrankings","63","6","","","",""
"401403877","Pittsburgh","27","Tennessee","34","Tennessee -6","consensus","62.5","6","","","",""
"401403877","Pittsburgh","27","Tennessee","34","Tennessee -6","William Hill (New Jersey)","62.5","6","","","",""
"401426545","Charlotte","21","Maryland","56","Maryland -28.0","Bovada","65","28","27","66.5","",""
"401426545","Charlotte","21","Maryland","56","Maryland -28","teamrankings","65","28","","","",""
"401426545","Charlotte","21","Maryland","56","Maryland -28","consensus","65","28","","","",""
"401426545","Charlotte","21","Maryland","56","Maryland -28","William Hill (New Jersey)","65","28","","","",""
"401404148","UConn","14","Syracuse","48","Syracuse -23.5","Bovada","49.5","23.5","19.5","53.5","950","-2000"
"401404148","UConn","14","Syracuse","48","Syracuse -23.5","teamrankings","49.5","23.5","","","",""
"401404148","UConn","14","Syracuse","48","Syracuse -23.5","consensus","49.5","23.5","","","",""
"401404148","UConn","14","Syracuse","48","Syracuse -24","William Hill (New Jersey)","49.5","24","","","",""
"401403871","Florida","16","Kentucky","26","Florida -6.0","Bovada","53","-6","-4.5","51.5","-220","180"
"401403871","Florida","16","Kentucky","26","Florida -6","teamrankings","53","-6","","","",""
"401403871","Florida","16","Kentucky","26","Florida -6","consensus","52.5","-6","","","",""
"401403871","Florida","16","Kentucky","26","Florida -6","William Hill (New Jersey)","52.5","-6","","","",""
"401426548","Colorado State","19","Middle Tennessee","34","Colorado State -14.0","Bovada","58","-14","-7","57","-415","310"
"401426548","Colorado State","19","Middle Tennessee","34","Colorado State -13.5","teamrankings","58","-13.5","","","",""
"401426548","Colorado State","19","Middle Tennessee","34","Colorado State -13.5","consensus","58.5","-13.5","","","",""
"401426548","Colorado State","19","Middle Tennessee","34","Colorado State -13.5","William Hill (New Jersey)","58.5","-13.5","","","",""
"401426551","Liberty","21","UAB","14","UAB -6.0","Bovada","50","6","5","52","200","-240"
"401426551","Liberty","21","UAB","14","UAB -6","teamrankings","50","6","","","",""
"401426551","Liberty","21","UAB","14","UAB -6","consensus","50","6","","","",""
"401426551","Liberty","21","UAB","14","UAB -6","William Hill (New Jersey)","49.5","6","","","",""
"401405073","Northwestern","23","Duke","31","Northwestern -10.0","Bovada","56","-10","-9","56.5","-380","290"
"401405073","Northwestern","23","Duke","31","Northwestern -10","teamrankings","56.5","-10","","","",""
"401405073","Northwestern","23","Duke","31","Northwestern -10","consensus","56","-10","","","",""
"401405073","Northwestern","23","Duke","31","Northwestern -10","William Hill (New Jersey)","56","-10","","","",""
"401426544","Texas State","41","Florida International","12","Texas State -14.0","Bovada","62","-14","-10","55","-575","400"
"401426544","Texas State","41","Florida International","12","Texas State -13.5","teamrankings","62.5","-13.5","","","",""
"401426544","Texas State","41","Florida International","12","Texas State -13.5","consensus","62.5","-13.5","","","",""
"401426544","Texas State","41","Florida International","12","Texas State -13.5","William Hill (New Jersey)","62.5","-13.5","","","",""
"401403975","Oklahoma State","34","Arizona State","17","Oklahoma State -12.0","Bovada","58.5","-12","-10","54","-435","325"
"401403975","Oklahoma State","34","Arizona State","17","Oklahoma State -12","teamrankings","58.5","-12","","","",""
"401403975","Oklahoma State","34","Arizona State","17","Oklahoma State -11.5","consensus","58","-11.5","","","",""
"401403975","Oklahoma State","34","Arizona State","17","Oklahoma State -11.5","William Hill (New Jersey)","58","-11.5","","","",""
"401415613","UCF","14","Louisville","20","UCF -6.0","Bovada","63","-6","-6","61.5","-210","175"
"401415613","UCF","14","Louisville","20","UCF -5.5","teamrankings","62","-5.5","","","",""
"401415613","UCF","14","Louisville","20","UCF -5.5","consensus","62.5","-5.5","","","",""
"401415613","UCF","14","Louisville","20","UCF -5.5","William Hill (New Jersey)","62.5","-5.5","","","",""
"401404066","Oklahoma","33","Kent State","3","Oklahoma -33.5","Bovada","73","-33.5","-32","71","",""
"401404066","Oklahoma","33","Kent State","3","Oklahoma -33.5","teamrankings","73","-33.5","","","",""
"401404066","Oklahoma","33","Kent State","3","Oklahoma -33","consensus","72.5","-33","","","",""
"401404066","Oklahoma","33","Kent State","3","Oklahoma -33","William Hill (New Jersey)","72.5","-33","","","",""
"401415620","Tulsa","38","Northern Illinois","35","Tulsa -6.5","Bovada","63","-6.5","-6","57","-235","195"
"401415620","Tulsa","38","Northern Illinois","35","Tulsa -6.5","teamrankings","63","-6.5","","","",""
"401415620","Tulsa","38","Northern Illinois","35","Tulsa -6.5","consensus","63","-6.5","","","",""
"401415620","Tulsa","38","Northern Illinois","35","Tulsa -6.5","William Hill (New Jersey)","63","-6.5","","","",""
"401403976","California","20","UNLV","14","California -12.5","Bovada","49.5","-12.5","-13","50.5","-480","350"
"401403976","California","20","UNLV","14","California -12","teamrankings","49.5","-12","","","",""
"401403976","California","20","UNLV","14","California -12.5","consensus","49.5","-12.5","","","",""
"401403976","California","20","UNLV","14","California -12.5","William Hill (New Jersey)","49.5","-12.5","","","",""
"401415024","East Carolina","39","Old Dominion","21","East Carolina -13.5","Bovada","49.5","-13.5","-11","52","-500","360"
"401415024","East Carolina","39","Old Dominion","21","East Carolina -13","teamrankings","49.5","-13","","","",""
"401415024","East Carolina","39","Old Dominion","21","East Carolina -13","consensus","50","-13","","","",""
"401415024","East Carolina","39","Old Dominion","21","East Carolina -13","William Hill (New Jersey)","50","-13","","","",""
"401403980","Stanford","28","USC","41","USC -9.5","Bovada","67","9.5","10","65","255","-310"
"401403980","Stanford","28","USC","41","USC -9.5","teamrankings","66.5","9.5","","","",""
"401403980","Stanford","28","USC","41","USC -9.5","consensus","66.5","9.5","","","",""
"401403980","Stanford","28","USC","41","USC -9.5","William Hill (New Jersey)","66.5","9.5","","","",""
"401405080","Penn State","46","Ohio","10","Penn State -28.0","Bovada","55","-28","-26.5","53.5","-2800","1100"
"401405080","Penn State","46","Ohio","10","Penn State -28","teamrankings","55","-28","","","",""
"401405080","Penn State","46","Ohio","10","Penn State -28","consensus","54.5","-28","","","",""
"401405080","Penn State","46","Ohio","10","Penn State -28","William Hill (New Jersey)","55","-28","","","",""
"401411105","Miami","30","Southern Miss","7","Miami -27.0","Bovada","50.5","-27","-27","57","",""
"401411105","Miami","30","Southern Miss","7","Miami -27.5","teamrankings","51","-27.5","","","",""
"401411105","Miami","30","Southern Miss","7","Miami -27.5","consensus","50.5","-27.5","","","",""
"401411105","Miami","30","Southern Miss","7","Miami -27.5","William Hill (New Jersey)","50","-27.5","","","",""
"401403878","Texas A&M","14","App State","17","Texas A&M -18.0","Bovada","54","-18","-16.5","54","-1100","650"
"401403878","Texas A&M","14","App State","17","Texas A&M -18","teamrankings","54","-18","","","",""
"401403878","Texas A&M","14","App State","17","Texas A&M -18","consensus","54","-18","","","",""
"401403878","Texas A&M","14","App State","17","Texas A&M -18","William Hill (New Jersey)","54","-18","","","",""
"401411103","Georgia State","28","North Carolina","35","North Carolina -7.0","Bovada","64.5","7","9.5","68","215","-260"
"401411103","Georgia State","28","North Carolina","35","North Carolina -7","teamrankings","64","7","","","",""
"401411103","Georgia State","28","North Carolina","35","North Carolina -7","consensus","64","7","","","",""
"401411103","Georgia State","28","North Carolina","35","North Carolina -7","William Hill (New Jersey)","64.5","7","","","",""
"401405072","Nebraska","42","Georgia Southern","45","Nebraska -23.5","Bovada","64","-23.5","-21.5","59.5","-2800","1100"
"401405072","Nebraska","42","Georgia Southern","45","Nebraska -23.5","teamrankings","64","-23.5","","","",""
"401405072","Nebraska","42","Georgia Southern","45","Nebraska -23.5","consensus","64","-23.5","","","",""
"401405072","Nebraska","42","Georgia Southern","45","Nebraska -23.5","William Hill (New Jersey)","64","-23.5","","","",""
"401403868","Texas","19","Alabama","20","Alabama -21.5","Bovada","64.5","21.5","19.5","61.5","775","-1500"
"401403868","Texas","19","Alabama","20","Alabama -21","teamrankings","64","21","","","",""
"401403868","Texas","19","Alabama","20","Alabama -21","consensus","63.5","21","","","",""
"401403868","Texas","19","Alabama","20","Alabama -21.5","William Hill (New Jersey)","63","21.5","","","",""
"401403869","Arkansas","44","South Carolina","30","Arkansas -9.5","Bovada","56.5","-9.5","-9","53","-320","260"
"401403869","Arkansas","44","South Carolina","30","Arkansas -9","teamrankings","56","-9","","","",""
"401403869","Arkansas","44","South Carolina","30","Arkansas -8.5","consensus","56","-8.5","","","",""
"401403869","Arkansas","44","South Carolina","30","Arkansas -9","William Hill (New Jersey)","56.5","-9","","","",""
"401420807","Missouri State","35","UT Martin","30","Missouri State -14.0","Bovada","59","-14","-11","56.5","-550","390"
"401415214","New Mexico","14","Boise State","31","Boise State -17.0","Bovada","43.5","17","17","46.5","525","-800"
"401415214","New Mexico","14","Boise State","31","Boise State -17","teamrankings","43.5","17","","","",""
"401415214","New Mexico","14","Boise State","31","Boise State -17","consensus","43.5","17","","","",""
"401415214","New Mexico","14","Boise State","31","Boise State -17","William Hill (New Jersey)","43.5","17","","","",""
"401426552","UTEP","20","New Mexico State","13","UTEP -17.0","Bovada","46","-17","-13.5","46","-850","550"
"401426552","UTEP","20","New Mexico State","13","UTEP -17","teamrankings","46.5","-17","","","",""
"401426552","UTEP","20","New Mexico State","13","UTEP -17.5","consensus","46.5","-17.5","","","",""
"401426552","UTEP","20","New Mexico State","13","UTEP -17","William Hill (New Jersey)","46.5","-17","","","",""
"401403977","Air Force","41","Colorado","10","Air Force -17.5","Bovada","50","-17.5","-16","45.5","-900","575"
"401403977","Air Force","41","Colorado","10","Air Force -17.5","teamrankings","50","-17.5","","","",""
"401403977","Air Force","41","Colorado","10","Air Force -17.5","consensus","50","-17.5","","","",""
"401403977","Air Force","41","Colorado","10","Air Force -17.5","William Hill (New Jersey)","50","-17.5","","","",""
"401403979","Fresno State","32","Oregon State","35","Fresno State -1.0","Bovada","59","-1","-1","60.5","-115","-105"
"401403979","Fresno State","32","Oregon State","35","Fresno State -1","teamrankings","59","-1","","","",""
"401403979","Fresno State","32","Oregon State","35","Fresno State -1","consensus","58.5","-1","","","",""
"401403979","Fresno State","32","Oregon State","35","Fresno State -1","William Hill (New Jersey)","58.5","-1","","","",""
"401403875","Arizona","17","Mississippi State","39","Mississippi State -13.0","Bovada","58.5","13","8.5","61","290","-380"
"401403875","Arizona","17","Mississippi State","39","Mississippi State -11.5","teamrankings","57.5","11.5","","","",""
"401403875","Arizona","17","Mississippi State","39","Mississippi State -12.5","consensus","58","12.5","","","",""
"401403875","Arizona","17","Mississippi State","39","Mississippi State -12.5","William Hill (New Jersey)","58","12.5","","","",""
"401405077","Michigan","56","Hawai'i","10","Michigan -53.0","Bovada","66.5","-53","-50","65","",""
"401405077","Michigan","56","Hawai'i","10","Michigan -52.5","teamrankings","66.5","-52.5","","","",""
"401405077","Michigan","56","Hawai'i","10","Michigan -52.5","consensus","66.5","-52.5","","","",""
"401405077","Michigan","56","Hawai'i","10","Michigan -53","William Hill (New Jersey)","66.5","-53","","","",""
"401403879","Vanderbilt","25","Wake Forest","45","Wake Forest -14.0","Bovada","65.5","14","6.5","61.5","340","-460"
"401403879","Vanderbilt","25","Wake Forest","45","Wake Forest -13.5","teamrankings","65.5","13.5","","","",""
"401403879","Vanderbilt","25","Wake Forest","45","Wake Forest -13.5","consensus","65","13.5","","","",""
"401403879","Vanderbilt","25","Wake Forest","45","Wake Forest -13.5","William Hill (New Jersey)","65","13.5","","","",""
"401403876","Kansas State","40","Missouri","12","Kansas State -7.0","Bovada","52.5","-7","-8.5","55.5","-300","250"
"401403876","Kansas State","40","Missouri","12","Kansas State -7","teamrankings","52.5","-7","","","",""
"401403876","Kansas State","40","Missouri","12","Kansas State -7.5","consensus","52.5","-7.5","","","",""
"401403876","Kansas State","40","Missouri","12","Kansas State -7","William Hill (New Jersey)","52.5","-7","","","",""
"401404065","West Virginia","42","Kansas","55","West Virginia -14.0","Bovada","60","-14","-13.5","57.5","-525","375"
"401404065","West Virginia","42","Kansas","55","West Virginia -14","teamrankings","59.5","-14","","","",""
"401404065","West Virginia","42","Kansas","55","West Virginia -14","consensus","59.5","-14","","","",""
"401404065","West Virginia","42","Kansas","55","West Virginia -14","William Hill (New Jersey)","60","-14","","","",""
"401416594","Ball State","30","Western Michigan","37","Western Michigan -6.5","Bovada","52","6.5","6.5","55.5","200","-240"
"401416594","Ball State","30","Western Michigan","37","Western Michigan -6.5","teamrankings","51.5","6.5","","","",""
"401416594","Ball State","30","Western Michigan","37","Western Michigan -6.5","consensus","51.5","6.5","","","",""
"401416594","Ball State","30","Western Michigan","37","Western Michigan -6.5","William Hill (New Jersey)","51.5","6.5","","","",""
"401405078","Michigan State","52","Akron","0","Michigan State -34.5","Bovada","56","-34.5","-34.5","56","",""
"401405078","Michigan State","52","Akron","0","Michigan State -34.5","teamrankings","56","-34.5","","","",""
"401405078","Michigan State","52","Akron","0","Michigan State -34.5","consensus","56","-34.5","","","",""
"401405078","Michigan State","52","Akron","0","Michigan State -34.5","William Hill (New Jersey)","56","-34.5","","","",""
"401416598","Louisiana","49","Eastern Michigan","21","Louisiana -11.0","Bovada","56","-11","-11","56","-450","335"
"401416598","Louisiana","49","Eastern Michigan","21","Louisiana -11","teamrankings","56","-11","","","",""
"401416598","Louisiana","49","Eastern Michigan","21","Louisiana -11","consensus","56","-11","","","",""
"401416598","Louisiana","49","Eastern Michigan","21","Louisiana -11","William Hill (New Jersey)","56","-11","","","",""
"401405070","Illinois","24","Virginia","3","Illinois -3.5","Bovada","55","-3.5","-3.5","56.5","-175","150"
"401405070","Illinois","24","Virginia","3","Illinois -4","teamrankings","55","-4","","","",""
"401405070","Illinois","24","Virginia","3","Illinois -4","consensus","55","-4","","","",""
"401405070","Illinois","24","Virginia","3","Illinois -4","William Hill (New Jersey)","55","-4","","","",""
"401416597","Central Michigan","24","South Alabama","38","Central Michigan -6.0","Bovada","57.5","-6","-6.5","59","-200","170"
"401416597","Central Michigan","24","South Alabama","38","Central Michigan -6","teamrankings","57.5","-6","","","",""
"401416597","Central Michigan","24","South Alabama","38","Central Michigan -6","consensus","57.5","-6","","","",""
"401416597","Central Michigan","24","South Alabama","38","Central Michigan -6","William Hill (New Jersey)","57.5","-6","","","",""
"401403870","Auburn","24","San José State","16","Auburn -24.0","Bovada","48.5","-24","-23","51.5","-2800","1100"
"401403870","Auburn","24","San José State","16","Auburn -24","teamrankings","48.5","-24","","","",""
"401403870","Auburn","24","San José State","16","Auburn -24","consensus","48.5","-24","","","",""
"401403870","Auburn","24","San José State","16","Auburn -24","William Hill (New Jersey)","48.5","-24","","","",""
"401404125","Notre Dame","21","Marshall","26","Notre Dame -21.0","Bovada","48.5","-21","-19","52","-1800","850"
"401404125","Notre Dame","21","Marshall","26","Notre Dame -20.5","teamrankings","48","-20.5","","","",""
"401404125","Notre Dame","21","Marshall","26","Notre Dame -20.5","consensus","48","-20.5","","","",""
"401404125","Notre Dame","21","Marshall","26","Notre Dame -20.5","William Hill (New Jersey)","48","-20.5","","","",""
"401405079","Ohio State","45","Arkansas State","12","Ohio State -44.5","Bovada","68.5","-44.5","-44","68.5","",""
"401405079","Ohio State","45","Arkansas State","12","Ohio State -44.5","teamrankings","68.5","-44.5","","","",""
"401405079","Ohio State","45","Arkansas State","12","Ohio State -44.5","consensus","68.5","-44.5","","","",""
"401405079","Ohio State","45","Arkansas State","12","Ohio State -44.5","William Hill (New Jersey)","68.5","-44.5","","","",""
"401414779","Toledo","55","Massachusetts","10","Toledo -28.5","Bovada","49","-28.5","-30.5","53.5","",""
"401414779","Toledo","55","Massachusetts","10","Toledo -28","teamrankings","49","-28","","","",""
"401414779","Toledo","55","Massachusetts","10","Toledo -28","consensus","49.5","-28","","","",""
"401414779","Toledo","55","Massachusetts","10","Toledo -28","William Hill (New Jersey)","48.5","-28","","","",""
"401404068","Houston","30","Kansas","48","Houston -8.5","Bovada","58.5","-8.5","-10.5","62","-310","255"
"401404068","Houston","30","Kansas","48","Houston -8.5","teamrankings","58","-8.5","","","",""
"401404068","Houston","30","Kansas","48","Houston -8.5","consensus","58","-8.5","","","",""
"401404068","Houston","30","Kansas","48","Houston -8.5","William Hill (New Jersey)","58","-8.5","","","",""
"401405084","Syracuse","32","Purdue","29","Syracuse -1.5","Bovada","60","-1.5","1","59","-120","105"
"401405084","Syracuse","32","Purdue","29","Syracuse -1.5","teamrankings","59.5","-1.5","","","",""
"401405084","Syracuse","32","Purdue","29","Syracuse -1.5","consensus","59.5","-1.5","","","",""
"401405084","Syracuse","32","Purdue","29","Syracuse -1.5","William Hill (New Jersey)","59.5","-1.5","","","",""
"401415623","Miami (OH)","17","Cincinnati","38","Cincinnati -24.0","Bovada","51","24","20","50","1050","-2500"
"401415623","Miami (OH)","17","Cincinnati","38","Cincinnati -24","teamrankings","51","24","","","",""
"401415623","Miami (OH)","17","Cincinnati","38","Cincinnati -24","consensus","51","24","","","",""
"401415623","Miami (OH)","17","Cincinnati","38","Cincinnati -24","William Hill (New Jersey)","50","24","","","",""
"401403891","Northern Illinois","28","Vanderbilt","38","Northern Illinois -2.5","Bovada","58.5","-2.5","-1.5","61.5","-130","110"
"401403891","Northern Illinois","28","Vanderbilt","38","Northern Illinois -2.5","teamrankings","58.5","-2.5","","","",""
"401403891","Northern Illinois","28","Vanderbilt","38","Northern Illinois -2.5","consensus","58.5","-2.5","","","",""
"401403891","Northern Illinois","28","Vanderbilt","38","Northern Illinois -2.5","William Hill (New Jersey)","58","-2.5","","","",""
"401403882","Auburn","12","Penn State","41","Penn State -2.0","Bovada","47.5","2","3","48.5","120","-140"
"401403882","Auburn","12","Penn State","41","Penn State -2.5","teamrankings","47.5","2.5","","","",""
"401403882","Auburn","12","Penn State","41","Penn State -2.5","consensus","47.5","2.5","","","",""
"401403882","Auburn","12","Penn State","41","Penn State -2.5","William Hill (New Jersey)","47.5","2.5","","","",""
"401403880","Alabama","63","UL Monroe","7","Alabama -49.5","Bovada","61.5","-49.5","-50","60","",""
"401403880","Alabama","63","UL Monroe","7","Alabama -49.5","teamrankings","68.5","-49.5","","","",""
"401403880","Alabama","63","UL Monroe","7","Alabama -49.5","consensus","61.5","-49.5","","","",""
"401403880","Alabama","63","UL Monroe","7","Alabama -49.5","William Hill (New Jersey)","61.5","-49.5","","","",""
"401405082","Iowa","27","Nevada","0","Iowa -23.5","Bovada","39.5","-23.5","-21.5","40.5","-3500","1125"
"401405082","Iowa","27","Nevada","0","Iowa -24","teamrankings","39","-24","","","",""
"401405082","Iowa","27","Nevada","0","Iowa -24","consensus","39.5","-24","","","",""
"401405082","Iowa","27","Nevada","0","Iowa -24","William Hill (New Jersey)","39.5","-24","","","",""
"401403991","UCLA","32","South Alabama","31","UCLA -15.5","Bovada","59","-15.5","-14","59","-650","450"
"401403991","UCLA","32","South Alabama","31","UCLA -15.5","teamrankings","59.5","-15.5","","","",""
"401403991","UCLA","32","South Alabama","31","UCLA -15.5","consensus","59","-15.5","","","",""
"401403991","UCLA","32","South Alabama","31","UCLA -15.5","William Hill (New Jersey)","59","-15.5","","","",""
"401426562","Texas","41","UTSA","20","Texas -13.0","Bovada","57","-13","-13.5","59","-500","360"
"401426562","Texas","41","UTSA","20","Texas -13","teamrankings","57.5","-13","","","",""
"401426562","Texas","41","UTSA","20","Texas -13","consensus","57","-13","","","",""
"401426562","Texas","41","UTSA","20","Texas -13.5","William Hill (New Jersey)","57","-13.5","","","",""
"401404069","Iowa State","43","Ohio","10","Iowa State -19.5","Bovada","47.5","-19.5","-21.5","49","-1100","650"
"401404069","Iowa State","43","Ohio","10","Iowa State -20","teamrankings","48","-20","","","",""
"401404069","Iowa State","43","Ohio","10","Iowa State -20","consensus","48","-20","","","",""
"401404069","Iowa State","43","Ohio","10","Iowa State -20","William Hill (New Jersey)","48.5","-20","","","",""
"401404074","Kansas State","10","Tulane","17","Kansas State -13.5","Bovada","49","-13.5","-16.5","49","-625","430"
"401404074","Kansas State","10","Tulane","17","Kansas State -13.5","teamrankings","49","-13.5","","","",""
"401404074","Kansas State","10","Tulane","17","Kansas State -14","consensus","49.5","-14","","","",""
"401404074","Kansas State","10","Tulane","17","Kansas State -13.5","William Hill (New Jersey)","49","-13.5","","","",""
"401404159","Wake Forest","37","Liberty","36","Wake Forest -18.0","Bovada","65","-18","-17","62.5","-750","500"
"401404159","Wake Forest","37","Liberty","36","Wake Forest -17.5","teamrankings","64","-17.5","","","",""
"401404159","Wake Forest","37","Liberty","36","Wake Forest -17.5","consensus","63.5","-17.5","","","",""
"401404159","Wake Forest","37","Liberty","36","Wake Forest -17.5","William Hill (New Jersey)","64","-17.5","","","",""
"401403886","Georgia Tech","0","Ole Miss","42","Ole Miss -17.5","Bovada","62.5","17.5","14.5","60","525","-800"
"401403886","Georgia Tech","0","Ole Miss","42","Ole Miss -17","teamrankings","63","17","","","",""
"401403886","Georgia Tech","0","Ole Miss","42","Ole Miss -17","consensus","63","17","","","",""
"401403886","Georgia Tech","0","Ole Miss","42","Ole Miss -17","William Hill (New Jersey)","62.5","17","","","",""
"401426563","Indiana","33","Western Kentucky","30","Indiana -7.0","Bovada","61.5","-7","-7.5","59","-280","230"
"401426563","Indiana","33","Western Kentucky","30","Indiana -7","teamrankings","61","-7","","","",""
"401426563","Indiana","33","Western Kentucky","30","Indiana -7","consensus","61.5","-7","","","",""
"401426563","Indiana","33","Western Kentucky","30","Indiana -7","William Hill (New Jersey)","61.5","-7","","","",""
"401403989","Oregon","41","BYU","20","Oregon -4.0","Bovada","58","-4","-4","56.5","-170","145"
"401403989","Oregon","41","BYU","20","Oregon -3.5","teamrankings","58","-3.5","","","",""
"401403989","Oregon","41","BYU","20","Oregon -3.5","consensus","57.5","-3.5","","","",""
"401403989","Oregon","41","BYU","20","Oregon -3.5","William Hill (New Jersey)","58","-3.5","","","",""
"401403890","Texas A&M","17","Miami","9","Texas A&M -6.5","Bovada","45.5","-6.5","-6","48.5","-210","175"
"401403890","Texas A&M","17","Miami","9","Texas A&M -6.5","teamrankings","45.5","-6.5","","","",""
"401403890","Texas A&M","17","Miami","9","Texas A&M -6.5","consensus","45.5","-6.5","","","",""
"401403890","Texas A&M","17","Miami","9","Texas A&M -6.5","William Hill (New Jersey)","45","-6.5","","","",""
"401404072","NC State","27","Texas Tech","14","NC State -10.0","Bovada","56","-10","-10","55.5","-370","285"
"401404072","NC State","27","Texas Tech","14","NC State -10.5","teamrankings","55.5","-10.5","","","",""
"401404072","NC State","27","Texas Tech","14","NC State -10.5","consensus","56","-10.5","","","",""
"401404072","NC State","27","Texas Tech","14","NC State -10.5","William Hill (New Jersey)","55.5","-10.5","","","",""
"401411109","Louisville","31","Florida State","35","Florida State -3.0","Bovada","57","3","1.5","54.5","130","-150"
"401411109","Louisville","31","Florida State","35","Florida State -2.5","teamrankings","57","2.5","","","",""
"401411109","Louisville","31","Florida State","35","Florida State -2.5","consensus","57","2.5","","","",""
"401411109","Louisville","31","Florida State","35","Florida State -2.5","William Hill (New Jersey)","57","2.5","","","",""
"401404149","Michigan","59","UConn","0","Michigan -47.5","Bovada","58.5","-47.5","-47","59.5","",""
"401404149","Michigan","59","UConn","0","Michigan -47.5","teamrankings","59","-47.5","","","",""
"401404149","Michigan","59","UConn","0","Michigan -47.5","consensus","59","-47.5","","","",""
"401404149","Michigan","59","UConn","0","Michigan -47.5","William Hill (New Jersey)","59","-47.5","","","",""
"401404071","Baylor","42","Texas State","7","Baylor -30.0","Bovada","53","-30","-30","53","",""
"401404071","Baylor","42","Texas State","7","Baylor -30","teamrankings","53","-30","","","",""
"401404071","Baylor","42","Texas State","7","Baylor -30","consensus","53","-30","","","",""
"401404071","Baylor","42","Texas State","7","Baylor -30","William Hill (New Jersey)","53","-30","","","",""
"401405087","Maryland","34","SMU","27","Maryland -3.0","Bovada","74","-3","-2.5","70","-145","125"
"401405087","Maryland","34","SMU","27","Maryland -3","teamrankings","74","-3","","","",""
"401405087","Maryland","34","SMU","27","Maryland -2.5","consensus","73.5","-2.5","","","",""
"401405087","Maryland","34","SMU","27","Maryland -3","William Hill (New Jersey)","73.5","-3","","","",""
"401426561","New Mexico","27","UTEP","10","UTEP -2.0","Bovada","38","2","3.5","41","115","-135"
"401426561","New Mexico","27","UTEP","10","UTEP -2","teamrankings","38","2","","","",""
"401426561","New Mexico","27","UTEP","10","UTEP -2","consensus","38","2","","","",""
"401426561","New Mexico","27","UTEP","10","UTEP -2","William Hill (New Jersey)","38","2","","","",""
"401403888","South Carolina","7","Georgia","48","Georgia -25.5","Bovada","56","25.5","24.5","50.5","1200","-4000"
"401403888","South Carolina","7","Georgia","48","Georgia -25.5","teamrankings","56","25.5","","","",""
"401403888","South Carolina","7","Georgia","48","Georgia -25.5","consensus","56","25.5","","","",""
"401403888","South Carolina","7","Georgia","48","Georgia -25.5","William Hill (New Jersey)","55.5","25.5","","","",""
"401403993","Utah","35","San Diego State","7","Utah -22.5","Bovada","48.5","-22.5","-21","49.5","-1800","850"
"401403993","Utah","35","San Diego State","7","Utah -21.5","teamrankings","48","-21.5","","","",""
"401403993","Utah","35","San Diego State","7","Utah -22.5","consensus","48.5","-22.5","","","",""
"401403993","Utah","35","San Diego State","7","Utah -22.5","William Hill (New Jersey)","48.5","-22.5","","","",""
"401403992","USC","45","Fresno State","17","USC -12.0","Bovada","71.5","-12","-13","71","-450","335"
"401403992","USC","45","Fresno State","17","USC -11","teamrankings","71","-11","","","",""
"401403992","USC","45","Fresno State","17","USC -11.5","consensus","71.5","-11.5","","","",""
"401403992","USC","45","Fresno State","17","USC -12","William Hill (New Jersey)","71.5","-12","","","",""
"401403994","Washington","39","Michigan State","28","Washington -3.5","Bovada","56.5","-3.5","-1","55","-165","140"
"401403994","Washington","39","Michigan State","28","Washington -3.5","teamrankings","56.5","-3.5","","","",""
"401403994","Washington","39","Michigan State","28","Washington -3.5","consensus","56.5","-3.5","","","",""
"401403994","Washington","39","Michigan State","28","Washington -3.5","William Hill (New Jersey)","56.5","-3.5","","","",""
"401403889","Tennessee","63","Akron","6","Tennessee -47.5","Bovada","67","-47.5","-47.5","65.5","",""
"401403889","Tennessee","63","Akron","6","Tennessee -47.5","teamrankings","67","-47.5","","","",""
"401403889","Tennessee","63","Akron","6","Tennessee -47.5","consensus","67","-47.5","","","",""
"401403889","Tennessee","63","Akron","6","Tennessee -47.5","William Hill (New Jersey)","67","-47.5","","","",""
"401403883","Florida","31","South Florida","28","Florida -23.5","Bovada","58","-23.5","-24.5","59","-2800","1100"
"401403883","Florida","31","South Florida","28","Florida -23.5","teamrankings","58","-23.5","","","",""
"401403883","Florida","31","South Florida","28","Florida -23.5","consensus","58.5","-23.5","","","",""
"401403883","Florida","31","South Florida","28","Florida -23.5","William Hill (New Jersey)","58","-23.5","","","",""
"401435074","Harvard","28","Merrimack","21","Harvard -28.5","Bovada","50.5","-28.5","-28","52.5","",""
"401435074","Harvard","28","Merrimack","21","Harvard -28.5","consensus","50.5","-28.5","","","",""
"401435074","Harvard","28","Merrimack","21","Harvard -28.5","William Hill (New Jersey)","50.5","-28.5","","","",""
"401403995","Washington State","38","Colorado State","7","Washington State -17.0","Bovada","52","-17","-16.5","53","-800","525"
"401403995","Washington State","38","Colorado State","7","Washington State -17","teamrankings","51.5","-17","","","",""
"401403995","Washington State","38","Colorado State","7","Washington State -17","consensus","52.5","-17","","","",""
"401403995","Washington State","38","Colorado State","7","Washington State -17","William Hill (New Jersey)","52.5","-17","","","",""
"401416603","Kent State","63","Long Island University","10","Kent State -40.0","Bovada","65","-40","-40","65","",""
"401416603","Kent State","63","Long Island University","10","Kent State -40","consensus","64.5","-40","","","",""
"401416603","Kent State","63","Long Island University","10","Kent State -40","William Hill (New Jersey)","64.5","-40","","","",""
"401403885","LSU","31","Mississippi State","16","Mississippi State -3.0","Bovada","53","3","2.5","54","120","-140"
"401403885","LSU","31","Mississippi State","16","Mississippi State -3","teamrankings","53","3","","","",""
"401403885","LSU","31","Mississippi State","16","Mississippi State -3","consensus","53","3","","","",""
"401403885","LSU","31","Mississippi State","16","Mississippi State -3","William Hill (New Jersey)","53","3","","","",""
"401403887","Missouri","34","Abilene Christian","17","Missouri -31.5","Bovada","56.5","-31.5","-31.5","56.5","",""
"401403887","Missouri","34","Abilene Christian","17","Missouri -31.5","consensus","56.5","-31.5","","","",""
"401403887","Missouri","34","Abilene Christian","17","Missouri -31.5","William Hill (New Jersey)","56.5","-31.5","","","",""
"401416602","Central Michigan","41","Bucknell","0","Central Michigan -41.0","Bovada","59","-41","-41","59","",""
"401416602","Central Michigan","41","Bucknell","0","Central Michigan -41","consensus","59","-41","","","",""
"401416602","Central Michigan","41","Bucknell","0","Central Michigan -40.5","William Hill (New Jersey)","59","-40.5","","","",""
"401422998","Lehigh","6","Richmond","30","Richmond -16.0","Bovada","47","16","16","47","",""
"401422998","Lehigh","6","Richmond","30","Richmond -16","consensus","44","16","","","",""
"401422998","Lehigh","6","Richmond","30","Richmond -17","William Hill (New Jersey)","46.5","17","","","",""
"401405083","Northwestern","24","Southern Illinois","31","Northwestern -14.0","Bovada","58","-14","-13.5","58","",""
"401405083","Northwestern","24","Southern Illinois","31","Northwestern -13.5","consensus","58.5","-13.5","","","",""
"401405083","Northwestern","24","Southern Illinois","31","Northwestern -13.5","William Hill (New Jersey)","58.5","-13.5","","","",""
"401404136","Army","49","Villanova","10","Army -14.5","Bovada","56","-14.5","-13.5","56","",""
"401404136","Army","49","Villanova","10","Army -14","consensus","56","-14","","","",""
"401404136","Army","49","Villanova","10","Army -13.5","William Hill (New Jersey)","56","-13.5","","","",""
"401403884","Kentucky","31","Youngstown State","0","Kentucky -30.0","Bovada","49.5","-30","-30","49.5","",""
"401403884","Kentucky","31","Youngstown State","0","Kentucky -30","consensus","49.5","-30","","","",""
"401403884","Kentucky","31","Youngstown State","0","Kentucky -29","William Hill (New Jersey)","49.5","-29","","","",""
"401423914","Pennsylvania","25","Colgate","14","Pennsylvania -3.0","Bovada","","-3","-3","","",""
"401423914","Pennsylvania","25","Colgate","14","Pennsylvania -3.5","consensus","41.5","-3.5","","","",""
"401423914","Pennsylvania","25","Colgate","14","Pennsylvania -3","William Hill (New Jersey)","41.5","-3","","","",""
"401416600","Ball State","31","Murray State","0","Ball State -21.0","Bovada","53","-21","-21","53","",""
"401416600","Ball State","31","Murray State","0","Ball State -21","consensus","53","-21","","","",""
"401416600","Ball State","31","Murray State","0","Ball State -21","William Hill (New Jersey)","53","-21","","","",""
"401414780","Massachusetts","20","Stony Brook","3","Massachusetts -1.0","Bovada","44","-1","-1","44","",""
"401414780","Massachusetts","20","Stony Brook","3","Massachusetts -1","consensus","44.5","-1","","","",""
"401414780","Massachusetts","20","Stony Brook","3","Massachusetts -1","William Hill (New Jersey)","44","-1","","","",""
"401404073","West Virginia","65","Towson","7","West Virginia -41.0","Bovada","58.5","-41","-39","58.5","",""
"401404073","West Virginia","65","Towson","7","West Virginia -41","consensus","58.5","-41","","","",""
"401404073","West Virginia","65","Towson","7","West Virginia -41","William Hill (New Jersey)","58.5","-41","","","",""
"401404070","Nebraska","14","Oklahoma","49","Oklahoma -10.5","Bovada","65.5","10.5","14","64.5","325","-450"
"401404070","Nebraska","14","Oklahoma","49","Oklahoma -10.5","teamrankings","65.5","10.5","","","",""
"401404070","Nebraska","14","Oklahoma","49","Oklahoma -10.5","consensus","65.5","10.5","","","",""
"401404070","Nebraska","14","Oklahoma","49","Oklahoma -10.5","William Hill (New Jersey)","66.5","10.5","","","",""
"401405085","Wisconsin","66","New Mexico State","7","Wisconsin -37.5","Bovada","45","-37.5","-37","47.5","",""
"401405085","Wisconsin","66","New Mexico State","7","Wisconsin -38","teamrankings","45.5","-38","","","",""
"401405085","Wisconsin","66","New Mexico State","7","Wisconsin -37.5","consensus","45.5","-37.5","","","",""
"401405085","Wisconsin","66","New Mexico State","7","Wisconsin -37.5","William Hill (New Jersey)","45","-37.5","","","",""
"401411123","Wake Forest","45","Clemson","51","Clemson -8.0","Bovada","58","8","7","56.5","235","-285"
"401411123","Wake Forest","45","Clemson","51","Clemson -7.5","teamrankings","58","7.5","","","",""
"401411123","Wake Forest","45","Clemson","51","Clemson -7.5","consensus","58","7.5","","","",""
"401411123","Wake Forest","45","Clemson","51","Clemson -7.5","William Hill (New Jersey)","58","7.5","","","",""
"401411119","Louisville","41","South Florida","3","Louisville -15.5","Bovada","63","-15.5","-13","64","-550","390"
"401411119","Louisville","41","South Florida","3","Louisville -15.5","teamrankings","63.5","-15.5","","","",""
"401411119","Louisville","41","South Florida","3","Louisville -15.5","consensus","63.5","-15.5","","","",""
"401411119","Louisville","41","South Florida","3","Louisville -15.5","William Hill (New Jersey)","63.5","-15.5","","","",""
"401416604","Eastern Michigan","31","Buffalo","50","Eastern Michigan -7.0","Bovada","57","-7","-4.5","60.5","-200","170"
"401416604","Eastern Michigan","31","Buffalo","50","Eastern Michigan -6.5","teamrankings","57.5","-6.5","","","",""
"401416604","Eastern Michigan","31","Buffalo","50","Eastern Michigan -6.5","consensus","57.5","-6.5","","","",""
"401416604","Eastern Michigan","31","Buffalo","50","Eastern Michigan -6.5","William Hill (New Jersey)","57.5","-6.5","","","",""
"401403894","Auburn","17","Missouri","14","Auburn -7.5","Bovada","51","-7.5","-6.5","51.5","-280","230"
"401403894","Auburn","17","Missouri","14","Auburn -7.5","teamrankings","51","-7.5","","","",""
"401403894","Auburn","17","Missouri","14","Auburn -7.5","consensus","51","-7.5","","","",""
"401403894","Auburn","17","Missouri","14","Auburn -7.5","William Hill (New Jersey)","51","-7.5","","","",""
"401415220","Air Force","48","Nevada","20","Air Force -24.0","Bovada","47","-24","-25","48.5","-4500","1250"
"401415220","Air Force","48","Nevada","20","Air Force -24","teamrankings","47","-24","","","",""
"401415220","Air Force","48","Nevada","20","Air Force -24","consensus","46.5","-24","","","",""
"401415220","Air Force","48","Nevada","20","Air Force -24","William Hill (New Jersey)","47","-24","","","",""
"401426570","Houston","34","Rice","27","Houston -17.5","Bovada","52.5","-17.5","-17","57.5","-900","575"
"401426570","Houston","34","Rice","27","Houston -17.5","teamrankings","52.5","-17.5","","","",""
"401426570","Houston","34","Rice","27","Houston -17.5","consensus","52.5","-17.5","","","",""
"401426570","Houston","34","Rice","27","Houston -17.5","William Hill (New Jersey)","52","-17.5","","","",""
"401404160","Liberty","21","Akron","12","Liberty -26.5","Bovada","52.5","-26.5","-27.5","58","-6000","1325"
"401404160","Liberty","21","Akron","12","Liberty -26.5","teamrankings","52.5","-26.5","","","",""
"401404160","Liberty","21","Akron","12","Liberty -26.5","consensus","53.5","-26.5","","","",""
"401404160","Liberty","21","Akron","12","Liberty -26.5","William Hill (New Jersey)","53.5","-26.5","","","",""
"401415222","Utah State","24","UNLV","34","UNLV -3.0","Bovada","62","3","3","62","120","-140"
"401415222","Utah State","24","UNLV","34","UNLV -3","teamrankings","61.5","3","","","",""
"401415222","Utah State","24","UNLV","34","UNLV -3","consensus","61.5","3","","","",""
"401415222","Utah State","24","UNLV","34","UNLV -3","William Hill (New Jersey)","61","3","","","",""
"401415224","San Diego State","17","Toledo","14","Toledo -3.0","Bovada","44.5","3","","46.5","130","-150"
"401415224","San Diego State","17","Toledo","14","Toledo -2.5","teamrankings","44.5","2.5","","","",""
"401415224","San Diego State","17","Toledo","14","Toledo -3","consensus","44.5","3","","","",""
"401415224","San Diego State","17","Toledo","14","Toledo -3","William Hill (New Jersey)","45","3","","","",""
"401415037","App State","28","James Madison","32","App State -6.0","Bovada","57","-6","-9","56.5","-285","235"
"401415037","App State","28","James Madison","32","App State -6","teamrankings","57","-6","","","",""
"401415037","App State","28","James Madison","32","App State -6.5","consensus","56.5","-6.5","","","",""
"401415037","App State","28","James Madison","32","App State -6.5","William Hill (New Jersey)","57","-6.5","","","",""
"401426568","Miami","31","Middle Tennessee","45","Miami -25.5","Bovada","53.5","-25.5","-26","53.5","-5000","1300"
"401426568","Miami","31","Middle Tennessee","45","Miami -25.5","teamrankings","53.5","-25.5","","","",""
"401426568","Miami","31","Middle Tennessee","45","Miami -25.5","consensus","53.5","-25.5","","","",""
"401426568","Miami","31","Middle Tennessee","45","Miami -25.5","William Hill (New Jersey)","53.5","-25.5","","","",""
"401415040","Tulane","24","Southern Miss","27","Tulane -12.0","Bovada","48.5","-12","-11.5","49.5","-460","340"
"401415040","Tulane","24","Southern Miss","27","Tulane -12","teamrankings","48.5","-12","","","",""
"401415040","Tulane","24","Southern Miss","27","Tulane -11.5","consensus","48.5","-11.5","","","",""
"401415040","Tulane","24","Southern Miss","27","Tulane -11.5","William Hill (New Jersey)","48.5","-11.5","","","",""
"401404078","SMU","34","TCU","42","TCU -2.5","Bovada","72","2.5","","68.5","-120",""
"401404078","SMU","34","TCU","42","TCU -2.5","teamrankings","72","2.5","","","",""
"401404078","SMU","34","TCU","42","TCU -2.5","consensus","72","2.5","","","",""
"401404078","SMU","34","TCU","42","TCU -2.5","William Hill (New Jersey)","73","2.5","","","",""
"401426565","Western Kentucky","73","Florida International","0","Western Kentucky -31.5","Bovada","65.5","-31.5","-27.5","66.5","",""
"401426565","Western Kentucky","73","Florida International","0","Western Kentucky -31","teamrankings","65","-31","","","",""
"401426565","Western Kentucky","73","Florida International","0","Western Kentucky -31","consensus","65.5","-31","","","",""
"401426565","Western Kentucky","73","Florida International","0","Western Kentucky -31","William Hill (New Jersey)","65.5","-31","","","",""
"401403895","Georgia","39","Kent State","22","Georgia -46.0","Bovada","61","-46","-42","60","",""
"401403895","Georgia","39","Kent State","22","Georgia -45","teamrankings","61.5","-45","","","",""
"401403895","Georgia","39","Kent State","22","Georgia -45","consensus","61.5","-45","","","",""
"401403895","Georgia","39","Kent State","22","Georgia -45","William Hill (New Jersey)","61.5","-45","","","",""
"401414781","Temple","28","Massachusetts","0","Temple -10.5","Bovada","44","-10.5","-9.5","44.5","-370","285"
"401414781","Temple","28","Massachusetts","0","Temple -10","teamrankings","44","-10","","","",""
"401414781","Temple","28","Massachusetts","0","Temple -10","consensus","44","-10","","","",""
"401414781","Temple","28","Massachusetts","0","Temple -10","William Hill (New Jersey)","44","-10","","","",""
"401426336","UL Monroe","21","Louisiana","17","Louisiana -9.5","Bovada","51","9.5","10.5","54","300","-400"
"401426336","UL Monroe","21","Louisiana","17","Louisiana -9.5","teamrankings","51","9.5","","","",""
"401426336","UL Monroe","21","Louisiana","17","Louisiana -9.5","consensus","51","9.5","","","",""
"401426336","UL Monroe","21","Louisiana","17","Louisiana -9.5","William Hill (New Jersey)","51","9.5","","","",""
"401404126","North Carolina","32","Notre Dame","45","North Carolina -3.0","Bovada","55.5","-3","1","59.5","-130","110"
"401404126","North Carolina","32","Notre Dame","45","North Carolina -2.5","teamrankings","55","-2.5","","","",""
"401404126","North Carolina","32","Notre Dame","45","North Carolina -2.5","consensus","55.5","-2.5","","","",""
"401404126","North Carolina","32","Notre Dame","45","North Carolina -2.5","William Hill (New Jersey)","56","-2.5","","","",""
"401426566","Purdue","28","Florida Atlantic","26","Purdue -16.0","Bovada","57","-16","-19.5","60.5","-1000","625"
"401426566","Purdue","28","Florida Atlantic","26","Purdue -16","teamrankings","57","-16","","","",""
"401426566","Purdue","28","Florida Atlantic","26","Purdue -16.5","consensus","57.5","-16.5","","","",""
"401426566","Purdue","28","Florida Atlantic","26","Purdue -16.5","William Hill (New Jersey)","57.5","-16.5","","","",""
"401411117","Syracuse","22","Virginia","20","Syracuse -10.0","Bovada","54","-10","-9.5","53.5","-400","300"
"401411117","Syracuse","22","Virginia","20","Syracuse -9.5","teamrankings","53.5","-9.5","","","",""
"401411117","Syracuse","22","Virginia","20","Syracuse -9.5","consensus","53.5","-9.5","","","",""
"401411117","Syracuse","22","Virginia","20","Syracuse -9.5","William Hill (New Jersey)","54","-9.5","","","",""
"401415225","San José State","34","Western Michigan","6","San José State -6.5","Bovada","48.5","-6.5","-3.5","51.5","-240","200"
"401415225","San José State","34","Western Michigan","6","San José State -6.5","teamrankings","49","-6.5","","","",""
"401415225","San José State","34","Western Michigan","6","San José State -6.5","consensus","48.5","-6.5","","","",""
"401415225","San José State","34","Western Michigan","6","San José State -6.5","William Hill (New Jersey)","49","-6.5","","","",""
"401411116","Virginia Tech","10","West Virginia","33","West Virginia -2.5","Bovada","50","2.5","3","53","125","-145"
"401411116","Virginia Tech","10","West Virginia","33","West Virginia -2","teamrankings","49.5","2","","","",""
"401411116","Virginia Tech","10","West Virginia","33","West Virginia -2","consensus","49.5","2","","","",""
"401411116","Virginia Tech","10","West Virginia","33","West Virginia -2","William Hill (New Jersey)","50","2","","","",""
"401403892","Alabama","55","Vanderbilt","3","Alabama -40.5","Bovada","61","-40.5","-40","59","",""
"401403892","Alabama","55","Vanderbilt","3","Alabama -40.5","teamrankings","61","-40.5","","","",""
"401403892","Alabama","55","Vanderbilt","3","Alabama -40.5","consensus","60.5","-40.5","","","",""
"401403892","Alabama","55","Vanderbilt","3","Alabama -40.5","William Hill (New Jersey)","60.5","-40.5","","","",""
"401426569","Memphis","44","North Texas","34","Memphis -13.0","Bovada","68.5","-13","-12.5","68.5","-470","345"
"401426569","Memphis","44","North Texas","34","Memphis -13","teamrankings","68.5","-13","","","",""
"401426569","Memphis","44","North Texas","34","Memphis -12.5","consensus","68.5","-12.5","","","",""
"401426569","Memphis","44","North Texas","34","Memphis -12.5","William Hill (New Jersey)","68.5","-12.5","","","",""
"401403897","LSU","38","New Mexico","0","LSU -31.5","Bovada","44","-31.5","-29","47","",""
"401403897","LSU","38","New Mexico","0","LSU -31.5","teamrankings","44","-31.5","","","",""
"401403897","LSU","38","New Mexico","0","LSU -31.5","consensus","44","-31.5","","","",""
"401403897","LSU","38","New Mexico","0","LSU -31.5","William Hill (New Jersey)","44","-31.5","","","",""
"401403898","Ole Miss","35","Tulsa","27","Ole Miss -21.0","Bovada","66.5","-21","-20.5","62.5","-1500","775"
"401403898","Ole Miss","35","Tulsa","27","Ole Miss -21","teamrankings","66.5","-21","","","",""
"401403898","Ole Miss","35","Tulsa","27","Ole Miss -21","consensus","66.5","-21","","","",""
"401403898","Ole Miss","35","Tulsa","27","Ole Miss -21","William Hill (New Jersey)","66.5","-21","","","",""
"401426571","UTEP","27","Boise State","10","Boise State -16.0","Bovada","45","16","15.5","46.5","525","-800"
"401426571","UTEP","27","Boise State","10","Boise State -16","teamrankings","44.5","16","","","",""
"401426571","UTEP","27","Boise State","10","Boise State -16.5","consensus","44.5","16.5","","","",""
"401426571","UTEP","27","Boise State","10","Boise State -16.5","William Hill (New Jersey)","44.5","16.5","","","",""
"401411122","UCF","27","Georgia Tech","10","UCF -21.5","Bovada","56.5","-21.5","-18","57.5","-1200","700"
"401411122","UCF","27","Georgia Tech","10","UCF -21","teamrankings","56.5","-21","","","",""
"401411122","UCF","27","Georgia Tech","10","UCF -21","consensus","56.5","-21","","","",""
"401411122","UCF","27","Georgia Tech","10","UCF -21","William Hill (New Jersey)","56.5","-21","","","",""
"401415223","BYU","38","Wyoming","24","BYU -21.0","Bovada","49","-21","-21","51.5","-1800","850"
"401415223","BYU","38","Wyoming","24","BYU -21.5","teamrankings","50","-21.5","","","",""
"401415223","BYU","38","Wyoming","24","BYU -21.5","consensus","49.5","-21.5","","","",""
"401415223","BYU","38","Wyoming","24","BYU -21","William Hill (New Jersey)","50","-21","","","",""
"401405092","Michigan State","7","Minnesota","34","Minnesota -3.0","Bovada","50","3","-2","51","","-120"
"401405092","Michigan State","7","Minnesota","34","Minnesota -3","teamrankings","50","3","","","",""
"401405092","Michigan State","7","Minnesota","34","Minnesota -3","consensus","50","3","","","",""
"401405092","Michigan State","7","Minnesota","34","Minnesota -3","William Hill (New Jersey)","50","3","","","",""
"401416605","Georgia Southern","34","Ball State","23","Georgia Southern -9.5","Bovada","67","-9.5","-8.5","61.5","-340","270"
"401416605","Georgia Southern","34","Ball State","23","Georgia Southern -9.5","teamrankings","67","-9.5","","","",""
"401416605","Georgia Southern","34","Ball State","23","Georgia Southern -9.5","consensus","67","-9.5","","","",""
"401416605","Georgia Southern","34","Ball State","23","Georgia Southern -9.5","William Hill (New Jersey)","67.5","-9.5","","","",""
"401426393","Troy","16","Marshall","7","Marshall -3.5","Bovada","51.5","3.5","4","52.5","135","-160"
"401426393","Troy","16","Marshall","7","Marshall -3","teamrankings","51.5","3","","","",""
"401426393","Troy","16","Marshall","7","Marshall -3.5","consensus","51.5","3.5","","","",""
"401426393","Troy","16","Marshall","7","Marshall -3","William Hill (New Jersey)","51.5","3","","","",""
"401404150","NC State","41","UConn","10","NC State -38.5","Bovada","48","-38.5","-39.5","50.5","",""
"401404150","NC State","41","UConn","10","NC State -38.5","teamrankings","48","-38.5","","","",""
"401404150","NC State","41","UConn","10","NC State -38.5","consensus","47.5","-38.5","","","",""
"401404150","NC State","41","UConn","10","NC State -38.5","William Hill (New Jersey)","47.5","-38.5","","","",""
"401426567","South Alabama","38","Louisiana Tech","14","South Alabama -13.0","Bovada","59","-13","-12.5","60","-525","375"
"401426567","South Alabama","38","Louisiana Tech","14","South Alabama -13","teamrankings","59","-13","","","",""
"401426567","South Alabama","38","Louisiana Tech","14","South Alabama -13","consensus","59","-13","","","",""
"401426567","South Alabama","38","Louisiana Tech","14","South Alabama -13.5","William Hill (New Jersey)","59","-13.5","","","",""
"401426335","Old Dominion","29","Arkansas State","26","Old Dominion -5.0","Bovada","55.5","-5","-3.5","56.5","-220","180"
"401426335","Old Dominion","29","Arkansas State","26","Old Dominion -5","teamrankings","55.5","-5","","","",""
"401426335","Old Dominion","29","Arkansas State","26","Old Dominion -5","consensus","56.5","-5","","","",""
"401426335","Old Dominion","29","Arkansas State","26","Old Dominion -4.5","William Hill (New Jersey)","57","-4.5","","","",""
"401426564","South Carolina","56","Charlotte","20","South Carolina -23.5","Bovada","67","-23.5","-23","65.5","-2500","1050"
"401426564","South Carolina","56","Charlotte","20","South Carolina -23.5","teamrankings","66.5","-23.5","","","",""
"401426564","South Carolina","56","Charlotte","20","South Carolina -23.5","consensus","66.5","-23.5","","","",""
"401426564","South Carolina","56","Charlotte","20","South Carolina -23.5","William Hill (New Jersey)","66.5","-23.5","","","",""
"401415624","East Carolina","20","Navy","23","East Carolina -16.5","Bovada","48.5","-16.5","-17.5","48.5","-900","575"
"401415624","East Carolina","20","Navy","23","East Carolina -16.5","teamrankings","48.5","-16.5","","","",""
"401415624","East Carolina","20","Navy","23","East Carolina -16.5","consensus","48.5","-16.5","","","",""
"401415624","East Carolina","20","Navy","23","East Carolina -16.5","William Hill (New Jersey)","48.5","-16.5","","","",""
"401403896","Kentucky","31","Northern Illinois","23","Kentucky -27.5","Bovada","53","-27.5","-25","53","-5000","1300"
"401403896","Kentucky","31","Northern Illinois","23","Kentucky -27","teamrankings","52.5","-27","","","",""
"401403896","Kentucky","31","Northern Illinois","23","Kentucky -26.5","consensus","53","-26.5","","","",""
"401403896","Kentucky","31","Northern Illinois","23","Kentucky -26.5","William Hill (New Jersey)","53.5","-26.5","","","",""
"401405091","Rutgers","10","Iowa","27","Iowa -7.5","Bovada","34.5","7.5","7","35.5","250","-300"
"401405091","Rutgers","10","Iowa","27","Iowa -7.5","teamrankings","34.5","7.5","","","",""
"401405091","Rutgers","10","Iowa","27","Iowa -7.5","consensus","34.5","7.5","","","",""
"401405091","Rutgers","10","Iowa","27","Iowa -8","Caesars Sportsbook (Colorado)","34","8","","","",""
"401405099","Wisconsin","10","Illinois","34","Wisconsin -6.5","Bovada","43.5","-6.5","-8.5","44","-320","260"
"401405099","Wisconsin","10","Illinois","34","Wisconsin -6.5","teamrankings","43","-6.5","","","",""
"401405099","Wisconsin","10","Illinois","34","Wisconsin -6.5","consensus","43.5","-6.5","","","",""
"401405099","Wisconsin","10","Illinois","34","Wisconsin -6.5","William Hill (New Jersey)","43.5","-6.5","","","",""
"401415229","UNLV","31","New Mexico","20","UNLV -14.0","Bovada","44.5","-14","-16","45.5","-850","550"
"401415229","UNLV","31","New Mexico","20","UNLV -14","teamrankings","44","-14","","","",""
"401415229","UNLV","31","New Mexico","20","UNLV -14","consensus","44.5","-14","","","",""
"401415229","UNLV","31","New Mexico","20","UNLV -14","William Hill (New Jersey)","44","-14","","","",""
"401405104","Ohio State","49","Rutgers","10","Ohio State -39.0","Bovada","58","-39","-41","60","",""
"401404002","Arizona","43","Colorado","20","Arizona -17.5","Bovada","58","-17.5","-18","55.5","-1000","625"
"401404002","Arizona","43","Colorado","20","Arizona -17.5","teamrankings","57.5","-17.5","","","",""
"401404002","Arizona","43","Colorado","20","Arizona -18","consensus","58","-18","","","",""
"401404002","Arizona","43","Colorado","20","Arizona -18","William Hill (New Jersey)","58.5","-18","","","",""
"401416609","Akron","28","Bowling Green","31","Bowling Green -8.5","Bovada","49.5","8.5","6.5","52","300","-400"
"401416609","Akron","28","Bowling Green","31","Bowling Green -9","teamrankings","49.5","9","","","",""
"401416609","Akron","28","Bowling Green","31","Bowling Green -9.5","consensus","49.5","9.5","","","",""
"401416609","Akron","28","Bowling Green","31","Bowling Green -9","William Hill (New Jersey)","49.5","9","","","",""
"401411124","Boston College","34","Louisville","33","Louisville -13.0","Bovada","48","13","16","51","500","-750"
"401411124","Boston College","34","Louisville","33","Louisville -13.5","teamrankings","48.5","13.5","","","",""
"401411124","Boston College","34","Louisville","33","Louisville -13.5","consensus","48.5","13.5","","","",""
"401411124","Boston College","34","Louisville","33","Louisville -13.5","William Hill (New Jersey)","48","13.5","","","",""
"401405105","Penn State","17","Northwestern","7","Penn State -25.0","Bovada","50","-25","-25.5","52.5","-8000","1450"
"401405105","Penn State","17","Northwestern","7","Penn State -25.5","teamrankings","50","-25.5","","","",""
"401405105","Penn State","17","Northwestern","7","Penn State -25.5","consensus","50","-25.5","","","",""
"401405105","Penn State","17","Northwestern","7","Penn State -25.5","William Hill (New Jersey)","50","-25.5","","","",""
"401403906","Mississippi State","42","Texas A&M","24","Mississippi State -4.0","Bovada","45","-4","-2.5","46","-170","145"
"401403906","Mississippi State","42","Texas A&M","24","Mississippi State -4","teamrankings","45","-4","","","",""
"401403906","Mississippi State","42","Texas A&M","24","Mississippi State -4","consensus","45","-4","","","",""
"401403906","Mississippi State","42","Texas A&M","24","Mississippi State -4","William Hill (New Jersey)","45","-4","","","",""
"401416611","Kent State","31","Ohio","24","Kent State -13.0","Bovada","65.5","-13","-7","69","-390","295"
"401416611","Kent State","31","Ohio","24","Kent State -13","teamrankings","65.5","-13","","","",""
"401416611","Kent State","31","Ohio","24","Kent State -12.5","consensus","65.5","-12.5","","","",""
"401416611","Kent State","31","Ohio","24","Kent State -13","William Hill (New Jersey)","65.5","-13","","","",""
"401404006","Utah","42","Oregon State","16","Utah -10.5","Bovada","54","-10.5","-11","56","-400","300"
"401404006","Utah","42","Oregon State","16","Utah -10.5","teamrankings","54","-10.5","","","",""
"401404006","Utah","42","Oregon State","16","Utah -10.5","consensus","54.5","-10.5","","","",""
"401404006","Utah","42","Oregon State","16","Utah -10.5","William Hill (New Jersey)","54","-10.5","","","",""
"401404084","Kansas","14","Iowa State","11","Iowa State -4.0","Bovada","59","4","3","58","140","-165"
"401404084","Kansas","14","Iowa State","11","Iowa State -3.5","teamrankings","59","3.5","","","",""
"401404084","Kansas","14","Iowa State","11","Iowa State -3.5","consensus","59","3.5","","","",""
"401404084","Kansas","14","Iowa State","11","Iowa State -3.5","William Hill (New Jersey)","59","3.5","","","",""
"401415627","Tulsa","21","Cincinnati","31","Cincinnati -10.0","Bovada","59","10","12","60.5","280","-360"
"401415627","Tulsa","21","Cincinnati","31","Cincinnati -10","teamrankings","59","10","","","",""
"401415627","Tulsa","21","Cincinnati","31","Cincinnati -10","consensus","59","10","","","",""
"401415627","Tulsa","21","Cincinnati","31","Cincinnati -10","William Hill (New Jersey)","59.5","10","","","",""
"401416608","Ball State","44","Northern Illinois","38","Northern Illinois -3.0","Bovada","58.5","3","3.5","60","135","-160"
"401416608","Ball State","44","Northern Illinois","38","Northern Illinois -3.5","teamrankings","58.5","3.5","","","",""
"401416608","Ball State","44","Northern Illinois","38","Northern Illinois -3.5","consensus","58.5","3.5","","","",""
"401416608","Ball State","44","Northern Illinois","38","Northern Illinois -3","William Hill (New Jersey)","58.5","3","","","",""
"401426577","Rice","28","UAB","24","UAB -10.5","Bovada","51","10.5","9.5","52","295","-390"
"401426577","Rice","28","UAB","24","UAB -10.5","teamrankings","51","10.5","","","",""
"401426577","Rice","28","UAB","24","UAB -10.5","consensus","51","10.5","","","",""
"401426577","Rice","28","UAB","24","UAB -10.5","William Hill (New Jersey)","51","10.5","","","",""
"401415625","Houston","24","Tulane","27","Houston -5.5","Bovada","52","-5.5","-3","55","-220","180"
"401415625","Houston","24","Tulane","27","Houston -5","teamrankings","52","-5","","","",""
"401415625","Houston","24","Tulane","27","Houston -5.5","consensus","51.5","-5.5","","","",""
"401415625","Houston","24","Tulane","27","Houston -5.5","William Hill (New Jersey)","52","-5.5","","","",""
"401426573","Charlotte","35","UTEP","41","UTEP -3.5","Bovada","56","3.5","3","58","120","-140"
"401426573","Charlotte","35","UTEP","41","UTEP -3.5","teamrankings","56","3.5","","","",""
"401426573","Charlotte","35","UTEP","41","UTEP -3.5","consensus","56","3.5","","","",""
"401426573","Charlotte","35","UTEP","41","UTEP -3.5","William Hill (New Jersey)","56","3.5","","","",""
"401403902","Arkansas","26","Alabama","49","Alabama -17.0","Bovada","61","17","16","61.5","550","-850"
"401403902","Arkansas","26","Alabama","49","Alabama -17","teamrankings","61","17","","","",""
"401403902","Arkansas","26","Alabama","49","Alabama -17","consensus","61","17","","","",""
"401403902","Arkansas","26","Alabama","49","Alabama -17","William Hill (New Jersey)","61","17","","","",""
"401416607","Toledo","38","Central Michigan","17","Toledo -6.5","Bovada","55.5","-6.5","-6.5","58.5","-280","230"
"401416607","Toledo","38","Central Michigan","17","Toledo -6.5","teamrankings","56","-6.5","","","",""
"401416607","Toledo","38","Central Michigan","17","Toledo -6.5","consensus","56","-6.5","","","",""
"401416607","Toledo","38","Central Michigan","17","Toledo -6.5","William Hill (New Jersey)","56","-6.5","","","",""
"401415629","UCF","41","SMU","19","UCF -3.0","Bovada","65","-3","-3.5","65","-165","140"
"401415629","UCF","41","SMU","19","UCF -3","teamrankings","65","-3","","","",""
"401415629","UCF","41","SMU","19","UCF -3","consensus","65","-3","","","",""
"401415629","UCF","41","SMU","19","UCF -3","William Hill (New Jersey)","64.5","-3","","","",""
"401426341","Louisiana","17","South Alabama","20","South Alabama -8.5","Bovada","47","8.5","5.5","50","280","-360"
"401426341","Louisiana","17","South Alabama","20","South Alabama -8.5","teamrankings","47","8.5","","","",""
"401426341","Louisiana","17","South Alabama","20","South Alabama -8.5","consensus","47.5","8.5","","","",""
"401426341","Louisiana","17","South Alabama","20","South Alabama -8.5","William Hill (New Jersey)","47.5","8.5","","","",""
"401404083","Baylor","25","Oklahoma State","36","Baylor -2.0","Bovada","56","-2","-2.5","54.5","-135","115"
"401404083","Baylor","25","Oklahoma State","36","Baylor -2.5","teamrankings","56","-2.5","","","",""
"401404083","Baylor","25","Oklahoma State","36","Baylor -2.5","consensus","56","-2.5","","","",""
"401404083","Baylor","25","Oklahoma State","36","Baylor -2.5","William Hill (New Jersey)","56","-2.5","","","",""
"401415230","Wyoming","16","San José State","33","San José State -2.5","Bovada","42.5","2.5","-1","43.5","-105","-115"
"401415230","Wyoming","16","San José State","33","San José State -2.5","teamrankings","42.5","2.5","","","",""
"401415230","Wyoming","16","San José State","33","San José State -2.5","consensus","42.5","2.5","","","",""
"401415230","Wyoming","16","San José State","33","San José State -2.5","William Hill (New Jersey)","42.5","2.5","","","",""
"401404086","TCU","55","Oklahoma","24","Oklahoma -5.0","Bovada","70","5","5","67.5","215",""
"401404086","TCU","55","Oklahoma","24","Oklahoma -5","teamrankings","69.5","5","","","",""
"401404086","TCU","55","Oklahoma","24","Oklahoma -5","consensus","69.5","5","","","",""
"401404086","TCU","55","Oklahoma","24","Oklahoma -5","William Hill (New Jersey)","69.5","5","","","",""
"401404151","UConn","19","Fresno State","14","Fresno State -23.0","Bovada","51","23","24","56","1050","-2500"
"401404151","UConn","19","Fresno State","14","Fresno State -23.5","teamrankings","51","23.5","","","",""
"401404151","UConn","19","Fresno State","14","Fresno State -23.5","consensus","51","23.5","","","",""
"401404151","UConn","19","Fresno State","14","Fresno State -23","William Hill (New Jersey)","51","23","","","",""
"401404003","USC","42","Arizona State","25","USC -24.5","Bovada","61","-24.5","-24","61.5","-5000","1300"
"401404003","USC","42","Arizona State","25","USC -24.5","teamrankings","61","-24.5","","","",""
"401404003","USC","42","Arizona State","25","USC -24.5","consensus","61","-24.5","","","",""
"401404003","USC","42","Arizona State","25","USC -24.5","William Hill (New Jersey)","61","-24.5","","","",""
"401415228","Boise State","35","San Diego State","13","Boise State -6.0","Bovada","38","-6","-5.5","40","-250","210"
"401415228","Boise State","35","San Diego State","13","Boise State -6","teamrankings","38","-6","","","",""
"401415228","Boise State","35","San Diego State","13","Boise State -6","consensus","38","-6","","","",""
"401415228","Boise State","35","San Diego State","13","Boise State -6","William Hill (New Jersey)","38","-6","","","",""
"401405103","Maryland","27","Michigan State","13","Maryland -7.5","Bovada","58","-7.5","-7.5","59.5","-290","240"
"401405103","Maryland","27","Michigan State","13","Maryland -7.5","teamrankings","58.5","-7.5","","","",""
"401405103","Maryland","27","Michigan State","13","Maryland -7.5","consensus","58.5","-7.5","","","",""
"401405103","Maryland","27","Michigan State","13","Maryland -7.5","William Hill (New Jersey)","58.5","-7.5","","","",""
"401404085","Kansas State","37","Texas Tech","28","Kansas State -7.5","Bovada","56.5","-7.5","-7.5","57.5","-300","250"
"401404085","Kansas State","37","Texas Tech","28","Kansas State -7.5","teamrankings","56","-7.5","","","",""
"401404085","Kansas State","37","Texas Tech","28","Kansas State -7.5","consensus","56","-7.5","","","",""
"401404085","Kansas State","37","Texas Tech","28","Kansas State -7.5","William Hill (New Jersey)","56","-7.5","","","",""
"401404087","Texas","38","West Virginia","20","Texas -7.5","Bovada","61","-7.5","-10","62","-290","240"
"401404087","Texas","38","West Virginia","20","Texas -7.5","teamrankings","61","-7.5","","","",""
"401404087","Texas","38","West Virginia","20","Texas -7.5","consensus","61","-7.5","","","",""
"401404087","Texas","38","West Virginia","20","Texas -7.5","William Hill (New Jersey)","61","-7.5","","","",""
"401415226","BYU","38","Utah State","26","BYU -26.0","Bovada","60","-26","-24","60.5","-4500","1250"
"401415226","BYU","38","Utah State","26","BYU -26","teamrankings","60","-26","","","",""
"401415226","BYU","38","Utah State","26","BYU -26","consensus","60","-26","","","",""
"401415226","BYU","38","Utah State","26","BYU -26","William Hill (New Jersey)","60","-26","","","",""
"401415628","Memphis","24","Temple","3","Memphis -18.0","Bovada","49.5","-18","-20.5","53","-1600","800"
"401415628","Memphis","24","Temple","3","Memphis -18.5","teamrankings","50","-18.5","","","",""
"401415628","Memphis","24","Temple","3","Memphis -18.5","consensus","50","-18.5","","","",""
"401415628","Memphis","24","Temple","3","Memphis -18.5","William Hill (New Jersey)","50","-18.5","","","",""
"401404005","Oregon","45","Stanford","27","Oregon -17.5","Bovada","63","-17.5","-16","62.5","-750","500"
"401404005","Oregon","45","Stanford","27","Oregon -17","teamrankings","63","-17","","","",""
"401404005","Oregon","45","Stanford","27","Oregon -17.5","consensus","63","-17.5","","","",""
"401404005","Oregon","45","Stanford","27","Oregon -18","William Hill (New Jersey)","63","-18","","","",""
"401405100","Iowa","14","Michigan","27","Michigan -11.0","Bovada","42","11","10","43","300","-400"
"401405100","Iowa","14","Michigan","27","Michigan -10.5","teamrankings","42","10.5","","","",""
"401405100","Iowa","14","Michigan","27","Michigan -10.5","consensus","42","10.5","","","",""
"401405100","Iowa","14","Michigan","27","Michigan -10.5","William Hill (New Jersey)","42","10.5","","","",""
"401426576","Middle Tennessee","30","UTSA","45","UTSA -4.5","Bovada","64","4.5","6","63","175","-190"
"401426576","Middle Tennessee","30","UTSA","45","UTSA -4.5","teamrankings","64","4.5","","","",""
"401426576","Middle Tennessee","30","UTSA","45","UTSA -4.5","consensus","64","4.5","","","",""
"401426576","Middle Tennessee","30","UTSA","45","UTSA -4.5","William Hill (New Jersey)","64","4.5","","","",""
"401404137","Army","14","Georgia State","31","Army -9.0","Bovada","54","-9","-9.5","58","-330","265"
"401404137","Army","14","Georgia State","31","Army -8.5","teamrankings","54","-8.5","","","",""
"401404137","Army","14","Georgia State","31","Army -8.5","consensus","54","-8.5","","","",""
"401404137","Army","14","Georgia State","31","Army -8.5","William Hill (New Jersey)","54","-8.5","","","",""
"401403905","Ole Miss","22","Kentucky","19","Ole Miss -6.0","Bovada","55","-6","-6","55.5","-270","220"
"401403905","Ole Miss","22","Kentucky","19","Ole Miss -6.5","teamrankings","55","-6.5","","","",""
"401403905","Ole Miss","22","Kentucky","19","Ole Miss -6.5","consensus","55","-6.5","","","",""
"401403905","Ole Miss","22","Kentucky","19","Ole Miss -6.5","William Hill (New Jersey)","54","-6.5","","","",""
"401426337","Coastal Carolina","34","Georgia Southern","30","Coastal Carolina -9.5","Bovada","70","-9.5","-10","68.5","-390","295"
"401426337","Coastal Carolina","34","Georgia Southern","30","Coastal Carolina -10","teamrankings","69.5","-10","","","",""
"401426337","Coastal Carolina","34","Georgia Southern","30","Coastal Carolina -10","consensus","69.5","-10","","","",""
"401426337","Coastal Carolina","34","Georgia Southern","30","Coastal Carolina -10","William Hill (New Jersey)","70","-10","","","",""
"401415227","Air Force","13","Navy","10","Air Force -13.5","Bovada","38","-13.5","-16","38","-700","475"
"401415227","Air Force","13","Navy","10","Air Force -14","teamrankings","38","-14","","","",""
"401415227","Air Force","13","Navy","10","Air Force -14","consensus","38","-14","","","",""
"401415227","Air Force","13","Navy","10","Air Force -14","William Hill (New Jersey)","38","-14","","","",""
"401404161","Old Dominion","24","Liberty","38","Liberty -3.5","Bovada","47.5","3.5","2","48","145","-170"
"401404161","Old Dominion","24","Liberty","38","Liberty -3.5","teamrankings","48","3.5","","","",""
"401404161","Old Dominion","24","Liberty","38","Liberty -3.5","consensus","47.5","3.5","","","",""
"401404161","Old Dominion","24","Liberty","38","Liberty -3.5","William Hill (New Jersey)","47.5","3.5","","","",""
"401411125","Clemson","30","NC State","20","Clemson -6.5","Bovada","46","-6.5","-7","46","-270","220"
"401411125","Clemson","30","NC State","20","Clemson -6.5","teamrankings","46","-6.5","","","",""
"401411125","Clemson","30","NC State","20","Clemson -6.5","consensus","45.5","-6.5","","","",""
"401411125","Clemson","30","NC State","20","Clemson -6.5","William Hill (New Jersey)","45.5","-6.5","","","",""
"401403903","Auburn","17","LSU","21","LSU -8.0","Bovada","44.5","8","7.5","45.5","255","-310"
"401403903","Auburn","17","LSU","21","LSU -8","teamrankings","44.5","8","","","",""
"401403903","Auburn","17","LSU","21","LSU -8","consensus","44.5","8","","","",""
"401403903","Auburn","17","LSU","21","LSU -8","William Hill (New Jersey)","44.5","8","","","",""
"401405102","Nebraska","35","Indiana","21","Nebraska -7.0","Bovada","62","-7","-3.5","61.5","-230","190"
"401405102","Nebraska","35","Indiana","21","Nebraska -6.5","teamrankings","62","-6.5","","","",""
"401405102","Nebraska","35","Indiana","21","Nebraska -6.5","consensus","61.5","-6.5","","","",""
"401405102","Nebraska","35","Indiana","21","Nebraska -6.5","William Hill (New Jersey)","61.5","-6.5","","","",""
"401426575","North Texas","45","Florida Atlantic","28","Florida Atlantic -3.0","Bovada","67.5","3","3","67","135","-160"
"401426575","North Texas","45","Florida Atlantic","28","Florida Atlantic -3","teamrankings","67.5","3","","","",""
"401426575","North Texas","45","Florida Atlantic","28","Florida Atlantic -3","consensus","67.5","3","","","",""
"401426575","North Texas","45","Florida Atlantic","28","Florida Atlantic -3","William Hill (New Jersey)","67.5","3","","","",""
"401411129","Pittsburgh","21","Georgia Tech","26","Pittsburgh -21.5","Bovada","47","-21.5","-20","50.5","-2500","1050"
"401411129","Pittsburgh","21","Georgia Tech","26","Pittsburgh -21.5","teamrankings","47","-21.5","","","",""
"401411129","Pittsburgh","21","Georgia Tech","26","Pittsburgh -21.5","consensus","47","-21.5","","","",""
"401411129","Pittsburgh","21","Georgia Tech","26","Pittsburgh -21.5","William Hill (New Jersey)","47","-21.5","","","",""
"401426578","Western Kentucky","27","Troy","34","Western Kentucky -5.0","Bovada","55","-5","-6","57.5","-210","175"
"401426578","Western Kentucky","27","Troy","34","Western Kentucky -5","teamrankings","55","-5","","","",""
"401426578","Western Kentucky","27","Troy","34","Western Kentucky -5.5","consensus","55","-5.5","","","",""
"401426578","Western Kentucky","27","Troy","34","Western Kentucky -5","William Hill (New Jersey)","55","-5","","","",""
"401404007","UCLA","40","Washington","32","Washington -2.5","Bovada","65","2.5","3","65","120","-140"
"401404007","UCLA","40","Washington","32","Washington -2.5","teamrankings","65","2.5","","","",""
"401404007","UCLA","40","Washington","32","Washington -2.5","consensus","64.5","2.5","","","",""
"401404007","UCLA","40","Washington","32","Washington -2.5","William Hill (New Jersey)","65.5","2.5","","","",""
"401426338","James Madison","40","Texas State","13","James Madison -21.5","Bovada","51.5","-21.5","-20.5","55","-2500","1050"
"401426338","James Madison","40","Texas State","13","James Madison -22","teamrankings","51.5","-22","","","",""
"401426338","James Madison","40","Texas State","13","James Madison -21.5","consensus","51.5","-21.5","","","",""
"401426338","James Madison","40","Texas State","13","James Madison -22","William Hill (New Jersey)","50.5","-22","","","",""
"401416610","Buffalo","24","Miami (OH)","20","Buffalo -3.0","Bovada","50.5","-3","1.5","52.5","-110","-110"
"401416610","Buffalo","24","Miami (OH)","20","Buffalo -3","teamrankings","50","-3","","","",""
"401416610","Buffalo","24","Miami (OH)","20","Buffalo -3","consensus","50.5","-3","","","",""
"401416610","Buffalo","24","Miami (OH)","20","Buffalo -3","William Hill (New Jersey)","49.5","-3","","","",""
"401411126","Duke","38","Virginia","17","Duke -2.0","Bovada","55","-2","-1.5","56","-130","110"
"401411126","Duke","38","Virginia","17","Duke -2","teamrankings","55","-2","","","",""
"401411126","Duke","38","Virginia","17","Duke -2","consensus","55","-2","","","",""
"401411126","Duke","38","Virginia","17","Duke -2","William Hill (New Jersey)","55","-2","","","",""
"401405101","Minnesota","10","Purdue","20","Minnesota -9.0","Bovada","53","-9","-10","53.5","-350","275"
"401405101","Minnesota","10","Purdue","20","Minnesota -9","teamrankings","53","-9","","","",""
"401405101","Minnesota","10","Purdue","20","Minnesota -9.5","consensus","53","-9.5","","","",""
"401405101","Minnesota","10","Purdue","20","Minnesota -9","William Hill (New Jersey)","53","-9","","","",""
"401414782","Eastern Michigan","20","Massachusetts","13","Eastern Michigan -19.0","Bovada","53.5","-19","-20","56","-1500","775"
"401414782","Eastern Michigan","20","Massachusetts","13","Eastern Michigan -20","teamrankings","53","-20","","","",""
"401414782","Eastern Michigan","20","Massachusetts","13","Eastern Michigan -20","consensus","53.5","-20","","","",""
"401414782","Eastern Michigan","20","Massachusetts","13","Eastern Michigan -20","William Hill (New Jersey)","53.5","-20","","","",""
"401415626","South Florida","28","East Carolina","48","East Carolina -9.5","Bovada","55.5","9.5","8","59","270","-340"
"401415626","South Florida","28","East Carolina","48","East Carolina -10","William Hill (New Jersey)","55.5","10","","","",""
"401415626","South Florida","28","East Carolina","48","East Carolina -9.5","teamrankings","56","9.5","","","",""
"401415626","South Florida","28","East Carolina","48","East Carolina -9.5","consensus","55.5","9.5","","","",""
"401411128","North Carolina","41","Virginia Tech","10","North Carolina -9.5","Bovada","57.5","-9.5","-8.5","57","-320","260"
"401411128","North Carolina","41","Virginia Tech","10","North Carolina -9.5","teamrankings","57","-9.5","","","",""
"401411128","North Carolina","41","Virginia Tech","10","North Carolina -9.5","consensus","57","-9.5","","","",""
"401411128","North Carolina","41","Virginia Tech","10","North Carolina -9.5","William Hill (New Jersey)","58","-9.5","","","",""
"401411127","Florida State","21","Wake Forest","31","Florida State -6.0","Bovada","67.5","-6","-6","66","-250","210"
"401411127","Florida State","21","Wake Forest","31","Florida State -6","teamrankings","67","-6","","","",""
"401411127","Florida State","21","Wake Forest","31","Florida State -6","consensus","67.5","-6","","","",""
"401411127","Florida State","21","Wake Forest","31","Florida State -5.5","William Hill (New Jersey)","68","-5.5","","","",""
"401404004","Washington State","28","California","9","Washington State -4.0","Bovada","52.5","-4","-4.5","53","-195","165"
"401404004","Washington State","28","California","9","Washington State -4","teamrankings","52.5","-4","","","",""
"401404004","Washington State","28","California","9","Washington State -4","consensus","52.5","-4","","","",""
"401404004","Washington State","28","California","9","Washington State -4","William Hill (New Jersey)","52.5","-4","","","",""
"401426340","Arkansas State","45","UL Monroe","28","Arkansas State -7.5","Bovada","58.5","-7.5","-7.5","60","-280","230"
"401426340","Arkansas State","45","UL Monroe","28","Arkansas State -7.5","teamrankings","58.5","-7.5","","","",""
"401426340","Arkansas State","45","UL Monroe","28","Arkansas State -7","consensus","59","-7","","","",""
"401426340","Arkansas State","45","UL Monroe","28","Arkansas State -7.5","William Hill (New Jersey)","59","-7.5","","","",""
"401403907","Missouri","22","Georgia","26","Georgia -31.5","Bovada","54.5","31.5","27.5","55.5","1325","-6000"
"401403907","Missouri","22","Georgia","26","Georgia -30.5","teamrankings","54","30.5","","","",""
"401403907","Missouri","22","Georgia","26","Georgia -30.5","consensus","54.5","30.5","","","",""
"401403907","Missouri","22","Georgia","26","Georgia -31","William Hill (New Jersey)","54","31","","","",""
"401426574","New Mexico State","7","Florida International","21","New Mexico State -16.0","Bovada","54","-16","-15","55.5","-600","425"
"401426574","New Mexico State","7","Florida International","21","New Mexico State -15","teamrankings","54","-15","","","",""
"401426574","New Mexico State","7","Florida International","21","New Mexico State -16","consensus","54","-16","","","",""
"401426574","New Mexico State","7","Florida International","21","New Mexico State -16","William Hill (New Jersey)","54","-16","","","",""
"401426581","UAB","41","Middle Tennessee","14","UAB -10.0","Bovada","52.5","-10","-9.5","55","-340","270"
"401426581","UAB","41","Middle Tennessee","14","UAB -10","teamrankings","53","-10","","","",""
"401426581","UAB","41","Middle Tennessee","14","UAB -10","consensus","53","-10","","","",""
"401426581","UAB","41","Middle Tennessee","14","UAB -10","William Hill (New Jersey)","53","-10","","","",""
"401403904","Florida","52","Eastern Washington","17","Florida -32.0","Bovada","69","-32","-32","71.5","",""
"401403904","Florida","52","Eastern Washington","17","Florida -32","consensus","71.5","-32","","","",""
"401403904","Florida","52","Eastern Washington","17","Florida -32","William Hill (New Jersey)","69.5","-32","","","",""
"401416615","Northern Illinois","32","Toledo","52","Toledo -6.5","Bovada","59.5","6.5","6","60","190","-230"
"401416615","Northern Illinois","32","Toledo","52","Toledo -6.5","teamrankings","59","6.5","","","",""
"401416615","Northern Illinois","32","Toledo","52","Toledo -6.5","consensus","59","6.5","","","",""
"401416615","Northern Illinois","32","Toledo","52","Toledo -6.5","William Hill (New Jersey)","59","6.5","","","",""
"401405108","Indiana","10","Michigan","31","Michigan -23.5","Bovada","57.5","23.5","21.5","57.5","1000","-2200"
"401405108","Indiana","10","Michigan","31","Michigan -23.5","teamrankings","57.5","23.5","","","",""
"401405108","Indiana","10","Michigan","31","Michigan -23.5","consensus","58","23.5","","","",""
"401405108","Indiana","10","Michigan","31","Michigan -23.5","William Hill (New Jersey)","57.5","23.5","","","",""
"401415632","Navy","53","Tulsa","21","Tulsa -4.5","Bovada","45.5","4.5","6","47","165","-195"
"401415632","Navy","53","Tulsa","21","Tulsa -4.5","teamrankings","45.5","4.5","","","",""
"401415632","Navy","53","Tulsa","21","Tulsa -4.5","consensus","46","4.5","","","",""
"401415632","Navy","53","Tulsa","21","Tulsa -4.5","William Hill (New Jersey)","46","4.5","","","",""
"401416617","Bowling Green","7","Buffalo","38","Buffalo -2.0","Bovada","56","2","-1.5","55.5","110","-130"
"401416617","Bowling Green","7","Buffalo","38","Buffalo -2","teamrankings","55.5","2","","","",""
"401416617","Bowling Green","7","Buffalo","38","Buffalo -2","consensus","54.5","2","","","",""
"401416617","Bowling Green","7","Buffalo","38","Buffalo -2","William Hill (New Jersey)","56.5","2","","","",""
"401404009","Arizona State","45","Washington","38","Washington -13.5","Bovada","55.5","13.5","13","55.5","390","-550"
"401404009","Arizona State","45","Washington","38","Washington -13.5","teamrankings","56","13.5","","","",""
"401404009","Arizona State","45","Washington","38","Washington -13.5","consensus","56","13.5","","","",""
"401404009","Arizona State","45","Washington","38","Washington -13.5","William Hill (New Jersey)","56","13.5","","","",""
"401411134","NC State","19","Florida State","17","NC State -3.5","Bovada","50","-3.5","-3.5","52","","140"
"401411134","NC State","19","Florida State","17","NC State -3.5","teamrankings","50.5","-3.5","","","",""
"401411134","NC State","19","Florida State","17","NC State -3.5","consensus","50.5","-3.5","","","",""
"401411134","NC State","19","Florida State","17","NC State -3.5","William Hill (New Jersey)","50.5","-3.5","","","",""
"401404010","Stanford","27","Oregon State","28","Oregon State -4.0","Bovada","53","4","7","58.5","170","-200"
"401404010","Stanford","27","Oregon State","28","Oregon State -4.5","teamrankings","53","4.5","","","",""
"401404010","Stanford","27","Oregon State","28","Oregon State -4.5","consensus","53.5","4.5","","","",""
"401404010","Stanford","27","Oregon State","28","Oregon State -4.5","William Hill (New Jersey)","53.5","4.5","","","",""
"401404127","Notre Dame","28","BYU","20","Notre Dame -3.5","Bovada","51.5","-3.5","-2.5","52","-195","165"
"401404127","Notre Dame","28","BYU","20","Notre Dame -4","teamrankings","51","-4","","","",""
"401404127","Notre Dame","28","BYU","20","Notre Dame -3.5","consensus","51.5","-3.5","","","",""
"401404127","Notre Dame","28","BYU","20","Notre Dame -3.5","William Hill (New Jersey)","51.5","-3.5","","","",""
"401426342","Georgia State","41","Georgia Southern","33","Georgia State -2.5","Bovada","66.5","-2.5","-2.5","65.5","-135","115"
"401426342","Georgia State","41","Georgia Southern","33","Georgia State -2.5","teamrankings","67.5","-2.5","","","",""
"401426342","Georgia State","41","Georgia Southern","33","Georgia State -2.5","consensus","66.5","-2.5","","","",""
"401426342","Georgia State","41","Georgia Southern","33","Georgia State -2.5","William Hill (New Jersey)","66.5","-2.5","","","",""
"401426580","Louisiana Tech","41","UTEP","31","Louisiana Tech -1.5","Bovada","52","-1.5","-1.5","53","-150","130"
"401426580","Louisiana Tech","41","UTEP","31","Louisiana Tech -2","teamrankings","52","-2","","","",""
"401426580","Louisiana Tech","41","UTEP","31","Louisiana Tech -1.5","consensus","52.5","-1.5","","","",""
"401426580","Louisiana Tech","41","UTEP","31","Louisiana Tech -2","William Hill (New Jersey)","52.5","-2","","","",""
"401411132","Georgia Tech","23","Duke","20","Duke -3.5","Bovada","54","3.5","3.5","55.5","125","-145"
"401411132","Georgia Tech","23","Duke","20","Duke -3.5","teamrankings","54","3.5","","","",""
"401411132","Georgia Tech","23","Duke","20","Duke -3.5","consensus","54","3.5","","","",""
"401411132","Georgia Tech","23","Duke","20","Duke -3.5","William Hill (New Jersey)","54","3.5","","","",""
"401403915","Vanderbilt","28","Ole Miss","52","Ole Miss -17.0","Bovada","60","17","18.5","60","700","-1200"
"401403915","Vanderbilt","28","Ole Miss","52","Ole Miss -17","teamrankings","59.5","17","","","",""
"401403915","Vanderbilt","28","Ole Miss","52","Ole Miss -17","consensus","59.5","17","","","",""
"401403915","Vanderbilt","28","Ole Miss","52","Ole Miss -17","William Hill (New Jersey)","59.5","17","","","",""
"401426343","Arkansas State","20","James Madison","42","James Madison -11.0","Bovada","55","11","10.5","57.5","295","-390"
"401426343","Arkansas State","20","James Madison","42","James Madison -11.5","teamrankings","55","11.5","","","",""
"401426343","Arkansas State","20","James Madison","42","James Madison -11.5","consensus","55","11.5","","","",""
"401426343","Arkansas State","20","James Madison","42","James Madison -11.5","William Hill (New Jersey)","55","11.5","","","",""
"401416616","Ohio","55","Akron","34","Ohio -10.0","Bovada","59","-10","-11.5","58.5","-430","320"
"401416616","Ohio","55","Akron","34","Ohio -10","teamrankings","58.5","-10","","","",""
"401416616","Ohio","55","Akron","34","Ohio -10","consensus","59","-10","","","",""
"401416616","Ohio","55","Akron","34","Ohio -10","William Hill (New Jersey)","59","-10","","","",""
"401403910","Florida","24","Missouri","17","Florida -11.0","Bovada","53.5","-11","-10","54","-435","325"
"401403910","Florida","24","Missouri","17","Florida -11","teamrankings","53.5","-11","","","",""
"401403910","Florida","24","Missouri","17","Florida -10.5","consensus","53.5","-10.5","","","",""
"401403910","Florida","24","Missouri","17","Florida -10.5","William Hill (New Jersey)","53.5","-10.5","","","",""
"401415630","Memphis","32","Houston","33","Memphis -1.0","Bovada","58","-1","-3","57.5","-145","125"
"401415630","Memphis","32","Houston","33","Memphis -1.5","teamrankings","57.5","-1.5","","","",""
"401415630","Memphis","32","Houston","33","Memphis -1.5","consensus","57.5","-1.5","","","",""
"401415630","Memphis","32","Houston","33","Memphis -1.5","William Hill (New Jersey)","57.5","-1.5","","","",""
"401405109","Maryland","29","Purdue","31","Maryland -3.0","Bovada","59.5","-3","-3.5","61","-150","130"
"401405109","Maryland","29","Purdue","31","Maryland -3","teamrankings","59.5","-3","","","",""
"401405109","Maryland","29","Purdue","31","Maryland -3","consensus","59.5","-3","","","",""
"401405109","Maryland","29","Purdue","31","Maryland -3","William Hill (New Jersey)","59.5","-3","","","",""
"401416614","Western Michigan","23","Eastern Michigan","45","Western Michigan -4.5","Bovada","55.5","-4.5","-4","58","-230","190"
"401416614","Western Michigan","23","Eastern Michigan","45","Western Michigan -4.5","teamrankings","55.5","-4.5","","","",""
"401416614","Western Michigan","23","Eastern Michigan","45","Western Michigan -4.5","consensus","55","-4.5","","","",""
"401416614","Western Michigan","23","Eastern Michigan","45","Western Michigan -4","William Hill (New Jersey)","56.5","-4","","","",""
"401403912","Kentucky","14","South Carolina","24","Kentucky -4.5","Bovada","44","-4.5","-10.5","48.5","-195","165"
"401403912","Kentucky","14","South Carolina","24","Kentucky -4","teamrankings","45","-4","","","",""
"401403912","Kentucky","14","South Carolina","24","Kentucky -4.5","consensus","45","-4.5","","","",""
"401403912","Kentucky","14","South Carolina","24","Kentucky -4.5","William Hill (New Jersey)","44","-4.5","","","",""
"401415231","Utah State","34","Air Force","27","Air Force -11.5","Bovada","54","11.5","9","55.5","290","-380"
"401415231","Utah State","34","Air Force","27","Air Force -11.5","teamrankings","54","11.5","","","",""
"401415231","Utah State","34","Air Force","27","Air Force -11.5","consensus","53.5","11.5","","","",""
"401415231","Utah State","34","Air Force","27","Air Force -11.5","William Hill (New Jersey)","53.5","11.5","","","",""
"401426346","Troy","27","Southern Miss","10","Troy -7.0","Bovada","44","-7","-6.5","46","-250","210"
"401426346","Troy","27","Southern Miss","10","Troy -7","teamrankings","44","-7","","","",""
"401426346","Troy","27","Southern Miss","10","Troy -7","consensus","44","-7","","","",""
"401426346","Troy","27","Southern Miss","10","Troy -7","William Hill (New Jersey)","44","-7","","","",""
"401415633","Cincinnati","28","South Florida","24","Cincinnati -27.0","Bovada","58.5","-27","-27.5","59","",""
"401415633","Cincinnati","28","South Florida","24","Cincinnati -27","teamrankings","58.5","-27","","","",""
"401415633","Cincinnati","28","South Florida","24","Cincinnati -27","consensus","58.5","-27","","","",""
"401415633","Cincinnati","28","South Florida","24","Cincinnati -27","William Hill (New Jersey)","58.5","-27","","","",""
"401405106","Illinois","9","Iowa","6","Illinois -4.0","Bovada","36","-4","-4","35.5","-175","150"
"401405106","Illinois","9","Iowa","6","Illinois -3.5","teamrankings","36.5","-3.5","","","",""
"401405106","Illinois","9","Iowa","6","Illinois -3.5","consensus","36.5","-3.5","","","",""
"401405106","Illinois","9","Iowa","6","Illinois -3.5","William Hill (New Jersey)","36.5","-3.5","","","",""
"401415235","San Diego State","16","Hawai'i","14","San Diego State -24.0","Bovada","49","-24","-21","49.5","-1800","850"
"401415235","San Diego State","16","Hawai'i","14","San Diego State -23.5","teamrankings","48.5","-23.5","","","",""
"401415235","San Diego State","16","Hawai'i","14","San Diego State -23.5","consensus","49","-23.5","","","",""
"401415235","San Diego State","16","Hawai'i","14","San Diego State -24","William Hill (New Jersey)","49","-24","","","",""
"401411136","Virginia","17","Louisville","34","Virginia -1.5","Bovada","47.5","-1.5","4.5","51.5","125","-120"
"401411136","Virginia","17","Louisville","34","Virginia -1.5","teamrankings","47.5","-1.5","","","",""
"401411136","Virginia","17","Louisville","34","Virginia -1.5","consensus","47.5","-1.5","","","",""
"401411136","Virginia","17","Louisville","34","Virginia -1.5","William Hill (New Jersey)","47.5","-1.5","","","",""
"401415232","Boise State","40","Fresno State","20","Boise State -10.5","Bovada","45","-10.5","-7","49","-290","240"
"401415232","Boise State","40","Fresno State","20","Boise State -9","teamrankings","45","-9","","","",""
"401415232","Boise State","40","Fresno State","20","Boise State -10.5","consensus","45.5","-10.5","","","",""
"401415232","Boise State","40","Fresno State","20","Boise State -10.5","William Hill (New Jersey)","45","-10.5","","","",""
"401404012","USC","30","Washington State","14","USC -12.5","Bovada","64.5","-12.5","-11","61","-550",""
"401404012","USC","30","Washington State","14","USC -12.5","teamrankings","64.5","-12.5","","","",""
"401404012","USC","30","Washington State","14","USC -12.5","consensus","64.5","-12.5","","","",""
"401404012","USC","30","Washington State","14","USC -12","William Hill (New Jersey)","64.5","-12","","","",""
"401426579","Florida International","12","UConn","33","UConn -5.5","Bovada","46.5","5.5","4.5","49.5","170","-200"
"401426579","Florida International","12","UConn","33","UConn -5.5","teamrankings","46.5","5.5","","","",""
"401426579","Florida International","12","UConn","33","UConn -5.5","consensus","46.5","5.5","","","",""
"401426579","Florida International","12","UConn","33","UConn -5.5","William Hill (New Jersey)","46.5","5.5","","","",""
"401403909","Alabama","24","Texas A&M","20","Alabama -24.0","Bovada","48.5","-24","-24","52","-2800","1100"
"401403909","Alabama","24","Texas A&M","20","Alabama -24","teamrankings","48","-24","","","",""
"401403909","Alabama","24","Texas A&M","20","Alabama -24","consensus","48","-24","","","",""
"401403909","Alabama","24","Texas A&M","20","Alabama -24.5","William Hill (New Jersey)","48","-24.5","","","",""
"401404011","UCLA","42","Utah","32","Utah -3.5","Bovada","64.5","3.5","3.5","64","165","-195"
"401404011","UCLA","42","Utah","32","Utah -3","teamrankings","64.5","3","","","",""
"401404011","UCLA","42","Utah","32","Utah -3","consensus","64.5","3","","","",""
"401404011","UCLA","42","Utah","32","Utah -3","William Hill (New Jersey)","64.5","3","","","",""
"401426345","Texas State","36","App State","24","App State -19.5","Bovada","54.5","19.5","19","55.5","700","-1200"
"401426345","Texas State","36","App State","24","App State -19.5","teamrankings","54.5","19.5","","","",""
"401426345","Texas State","36","App State","24","App State -19.5","consensus","54.5","19.5","","","",""
"401426345","Texas State","36","App State","24","App State -19","William Hill (New Jersey)","54.5","19","","","",""
"401405107","Northwestern","7","Wisconsin","42","Wisconsin -10.0","Bovada","44.5","10","9.5","44","300","-400"
"401405107","Northwestern","7","Wisconsin","42","Wisconsin -10","teamrankings","44.5","10","","","",""
"401405107","Northwestern","7","Wisconsin","42","Wisconsin -10","consensus","44.5","10","","","",""
"401405107","Northwestern","7","Wisconsin","42","Wisconsin -10","William Hill (New Jersey)","44.5","10","","","",""
"401405110","Michigan State","20","Ohio State","49","Ohio State -27.5","Bovada","65","27.5","25.5","62","",""
"401405110","Michigan State","20","Ohio State","49","Ohio State -27","teamrankings","64.5","27","","","",""
"401405110","Michigan State","20","Ohio State","49","Ohio State -27","consensus","64.5","27","","","",""
"401405110","Michigan State","20","Ohio State","49","Ohio State -27","William Hill (New Jersey)","64.5","27","","","",""
"401411133","Miami","24","North Carolina","27","Miami -4.0","Bovada","68","-4","-3","66","-170","145"
"401411133","Miami","24","North Carolina","27","Miami -4","teamrankings","67.5","-4","","","",""
"401411133","Miami","24","North Carolina","27","Miami -4","consensus","67.5","-4","","","",""
"401411133","Miami","24","North Carolina","27","Miami -4","William Hill (New Jersey)","67.5","-4","","","",""
"401426582","UTSA","31","Western Kentucky","28","UTSA -6.5","Bovada","72.5","-6.5","-5","70","-250","210"
"401426582","UTSA","31","Western Kentucky","28","UTSA -6.5","teamrankings","72.5","-6.5","","","",""
"401426582","UTSA","31","Western Kentucky","28","UTSA -6.5","consensus","72.5","-6.5","","","",""
"401426582","UTSA","31","Western Kentucky","28","UTSA -6.5","William Hill (New Jersey)","72.5","-6.5","","","",""
"401405111","Rutgers","13","Nebraska","14","Nebraska -3.0","Bovada","50.5","3","2.5","51","130","-150"
"401405111","Rutgers","13","Nebraska","14","Nebraska -3","teamrankings","50.5","3","","","",""
"401405111","Rutgers","13","Nebraska","14","Nebraska -3","consensus","50.5","3","","","",""
"401405111","Rutgers","13","Nebraska","14","Nebraska -3","Caesars Sportsbook (Colorado)","50.5","3","","","",""
"401404088","Iowa State","9","Kansas State","10","Kansas State -1.0","Bovada","45","1","2","46","110","-130"
"401404088","Iowa State","9","Kansas State","10","Kansas State -1","teamrankings","45","1","","","",""
"401404088","Iowa State","9","Kansas State","10","Kansas State -1","consensus","45","1","","","",""
"401404088","Iowa State","9","Kansas State","10","Kansas State -1.5","William Hill (New Jersey)","45","1.5","","","",""
"401415234","New Mexico","14","Wyoming","27","Wyoming -3.0","Bovada","37","3","3.5","37.5","145","-170"
"401415234","New Mexico","14","Wyoming","27","Wyoming -3","teamrankings","37","3","","","",""
"401415234","New Mexico","14","Wyoming","27","Wyoming -3","consensus","37","3","","","",""
"401415234","New Mexico","14","Wyoming","27","Wyoming -3","William Hill (New Jersey)","37","3","","","",""
"401411135","Pittsburgh","45","Virginia Tech","29","Pittsburgh -14.5","Bovada","42","-14.5","-14.5","44.5","-650","450"
"401411135","Pittsburgh","45","Virginia Tech","29","Pittsburgh -14.5","teamrankings","42","-14.5","","","",""
"401411135","Pittsburgh","45","Virginia Tech","29","Pittsburgh -14.5","consensus","42","-14.5","","","",""
"401411135","Pittsburgh","45","Virginia Tech","29","Pittsburgh -14.5","William Hill (New Jersey)","42","-14.5","","","",""
"401426344","UL Monroe","21","Coastal Carolina","28","Coastal Carolina -12.5","Bovada","57.5","12.5","15","60","425","-600"
"401426344","UL Monroe","21","Coastal Carolina","28","Coastal Carolina -12.5","teamrankings","58","12.5","","","",""
"401426344","UL Monroe","21","Coastal Carolina","28","Coastal Carolina -12.5","consensus","58","12.5","","","",""
"401426344","UL Monroe","21","Coastal Carolina","28","Coastal Carolina -12.5","William Hill (New Jersey)","58","12.5","","","",""
"401404089","Kansas","31","TCU","38","TCU -7.0","Bovada","71","7","5.5","67.5","225","-275"
"401404089","Kansas","31","TCU","38","TCU -7","teamrankings","70","7","","","",""
"401404089","Kansas","31","TCU","38","TCU -7","consensus","70","7","","","",""
"401404089","Kansas","31","TCU","38","TCU -7","William Hill (New Jersey)","70.5","7","","","",""
"401404138","Wake Forest","45","Army","10","Wake Forest -16.5","Bovada","65.5","-16.5","-15.5","65","-850","550"
"401404138","Wake Forest","45","Army","10","Wake Forest -16","teamrankings","65.5","-16","","","",""
"401404138","Wake Forest","45","Army","10","Wake Forest -16","consensus","65.5","-16","","","",""
"401404138","Wake Forest","45","Army","10","Wake Forest -16","William Hill (New Jersey)","65.5","-16","","","",""
"401404008","Arizona","22","Oregon","49","Oregon -13.5","Bovada","73","13.5","11","69.5","375","-525"
"401404008","Arizona","22","Oregon","49","Oregon -13.5","teamrankings","70.5","13.5","","","",""
"401404008","Arizona","22","Oregon","49","Oregon -13.5","consensus","72","13.5","","","",""
"401404008","Arizona","22","Oregon","49","Oregon -13.5","William Hill (New Jersey)","72","13.5","","","",""
"401415233","Nevada","14","Colorado State","17","Nevada -3.5","Bovada","45","-3.5","-3","47","-175","150"
"401415233","Nevada","14","Colorado State","17","Nevada -3.5","teamrankings","44","-3.5","","","",""
"401415233","Nevada","14","Colorado State","17","Nevada -3.5","consensus","45","-3.5","","","",""
"401415233","Nevada","14","Colorado State","17","Nevada -3.5","William Hill (New Jersey)","45","-3.5","","","",""
"401411131","Boston College","3","Clemson","31","Clemson -21.0","Bovada","49","21","20.5","50","850","-1800"
"401411131","Boston College","3","Clemson","31","Clemson -21","teamrankings","49","21","","","",""
"401411131","Boston College","3","Clemson","31","Clemson -21","consensus","48.5","21","","","",""
"401411131","Boston College","3","Clemson","31","Clemson -21","William Hill (New Jersey)","48.5","21","","","",""
"401415236","San José State","40","UNLV","7","San José State -6.5","Bovada","51.5","-6.5","-5","50.5","-210","175"
"401415236","San José State","40","UNLV","7","San José State -6.5","teamrankings","51.5","-6.5","","","",""
"401415236","San José State","40","UNLV","7","San José State -6.5","consensus","51.5","-6.5","","","",""
"401415236","San José State","40","UNLV","7","San José State -6.5","William Hill (New Jersey)","51.5","-6.5","","","",""
"401404091","Oklahoma State","41","Texas Tech","31","Oklahoma State -11.5","Bovada","65.5","-11.5","-10","64","-350","275"
"401404091","Oklahoma State","41","Texas Tech","31","Oklahoma State -11","teamrankings","66","-11","","","",""
"401404091","Oklahoma State","41","Texas Tech","31","Oklahoma State -11.5","consensus","65.5","-11.5","","","",""
"401404091","Oklahoma State","41","Texas Tech","31","Oklahoma State -11.5","William Hill (New Jersey)","65.5","-11.5","","","",""
"401416613","Central Michigan","16","Ball State","17","Central Michigan -7.5","Bovada","63.5","-7.5","-9","64","-340","270"
"401416613","Central Michigan","16","Ball State","17","Central Michigan -7.5","teamrankings","63","-7.5","","","",""
"401416613","Central Michigan","16","Ball State","17","Central Michigan -7.5","consensus","63.5","-7.5","","","",""
"401416613","Central Michigan","16","Ball State","17","Central Michigan -7.5","William Hill (New Jersey)","63.5","-7.5","","","",""
"401416618","Miami (OH)","27","Kent State","24","Kent State -5.0","Bovada","56.5","5","3.5","57.5","190","-230"
"401416618","Miami (OH)","27","Kent State","24","Kent State -5","teamrankings","56.5","5","","","",""
"401416618","Miami (OH)","27","Kent State","24","Kent State -5.5","consensus","56.5","5.5","","","",""
"401416618","Miami (OH)","27","Kent State","24","Kent State -5","William Hill (New Jersey)","56.5","5","","","",""
"401404090","Oklahoma","0","Texas","49","Texas -7.5","Bovada","65.5","7.5","6","65","260","-320"
"401404090","Oklahoma","0","Texas","49","Texas -7.5","teamrankings","65","7.5","","","",""
"401404090","Oklahoma","0","Texas","49","Texas -7.5","consensus","65.5","7.5","","","",""
"401404090","Oklahoma","0","Texas","49","Texas -7.5","William Hill (New Jersey)","65","7.5","","","",""
"401403913","LSU","13","Tennessee","40","Tennessee -2.5","Bovada","63","2.5","3","62","130","-150"
"401403913","LSU","13","Tennessee","40","Tennessee -2.5","teamrankings","63.5","2.5","","","",""
"401403913","LSU","13","Tennessee","40","Tennessee -2.5","consensus","63.5","2.5","","","",""
"401403913","LSU","13","Tennessee","40","Tennessee -2.5","William Hill (New Jersey)","63.5","2.5","","","",""
"401403911","Georgia","42","Auburn","10","Georgia -27.5","Bovada","49.5","-27.5","-28.5","49","",""
"401403911","Georgia","42","Auburn","10","Georgia -27.5","teamrankings","49.5","-27.5","","","",""
"401403911","Georgia","42","Auburn","10","Georgia -28","consensus","49.5","-28","","","",""
"401403911","Georgia","42","Auburn","10","Georgia -27.5","William Hill (New Jersey)","49.5","-27.5","","","",""
"401404164","Massachusetts","24","Liberty","42","Liberty -23.0","Bovada","45.5","23","25.5","50.5","1125","-3000"
"401404164","Massachusetts","24","Liberty","42","Liberty -22.5","teamrankings","45.5","22.5","","","",""
"401404164","Massachusetts","24","Liberty","42","Liberty -22.5","consensus","46","22.5","","","",""
"401404164","Massachusetts","24","Liberty","42","Liberty -22.5","William Hill (New Jersey)","45.5","22.5","","","",""
"401415631","Tulane","24","East Carolina","9","Tulane -2.5","Bovada","55.5","-2.5","-3","54","-160","135"
"401415631","Tulane","24","East Carolina","9","Tulane -2.5","teamrankings","56","-2.5","","","",""
"401415631","Tulane","24","East Carolina","9","Tulane -3","consensus","55.5","-3","","","",""
"401415631","Tulane","24","East Carolina","9","Tulane -2.5","William Hill (New Jersey)","55.5","-2.5","","","",""
"401416623","Western Michigan","14","Ohio","33","Western Michigan -2.0","Bovada","61.5","-2","-2","60","-125","105"
"401416623","Western Michigan","14","Ohio","33","Western Michigan -2","teamrankings","61.5","-2","","","",""
"401416623","Western Michigan","14","Ohio","33","Western Michigan -2","consensus","61.5","-2","","","",""
"401416623","Western Michigan","14","Ohio","33","Western Michigan -2","William Hill (New Jersey)","61.5","-2","","","",""
"401415240","Hawai'i","31","Nevada","16","Nevada -6.0","Bovada","51.5","6","4.5","48.5","170","-200"
"401415240","Hawai'i","31","Nevada","16","Nevada -6.5","teamrankings","51.5","6.5","","","",""
"401411140","Virginia Tech","14","Miami","20","Miami -9.0","Bovada","48.5","9","7","47.5","250","-300"
"401411140","Virginia Tech","14","Miami","20","Miami -9","teamrankings","48.5","9","","","",""
"401411140","Virginia Tech","14","Miami","20","Miami -8.5","consensus","48","8.5","","","",""
"401411140","Virginia Tech","14","Miami","20","Miami -9","William Hill (New Jersey)","48","9","","","",""
"401415634","UCF","70","Temple","13","UCF -23.5","Bovada","46.5","-23.5","-24.5","46","-2800","1100"
"401415634","UCF","70","Temple","13","UCF -23.5","teamrankings","46.5","-23.5","","","",""
"401415634","UCF","70","Temple","13","UCF -23.5","consensus","46.5","-23.5","","","",""
"401415634","UCF","70","Temple","13","UCF -23.5","William Hill (New Jersey)","46.5","-23.5","","","",""
"401426349","Georgia Southern","45","James Madison","38","James Madison -13.0","Bovada","68","13","10.5","63.5","295","-390"
"401426349","Georgia Southern","45","James Madison","38","James Madison -13","teamrankings","68","13","","","",""
"401426349","Georgia Southern","45","James Madison","38","James Madison -13","consensus","67.5","13","","","",""
"401426349","Georgia Southern","45","James Madison","38","James Madison -13","William Hill (New Jersey)","67.5","13","","","",""
"401426347","Marshall","13","Louisiana","23","Marshall -9.5","Bovada","45","-9.5","-7.5","47.5","-310","255"
"401426347","Marshall","13","Louisiana","23","Marshall -10.5","teamrankings","45.5","-10.5","","","",""
"401426347","Marshall","13","Louisiana","23","Marshall -10.5","consensus","45","-10.5","","","",""
"401426347","Marshall","13","Louisiana","23","Marshall -10.5","William Hill (New Jersey)","45","-10.5","","","",""
"401415635","SMU","40","Navy","34","SMU -12.5","Bovada","59","-12.5","-11","57","-450","335"
"401415635","SMU","40","Navy","34","SMU -12.5","teamrankings","58.5","-12.5","","","",""
"401415635","SMU","40","Navy","34","SMU -12.5","consensus","58.5","-12.5","","","",""
"401415635","SMU","40","Navy","34","SMU -12","William Hill (New Jersey)","58.5","-12","","","",""
"401415238","Colorado State","13","Utah State","17","Utah State -14.0","Bovada","45.5","14","9","48","275","-350"
"401415238","Colorado State","13","Utah State","17","Utah State -14","teamrankings","45.5","14","","","",""
"401415238","Colorado State","13","Utah State","17","Utah State -14","consensus","45.5","14","","","",""
"401415238","Colorado State","13","Utah State","17","Utah State -14","William Hill (New Jersey)","45.5","14","","","",""
"401404015","Oregon State","24","Washington State","10","Oregon State -3.0","Bovada","51.5","-3","-3.5","52.5","-165","140"
"401404015","Oregon State","24","Washington State","10","Oregon State -3","teamrankings","51.5","-3","","","",""
"401404015","Oregon State","24","Washington State","10","Oregon State -3","consensus","51.5","-3","","","",""
"401404015","Oregon State","24","Washington State","10","Oregon State -3","William Hill (New Jersey)","51.5","-3","","","",""
"401426348","Coastal Carolina","21","Old Dominion","49","Coastal Carolina -11.0","Bovada","58.5","-11","-11","57","-450","335"
"401426348","Coastal Carolina","21","Old Dominion","49","Coastal Carolina -11","teamrankings","58.5","-11","","","",""
"401426348","Coastal Carolina","21","Old Dominion","49","Coastal Carolina -11.5","consensus","58.5","-11.5","","","",""
"401426348","Coastal Carolina","21","Old Dominion","49","Coastal Carolina -11.5","William Hill (New Jersey)","58.5","-11.5","","","",""
"401405114","Indiana","33","Maryland","38","Maryland -10.5","Bovada","63.5","10.5","10.5","60.5","300","-400"
"401405114","Indiana","33","Maryland","38","Maryland -11","teamrankings","63","11","","","",""
"401405114","Indiana","33","Maryland","38","Maryland -11","consensus","63.5","11","","","",""
"401405114","Indiana","33","Maryland","38","Maryland -11","William Hill (New Jersey)","63.5","11","","","",""
"401411139","Syracuse","24","NC State","9","Syracuse -3.0","Bovada","42","-3","-6","44","-160","135"
"401411139","Syracuse","24","NC State","9","Syracuse -3","teamrankings","42.5","-3","","","",""
"401411139","Syracuse","24","NC State","9","Syracuse -3","consensus","42.5","-3","","","",""
"401411139","Syracuse","24","NC State","9","Syracuse -3","William Hill (New Jersey)","42.5","-3","","","",""
"401415637","East Carolina","47","Memphis","45","East Carolina -5.5","Bovada","62.5","-5.5","-3.5","59.5","-175","150"
"401415637","East Carolina","47","Memphis","45","East Carolina -5.5","teamrankings","62.5","-5.5","","","",""
"401415637","East Carolina","47","Memphis","45","East Carolina -5.5","consensus","62.5","-5.5","","","",""
"401415637","East Carolina","47","Memphis","45","East Carolina -5.5","William Hill (New Jersey)","62.5","-5.5","","","",""
"401403918","Georgia","55","Vanderbilt","0","Georgia -37.5","Bovada","56.5","-37.5","-38","57","",""
"401403918","Georgia","55","Vanderbilt","0","Georgia -37.5","teamrankings","56.5","-37.5","","","",""
"401403918","Georgia","55","Vanderbilt","0","Georgia -37.5","consensus","56.5","-37.5","","","",""
"401403918","Georgia","55","Vanderbilt","0","Georgia -37.5","William Hill (New Jersey)","56.5","-37.5","","","",""
"401404094","Oklahoma","52","Kansas","42","Oklahoma -10.5","Bovada","66.5","-10.5","-7","64","-350","275"
"401404094","Oklahoma","52","Kansas","42","Oklahoma -10.5","teamrankings","66","-10.5","","","",""
"401404094","Oklahoma","52","Kansas","42","Oklahoma -10.5","consensus","66","-10.5","","","",""
"401404094","Oklahoma","52","Kansas","42","Oklahoma -10.5","William Hill (New Jersey)","66.5","-10.5","","","",""
"401416619","Akron","21","Central Michigan","28","Central Michigan -12.0","Bovada","60.5","12","13.5","58.5","390","-550"
"401416619","Akron","21","Central Michigan","28","Central Michigan -12","teamrankings","60.5","12","","","",""
"401416619","Akron","21","Central Michigan","28","Central Michigan -12","consensus","60.5","12","","","",""
"401416619","Akron","21","Central Michigan","28","Central Michigan -12","William Hill (New Jersey)","60.5","12","","","",""
"401405115","Michigan","41","Penn State","17","Michigan -7.0","Bovada","48.5","-7","-7.5","51.5","-280","230"
"401405115","Michigan","41","Penn State","17","Michigan -7","teamrankings","49","-7","","","",""
"401405115","Michigan","41","Penn State","17","Michigan -7","consensus","49","-7","","","",""
"401405115","Michigan","41","Penn State","17","Michigan -7","William Hill (New Jersey)","48.5","-7","","","",""
"401426585","Florida Atlantic","17","Rice","14","Florida Atlantic -5.5","Bovada","54.5","-5.5","-5","56","-210","175"
"401426585","Florida Atlantic","17","Rice","14","Florida Atlantic -5","teamrankings","54.5","-5","","","",""
"401426585","Florida Atlantic","17","Rice","14","Florida Atlantic -4","consensus","54.5","-4","","","",""
"401426585","Florida Atlantic","17","Rice","14","Florida Atlantic -5","William Hill (New Jersey)","54.5","-5","","","",""
"401405116","Michigan State","34","Wisconsin","28","Wisconsin -7.0","Bovada","50","7","5.5","47","180","-220"
"401405116","Michigan State","34","Wisconsin","28","Wisconsin -7","teamrankings","49.5","7","","","",""
"401405116","Michigan State","34","Wisconsin","28","Wisconsin -7","consensus","49.5","7","","","",""
"401405116","Michigan State","34","Wisconsin","28","Wisconsin -7","William Hill (New Jersey)","49.5","7","","","",""
"401416622","Bowling Green","17","Miami (OH)","13","Miami (OH) -7.0","Bovada","45","7","7","47.5","210","-250"
"401416622","Bowling Green","17","Miami (OH)","13","Miami (OH) -7","teamrankings","45","7","","","",""
"401416622","Bowling Green","17","Miami (OH)","13","Miami (OH) -7","consensus","45","7","","","",""
"401416622","Bowling Green","17","Miami (OH)","13","Miami (OH) -7","William Hill (New Jersey)","45","7","","","",""
"401426583","UAB","34","Charlotte","20","UAB -22.0","Bovada","65","-22","-23.5","62.5","-2800","1100"
"401426583","UAB","34","Charlotte","20","UAB -21.5","teamrankings","65","-21.5","","","",""
"401426583","UAB","34","Charlotte","20","UAB -22.5","consensus","65","-22.5","","","",""
"401426583","UAB","34","Charlotte","20","UAB -22.5","William Hill (New Jersey)","65","-22.5","","","",""
"401426350","South Alabama","41","UL Monroe","34","South Alabama -17.0","Bovada","51","-17","-17.5","54","-950","600"
"401426350","South Alabama","41","UL Monroe","34","South Alabama -17","teamrankings","51","-17","","","",""
"401426350","South Alabama","41","UL Monroe","34","South Alabama -17","consensus","51","-17","","","",""
"401426350","South Alabama","41","UL Monroe","34","South Alabama -17","William Hill (New Jersey)","51","-17","","","",""
"401404013","Washington","49","Arizona","39","Washington -14.5","Bovada","71.5","-14.5","-15.5","73.5","","500"
"401404013","Washington","49","Arizona","39","Washington -14.5","teamrankings","71.5","-14.5","","","",""
"401404013","Washington","49","Arizona","39","Washington -14.5","consensus","71.5","-14.5","","","",""
"401404013","Washington","49","Arizona","39","Washington -14.5","William Hill (New Jersey)","71.5","-14.5","","","",""
"401426584","Florida International","10","UTSA","30","UTSA -33.0","Bovada","64","33","34","63.5","",""
"401426584","Florida International","10","UTSA","30","UTSA -33.5","teamrankings","64","33.5","","","",""
"401426584","Florida International","10","UTSA","30","UTSA -33.5","consensus","63.5","33.5","","","",""
"401426584","Florida International","10","UTSA","30","UTSA -34","William Hill (New Jersey)","62.5","34","","","",""
"401426587","Middle Tennessee","17","Western Kentucky","35","Western Kentucky -7.5","Bovada","67.5","7.5","7","66","220","-270"
"401426587","Middle Tennessee","17","Western Kentucky","35","Western Kentucky -7.5","teamrankings","67.5","7.5","","","",""
"401426587","Middle Tennessee","17","Western Kentucky","35","Western Kentucky -7.5","consensus","67.5","7.5","","","",""
"401426587","Middle Tennessee","17","Western Kentucky","35","Western Kentucky -7.5","William Hill (New Jersey)","67","7.5","","","",""
"401426351","Southern Miss","20","Arkansas State","19","Southern Miss -4.5","Bovada","53","-4.5","-4","56.5","-175","150"
"401426351","Southern Miss","20","Arkansas State","19","Southern Miss -4.5","teamrankings","53","-4.5","","","",""
"401426351","Southern Miss","20","Arkansas State","19","Southern Miss -4.5","consensus","53","-4.5","","","",""
"401426351","Southern Miss","20","Arkansas State","19","Southern Miss -4.5","William Hill (New Jersey)","53","-4.5","","","",""
"401416620","Eastern Michigan","10","Northern Illinois","39","Eastern Michigan -3.5","Bovada","64","-3.5","-3","63","-165","140"
"401416620","Eastern Michigan","10","Northern Illinois","39","Eastern Michigan -3.5","teamrankings","64.5","-3.5","","","",""
"401416620","Eastern Michigan","10","Northern Illinois","39","Eastern Michigan -3.5","consensus","64.5","-3.5","","","",""
"401416620","Eastern Michigan","10","Northern Illinois","39","Eastern Michigan -3.5","William Hill (New Jersey)","64","-3.5","","","",""
"401404153","Ball State","25","UConn","21","Ball State -9.5","Bovada","47.5","-9.5","-9.5","46.5","-360","280"
"401404153","Ball State","25","UConn","21","Ball State -9.5","teamrankings","47.5","-9.5","","","",""
"401404153","Ball State","25","UConn","21","Ball State -9.5","consensus","47.5","-9.5","","","",""
"401404153","Ball State","25","UConn","21","Ball State -9.5","William Hill (New Jersey)","47","-9.5","","","",""
"401403921","Tennessee","52","Alabama","49","Alabama -9.0","Bovada","68","9","7","65.5","260","-320"
"401403921","Tennessee","52","Alabama","49","Alabama -9","teamrankings","68","9","","","",""
"401403921","Tennessee","52","Alabama","49","Alabama -9","consensus","68","9","","","",""
"401403921","Tennessee","52","Alabama","49","Alabama -9","William Hill (New Jersey)","68","9","","","",""
"401411137","Duke","35","North Carolina","38","North Carolina -6.5","Bovada","70","6.5","6","67.5","180","-220"
"401411137","Duke","35","North Carolina","38","North Carolina -7","teamrankings","70","7","","","",""
"401411137","Duke","35","North Carolina","38","North Carolina -7","consensus","70","7","","","",""
"401411137","Duke","35","North Carolina","38","North Carolina -7","William Hill (New Jersey)","69","7","","","",""
"401404017","Utah","43","USC","42","Utah -3.5","Bovada","65","-3.5","-3.5","60.5","-170","145"
"401404017","Utah","43","USC","42","Utah -3.5","teamrankings","65","-3.5","","","",""
"401404017","Utah","43","USC","42","Utah -3.5","consensus","65","-3.5","","","",""
"401404017","Utah","43","USC","42","Utah -3.5","William Hill (New Jersey)","65","-3.5","","","",""
"401426352","Troy","17","Texas State","14","Troy -16.0","Bovada","47","-16","-16","48.5","-850","550"
"401426352","Troy","17","Texas State","14","Troy -16.5","teamrankings","47","-16.5","","","",""
"401426352","Troy","17","Texas State","14","Troy -16.5","consensus","47","-16.5","","","",""
"401426352","Troy","17","Texas State","14","Troy -16.5","William Hill (New Jersey)","47","-16.5","","","",""
"401415636","South Florida","31","Tulane","45","Tulane -11.5","Bovada","55","11.5","10.5","55","300","-400"
"401415636","South Florida","31","Tulane","45","Tulane -12","teamrankings","55","12","","","",""
"401415636","South Florida","31","Tulane","45","Tulane -12","consensus","55","12","","","",""
"401415636","South Florida","31","Tulane","45","Tulane -12","William Hill (New Jersey)","55","12","","","",""
"401409239","New Mexico State","21","New Mexico","9","New Mexico -7.0","Bovada","38.5","7","6","38","190","-230"
"401409239","New Mexico State","21","New Mexico","9","New Mexico -7","teamrankings","38.5","7","","","",""
"401409239","New Mexico State","21","New Mexico","9","New Mexico -7","consensus","38.5","7","","","",""
"401409239","New Mexico State","21","New Mexico","9","New Mexico -7","William Hill (New Jersey)","38.5","7","","","",""
"401404016","Notre Dame","14","Stanford","16","Notre Dame -16.5","Bovada","53","-16.5","-15","52.5","-750","500"
"401404016","Notre Dame","14","Stanford","16","Notre Dame -16.5","teamrankings","53.5","-16.5","","","",""
"401404016","Notre Dame","14","Stanford","16","Notre Dame -16.5","consensus","53.5","-16.5","","","",""
"401404016","Notre Dame","14","Stanford","16","Notre Dame -16.5","William Hill (New Jersey)","54.5","-16.5","","","",""
"401403919","Kentucky","27","Mississippi State","17","Mississippi State -3.5","Bovada","50.5","3.5","6","47","155","-180"
"401403919","Kentucky","27","Mississippi State","17","Mississippi State -3.5","teamrankings","50.5","3.5","","","",""
"401403919","Kentucky","27","Mississippi State","17","Mississippi State -3.5","consensus","50.5","3.5","","","",""
"401403919","Kentucky","27","Mississippi State","17","Mississippi State -3.5","William Hill (New Jersey)","50.5","3.5","","","",""
"401404014","Colorado","20","California","13","California -15.0","Bovada","48.5","15","14.5","49","460","-675"
"401404014","Colorado","20","California","13","California -15","teamrankings","49","15","","","",""
"401404014","Colorado","20","California","13","California -15","consensus","49","15","","","",""
"401404014","Colorado","20","California","13","California -15","William Hill (New Jersey)","49","15","","","",""
"401404092","West Virginia","43","Baylor","40","Baylor -3.0","Bovada","55","3","3.5","55","145","-170"
"401404092","West Virginia","43","Baylor","40","Baylor -3","teamrankings","55","3","","","",""
"401404092","West Virginia","43","Baylor","40","Baylor -3","consensus","55","3","","","",""
"401404092","West Virginia","43","Baylor","40","Baylor -3","William Hill (New Jersey)","55","3","","","",""
"401404095","TCU","43","Oklahoma State","40","TCU -5.5","Bovada","71","-5.5","-3.5","68","-180","155"
"401404095","TCU","43","Oklahoma State","40","TCU -5","teamrankings","69.5","-5","","","",""
"401404095","TCU","43","Oklahoma State","40","TCU -5","consensus","69.5","-5","","","",""
"401404095","TCU","43","Oklahoma State","40","TCU -5","William Hill (New Jersey)","70.5","-5","","","",""
"401405113","Purdue","43","Nebraska","37","Purdue -14.0","Bovada","56","-14","-11.5","58","-450","335"
"401405113","Purdue","43","Nebraska","37","Purdue -14","teamrankings","56","-14","","","",""
"401405113","Purdue","43","Nebraska","37","Purdue -14","consensus","56","-14","","","",""
"401405113","Purdue","43","Nebraska","37","Purdue -14","William Hill (New Jersey)","56","-14","","","",""
"401414783","Massachusetts","7","Buffalo","34","Buffalo -16.5","Bovada","47.5","16.5","16","47.5","550","-850"
"401414783","Massachusetts","7","Buffalo","34","Buffalo -17","teamrankings","47.5","17","","","",""
"401414783","Massachusetts","7","Buffalo","34","Buffalo -17","consensus","47.5","17","","","",""
"401414783","Massachusetts","7","Buffalo","34","Buffalo -17","William Hill (New Jersey)","47","17","","","",""
"401415237","UNLV","7","Air Force","42","Air Force -10.0","Bovada","50","10","9.5","54","280","-360"
"401415237","UNLV","7","Air Force","42","Air Force -10","teamrankings","50","10","","","",""
"401415237","UNLV","7","Air Force","42","Air Force -10","consensus","50","10","","","",""
"401415237","UNLV","7","Air Force","42","Air Force -10.5","William Hill (New Jersey)","50","10.5","","","",""
"401411138","Florida State","28","Clemson","34","Clemson -4.5","Bovada","51","4.5","4","51","165","-195"
"401411138","Florida State","28","Clemson","34","Clemson -4.5","teamrankings","51","4.5","","","",""
"401411138","Florida State","28","Clemson","34","Clemson -4.5","consensus","51","4.5","","","",""
"401411138","Florida State","28","Clemson","34","Clemson -4.5","William Hill (New Jersey)","51","4.5","","","",""
"401416621","Toledo","52","Kent State","31","Toledo -7.0","Bovada","62.5","-7","-9","62","-310","255"
"401416621","Toledo","52","Kent State","31","Toledo -7","teamrankings","62.5","-7","","","",""
"401416621","Toledo","52","Kent State","31","Toledo -7.5","consensus","62.5","-7.5","","","",""
"401416621","Toledo","52","Kent State","31","Toledo -7","William Hill (New Jersey)","62.5","-7","","","",""
"401404093","Texas","24","Iowa State","21","Texas -15.5","Bovada","48.5","-15.5","-14.5","50","-850","550"
"401404093","Texas","24","Iowa State","21","Texas -15.5","teamrankings","48.5","-15.5","","","",""
"401404093","Texas","24","Iowa State","21","Texas -15.5","consensus","48.5","-15.5","","","",""
"401404093","Texas","24","Iowa State","21","Texas -15.5","William Hill (New Jersey)","48.5","-15.5","","","",""
"401405112","Illinois","26","Minnesota","14","Minnesota -4.5","Bovada","40","4.5","3.5","39","170","-200"
"401405112","Illinois","26","Minnesota","14","Minnesota -4.5","teamrankings","40","4.5","","","",""
"401405112","Illinois","26","Minnesota","14","Minnesota -4.5","consensus","40","4.5","","","",""
"401405112","Illinois","26","Minnesota","14","Minnesota -4.5","William Hill (New Jersey)","40","4.5","","","",""
"401415239","Fresno State","17","San José State","10","San José State -7.0","Bovada","47","7","6.5","49.5","210","-250"
"401415239","Fresno State","17","San José State","10","San José State -7","teamrankings","47","7","","","",""
"401415239","Fresno State","17","San José State","10","San José State -7","consensus","47","7","","","",""
"401415239","Fresno State","17","San José State","10","San José State -7","William Hill (New Jersey)","47","7","","","",""
"401403916","BYU","35","Arkansas","52","Arkansas -0.0","Bovada","67","0","-3","59.5","-160","135"
"401403916","BYU","35","Arkansas","52","BYU -1","teamrankings","66.5","-1","","","",""
"401403916","BYU","35","Arkansas","52","BYU -1","consensus","66.5","-1","","","",""
"401403916","BYU","35","Arkansas","52","BYU -1","William Hill (New Jersey)","66.5","-1","","","",""
"401426586","North Texas","47","Louisiana Tech","27","North Texas -6.5","Bovada","68","-6.5","-6","71","-230","190"
"401426586","North Texas","47","Louisiana Tech","27","North Texas -6.5","teamrankings","68","-6.5","","","",""
"401426586","North Texas","47","Louisiana Tech","27","North Texas -6.5","consensus","68.5","-6.5","","","",""
"401426586","North Texas","47","Louisiana Tech","27","North Texas -6.5","William Hill (New Jersey)","68.5","-6.5","","","",""
"401415243","New Mexico","9","Fresno State","41","Fresno State -10.0","Bovada","40","10","12.5","42.5","360","-500"
"401415243","New Mexico","9","Fresno State","41","Fresno State -9.5","teamrankings","40","9.5","","","",""
"401415243","New Mexico","9","Fresno State","41","Fresno State -9.5","consensus","40.5","9.5","","","",""
"401415243","New Mexico","9","Fresno State","41","Fresno State -10","William Hill (New Jersey)","40.5","10","","","",""
"401404128","Notre Dame","44","UNLV","21","Notre Dame -26.0","Bovada","46.5","-26","-24","50","-5000","1300"
"401404128","Notre Dame","44","UNLV","21","Notre Dame -26","teamrankings","46.5","-26","","","",""
"401404128","Notre Dame","44","UNLV","21","Notre Dame -26","consensus","46.5","-26","","","",""
"401404128","Notre Dame","44","UNLV","21","Notre Dame -26","William Hill (New Jersey)","46.5","-26","","","",""
"401426356","Old Dominion","23","Georgia Southern","28","Old Dominion -1.5","Bovada","66","-1.5","-2.5","68","-130","110"
"401426356","Old Dominion","23","Georgia Southern","28","Old Dominion -1.5","teamrankings","66","-1.5","","","",""
"401426356","Old Dominion","23","Georgia Southern","28","Old Dominion -1.5","consensus","66","-1.5","","","",""
"401426356","Old Dominion","23","Georgia Southern","28","Old Dominion -1.5","William Hill (New Jersey)","66","-1.5","","","",""
"401404018","Stanford","15","Arizona State","14","Stanford -3.0","Bovada","52.5","-3","-3.5","54.5","-150","130"
"401404018","Stanford","15","Arizona State","14","Stanford -3","teamrankings","52","-3","","","",""
"401404018","Stanford","15","Arizona State","14","Stanford -3","consensus","52","-3","","","",""
"401404018","Stanford","15","Arizona State","14","Stanford -3","William Hill (New Jersey)","52","-3","","","",""
"401403922","Alabama","30","Mississippi State","6","Alabama -21.5","Bovada","61.5","-21.5","-21.5","62","-1600","800"
"401403922","Alabama","30","Mississippi State","6","Alabama -21.5","teamrankings","61.5","-21.5","","","",""
"401403922","Alabama","30","Mississippi State","6","Alabama -21","consensus","61.5","-21","","","",""
"401403922","Alabama","30","Mississippi State","6","Alabama -21","William Hill (New Jersey)","61","-21","","","",""
"401403925","South Carolina","30","Texas A&M","24","Texas A&M -3.0","Bovada","44.5","3","3.5","46.5","135","-160"
"401403925","South Carolina","30","Texas A&M","24","Texas A&M -3","teamrankings","44.5","3","","","",""
"401403925","South Carolina","30","Texas A&M","24","Texas A&M -3","consensus","44.5","3","","","",""
"401403925","South Carolina","30","Texas A&M","24","Texas A&M -3","William Hill (New Jersey)","45","3","","","",""
"401416627","Miami (OH)","10","Western Michigan","16","Miami (OH) -7.0","Bovada","44","-7","-5.5","45.5","-230","190"
"401404098","Oklahoma State","41","Texas","34","Texas -6.5","Bovada","58.5","6.5","4","65","170","-200"
"401404098","Oklahoma State","41","Texas","34","Texas -6.5","teamrankings","58.5","6.5","","","",""
"401404098","Oklahoma State","41","Texas","34","Texas -6.5","consensus","58.5","6.5","","","",""
"401404098","Oklahoma State","41","Texas","34","Texas -6.5","William Hill (New Jersey)","58.5","6.5","","","",""
"401426592","Western Kentucky","20","UAB","17","Western Kentucky -1.0","Bovada","60.5","-1","-2.5","57.5","-135","115"
"401426592","Western Kentucky","20","UAB","17","Western Kentucky -1.5","teamrankings","60.5","-1.5","","","",""
"401426592","Western Kentucky","20","UAB","17","Western Kentucky -1","consensus","60.5","-1","","","",""
"401426592","Western Kentucky","20","UAB","17","Western Kentucky -1.5","William Hill (New Jersey)","58.5","-1.5","","","",""
"401426591","UTSA","31","North Texas","27","UTSA -10.0","Bovada","73","-10","-9.5","70.5","-390","295"
"401426591","UTSA","31","North Texas","27","UTSA -10","teamrankings","73","-10","","","",""
"401426591","UTSA","31","North Texas","27","UTSA -10","consensus","73","-10","","","",""
"401426591","UTSA","31","North Texas","27","UTSA -10","William Hill (New Jersey)","73","-10","","","",""
"401404163","Liberty","41","BYU","14","BYU -7.0","Bovada","58","7","5.5","58","220","-270"
"401404163","Liberty","41","BYU","14","BYU -7","teamrankings","58","7","","","",""
"401404163","Liberty","41","BYU","14","BYU -7","consensus","58","7","","","",""
"401404163","Liberty","41","BYU","14","BYU -7","William Hill (New Jersey)","58","7","","","",""
"401405119","Ohio State","54","Iowa","10","Ohio State -30.0","Bovada","50","-30","-29","49.5","",""
"401405119","Ohio State","54","Iowa","10","Ohio State -29.5","teamrankings","50","-29.5","","","",""
"401405119","Ohio State","54","Iowa","10","Ohio State -29.5","consensus","49.5","-29.5","","","",""
"401405119","Ohio State","54","Iowa","10","Ohio State -30","William Hill (New Jersey)","50","-30","","","",""
"401404019","California","21","Washington","28","Washington -7.5","Bovada","55","7.5","7.5","57","250","-300"
"401404019","California","21","Washington","28","Washington -7.5","teamrankings","54.5","7.5","","","",""
"401404019","California","21","Washington","28","Washington -7.5","consensus","54.5","7.5","","","",""
"401404019","California","21","Washington","28","Washington -7.5","William Hill (New Jersey)","54.5","7.5","","","",""
"401411141","Georgia Tech","9","Virginia","16","Georgia Tech -3.5","Bovada","48","-3.5","-3.5","47","-150","130"
"401426590","Louisiana Tech","41","Rice","42","Rice -3.0","Bovada","57","3","2.5","60","130","-150"
"401404097","TCU","38","Kansas State","28","TCU -3.0","Bovada","55","-3","-5","58","-200","170"
"401404097","TCU","38","Kansas State","28","TCU -3.5","teamrankings","54.5","-3.5","","","",""
"401404097","TCU","38","Kansas State","28","TCU -3.5","consensus","54.5","-3.5","","","",""
"401404097","TCU","38","Kansas State","28","TCU -3.5","William Hill (New Jersey)","54.5","-3.5","","","",""
"401426353","App State","42","Georgia State","17","App State -9.0","Bovada","61","-9","-10","61.5","-400","300"
"401426353","App State","42","Georgia State","17","App State -9.5","teamrankings","60.5","-9.5","","","",""
"401426353","App State","42","Georgia State","17","App State -9.5","consensus","60","-9.5","","","",""
"401426353","App State","42","Georgia State","17","App State -9.5","William Hill (New Jersey)","60","-9.5","","","",""
"401415242","Colorado State","17","Hawai'i","13","Colorado State -6.0","Bovada","46","-6","-5.5","46.5","-195","165"
"401415242","Colorado State","17","Hawai'i","13","Colorado State -6","teamrankings","46","-6","","","",""
"401415242","Colorado State","17","Hawai'i","13","Colorado State -6","consensus","46","-6","","","",""
"401415242","Colorado State","17","Hawai'i","13","Colorado State -6","William Hill (New Jersey)","46","-6","","","",""
"401411144","Miami","21","Duke","45","Miami -10.0","Bovada","59","-10","-9","61","-310","255"
"401411144","Miami","21","Duke","45","Miami -10","teamrankings","59","-10","","","",""
"401411144","Miami","21","Duke","45","Miami -10","consensus","59","-10","","","",""
"401411144","Miami","21","Duke","45","Miami -10","William Hill (New Jersey)","59","-10","","","",""
"401411145","Wake Forest","43","Boston College","15","Wake Forest -20.0","Bovada","60","-20","-20.5","61.5","-1600","800"
"401411145","Wake Forest","43","Boston College","15","Wake Forest -20","teamrankings","60","-20","","","",""
"401411145","Wake Forest","43","Boston College","15","Wake Forest -20","consensus","60","-20","","","",""
"401411145","Wake Forest","43","Boston College","15","Wake Forest -20","William Hill (New Jersey)","60","-20","","","",""
"401415244","Wyoming","28","Utah State","14","Wyoming -5.0","Bovada","44.5","-5","-3.5","42","-170","145"
"401415244","Wyoming","28","Utah State","14","Wyoming -5","teamrankings","44.5","-5","","","",""
"401415244","Wyoming","28","Utah State","14","Wyoming -5.5","consensus","44.5","-5.5","","","",""
"401415244","Wyoming","28","Utah State","14","Wyoming -5.5","William Hill (New Jersey)","44.5","-5.5","","","",""
"401426589","UTEP","24","Florida Atlantic","21","Florida Atlantic -3.0","Bovada","51","3","4","51","160","-185"
"401426589","UTEP","24","Florida Atlantic","21","Florida Atlantic -3","teamrankings","50.5","3","","","",""
"401426589","UTEP","24","Florida Atlantic","21","Florida Atlantic -3","consensus","50.5","3","","","",""
"401426589","UTEP","24","Florida Atlantic","21","Florida Atlantic -3","William Hill (New Jersey)","51","3","","","",""
"401415241","Air Force","14","Boise State","19","Air Force -2.0","Bovada","46.5","-2","-4","48.5","-175","150"
"401415241","Air Force","14","Boise State","19","Air Force -2.5","teamrankings","46.5","-2.5","","","",""
"401415241","Air Force","14","Boise State","19","Air Force -2.5","consensus","46.5","-2.5","","","",""
"401415241","Air Force","14","Boise State","19","Air Force -2","William Hill (New Jersey)","46.5","-2","","","",""
"401426354","South Alabama","6","Troy","10","South Alabama -3.0","Bovada","47","-3","-3.5","49","-165","140"
"401426354","South Alabama","6","Troy","10","South Alabama -3","teamrankings","47","-3","","","",""
"401426354","South Alabama","6","Troy","10","South Alabama -3","consensus","47","-3","","","",""
"401426354","South Alabama","6","Troy","10","South Alabama -3","William Hill (New Jersey)","47","-3","","","",""
"401415638","Temple","16","Tulsa","27","Tulsa -14.0","Bovada","53.5","14","13","52.5","335","-450"
"401415638","Temple","16","Tulsa","27","Tulsa -13.5","teamrankings","53.5","13.5","","","",""
"401415638","Temple","16","Tulsa","27","Tulsa -13.5","consensus","53.5","13.5","","","",""
"401415638","Temple","16","Tulsa","27","Tulsa -13.5","William Hill (New Jersey)","53.5","13.5","","","",""
"401415641","SMU","27","Cincinnati","29","Cincinnati -4.0","Bovada","59.5","4","3","62.5","145","-170"
"401415641","SMU","27","Cincinnati","29","Cincinnati -3.5","teamrankings","59.5","3.5","","","",""
"401415641","SMU","27","Cincinnati","29","Cincinnati -3.5","consensus","59.5","3.5","","","",""
"401415641","SMU","27","Cincinnati","29","Cincinnati -3.5","William Hill (New Jersey)","59.5","3.5","","","",""
"401404099","Texas Tech","48","West Virginia","10","Texas Tech -4.5","Bovada","65","-4.5","-4","69","-280","230"
"401404099","Texas Tech","48","West Virginia","10","Texas Tech -5","teamrankings","65.5","-5","","","",""
"401404099","Texas Tech","48","West Virginia","10","Texas Tech -5","consensus","65.5","-5","","","",""
"401404099","Texas Tech","48","West Virginia","10","Texas Tech -5","William Hill (New Jersey)","65.5","-5","","","",""
"401426588","Charlotte","15","Florida International","34","Charlotte -14.0","Bovada","63.5","-14","-14.5","58","-650","450"
"401426588","Charlotte","15","Florida International","34","Charlotte -14","teamrankings","63.5","-14","","","",""
"401426588","Charlotte","15","Florida International","34","Charlotte -13.5","consensus","63.5","-13.5","","","",""
"401426588","Charlotte","15","Florida International","34","Charlotte -14","William Hill (New Jersey)","64.5","-14","","","",""
"401404096","Baylor","35","Kansas","23","Baylor -10.5","Bovada","57","-10.5","-9","63","-400","300"
"401404096","Baylor","35","Kansas","23","Baylor -10.5","teamrankings","56.5","-10.5","","","",""
"401404096","Baylor","35","Kansas","23","Baylor -10.5","consensus","56.5","-10.5","","","",""
"401404096","Baylor","35","Kansas","23","Baylor -10.5","William Hill (New Jersey)","56.5","-10.5","","","",""
"401405118","Maryland","31","Northwestern","24","Maryland -14.0","Bovada","51","-14","-14","52","-575","400"
"401405118","Maryland","31","Northwestern","24","Maryland -14","teamrankings","51","-14","","","",""
"401405118","Maryland","31","Northwestern","24","Maryland -14.5","consensus","51","-14.5","","","",""
"401405118","Maryland","31","Northwestern","24","Maryland -14.5","William Hill (New Jersey)","51.5","-14.5","","","",""
"401415245","Nevada","7","San Diego State","23","San Diego State -7.0","Bovada","36","7","9","36.5","240","-290"
"401415245","Nevada","7","San Diego State","23","San Diego State -7.5","teamrankings","36","7.5","","","",""
"401415245","Nevada","7","San Diego State","23","San Diego State -7.5","consensus","36","7.5","","","",""
"401415245","Nevada","7","San Diego State","23","San Diego State -7","William Hill (New Jersey)","36","7","","","",""
"401415639","Tulane","38","Memphis","28","Tulane -7.0","Bovada","55.5","-7","-6","56","-270","220"
"401415639","Tulane","38","Memphis","28","Tulane -7","teamrankings","55.5","-7","","","",""
"401415639","Tulane","38","Memphis","28","Tulane -7","consensus","55.5","-7","","","",""
"401415639","Tulane","38","Memphis","28","Tulane -7","William Hill (New Jersey)","55.5","-7","","","",""
"401405117","Wisconsin","35","Purdue","24","Wisconsin -1.5","Bovada","51","-1.5","-1.5","52.5","-130","110"
"401405117","Wisconsin","35","Purdue","24","Wisconsin -1.5","teamrankings","51.5","-1.5","","","",""
"401405117","Wisconsin","35","Purdue","24","Wisconsin -1.5","consensus","51.5","-1.5","","","",""
"401405117","Wisconsin","35","Purdue","24","Wisconsin -1.5","William Hill (New Jersey)","51.5","-1.5","","","",""
"401405121","Rutgers","24","Indiana","17","Rutgers -3.0","Bovada","48","-3","-3","45.5","-145","125"
"401405121","Rutgers","24","Indiana","17","Rutgers -3","teamrankings","48","-3","","","",""
"401405121","Rutgers","24","Indiana","17","Rutgers -3","consensus","48","-3","","","",""
"401405121","Rutgers","24","Indiana","17","Rutgers -3","Caesars Sportsbook (Colorado)","48","-3","","","",""
"401411142","Clemson","27","Syracuse","21","Clemson -14.0","Bovada","50","-14","-13","51.5","-575","400"
"401411142","Clemson","27","Syracuse","21","Clemson -14","teamrankings","50","-14","","","",""
"401411142","Clemson","27","Syracuse","21","Clemson -14","consensus","50","-14","","","",""
"401411142","Clemson","27","Syracuse","21","Clemson -14","William Hill (New Jersey)","50.5","-14","","","",""
"401404021","Oregon","45","UCLA","30","Oregon -7.0","Bovada","71","-7","-6","70.5","-230","190"
"401404021","Oregon","45","UCLA","30","Oregon -7","teamrankings","70.5","-7","","","",""
"401404021","Oregon","45","UCLA","30","Oregon -7","consensus","70.5","-7","","","",""
"401404021","Oregon","45","UCLA","30","Oregon -7","William Hill (New Jersey)","71","-7","","","",""
"401411143","Louisville","24","Pittsburgh","10","Louisville -1.5","Bovada","55","-1.5","-1.5","57","-140","120"
"401411143","Louisville","24","Pittsburgh","10","Louisville -1.5","teamrankings","55","-1.5","","","",""
"401411143","Louisville","24","Pittsburgh","10","Louisville -1.5","consensus","55","-1.5","","","",""
"401411143","Louisville","24","Pittsburgh","10","Louisville -1","William Hill (New Jersey)","55","-1","","","",""
"401415640","Navy","20","Houston","38","Houston -3.0","Bovada","51","3","3","53","135","-160"
"401415640","Navy","20","Houston","38","Houston -3","teamrankings","51","3","","","",""
"401415640","Navy","20","Houston","38","Houston -3","consensus","50.5","3","","","",""
"401415640","Navy","20","Houston","38","Houston -3","William Hill (New Jersey)","51","3","","","",""
"401403923","LSU","45","Ole Miss","20","Ole Miss -0.0","Bovada","64","0","1.5","64","-125",""
"401403923","LSU","45","Ole Miss","20","Ole Miss -0","teamrankings","64","0","","","",""
"401403923","LSU","45","Ole Miss","20","Ole Miss -0","consensus","64","0","","","",""
"401403923","LSU","45","Ole Miss","20","Ole Miss -0","William Hill (New Jersey)","64","0","","","",""
"401403924","Missouri","17","Vanderbilt","14","Missouri -14.0","Bovada","49","-14","-15","56","-650","450"
"401403924","Missouri","17","Vanderbilt","14","Missouri -14","teamrankings","49","-14","","","",""
"401403924","Missouri","17","Vanderbilt","14","Missouri -14","consensus","49","-14","","","",""
"401403924","Missouri","17","Vanderbilt","14","Missouri -14","William Hill (New Jersey)","49","-14","","","",""
"401404020","Oregon State","42","Colorado","9","Oregon State -22.5","Bovada","47.5","-22.5","-23.5","50.5","-3500","1125"
"401404020","Oregon State","42","Colorado","9","Oregon State -23","teamrankings","47.5","-23","","","",""
"401404020","Oregon State","42","Colorado","9","Oregon State -23","consensus","47.5","-23","","","",""
"401404020","Oregon State","42","Colorado","9","Oregon State -23","William Hill (New Jersey)","47.5","-23","","","",""
"401405120","Penn State","45","Minnesota","17","Penn State -5.5","Bovada","43","-5.5","-5","44","-210","175"
"401426359","Southern Miss","39","Louisiana","24","Louisiana -2.5","Bovada","42.5","2.5","2","43.5","-125","105"
"401426359","Southern Miss","39","Louisiana","24","Louisiana -2.5","teamrankings","42.5","2.5","","","",""
"401426359","Southern Miss","39","Louisiana","24","Louisiana -2.5","consensus","43","2.5","","","",""
"401426359","Southern Miss","39","Louisiana","24","Louisiana -2.5","William Hill (New Jersey)","43","2.5","","","",""
"401409242","Massachusetts","13","New Mexico State","23","New Mexico State -1.0","Bovada","39","1","3","37","125","-145"
"401409242","Massachusetts","13","New Mexico State","23","New Mexico State -1","teamrankings","39","1","","","",""
"401409242","Massachusetts","13","New Mexico State","23","New Mexico State -1","consensus","39","1","","","",""
"401409242","Massachusetts","13","New Mexico State","23","New Mexico State -1","William Hill (New Jersey)","39","1","","","",""
"401405125","Michigan","29","Michigan State","7","Michigan -22.0","Bovada","55","-22","-22.5","54.5","-2500","1050"
"401405125","Michigan","29","Michigan State","7","Michigan -22","teamrankings","55","-22","","","",""
"401405125","Michigan","29","Michigan State","7","Michigan -22.5","consensus","55","-22.5","","","",""
"401405125","Michigan","29","Michigan State","7","Michigan -23","William Hill (New Jersey)","55","-23","","","",""
"401411146","NC State","22","Virginia Tech","21","NC State -13.0","Bovada","39","-13","-13.5","40","-585","410"
"401411146","NC State","22","Virginia Tech","21","NC State -13","teamrankings","39","-13","","","",""
"401411146","NC State","22","Virginia Tech","21","NC State -13.5","consensus","39","-13.5","","","",""
"401411146","NC State","22","Virginia Tech","21","NC State -13.5","William Hill (New Jersey)","39","-13.5","","","",""
"401416630","Eastern Michigan","24","Toledo","27","Toledo -4.0","Bovada","54","4","8.5","58","265","-330"
"401416630","Eastern Michigan","24","Toledo","27","Toledo -4","teamrankings","54","4","","","",""
"401416630","Eastern Michigan","24","Toledo","27","Toledo -4","consensus","54","4","","","",""
"401416630","Eastern Michigan","24","Toledo","27","Toledo -4.5","William Hill (New Jersey)","55","4.5","","","",""
"401426593","Rice","23","Charlotte","56","Rice -15.0","Bovada","61.5","-15","-16.5","63","-900","575"
"401426593","Rice","23","Charlotte","56","Rice -15","teamrankings","61","-15","","","",""
"401426593","Rice","23","Charlotte","56","Rice -15.5","consensus","61","-15.5","","","",""
"401426593","Rice","23","Charlotte","56","Rice -15","William Hill (New Jersey)","61.5","-15","","","",""
"401426363","Arkansas State","3","South Alabama","31","South Alabama -9.0","Bovada","52","9","10","55.5","305","-410"
"401426363","Arkansas State","3","South Alabama","31","South Alabama -9","teamrankings","52.5","9","","","",""
"401426363","Arkansas State","3","South Alabama","31","South Alabama -9","consensus","52","9","","","",""
"401426363","Arkansas State","3","South Alabama","31","South Alabama -9","William Hill (New Jersey)","52","9","","","",""
"401404023","Colorado","34","Arizona State","42","Arizona State -13.0","Bovada","48.5","13","13","46.5","375","-525"
"401404023","Colorado","34","Arizona State","42","Arizona State -13","teamrankings","49","13","","","",""
"401404023","Colorado","34","Arizona State","42","Arizona State -13","consensus","48.5","13","","","",""
"401404023","Colorado","34","Arizona State","42","Arizona State -13","William Hill (New Jersey)","48.5","13","","","",""
"401415246","Boise State","49","Colorado State","10","Boise State -25.0","Bovada","42.5","-25","-28","44","-8000","1450"
"401415246","Boise State","49","Colorado State","10","Boise State -25","teamrankings","42.5","-25","","","",""
"401415246","Boise State","49","Colorado State","10","Boise State -25","consensus","42.5","-25","","","",""
"401415246","Boise State","49","Colorado State","10","Boise State -25","William Hill (New Jersey)","42.5","-25","","","",""
"401404025","UCLA","38","Stanford","13","UCLA -16.5","Bovada","64.5","-16.5","-16","63.5","-800","525"
"401404025","UCLA","38","Stanford","13","UCLA -16.5","teamrankings","64.5","-16.5","","","",""
"401404025","UCLA","38","Stanford","13","UCLA -16.5","consensus","64.5","-16.5","","","",""
"401404025","UCLA","38","Stanford","13","UCLA -16.5","William Hill (New Jersey)","64.5","-16.5","","","",""
"401426597","Western Kentucky","13","North Texas","40","Western Kentucky -10.0","Bovada","70","-10","-9.5","71.5","-360","280"
"401426597","Western Kentucky","13","North Texas","40","Western Kentucky -10","teamrankings","70","-10","","","",""
"401426597","Western Kentucky","13","North Texas","40","Western Kentucky -10","consensus","70","-10","","","",""
"401426597","Western Kentucky","13","North Texas","40","Western Kentucky -10","William Hill (New Jersey)","70","-10","","","",""
"401404102","Kansas State","48","Oklahoma State","0","Kansas State -2.5","Bovada","57.5","-2.5","1","58","-130","110"
"401404102","Kansas State","48","Oklahoma State","0","Kansas State -2.5","teamrankings","57.5","-2.5","","","",""
"401404102","Kansas State","48","Oklahoma State","0","Kansas State -2.5","consensus","57.5","-2.5","","","",""
"401404102","Kansas State","48","Oklahoma State","0","Kansas State -2","William Hill (New Jersey)","57.5","-2","","","",""
"401404022","Arizona","37","USC","45","USC -14.5","Bovada","73.5","14.5","15.5","77.5","500","-750"
"401404022","Arizona","37","USC","45","USC -14","teamrankings","74","14","","","",""
"401404022","Arizona","37","USC","45","USC -14","consensus","74","14","","","",""
"401404022","Arizona","37","USC","45","USC -14","William Hill (New Jersey)","74","14","","","",""
"401403931","Texas A&M","28","Ole Miss","31","Ole Miss -3.0","Bovada","55","3","3","53.5","130",""
"401403931","Texas A&M","28","Ole Miss","31","Ole Miss -3","teamrankings","55.5","3","","","",""
"401403931","Texas A&M","28","Ole Miss","31","Ole Miss -3","consensus","55.5","3","","","",""
"401403931","Texas A&M","28","Ole Miss","31","Ole Miss -3","William Hill (New Jersey)","55","3","","","",""
"401415249","San José State","35","Nevada","28","San José State -24.5","Bovada","44.5","-24.5","-25","44","-4000","1200"
"401415249","San José State","35","Nevada","28","San José State -24.5","teamrankings","44.5","-24.5","","","",""
"401415249","San José State","35","Nevada","28","San José State -24.5","consensus","44.5","-24.5","","","",""
"401415249","San José State","35","Nevada","28","San José State -24","William Hill (New Jersey)","44.5","-24","","","",""
"401404129","Syracuse","24","Notre Dame","41","Syracuse -1.0","Bovada","48","-1","-2","46","-140","120"
"401404129","Syracuse","24","Notre Dame","41","Notre Dame -0","teamrankings","48","0","","","",""
"401404129","Syracuse","24","Notre Dame","41","Notre Dame -1","consensus","48","1","","","",""
"401404129","Syracuse","24","Notre Dame","41","Notre Dame -1","William Hill (New Jersey)","48","1","","","",""
"401405123","Minnesota","31","Rutgers","0","Minnesota -14.0","Bovada","40.5","-14","-14","41","-600","425"
"401405123","Minnesota","31","Rutgers","0","Minnesota -14","teamrankings","40.5","-14","","","",""
"401405123","Minnesota","31","Rutgers","0","Minnesota -14","consensus","40.5","-14","","","",""
"401405123","Minnesota","31","Rutgers","0","Minnesota -14.5","Caesars Sportsbook (Colorado)","40.5","-14.5","","","",""
"401403928","Georgia","42","Florida","20","Georgia -23.0","Bovada","56.5","-23","-22","57","-2500","1050"
"401403928","Georgia","42","Florida","20","Georgia -23","teamrankings","56.5","-23","","","",""
"401403928","Georgia","42","Florida","20","Georgia -23","consensus","56.5","-23","","","",""
"401403928","Georgia","42","Florida","20","Georgia -23","William Hill (New Jersey)","56.5","-23","","","",""
"401404101","Texas Tech","17","Baylor","45","Texas Tech -1.5","Bovada","61","-1.5","-2","61.5","-145","125"
"401404101","Texas Tech","17","Baylor","45","Texas Tech -1.5","teamrankings","61","-1.5","","","",""
"401404101","Texas Tech","17","Baylor","45","Texas Tech -1.5","consensus","61","-1.5","","","",""
"401404101","Texas Tech","17","Baylor","45","Texas Tech -1.5","William Hill (New Jersey)","61","-1.5","","","",""
"401416631","Akron","9","Miami (OH)","27","Miami (OH) -9.5","Bovada","51.5","9.5","9","46","270","-340"
"401416631","Akron","9","Miami (OH)","27","Miami (OH) -9","teamrankings","51.5","9","","","",""
"401416631","Akron","9","Miami (OH)","27","Miami (OH) -9","consensus","51.5","9","","","",""
"401416631","Akron","9","Miami (OH)","27","Miami (OH) -9","William Hill (New Jersey)","51.5","9","","","",""
"401403927","Auburn","27","Arkansas","41","Arkansas -4.0","Bovada","60","4","4","60.5","160","-185"
"401403927","Auburn","27","Arkansas","41","Arkansas -4","teamrankings","60","4","","","",""
"401403927","Auburn","27","Arkansas","41","Arkansas -4","consensus","60","4","","","",""
"401403927","Auburn","27","Arkansas","41","Arkansas -4","William Hill (New Jersey)","60","4","","","",""
"401405124","Nebraska","9","Illinois","26","Illinois -7.5","Bovada","51","7.5","6","51.5","230","-280"
"401405124","Nebraska","9","Illinois","26","Illinois -7.5","teamrankings","50.5","7.5","","","",""
"401405124","Nebraska","9","Illinois","26","Illinois -7.5","consensus","50.5","7.5","","","",""
"401405124","Nebraska","9","Illinois","26","Illinois -7.5","William Hill (New Jersey)","50.5","7.5","","","",""
"401405126","Penn State","31","Ohio State","44","Ohio State -15.5","Bovada","61","15.5","15","61.5","475","-700"
"401405126","Penn State","31","Ohio State","44","Ohio State -15.5","teamrankings","60.5","15.5","","","",""
"401405126","Penn State","31","Ohio State","44","Ohio State -15.5","consensus","60.5","15.5","","","",""
"401405126","Penn State","31","Ohio State","44","Ohio State -16","William Hill (New Jersey)","60.5","16","","","",""
"401426594","Florida International","42","Louisiana Tech","34","Louisiana Tech -6.5","Bovada","57","6.5","9.5","58.5","200","-240"
"401426594","Florida International","42","Louisiana Tech","34","Louisiana Tech -6.5","teamrankings","57","6.5","","","",""
"401426594","Florida International","42","Louisiana Tech","34","Louisiana Tech -6.5","consensus","57","6.5","","","",""
"401426594","Florida International","42","Louisiana Tech","34","Louisiana Tech -6","William Hill (New Jersey)","57","6","","","",""
"401404100","Iowa State","13","Oklahoma","27","Oklahoma -2.0","Bovada","58.5","2","2.5","54.5","","-120"
"401404100","Iowa State","13","Oklahoma","27","Oklahoma -1.5","teamrankings","58","1.5","","","",""
"401404100","Iowa State","13","Oklahoma","27","Oklahoma -1.5","consensus","58","1.5","","","",""
"401404100","Iowa State","13","Oklahoma","27","Oklahoma -1.5","William Hill (New Jersey)","58","1.5","","","",""
"401403929","South Carolina","10","Missouri","23","South Carolina -3.5","Bovada","45","-3.5","-6","47.5","-200","170"
"401403929","South Carolina","10","Missouri","23","South Carolina -3.5","teamrankings","45.5","-3.5","","","",""
"401403929","South Carolina","10","Missouri","23","South Carolina -3.5","consensus","45.5","-3.5","","","",""
"401403929","South Carolina","10","Missouri","23","South Carolina -3.5","William Hill (New Jersey)","45","-3.5","","","",""
"401411150","Virginia","12","Miami","14","Miami -3.0","Bovada","48.5","3","2.5","47.5","120","-140"
"401411150","Virginia","12","Miami","14","Miami -3","teamrankings","48.5","3","","","",""
"401411150","Virginia","12","Miami","14","Miami -3","consensus","48.5","3","","","",""
"401411150","Virginia","12","Miami","14","Miami -3","William Hill (New Jersey)","48.5","3","","","",""
"401411147","Florida State","41","Georgia Tech","16","Florida State -24.0","Bovada","48","-24","-20.5","48","-2800","1100"
"401411147","Florida State","41","Georgia Tech","16","Florida State -23.5","teamrankings","48","-23.5","","","",""
"401411147","Florida State","41","Georgia Tech","16","Florida State -23.5","consensus","48","-23.5","","","",""
"401411147","Florida State","41","Georgia Tech","16","Florida State -23.5","William Hill (New Jersey)","48","-23.5","","","",""
"401405122","Iowa","33","Northwestern","13","Iowa -11.5","Bovada","37.5","-11.5","-11","35.5","-430","320"
"401405122","Iowa","33","Northwestern","13","Iowa -11.5","teamrankings","37","-11.5","","","",""
"401405122","Iowa","33","Northwestern","13","Iowa -11.5","consensus","37.5","-11.5","","","",""
"401405122","Iowa","33","Northwestern","13","Iowa -11.5","William Hill (New Jersey)","37.5","-11.5","","","",""
"401426595","Florida Atlantic","24","UAB","17","UAB -5.0","Bovada","45","5","5","48","200","-240"
"401426595","Florida Atlantic","24","UAB","17","UAB -5","teamrankings","45","5","","","",""
"401426595","Florida Atlantic","24","UAB","17","UAB -4.5","consensus","45","4.5","","","",""
"401426595","Florida Atlantic","24","UAB","17","UAB -4.5","William Hill (New Jersey)","46","4.5","","","",""
"401404154","UConn","13","Boston College","3","Boston College -8.0","Bovada","44","8","9","46","275","-350"
"401404154","UConn","13","Boston College","3","Boston College -7.5","teamrankings","44","7.5","","","",""
"401404154","UConn","13","Boston College","3","Boston College -8","consensus","44","8","","","",""
"401404154","UConn","13","Boston College","3","Boston College -8","William Hill (New Jersey)","45","8","","","",""
"401404026","Washington State","17","Utah","21","Utah -7.5","Bovada","56.5","7.5","","55.5","","-330"
"401404026","Washington State","17","Utah","21","Utah -7","teamrankings","56.5","7","","","",""
"401404026","Washington State","17","Utah","21","Utah -7","consensus","56.5","7","","","",""
"401404026","Washington State","17","Utah","21","Utah -7.5","William Hill (New Jersey)","56.5","7.5","","","",""
"401404103","West Virginia","31","TCU","41","TCU -7.0","Bovada","70.5","7","6.5","70","255","-310"
"401404103","West Virginia","31","TCU","41","TCU -7","teamrankings","70","7","","","",""
"401404103","West Virginia","31","TCU","41","TCU -7","consensus","69.5","7","","","",""
"401404103","West Virginia","31","TCU","41","TCU -7","William Hill (New Jersey)","69.5","7","","","",""
"401426361","Georgia State","31","Old Dominion","17","Georgia State -3.5","Bovada","53.5","-3.5","-4","56.5","-180","155"
"401426361","Georgia State","31","Old Dominion","17","Georgia State -3.5","teamrankings","53.5","-3.5","","","",""
"401426361","Georgia State","31","Old Dominion","17","Georgia State -3.5","consensus","54","-3.5","","","",""
"401426361","Georgia State","31","Old Dominion","17","Georgia State -4","William Hill (New Jersey)","54","-4","","","",""
"401415647","Tulsa","34","SMU","45","SMU -1.5","Bovada","63.5","1.5","3","66.5","135","-160"
"401415647","Tulsa","34","SMU","45","SMU -1","teamrankings","63.5","1","","","",""
"401415647","Tulsa","34","SMU","45","SMU -1","consensus","63.5","1","","","",""
"401415647","Tulsa","34","SMU","45","SMU -1","William Hill (New Jersey)","63.5","1","","","",""
"401415247","Hawai'i","20","Wyoming","27","Wyoming -12.0","Bovada","51","12","11","50.5","325","-435"
"401415247","Hawai'i","20","Wyoming","27","Wyoming -11.5","teamrankings","50.5","11.5","","","",""
"401415247","Hawai'i","20","Wyoming","27","Wyoming -11.5","consensus","50.5","11.5","","","",""
"401415247","Hawai'i","20","Wyoming","27","Wyoming -11.5","William Hill (New Jersey)","51","11.5","","","",""
"401411149","North Carolina","42","Pittsburgh","24","North Carolina -2.5","Bovada","65.5","-2.5","-4","64","-180","155"
"401411149","North Carolina","42","Pittsburgh","24","North Carolina -2.5","teamrankings","65.5","-2.5","","","",""
"401411149","North Carolina","42","Pittsburgh","24","North Carolina -2.5","consensus","65.5","-2.5","","","",""
"401411149","North Carolina","42","Pittsburgh","24","North Carolina -3","William Hill (New Jersey)","65.5","-3","","","",""
"401426596","UTEP","13","Middle Tennessee","24","UTEP -2.5","Bovada","52","-2.5","-1.5","53.5","-115","-105"
"401426596","UTEP","13","Middle Tennessee","24","UTEP -2.5","teamrankings","52","-2.5","","","",""
"401426596","UTEP","13","Middle Tennessee","24","UTEP -2.5","consensus","52","-2.5","","","",""
"401426596","UTEP","13","Middle Tennessee","24","UTEP -2.5","William Hill (New Jersey)","52","-2.5","","","",""
"401426362","Marshall","13","Coastal Carolina","24","Marshall -2.5","Bovada","54","-2.5","-2","55","-140","120"
"401426362","Marshall","13","Coastal Carolina","24","Marshall -2.5","teamrankings","54","-2.5","","","",""
"401426362","Marshall","13","Coastal Carolina","24","Marshall -2.5","consensus","54","-2.5","","","",""
"401426362","Marshall","13","Coastal Carolina","24","Marshall -2.5","William Hill (New Jersey)","54","-2.5","","","",""
"401411148","Louisville","48","Wake Forest","21","Wake Forest -3.0","Bovada","66.5","3","5","62.5","180","-220"
"401411148","Louisville","48","Wake Forest","21","Wake Forest -3","teamrankings","66.5","3","","","",""
"401411148","Louisville","48","Wake Forest","21","Wake Forest -3","consensus","66","3","","","",""
"401411148","Louisville","48","Wake Forest","21","Wake Forest -3","William Hill (New Jersey)","66","3","","","",""
"401403930","Tennessee","44","Kentucky","6","Tennessee -10.5","Bovada","63","-10.5","-13","63","-525","375"
"401403930","Tennessee","44","Kentucky","6","Tennessee -10.5","teamrankings","62.5","-10.5","","","",""
"401403930","Tennessee","44","Kentucky","6","Tennessee -10.5","consensus","62.5","-10.5","","","",""
"401403930","Tennessee","44","Kentucky","6","Tennessee -11.5","William Hill (New Jersey)","62.5","-11.5","","","",""
"401415248","Fresno State","32","San Diego State","28","Fresno State -11.0","Bovada","44.5","-11","-8","39.5","-390","295"
"401415248","Fresno State","32","San Diego State","28","Fresno State -10","teamrankings","43.5","-10","","","",""
"401415248","Fresno State","32","San Diego State","28","Fresno State -10.5","consensus","44.5","-10.5","","","",""
"401415248","Fresno State","32","San Diego State","28","Fresno State -11","William Hill (New Jersey)","44.5","-11","","","",""
"401411156","Virginia","28","North Carolina","31","North Carolina -7.5","Bovada","61.5","7.5","9.5","59.5","285","-370"
"401411156","Virginia","28","North Carolina","31","North Carolina -7","teamrankings","61.5","7","","","",""
"401411156","Virginia","28","North Carolina","31","North Carolina -7.5","consensus","61.5","7.5","","","",""
"401411156","Virginia","28","North Carolina","31","North Carolina -7","William Hill (New Jersey)","61.5","7","","","",""
"401426601","Rice","37","UTEP","30","Rice -3.5","Bovada","47","-3.5","-3.5","48","-175","150"
"401426601","Rice","37","UTEP","30","Rice -3.5","teamrankings","47","-3.5","","","",""
"401426601","Rice","37","UTEP","30","Rice -3.5","consensus","47","-3.5","","","",""
"401426601","Rice","37","UTEP","30","Rice -3.5","William Hill (New Jersey)","47","-3.5","","","",""
"401404104","Oklahoma","35","Baylor","38","Oklahoma -3.0","Bovada","61.5","-3","-3.5","58.5","-175","150"
"401404104","Oklahoma","35","Baylor","38","Oklahoma -3","teamrankings","61.5","-3","","","",""
"401404104","Oklahoma","35","Baylor","38","Oklahoma -3","consensus","61.5","-3","","","",""
"401404104","Oklahoma","35","Baylor","38","Oklahoma -3","William Hill (New Jersey)","61.5","-3","","","",""
"401403937","Texas A&M","24","Florida","41","Texas A&M -1.5","Bovada","53.5","-1.5","-3","54.5","-160","135"
"401403937","Texas A&M","24","Florida","41","Texas A&M -1.5","teamrankings","53.5","-1.5","","","",""
"401403937","Texas A&M","24","Florida","41","Texas A&M -1.5","consensus","53.5","-1.5","","","",""
"401403937","Texas A&M","24","Florida","41","Texas A&M -1.5","William Hill (New Jersey)","53.5","-1.5","","","",""
"401405127","Illinois","15","Michigan State","23","Illinois -16.0","Bovada","41","-16","-15.5","43.5","-800","525"
"401405127","Illinois","15","Michigan State","23","Illinois -16.5","teamrankings","41","-16.5","","","",""
"401405127","Illinois","15","Michigan State","23","Illinois -16","consensus","41","-16","","","",""
"401405127","Illinois","15","Michigan State","23","Illinois -16","William Hill (New Jersey)","41","-16","","","",""
"401405131","Wisconsin","23","Maryland","10","Wisconsin -5.0","Bovada","47.5","-5","-5.5","53","-210","175"
"401405131","Wisconsin","23","Maryland","10","Wisconsin -5","teamrankings","47.5","-5","","","",""
"401405131","Wisconsin","23","Maryland","10","Wisconsin -5","consensus","47.5","-5","","","",""
"401405131","Wisconsin","23","Maryland","10","Wisconsin -5.5","William Hill (New Jersey)","47.5","-5.5","","","",""
"401404155","UConn","27","Massachusetts","10","UConn -15.5","Bovada","39","-15.5","-15.5","41","-750","500"
"401404155","UConn","27","Massachusetts","10","UConn -15","teamrankings","39.5","-15","","","",""
"401404155","UConn","27","Massachusetts","10","UConn -15","consensus","40","-15","","","",""
"401404155","UConn","27","Massachusetts","10","UConn -15","William Hill (New Jersey)","40","-15","","","",""
"401411151","Boston College","31","Duke","38","Duke -12.5","Bovada","47","12.5","9.5","48.5","335","-450"
"401411151","Boston College","31","Duke","38","Duke -11.5","teamrankings","47","11.5","","","",""
"401411151","Boston College","31","Duke","38","Duke -11.5","consensus","47.5","11.5","","","",""
"401411151","Boston College","31","Duke","38","Duke -12.5","William Hill (New Jersey)","47.5","12.5","","","",""
"401415652","SMU","77","Houston","63","SMU -3.5","Bovada","65.5","-3.5","-2.5","67.5","-160","135"
"401415652","SMU","77","Houston","63","SMU -3.5","teamrankings","66","-3.5","","","",""
"401415652","SMU","77","Houston","63","SMU -3.5","consensus","66","-3.5","","","",""
"401415652","SMU","77","Houston","63","SMU -3.5","William Hill (New Jersey)","66","-3.5","","","",""
"401415252","Utah State","27","New Mexico","10","Utah State -14.5","Bovada","42.5","-14.5","-15.5","43.5","-700","475"
"401415252","Utah State","27","New Mexico","10","Utah State -14.5","teamrankings","42.5","-14.5","","","",""
"401415252","Utah State","27","New Mexico","10","Utah State -14.5","consensus","42.5","-14.5","","","",""
"401415252","Utah State","27","New Mexico","10","Utah State -14.5","William Hill (New Jersey)","42.5","-14.5","","","",""
"401405128","Nebraska","13","Minnesota","20","Minnesota -14.5","Bovada","44.5","14.5","12.5","47","475","-700"
"401405128","Nebraska","13","Minnesota","20","Minnesota -14.5","teamrankings","44.5","14.5","","","",""
"401405128","Nebraska","13","Minnesota","20","Minnesota -14.5","consensus","44.5","14.5","","","",""
"401405128","Nebraska","13","Minnesota","20","Minnesota -14.5","William Hill (New Jersey)","45","14.5","","","",""
"401411154","NC State","30","Wake Forest","21","Wake Forest -3.0","Bovada","54","3","3.5","54","150","-175"
"401411154","NC State","30","Wake Forest","21","Wake Forest -3","teamrankings","54","3","","","",""
"401411154","NC State","30","Wake Forest","21","Wake Forest -3","consensus","54","3","","","",""
"401411154","NC State","30","Wake Forest","21","Wake Forest -3","William Hill (New Jersey)","54","3","","","",""
"401403936","Missouri","17","Kentucky","21","Kentucky -0.0","Bovada","40","0","2.5","43.5","115","-135"
"401403936","Missouri","17","Kentucky","21","Missouri -1","teamrankings","40","-1","","","",""
"401403936","Missouri","17","Kentucky","21","Missouri -1","consensus","40","-1","","","",""
"401403936","Missouri","17","Kentucky","21","Missouri -1","William Hill (New Jersey)","40","-1","","","",""
"401403932","Arkansas","19","Liberty","21","Arkansas -14.5","Bovada","61","-14.5","-14","64.5","-625","430"
"401403932","Arkansas","19","Liberty","21","Arkansas -14.5","teamrankings","61.5","-14.5","","","",""
"401403932","Arkansas","19","Liberty","21","Arkansas -14.5","consensus","61.5","-14.5","","","",""
"401403932","Arkansas","19","Liberty","21","Arkansas -14.5","William Hill (New Jersey)","61.5","-14.5","","","",""
"401405129","Northwestern","7","Ohio State","21","Ohio State -38.0","Bovada","55","38","38.5","62.5","",""
"401405129","Northwestern","7","Ohio State","21","Ohio State -37.5","teamrankings","55","37.5","","","",""
"401405129","Northwestern","7","Ohio State","21","Ohio State -37.5","consensus","55.5","37.5","","","",""
"401405129","Northwestern","7","Ohio State","21","Ohio State -37.5","William Hill (New Jersey)","55","37.5","","","",""
"401426364","Coastal Carolina","35","App State","28","App State -3.0","Bovada","65","3","2","61","135","-160"
"401426364","Coastal Carolina","35","App State","28","App State -3","teamrankings","65.5","3","","","",""
"401426364","Coastal Carolina","35","App State","28","App State -3","consensus","65.5","3","","","",""
"401426364","Coastal Carolina","35","App State","28","App State -3","William Hill (New Jersey)","64","3","","","",""
"401416635","Bowling Green","13","Western Michigan","9","Bowling Green -5.0","Bovada","47.5","-5","-3.5","47","-175","150"
"401416635","Bowling Green","13","Western Michigan","9","Bowling Green -5","teamrankings","48","-5","","","",""
"401416635","Bowling Green","13","Western Michigan","9","Bowling Green -5","consensus","48","-5","","","",""
"401416635","Bowling Green","13","Western Michigan","9","Bowling Green -5","William Hill (New Jersey)","48","-5","","","",""
"401426598","Charlotte","7","Western Kentucky","59","Western Kentucky -14.5","Bovada","72.5","14.5","16.5","71","550","-850"
"401426598","Charlotte","7","Western Kentucky","59","Western Kentucky -14.5","teamrankings","72.5","14.5","","","",""
"401426598","Charlotte","7","Western Kentucky","59","Western Kentucky -14.5","consensus","72.5","14.5","","","",""
"401426598","Charlotte","7","Western Kentucky","59","Western Kentucky -14.5","William Hill (New Jersey)","72.5","14.5","","","",""
"401405130","Purdue","3","Iowa","24","Purdue -3.5","Bovada","39","-3.5","-4","43","-195","165"
"401405130","Purdue","3","Iowa","24","Purdue -3.5","teamrankings","39.5","-3.5","","","",""
"401405130","Purdue","3","Iowa","24","Purdue -3.5","consensus","39.5","-3.5","","","",""
"401405130","Purdue","3","Iowa","24","Purdue -3.5","William Hill (New Jersey)","39","-3.5","","","",""
"401404141","Army","7","Air Force","13","Air Force -7.0","Bovada","40.5","7","6","40.5","205","-245"
"401404141","Army","7","Air Force","13","Air Force -7","teamrankings","40.5","7","","","",""
"401404141","Army","7","Air Force","13","Air Force -7","consensus","40.5","7","","","",""
"401404141","Army","7","Air Force","13","Air Force -7","William Hill (New Jersey)","40.5","7","","","",""
"401411152","Louisville","34","James Madison","10","Louisville -6.5","Bovada","53.5","-6.5","-8.5","55","-280","230"
"401411152","Louisville","34","James Madison","10","Louisville -6.5","teamrankings","53","-6.5","","","",""
"401411152","Louisville","34","James Madison","10","Louisville -6.5","consensus","53.5","-6.5","","","",""
"401411152","Louisville","34","James Madison","10","Louisville -6.5","William Hill (New Jersey)","53.5","-6.5","","","",""
"401404031","Washington","24","Oregon State","21","Washington -4.5","Bovada","53.5","-4.5","-4.5","60.5","-200","170"
"401404031","Washington","24","Oregon State","21","Washington -4.5","teamrankings","53.5","-4.5","","","",""
"401404031","Washington","24","Oregon State","21","Washington -4.5","consensus","53.5","-4.5","","","",""
"401404031","Washington","24","Oregon State","21","Washington -4.5","William Hill (New Jersey)","54","-4.5","","","",""
"401411157","Virginia Tech","27","Georgia Tech","28","Virginia Tech -4.0","Bovada","40.5","-4","-4","41.5","-175","150"
"401411157","Virginia Tech","27","Georgia Tech","28","Virginia Tech -4","consensus","40.5","-4","","","",""
"401411157","Virginia Tech","27","Georgia Tech","28","Virginia Tech -4.5","William Hill (New Jersey)","40.5","-4.5","","","",""
"401411157","Virginia Tech","27","Georgia Tech","28","Virginia Tech -4","teamrankings","40.5","-4","","","",""
"401404030","Colorado","10","Oregon","49","Oregon -31.0","Bovada","62.5","31","31","60.5","",""
"401404030","Colorado","10","Oregon","49","Oregon -31","teamrankings","62.5","31","","","",""
"401404030","Colorado","10","Oregon","49","Oregon -31","consensus","62.5","31","","","",""
"401404030","Colorado","10","Oregon","49","Oregon -31","William Hill (New Jersey)","62.5","31","","","",""
"401403935","Mississippi State","39","Auburn","33","Mississippi State -12.5","Bovada","50.5","-12.5","-11","52.5","-525","375"
"401403935","Mississippi State","39","Auburn","33","Mississippi State -12.5","teamrankings","50.5","-12.5","","","",""
"401403935","Mississippi State","39","Auburn","33","Mississippi State -12.5","consensus","50.5","-12.5","","","",""
"401403935","Mississippi State","39","Auburn","33","Mississippi State -12.5","William Hill (New Jersey)","50.5","-12.5","","","",""
"401415651","Memphis","28","UCF","35","UCF -3.0","Bovada","60.5","3","5","61.5","180","-220"
"401415651","Memphis","28","UCF","35","UCF -3","teamrankings","60.5","3","","","",""
"401415651","Memphis","28","UCF","35","UCF -3","consensus","60.5","3","","","",""
"401415651","Memphis","28","UCF","35","UCF -3","William Hill (New Jersey)","60.5","3","","","",""
"401404105","Iowa State","31","West Virginia","14","Iowa State -6.5","Bovada","49.5","-6.5","-6.5","51","-250","210"
"401404105","Iowa State","31","West Virginia","14","Iowa State -6.5","teamrankings","49.5","-6.5","","","",""
"401404105","Iowa State","31","West Virginia","14","Iowa State -6.5","consensus","49.5","-6.5","","","",""
"401404105","Iowa State","31","West Virginia","14","Iowa State -6.5","William Hill (New Jersey)","49.5","-6.5","","","",""
"401404032","Stanford","14","Washington State","52","Washington State -3.0","Bovada","48","3","4.5","48.5","170",""
"401404032","Stanford","14","Washington State","52","Washington State -3","teamrankings","48.5","3","","","",""
"401404032","Stanford","14","Washington State","52","Washington State -3","consensus","48.5","3","","","",""
"401404032","Stanford","14","Washington State","52","Washington State -3","William Hill (New Jersey)","48.5","3","","","",""
"401403934","LSU","32","Alabama","31","Alabama -13.5","Bovada","57","13.5","13","58","390","-550"
"401403934","LSU","32","Alabama","31","Alabama -13.5","teamrankings","56.5","13.5","","","",""
"401403934","LSU","32","Alabama","31","Alabama -13.5","consensus","56.5","13.5","","","",""
"401403934","LSU","32","Alabama","31","Alabama -13.5","William Hill (New Jersey)","56.5","13.5","","","",""
"401426599","North Texas","52","Florida International","14","North Texas -21.5","Bovada","63","-21.5","-21.5","63","-2200","1000"
"401426599","North Texas","52","Florida International","14","North Texas -21","teamrankings","63.5","-21","","","",""
"401426599","North Texas","52","Florida International","14","North Texas -21.5","consensus","63","-21.5","","","",""
"401426599","North Texas","52","Florida International","14","North Texas -21.5","William Hill (New Jersey)","64","-21.5","","","",""
"401415251","San José State","28","Colorado State","16","San José State -24.0","Bovada","44.5","-24","-22","45","-2200","1000"
"401415251","San José State","28","Colorado State","16","San José State -24","teamrankings","44.5","-24","","","",""
"401415251","San José State","28","Colorado State","16","San José State -24","consensus","44.5","-24","","","",""
"401415251","San José State","28","Colorado State","16","San José State -23.5","William Hill (New Jersey)","44.5","-23.5","","","",""
"401426600","Louisiana Tech","40","Middle Tennessee","24","Middle Tennessee -2.5","Bovada","63.5","2.5","2.5","64","110","-130"
"401426600","Louisiana Tech","40","Middle Tennessee","24","Middle Tennessee -2.5","teamrankings","64","2.5","","","",""
"401426600","Louisiana Tech","40","Middle Tennessee","24","Middle Tennessee -2.5","consensus","63.5","2.5","","","",""
"401426600","Louisiana Tech","40","Middle Tennessee","24","Middle Tennessee -2.5","William Hill (New Jersey)","63.5","2.5","","","",""
"401405133","Rutgers","17","Michigan","52","Michigan -26.5","Bovada","45","26.5","26.5","46","1250","-4500"
"401405133","Rutgers","17","Michigan","52","Michigan -26","teamrankings","45","26","","","",""
"401405133","Rutgers","17","Michigan","52","Michigan -26.5","consensus","45","26.5","","","",""
"401405133","Rutgers","17","Michigan","52","Michigan -26.5","Caesars Sportsbook (Colorado)","45","26.5","","","",""
"401405132","Indiana","14","Penn State","45","Penn State -13.5","Bovada","50.5","13.5","13.5","54.5","375","-525"
"401405132","Indiana","14","Penn State","45","Penn State -13.5","teamrankings","50","13.5","","","",""
"401405132","Indiana","14","Penn State","45","Penn State -13.5","consensus","50","13.5","","","",""
"401405132","Indiana","14","Penn State","45","Penn State -13.5","William Hill (New Jersey)","50","13.5","","","",""
"401415253","Fresno State","55","Hawai'i","13","Fresno State -27.5","Bovada","62","-27.5","-23","57.5","-2500","1050"
"401415253","Fresno State","55","Hawai'i","13","Fresno State -27","teamrankings","62","-27","","","",""
"401415253","Fresno State","55","Hawai'i","13","Fresno State -27.5","consensus","62","-27.5","","","",""
"401415253","Fresno State","55","Hawai'i","13","Fresno State -27.5","William Hill (New Jersey)","62.5","-27.5","","","",""
"401403938","Vanderbilt","27","South Carolina","38","South Carolina -6.5","Bovada","49","6.5","7","49.5","250","-300"
"401403938","Vanderbilt","27","South Carolina","38","South Carolina -6.5","teamrankings","49","6.5","","","",""
"401403938","Vanderbilt","27","South Carolina","38","South Carolina -6.5","consensus","49","6.5","","","",""
"401403938","Vanderbilt","27","South Carolina","38","South Carolina -6.5","William Hill (New Jersey)","49","6.5","","","",""
"401411155","Pittsburgh","19","Syracuse","9","Pittsburgh -3.5","Bovada","47.5","-3.5","-3.5","50.5","-175","150"
"401411155","Pittsburgh","19","Syracuse","9","Pittsburgh -3.5","teamrankings","47.5","-3.5","","","",""
"401411155","Pittsburgh","19","Syracuse","9","Pittsburgh -3.5","consensus","47.5","-3.5","","","",""
"401411155","Pittsburgh","19","Syracuse","9","Pittsburgh -3.5","William Hill (New Jersey)","47.5","-3.5","","","",""
"401404106","Kansas","37","Oklahoma State","16","Oklahoma State -2.0","Bovada","65.5","2","3.5","69","150","-175"
"401404106","Kansas","37","Oklahoma State","16","Kansas -3","teamrankings","59.5","-3","","","",""
"401404106","Kansas","37","Oklahoma State","16","Kansas -3","consensus","60.5","-3","","","",""
"401404106","Kansas","37","Oklahoma State","16","Kansas -3","William Hill (New Jersey)","59.5","-3","","","",""
"401415650","Cincinnati","20","Navy","10","Cincinnati -18.5","Bovada","43.5","-18.5","-20.5","48.5","-1600","800"
"401415650","Cincinnati","20","Navy","10","Cincinnati -18.5","teamrankings","43.5","-18.5","","","",""
"401415650","Cincinnati","20","Navy","10","Cincinnati -18.5","consensus","43.5","-18.5","","","",""
"401415650","Cincinnati","20","Navy","10","Cincinnati -18.5","William Hill (New Jersey)","43.5","-18.5","","","",""
"401404028","Arizona State","36","UCLA","50","UCLA -11.0","Bovada","67.5","11","10.5","62","300","-400"
"401404028","Arizona State","36","UCLA","50","UCLA -11","teamrankings","66.5","11","","","",""
"401404028","Arizona State","36","UCLA","50","UCLA -11","consensus","67","11","","","",""
"401404028","Arizona State","36","UCLA","50","UCLA -11","William Hill (New Jersey)","67","11","","","",""
"401403933","Georgia","27","Tennessee","13","Georgia -9.0","Bovada","65","-9","-8.5","65.5","-310","255"
"401403933","Georgia","27","Tennessee","13","Georgia -9.5","teamrankings","65.5","-9.5","","","",""
"401403933","Georgia","27","Tennessee","13","Georgia -10","consensus","65.5","-10","","","",""
"401403933","Georgia","27","Tennessee","13","Georgia -10","William Hill (New Jersey)","65.5","-10","","","",""
"401404130","Notre Dame","35","Clemson","14","Clemson -4.0","Bovada","43.5","4","4","48","140","-165"
"401404130","Notre Dame","35","Clemson","14","Clemson -3.5","teamrankings","43.5","3.5","","","",""
"401404130","Notre Dame","35","Clemson","14","Clemson -3.5","consensus","43.5","3.5","","","",""
"401404130","Notre Dame","35","Clemson","14","Clemson -3.5","William Hill (New Jersey)","43.5","3.5","","","",""
"401416632","Kent State","20","Ball State","27","Kent State -7.0","Bovada","62","-7","-4","61.5","-270","220"
"401416632","Kent State","20","Ball State","27","Kent State -7","teamrankings","61.5","-7","","","",""
"401416632","Kent State","20","Ball State","27","Kent State -7","consensus","61.5","-7","","","",""
"401416632","Kent State","20","Ball State","27","Kent State -7","William Hill (New Jersey)","62","-7","","","",""
"401426602","UAB","38","UTSA","44","UTSA -2.5","Bovada","53","2.5","1","52","105","-125"
"401426602","UAB","38","UTSA","44","UTSA -2.5","teamrankings","53.5","2.5","","","",""
"401426602","UAB","38","UTSA","44","UTSA -2.5","consensus","53.5","2.5","","","",""
"401426602","UAB","38","UTSA","44","UTSA -2.5","William Hill (New Jersey)","53","2.5","","","",""
"401404108","TCU","34","Texas Tech","24","TCU -8.5","Bovada","69","-8.5","-10","71","-400","300"
"401404108","TCU","34","Texas Tech","24","TCU -8.5","teamrankings","68.5","-8.5","","","",""
"401404108","TCU","34","Texas Tech","24","TCU -8.5","consensus","69","-8.5","","","",""
"401404108","TCU","34","Texas Tech","24","TCU -9","William Hill (New Jersey)","68.5","-9","","","",""
"401415250","Boise State","28","BYU","31","Boise State -9.0","Bovada","54","-9","-8.5","55.5","-310","255"
"401415250","Boise State","28","BYU","31","Boise State -9.5","teamrankings","54.5","-9.5","","","",""
"401415250","Boise State","28","BYU","31","Boise State -9.5","consensus","54.5","-9.5","","","",""
"401415250","Boise State","28","BYU","31","Boise State -9.5","William Hill (New Jersey)","54.5","-9.5","","","",""
"401404107","Kansas State","27","Texas","34","Texas -3.0","Bovada","55","3","1.5","54.5","125","-145"
"401404107","Kansas State","27","Texas","34","Texas -3","teamrankings","54.5","3","","","",""
"401404107","Kansas State","27","Texas","34","Texas -3","consensus","54.5","3","","","",""
"401404107","Kansas State","27","Texas","34","Texas -3","William Hill (New Jersey)","54.5","3","","","",""
"401404027","Utah","45","Arizona","20","Utah -18.0","Bovada","68","-18","-17","67.5","-1000","625"
"401404027","Utah","45","Arizona","20","Utah -17.5","teamrankings","67.5","-17.5","","","",""
"401404027","Utah","45","Arizona","20","Utah -17.5","consensus","67.5","-17.5","","","",""
"401404027","Utah","45","Arizona","20","Utah -18","William Hill (New Jersey)","68","-18","","","",""
"401411153","Miami","3","Florida State","45","Florida State -6.5","Bovada","54","6.5","8.5","53","190","-230"
"401411153","Miami","3","Florida State","45","Florida State -6.5","teamrankings","54","6.5","","","",""
"401411153","Miami","3","Florida State","45","Florida State -6.5","consensus","54","6.5","","","",""
"401411153","Miami","3","Florida State","45","Florida State -6.5","William Hill (New Jersey)","54","6.5","","","",""
"401404029","USC","41","California","35","USC -21.0","Bovada","62","-21","-19.5","58","-1800","850"
"401404029","USC","41","California","35","USC -21.5","teamrankings","60.5","-21.5","","","",""
"401404029","USC","41","California","35","USC -21","consensus","61","-21","","","",""
"401404029","USC","41","California","35","USC -21","William Hill (New Jersey)","61","-21","","","",""
"401426370","Louisiana","36","Georgia Southern","17","Louisiana -3.5","Bovada","63","-3.5","-3.5","58.5","","140"
"401426370","Louisiana","36","Georgia Southern","17","Louisiana -3.5","teamrankings","63","-3.5","","","",""
"401426370","Louisiana","36","Georgia Southern","17","Louisiana -3.5","consensus","63","-3.5","","","",""
"401426370","Louisiana","36","Georgia Southern","17","Louisiana -3.5","William Hill (New Jersey)","63","-3.5","","","",""
"401405139","Ohio State","56","Indiana","14","Ohio State -40.0","Bovada","62.5","-40","-40","57.5","",""
"401405139","Ohio State","56","Indiana","14","Ohio State -40","teamrankings","62","-40","","","",""
"401405139","Ohio State","56","Indiana","14","Ohio State -40.5","consensus","62","-40.5","","","",""
"401405139","Ohio State","56","Indiana","14","Ohio State -40","William Hill (New Jersey)","62","-40","","","",""
"401415259","UNLV","30","Fresno State","37","Fresno State -8.5","Bovada","62","8.5","8.5","58","265","-330"
"401415259","UNLV","30","Fresno State","37","Fresno State -9","teamrankings","61.5","9","","","",""
"401415259","UNLV","30","Fresno State","37","Fresno State -8.5","consensus","62","8.5","","","",""
"401415259","UNLV","30","Fresno State","37","Fresno State -8.5","William Hill (New Jersey)","62","8.5","","","",""
"401416639","Western Michigan","21","Northern Illinois","24","Northern Illinois -0.0","Bovada","49","0","","52","-110","-110"
"401416639","Western Michigan","21","Northern Illinois","24","Northern Illinois -1","teamrankings","49","1","","","",""
"401416639","Western Michigan","21","Northern Illinois","24","Northern Illinois -1","consensus","49","1","","","",""
"401416639","Western Michigan","21","Northern Illinois","24","Northern Illinois -0","William Hill (New Jersey)","49","0","","","",""
"401426605","UTSA","51","Louisiana Tech","7","UTSA -17.0","Bovada","69","-17","-18","68","-1100","650"
"401426605","UTSA","51","Louisiana Tech","7","UTSA -17","teamrankings","68.5","-17","","","",""
"401426605","UTSA","51","Louisiana Tech","7","UTSA -17.5","consensus","68.5","-17.5","","","",""
"401426605","UTSA","51","Louisiana Tech","7","UTSA -17","William Hill (New Jersey)","69","-17","","","",""
"401415655","Houston","43","Temple","36","Houston -20.0","Bovada","55","-20","-20","58","-1400","750"
"401415655","Houston","43","Temple","36","Houston -20","teamrankings","56","-20","","","",""
"401415655","Houston","43","Temple","36","Houston -20","consensus","56","-20","","","",""
"401415655","Houston","43","Temple","36","Houston -20","William Hill (New Jersey)","56","-20","","","",""
"401405134","Illinois","24","Purdue","31","Illinois -6.0","Bovada","44","-6","-6.5","46.5","-260","215"
"401426603","Middle Tennessee","24","Charlotte","14","Middle Tennessee -10.0","Bovada","67","-10","-11.5","68","-470","345"
"401426603","Middle Tennessee","24","Charlotte","14","Middle Tennessee -10","teamrankings","67","-10","","","",""
"401426603","Middle Tennessee","24","Charlotte","14","Middle Tennessee -10","consensus","67","-10","","","",""
"401426603","Middle Tennessee","24","Charlotte","14","Middle Tennessee -9.5","William Hill (New Jersey)","67","-9.5","","","",""
"401426607","Western Kentucky","45","Rice","10","Western Kentucky -13.5","Bovada","61","-13.5","-13","62.5","-550","390"
"401426607","Western Kentucky","45","Rice","10","Western Kentucky -13.5","teamrankings","61","-13.5","","","",""
"401426607","Western Kentucky","45","Rice","10","Western Kentucky -13.5","consensus","61","-13.5","","","",""
"401426607","Western Kentucky","45","Rice","10","Western Kentucky -13","William Hill (New Jersey)","61","-13","","","",""
"401426606","UAB","41","North Texas","21","UAB -6.5","Bovada","58","-6.5","-6","57.5","-230","190"
"401426606","UAB","41","North Texas","21","UAB -6.5","teamrankings","58","-6.5","","","",""
"401426606","UAB","41","North Texas","21","UAB -6.5","consensus","58","-6.5","","","",""
"401426606","UAB","41","North Texas","21","UAB -6.5","William Hill (New Jersey)","58","-6.5","","","",""
"401415256","Air Force","35","New Mexico","3","Air Force -21.0","Bovada","37.5","-21","-24","39","-2800","1100"
"401415256","Air Force","35","New Mexico","3","Air Force -21","teamrankings","37.5","-21","","","",""
"401415256","Air Force","35","New Mexico","3","Air Force -21","consensus","37","-21","","","",""
"401415256","Air Force","35","New Mexico","3","Air Force -21","William Hill (New Jersey)","37","-21","","","",""
"401411164","Wake Forest","34","North Carolina","36","Wake Forest -4.5","Bovada","79.5","-4.5","-3.5","76","-180","155"
"401411164","Wake Forest","34","North Carolina","36","Wake Forest -4.5","teamrankings","79","-4.5","","","",""
"401411164","Wake Forest","34","North Carolina","36","Wake Forest -4.5","consensus","79","-4.5","","","",""
"401411164","Wake Forest","34","North Carolina","36","Wake Forest -4.5","William Hill (New Jersey)","79","-4.5","","","",""
"401415657","Tulane","31","UCF","38","Tulane -1.0","Bovada","54.5","-1","-2","51.5","-125","105"
"401415657","Tulane","31","UCF","38","Tulane -1","teamrankings","54.5","-1","","","",""
"401415657","Tulane","31","UCF","38","Tulane -1","consensus","54.5","-1","","","",""
"401415657","Tulane","31","UCF","38","Tulane -1","William Hill (New Jersey)","54.5","-1","","","",""
"401416640","Central Michigan","31","Buffalo","27","Central Michigan -2.5","Bovada","54","-2.5","","55.5","-115","-105"
"401416640","Central Michigan","31","Buffalo","27","Central Michigan -3","teamrankings","54","-3","","","",""
"401416640","Central Michigan","31","Buffalo","27","Central Michigan -2.5","consensus","54","-2.5","","","",""
"401416640","Central Michigan","31","Buffalo","27","Central Michigan -3","William Hill (New Jersey)","54","-3","","","",""
"401404035","Washington State","28","Arizona State","18","Washington State -9.5","Bovada","59.5","-9.5","-9","55.5","-360","280"
"401404035","Washington State","28","Arizona State","18","Washington State -9.5","teamrankings","59.5","-9.5","","","",""
"401404035","Washington State","28","Arizona State","18","Washington State -9.5","consensus","59.5","-9.5","","","",""
"401404035","Washington State","28","Arizona State","18","Washington State -9.5","William Hill (New Jersey)","59.5","-9.5","","","",""
"401404142","Troy","10","Army","9","Troy -8.5","Bovada","45","-8.5","-9","45.5","-340","270"
"401404142","Troy","10","Army","9","Troy -8.5","teamrankings","45.5","-8.5","","","",""
"401404142","Troy","10","Army","9","Troy -8.5","consensus","45.5","-8.5","","","",""
"401404142","Troy","10","Army","9","Troy -8.5","William Hill (New Jersey)","45.5","-8.5","","","",""
"401415260","San Diego State","43","San José State","27","San José State -2.5","Bovada","41","2.5","2","39.5","","-120"
"401415260","San Diego State","43","San José State","27","San José State -2.5","teamrankings","41","2.5","","","",""
"401415260","San Diego State","43","San José State","27","San José State -2","consensus","41.5","2","","","",""
"401415260","San Diego State","43","San José State","27","San José State -2","William Hill (New Jersey)","41","2","","","",""
"401426373","Marshall","28","App State","21","App State -2.0","Bovada","47.5","2","","46","-110","-110"
"401404036","Oregon State","38","California","10","Oregon State -11.5","Bovada","47","-11.5","-13.5","49","-575","400"
"401404036","Oregon State","38","California","10","Oregon State -11.5","teamrankings","47","-11.5","","","",""
"401404036","Oregon State","38","California","10","Oregon State -11.5","consensus","47","-11.5","","","",""
"401404036","Oregon State","38","California","10","Oregon State -11.5","William Hill (New Jersey)","47","-11.5","","","",""
"401416641","Bowling Green","6","Kent State","40","Kent State -3.0","Bovada","56","3","2.5","57.5","115","-135"
"401416641","Bowling Green","6","Kent State","40","Kent State -2.5","teamrankings","55.5","2.5","","","",""
"401416641","Bowling Green","6","Kent State","40","Kent State -2.5","consensus","55.5","2.5","","","",""
"401416641","Bowling Green","6","Kent State","40","Kent State -3","William Hill (New Jersey)","56","3","","","",""
"401415656","South Florida","23","SMU","41","SMU -17.5","Bovada","72.5","17.5","17","74.5","625","-1000"
"401415656","South Florida","23","SMU","41","SMU -17.5","teamrankings","72.5","17.5","","","",""
"401415656","South Florida","23","SMU","41","SMU -17.5","consensus","72.5","17.5","","","",""
"401415656","South Florida","23","SMU","41","SMU -17.5","William Hill (New Jersey)","72.5","17.5","","","",""
"401404033","USC","55","Colorado","17","USC -34.5","Bovada","66","-34.5","-34","64","",""
"401404033","USC","55","Colorado","17","USC -34","teamrankings","66","-34","","","",""
"401404033","USC","55","Colorado","17","USC -34.5","consensus","66","-34.5","","","",""
"401404033","USC","55","Colorado","17","USC -34.5","William Hill (New Jersey)","66","-34.5","","","",""
"401403945","Tennessee","66","Missouri","24","Tennessee -19.0","Bovada","57.5","-19","-21","56.5","-1600","800"
"401403945","Tennessee","66","Missouri","24","Tennessee -18.5","teamrankings","57.5","-18.5","","","",""
"401403945","Tennessee","66","Missouri","24","Tennessee -19.5","consensus","57.5","-19.5","","","",""
"401403945","Tennessee","66","Missouri","24","Tennessee -19","William Hill (New Jersey)","57.5","-19","","","",""
"401403944","Mississippi State","19","Georgia","45","Georgia -16.0","Bovada","53","16","16.5","53.5","550","-850"
"401403944","Mississippi State","19","Georgia","45","Georgia -16.5","teamrankings","53","16.5","","","",""
"401403944","Mississippi State","19","Georgia","45","Georgia -16.5","consensus","53","16.5","","","",""
"401403944","Mississippi State","19","Georgia","45","Georgia -15.5","William Hill (New Jersey)","53","15.5","","","",""
"401404037","Oregon","34","Washington","37","Oregon -12.0","Bovada","74","-12","-12.5","68.5","-500","360"
"401404037","Oregon","34","Washington","37","Oregon -12","teamrankings","73","-12","","","",""
"401404037","Oregon","34","Washington","37","Oregon -12","consensus","74","-12","","","",""
"401404037","Oregon","34","Washington","37","Oregon -12","William Hill (New Jersey)","74","-12","","","",""
"401426375","South Alabama","38","Texas State","21","South Alabama -16.0","Bovada","45.5","-16","-16","47.5","-850","550"
"401426375","South Alabama","38","Texas State","21","South Alabama -16","teamrankings","46","-16","","","",""
"401426375","South Alabama","38","Texas State","21","South Alabama -16.5","consensus","46","-16.5","","","",""
"401426375","South Alabama","38","Texas State","21","South Alabama -16","William Hill (New Jersey)","46","-16","","","",""
"401411159","Duke","24","Virginia Tech","7","Duke -10.0","Bovada","50","-10","-10","50.5","-400","300"
"401411159","Duke","24","Virginia Tech","7","Duke -10","teamrankings","50","-10","","","",""
"401411159","Duke","24","Virginia Tech","7","Duke -10","consensus","49.5","-10","","","",""
"401411159","Duke","24","Virginia Tech","7","Duke -10","William Hill (New Jersey)","50","-10","","","",""
"401415654","Cincinnati","27","East Carolina","25","Cincinnati -4.5","Bovada","51","-4.5","-6.5","53.5","-250","210"
"401415654","Cincinnati","27","East Carolina","25","Cincinnati -4.5","teamrankings","51.5","-4.5","","","",""
"401415654","Cincinnati","27","East Carolina","25","Cincinnati -4.5","consensus","51.5","-4.5","","","",""
"401415654","Cincinnati","27","East Carolina","25","Cincinnati -5","William Hill (New Jersey)","51.5","-5","","","",""
"401415258","Colorado State","13","Wyoming","14","Wyoming -8.5","Bovada","42.5","8.5","8.5","42","265","-330"
"401415258","Colorado State","13","Wyoming","14","Wyoming -8.5","teamrankings","42.5","8.5","","","",""
"401415258","Colorado State","13","Wyoming","14","Wyoming -8.5","consensus","42.5","8.5","","","",""
"401415258","Colorado State","13","Wyoming","14","Wyoming -8.5","William Hill (New Jersey)","42.5","8.5","","","",""
"401404156","UConn","36","Liberty","33","Liberty -13.5","Bovada","45","13.5","14.5","48","425","-600"
"401404156","UConn","36","Liberty","33","Liberty -13.5","teamrankings","45","13.5","","","",""
"401404156","UConn","36","Liberty","33","Liberty -13.5","consensus","45","13.5","","","",""
"401404156","UConn","36","Liberty","33","Liberty -13.5","William Hill (New Jersey)","45","13.5","","","",""
"401416636","Toledo","28","Ball State","21","Toledo -14.0","Bovada","53.5","-14","-12","51.5","-500","360"
"401416636","Toledo","28","Ball State","21","Toledo -11","teamrankings","50","-11","","","",""
"401416636","Toledo","28","Ball State","21","Toledo -13.5","consensus","53.5","-13.5","","","",""
"401416636","Toledo","28","Ball State","21","Toledo -13.5","William Hill (New Jersey)","53.5","-13.5","","","",""
"401404034","UCLA","28","Arizona","34","UCLA -20.0","Bovada","77.5","-20","-19.5","77.5","-1400","750"
"401404034","UCLA","28","Arizona","34","UCLA -19.5","teamrankings","76.5","-19.5","","","",""
"401404034","UCLA","28","Arizona","34","UCLA -20","consensus","77.5","-20","","","",""
"401404034","UCLA","28","Arizona","34","UCLA -20","William Hill (New Jersey)","77.5","-20","","","",""
"401416638","Miami (OH)","21","Ohio","37","Ohio -2.5","Bovada","52","2.5","1","50.5","105","-125"
"401416638","Miami (OH)","21","Ohio","37","Ohio -2.5","teamrankings","52","2.5","","","",""
"401416638","Miami (OH)","21","Ohio","37","Ohio -2.5","consensus","52","2.5","","","",""
"401416638","Miami (OH)","21","Ohio","37","Ohio -2","William Hill (New Jersey)","52","2","","","",""
"401405135","Iowa","24","Wisconsin","10","Iowa -1.0","Bovada","35.5","-1","-1.5","36.5","-115","-105"
"401405135","Iowa","24","Wisconsin","10","Wisconsin -0","teamrankings","35.5","0","","","",""
"401405135","Iowa","24","Wisconsin","10","Wisconsin -1.5","consensus","35.5","1.5","","","",""
"401405135","Iowa","24","Wisconsin","10","Wisconsin -0","William Hill (New Jersey)","35.5","0","","","",""
"401403943","Ole Miss","24","Alabama","30","Alabama -10.5","Bovada","65.5","10.5","12","63.5","","-450"
"401403943","Ole Miss","24","Alabama","30","Alabama -11","teamrankings","65.5","11","","","",""
"401403943","Ole Miss","24","Alabama","30","Alabama -11","consensus","65.5","11","","","",""
"401403943","Ole Miss","24","Alabama","30","Alabama -11","William Hill (New Jersey)","65.5","11","","","",""
"401403939","Arkansas","10","LSU","13","LSU -5.5","Bovada","58","5.5","3","62","180","-220"
"401403939","Arkansas","10","LSU","13","LSU -5","teamrankings","59","5","","","",""
"401403939","Arkansas","10","LSU","13","LSU -3.5","consensus","59","3.5","","","",""
"401403939","Arkansas","10","LSU","13","LSU -6","William Hill (New Jersey)","59","6","","","",""
"401405136","Minnesota","31","Northwestern","3","Minnesota -17.0","Bovada","41","-17","-18","41","-1000","625"
"401405136","Minnesota","31","Northwestern","3","Minnesota -17","teamrankings","40.5","-17","","","",""
"401405136","Minnesota","31","Northwestern","3","Minnesota -17","consensus","41","-17","","","",""
"401405136","Minnesota","31","Northwestern","3","Minnesota -17","William Hill (New Jersey)","41","-17","","","",""
"401404038","Utah","42","Stanford","7","Utah -24.0","Bovada","54","-24","-23","53","-2800","1100"
"401404038","Utah","42","Stanford","7","Utah -23.5","teamrankings","54","-23.5","","","",""
"401404038","Utah","42","Stanford","7","Utah -24","consensus","54","-24","","","",""
"401404038","Utah","42","Stanford","7","Utah -24","William Hill (New Jersey)","54","-24","","","",""
"401426372","Georgia State","28","UL Monroe","31","Georgia State -13.5","Bovada","60","-13.5","-13.5","59","-550","390"
"401426372","Georgia State","28","UL Monroe","31","Georgia State -13.5","teamrankings","59.5","-13.5","","","",""
"401426372","Georgia State","28","UL Monroe","31","Georgia State -13.5","consensus","59.5","-13.5","","","",""
"401426372","Georgia State","28","UL Monroe","31","Georgia State -13.5","William Hill (New Jersey)","59.5","-13.5","","","",""
"401414784","Arkansas State","35","Massachusetts","33","Arkansas State -17.0","Bovada","49.5","-17","-18","49.5","-1200","700"
"401414784","Arkansas State","35","Massachusetts","33","Arkansas State -17","teamrankings","49","-17","","","",""
"401414784","Arkansas State","35","Massachusetts","33","Arkansas State -17.5","consensus","49.5","-17.5","","","",""
"401414784","Arkansas State","35","Massachusetts","33","Arkansas State -17.5","William Hill (New Jersey)","49.5","-17.5","","","",""
"401411158","Clemson","31","Louisville","16","Clemson -7.0","Bovada","51.5","-7","-7","52","-290","240"
"401411158","Clemson","31","Louisville","16","Clemson -7","teamrankings","52","-7","","","",""
"401411158","Clemson","31","Louisville","16","Clemson -7","consensus","52","-7","","","",""
"401411158","Clemson","31","Louisville","16","Clemson -7","William Hill (New Jersey)","52","-7","","","",""
"401416637","Akron","28","Eastern Michigan","34","Eastern Michigan -6.0","Bovada","57","6","9","55.5","265","-330"
"401416637","Akron","28","Eastern Michigan","34","Eastern Michigan -6.5","teamrankings","57","6.5","","","",""
"401416637","Akron","28","Eastern Michigan","34","Eastern Michigan -6.5","consensus","57.5","6.5","","","",""
"401416637","Akron","28","Eastern Michigan","34","Eastern Michigan -6","William Hill (New Jersey)","57.5","6","","","",""
"401405137","Michigan","34","Nebraska","3","Michigan -30.5","Bovada","50","-30.5","-28.5","52","",""
"401405137","Michigan","34","Nebraska","3","Michigan -30.5","teamrankings","49.5","-30.5","","","",""
"401405137","Michigan","34","Nebraska","3","Michigan -30.5","consensus","49.5","-30.5","","","",""
"401405137","Michigan","34","Nebraska","3","Michigan -30.5","William Hill (New Jersey)","49.5","-30.5","","","",""
"401403941","Florida","38","South Carolina","6","Florida -8.0","Bovada","58","-8","-8","59","-330","265"
"401403941","Florida","38","South Carolina","6","Florida -8","teamrankings","58","-8","","","",""
"401403941","Florida","38","South Carolina","6","Florida -8","consensus","58","-8","","","",""
"401403941","Florida","38","South Carolina","6","Florida -8","William Hill (New Jersey)","58","-8","","","",""
"401411160","Georgia Tech","14","Miami","35","Georgia Tech -2.0","Bovada","43.5","-2","-1.5","45","-140","120"
"401411160","Georgia Tech","14","Miami","35","Georgia Tech -2","teamrankings","43.5","-2","","","",""
"401411160","Georgia Tech","14","Miami","35","Georgia Tech -2","consensus","43.5","-2","","","",""
"401411160","Georgia Tech","14","Miami","35","Georgia Tech -2","William Hill (New Jersey)","43.5","-2","","","",""
"401415653","Memphis","26","Tulsa","10","Memphis -6.5","Bovada","62.5","-6.5","-6.5","62.5","-245","205"
"401415653","Memphis","26","Tulsa","10","Memphis -7","teamrankings","62","-7","","","",""
"401415653","Memphis","26","Tulsa","10","Memphis -6.5","consensus","62.5","-6.5","","","",""
"401415653","Memphis","26","Tulsa","10","Memphis -6.5","William Hill (New Jersey)","62.5","-6.5","","","",""
"401415255","Nevada","3","Boise State","41","Boise State -21.0","Bovada","47.5","21","20.5","48.5","850","-1800"
"401415255","Nevada","3","Boise State","41","Boise State -21","teamrankings","47","21","","","",""
"401415255","Nevada","3","Boise State","41","Boise State -21","consensus","47.5","21","","","",""
"401415255","Nevada","3","Boise State","41","Boise State -20.5","William Hill (New Jersey)","47.5","20.5","","","",""
"401403940","Auburn","13","Texas A&M","10","Auburn -1.5","Bovada","48.5","-1.5","-1.5","49.5","-125","105"
"401403940","Auburn","13","Texas A&M","10","Auburn -1.5","teamrankings","48","-1.5","","","",""
"401403940","Auburn","13","Texas A&M","10","Auburn -1.5","consensus","48.5","-1.5","","","",""
"401403940","Auburn","13","Texas A&M","10","Auburn -1.5","William Hill (New Jersey)","48.5","-1.5","","","",""
"401415257","Hawai'i","34","Utah State","41","Utah State -10.5","Bovada","55","10.5","11.5","55.5","320","-430"
"401415257","Hawai'i","34","Utah State","41","Utah State -10","teamrankings","55","10","","","",""
"401415257","Hawai'i","34","Utah State","41","Utah State -10.5","consensus","55","10.5","","","",""
"401415257","Hawai'i","34","Utah State","41","Utah State -10.5","William Hill (New Jersey)","55","10.5","","","",""
"401426371","Coastal Carolina","26","Southern Miss","23","Coastal Carolina -5.0","Bovada","48","-5","-11.5","54.5","-220","180"
"401426371","Coastal Carolina","26","Southern Miss","23","Coastal Carolina -4.5","teamrankings","48","-4.5","","","",""
"401426371","Coastal Carolina","26","Southern Miss","23","Coastal Carolina -5","consensus","48","-5","","","",""
"401426371","Coastal Carolina","26","Southern Miss","23","Coastal Carolina -5","William Hill (New Jersey)","48","-5","","","",""
"401411162","Syracuse","3","Florida State","38","Florida State -7.0","Bovada","51.5","7","6.5","51.5","240","-290"
"401411162","Syracuse","3","Florida State","38","Florida State -7.5","teamrankings","51","7.5","","","",""
"401411162","Syracuse","3","Florida State","38","Florida State -7","consensus","51","7","","","",""
"401411162","Syracuse","3","Florida State","38","Florida State -7","William Hill (New Jersey)","51.5","7","","","",""
"401411161","NC State","20","Boston College","21","NC State -18.5","Bovada","41","-18.5","-19","42","-1300","725"
"401411161","NC State","20","Boston College","21","NC State -18","teamrankings","41","-18","","","",""
"401411161","NC State","20","Boston College","21","NC State -18","consensus","41","-18","","","",""
"401411161","NC State","20","Boston College","21","NC State -18","William Hill (New Jersey)","41","-18","","","",""
"401405140","Penn State","30","Maryland","0","Penn State -10.5","Bovada","56.5","-10.5","-11.5","57","-450","335"
"401405140","Penn State","30","Maryland","0","Penn State -10.5","teamrankings","56.5","-10.5","","","",""
"401405140","Penn State","30","Maryland","0","Penn State -10.5","consensus","56.5","-10.5","","","",""
"401405140","Penn State","30","Maryland","0","Penn State -10","William Hill (New Jersey)","56.5","-10","","","",""
"401403942","Kentucky","21","Vanderbilt","24","Kentucky -17.0","Bovada","45.5","-17","-17.5","50","-1100","650"
"401403942","Kentucky","21","Vanderbilt","24","Kentucky -17","teamrankings","45.5","-17","","","",""
"401403942","Kentucky","21","Vanderbilt","24","Kentucky -17","consensus","45.5","-17","","","",""
"401403942","Kentucky","21","Vanderbilt","24","Kentucky -17","William Hill (New Jersey)","45.5","-17","","","",""
"401405138","Michigan State","27","Rutgers","21","Michigan State -10.0","Bovada","41","-10","-11.5","40","-450","335"
"401405138","Michigan State","27","Rutgers","21","Michigan State -10","teamrankings","41","-10","","","",""
"401405138","Michigan State","27","Rutgers","21","Michigan State -10","consensus","41","-10","","","",""
"401405138","Michigan State","27","Rutgers","21","Michigan State -10","Caesars Sportsbook (Colorado)","41","-10","","","",""
"401426374","Old Dominion","3","James Madison","37","James Madison -7.5","Bovada","48","7.5","7.5","48","255","-310"
"401426374","Old Dominion","3","James Madison","37","James Madison -7.5","teamrankings","48","7.5","","","",""
"401426374","Old Dominion","3","James Madison","37","James Madison -7.5","consensus","48","7.5","","","",""
"401426374","Old Dominion","3","James Madison","37","James Madison -7.5","William Hill (New Jersey)","47","7.5","","","",""
"401404111","Texas Tech","43","Kansas","28","Texas Tech -3.5","Bovada","63.5","-3.5","-3.5","64.5","-175","150"
"401404111","Texas Tech","43","Kansas","28","Texas Tech -3.5","teamrankings","63.5","-3.5","","","",""
"401404111","Texas Tech","43","Kansas","28","Texas Tech -3.5","consensus","63.5","-3.5","","","",""
"401404111","Texas Tech","43","Kansas","28","Texas Tech -3.5","William Hill (New Jersey)","63.5","-3.5","","","",""
"401416643","Ball State","18","Ohio","32","Ohio -3.5","Bovada","57.5","3.5","4.5","53","170","-200"
"401416643","Ball State","18","Ohio","32","Ohio -3.5","teamrankings","57.5","3.5","","","",""
"401416643","Ball State","18","Ohio","32","Ohio -3.5","consensus","57.5","3.5","","","",""
"401416643","Ball State","18","Ohio","32","Ohio -3.5","William Hill (New Jersey)","58","3.5","","","",""
"401416642","Toledo","35","Bowling Green","42","Toledo -14.5","Bovada","46.5","-14.5","-15","50.5","-650","450"
"401416642","Toledo","35","Bowling Green","42","Toledo -14.5","teamrankings","47","-14.5","","","",""
"401416642","Toledo","35","Bowling Green","42","Toledo -14.5","consensus","46.5","-14.5","","","",""
"401416642","Toledo","35","Bowling Green","42","Toledo -15","William Hill (New Jersey)","46.5","-15","","","",""
"401403952","Missouri","45","New Mexico State","14","Missouri -29.0","Bovada","46.5","-29","-27.5","47","",""
"401403952","Missouri","45","New Mexico State","14","Missouri -29","teamrankings","46.5","-29","","","",""
"401403952","Missouri","45","New Mexico State","14","Missouri -29","consensus","46.5","-29","","","",""
"401403952","Missouri","45","New Mexico State","14","Missouri -29","William Hill (New Jersey)","46.5","-29","","","",""
"401416644","Kent State","24","Eastern Michigan","31","Kent State -7.5","Bovada","60","-7.5","-7","61.5","-270","220"
"401416644","Kent State","24","Eastern Michigan","31","Kent State -7.5","teamrankings","60","-7.5","","","",""
"401416644","Kent State","24","Eastern Michigan","31","Kent State -7.5","consensus","60","-7.5","","","",""
"401416644","Kent State","24","Eastern Michigan","31","Kent State -8","William Hill (New Jersey)","60","-8","","","",""
"401405147","Rutgers","10","Penn State","55","Penn State -19.0","Bovada","45","19","19","44","725","-1300"
"401405147","Rutgers","10","Penn State","55","Penn State -18.5","teamrankings","45","18.5","","","",""
"401405147","Rutgers","10","Penn State","55","Penn State -18.5","consensus","45","18.5","","","",""
"401405147","Rutgers","10","Penn State","55","Penn State -18.5","Caesars Sportsbook (Colorado)","45","18.5","","","",""
"401416646","Northern Illinois","23","Miami (OH)","29","Miami (OH) -0.0","Bovada","44","0","-3","48","-130","110"
"401416646","Northern Illinois","23","Miami (OH)","29","Northern Illinois -1","teamrankings","44","-1","","","",""
"401416646","Northern Illinois","23","Miami (OH)","29","Northern Illinois -1","consensus","44","-1","","","",""
"401416646","Northern Illinois","23","Miami (OH)","29","Miami (OH) -0","William Hill (New Jersey)","44.5","0","","","",""
"401404116","Kansas","14","Texas","55","Texas -9.0","Bovada","63.5","9","9","64.5","275","-350"
"401404116","Kansas","14","Texas","55","Texas -9","teamrankings","63.5","9","","","",""
"401404116","Kansas","14","Texas","55","Texas -9","consensus","63.5","9","","","",""
"401404116","Kansas","14","Texas","55","Texas -9","William Hill (New Jersey)","63.5","9","","","",""
"401426379","Southern Miss","20","South Alabama","27","South Alabama -7.5","Bovada","45","7.5","7","46.5","230","-280"
"401426379","Southern Miss","20","South Alabama","27","South Alabama -7.5","teamrankings","45","7.5","","","",""
"401426379","Southern Miss","20","South Alabama","27","South Alabama -7.5","consensus","45","7.5","","","",""
"401426379","Southern Miss","20","South Alabama","27","South Alabama -7.5","William Hill (New Jersey)","45","7.5","","","",""
"401415658","Tulane","59","SMU","24","Tulane -3.5","Bovada","65","-3.5","-3","65","-150","130"
"401415658","Tulane","59","SMU","24","Tulane -3.5","teamrankings","65","-3.5","","","",""
"401415658","Tulane","59","SMU","24","Tulane -3.5","consensus","65","-3.5","","","",""
"401415658","Tulane","59","SMU","24","Tulane -3.5","William Hill (New Jersey)","65","-3.5","","","",""
"401411168","North Carolina","17","Georgia Tech","21","North Carolina -21.5","Bovada","63","-21.5","-20","63.5","-1500","775"
"401411168","North Carolina","17","Georgia Tech","21","North Carolina -21.5","teamrankings","63.5","-21.5","","","",""
"401411168","North Carolina","17","Georgia Tech","21","North Carolina -21","consensus","63","-21","","","",""
"401411168","North Carolina","17","Georgia Tech","21","North Carolina -21","William Hill (New Jersey)","63","-21","","","",""
"401415265","Utah State","35","San José State","31","Utah State -1.5","Bovada","51","-1.5","3","51.5","-120","-160"
"401415265","Utah State","35","San José State","31","Utah State -1","teamrankings","51","-1","","","",""
"401415265","Utah State","35","San José State","31","Utah State -1","consensus","51","-1","","","",""
"401415265","Utah State","35","San José State","31","Utah State -1","William Hill (New Jersey)","51","-1","","","",""
"401404039","Arizona","20","Washington State","31","Washington State -4.0","Bovada","63","4","4.5","63","155","-180"
"401404039","Arizona","20","Washington State","31","Washington State -4","teamrankings","63","4","","","",""
"401404039","Arizona","20","Washington State","31","Washington State -4","consensus","63","4","","","",""
"401404039","Arizona","20","Washington State","31","Washington State -4","William Hill (New Jersey)","63","4","","","",""
"401415659","Tulsa","48","South Florida","42","Tulsa -14.0","Bovada","57.5","-14","-12","60.5","-525","375"
"401415659","Tulsa","48","South Florida","42","Tulsa -14","teamrankings","57.5","-14","","","",""
"401415659","Tulsa","48","South Florida","42","Tulsa -13.5","consensus","57.5","-13.5","","","",""
"401415659","Tulsa","48","South Florida","42","Tulsa -13","William Hill (New Jersey)","57.5","-13","","","",""
"401426609","UTEP","40","Florida International","6","UTEP -14.0","Bovada","50","-14","-14.5","51","-650","450"
"401426609","UTEP","40","Florida International","6","UTEP -14","teamrankings","50","-14","","","",""
"401426609","UTEP","40","Florida International","6","UTEP -14","consensus","50","-14","","","",""
"401426609","UTEP","40","Florida International","6","UTEP -14","William Hill (New Jersey)","50","-14","","","",""
"401415661","UCF","14","Navy","17","UCF -15.0","Bovada","53","-15","-16.5","53.5","-750","500"
"401415661","UCF","14","Navy","17","UCF -14.5","teamrankings","53","-14.5","","","",""
"401415661","UCF","14","Navy","17","UCF -15.5","consensus","53","-15.5","","","",""
"401415661","UCF","14","Navy","17","UCF -15.5","William Hill (New Jersey)","53","-15.5","","","",""
"401403949","Kentucky","6","Georgia","16","Georgia -22.5","Bovada","47","22.5","22.5","49","1050","-2500"
"401403949","Kentucky","6","Georgia","16","Georgia -22.5","teamrankings","47.5","22.5","","","",""
"401403949","Kentucky","6","Georgia","16","Georgia -22.5","consensus","47.5","22.5","","","",""
"401403949","Kentucky","6","Georgia","16","Georgia -22.5","William Hill (New Jersey)","47.5","22.5","","","",""
"401404041","California","27","Stanford","20","California -5.0","Bovada","45.5","-5","-5.5","46.5","-220","180"
"401404041","California","27","Stanford","20","California -5","teamrankings","46","-5","","","",""
"401404041","California","27","Stanford","20","California -5","consensus","46","-5","","","",""
"401404041","California","27","Stanford","20","California -5","William Hill (New Jersey)","46","-5","","","",""
"401405142","Nebraska","14","Wisconsin","15","Wisconsin -10.0","Bovada","40.5","10","13","41","300","-400"
"401405142","Nebraska","14","Wisconsin","15","Wisconsin -10","teamrankings","40.5","10","","","",""
"401405142","Nebraska","14","Wisconsin","15","Wisconsin -10","consensus","40.5","10","","","",""
"401405142","Nebraska","14","Wisconsin","15","Wisconsin -10","William Hill (New Jersey)","40.5","10","","","",""
"401426380","Texas State","16","Arkansas State","13","Texas State -6.0","Bovada","50","-6","-5","51.5","-210","175"
"401426380","Texas State","16","Arkansas State","13","Texas State -6","teamrankings","50","-6","","","",""
"401426380","Texas State","16","Arkansas State","13","Texas State -6","consensus","50","-6","","","",""
"401426380","Texas State","16","Arkansas State","13","Texas State -6","William Hill (New Jersey)","49","-6","","","",""
"401426376","App State","27","Old Dominion","14","App State -16.0","Bovada","50.5","-16","-14.5","52","-750","500"
"401426376","App State","27","Old Dominion","14","App State -16.5","teamrankings","50.5","-16.5","","","",""
"401426376","App State","27","Old Dominion","14","App State -16","consensus","50.5","-16","","","",""
"401426376","App State","27","Old Dominion","14","App State -16","William Hill (New Jersey)","50.5","-16","","","",""
"401426613","Auburn","41","Western Kentucky","17","Auburn -5.0","Bovada","54","-5","-6.5","52.5","-270","220"
"401426613","Auburn","41","Western Kentucky","17","Auburn -5","teamrankings","54","-5","","","",""
"401426613","Auburn","41","Western Kentucky","17","Auburn -5","consensus","54","-5","","","",""
"401426613","Auburn","41","Western Kentucky","17","Auburn -5","William Hill (New Jersey)","54","-5","","","",""
"401415262","Air Force","24","Colorado State","12","Air Force -21.5","Bovada","43","-21.5","-22.5","44","-2200","1000"
"401415262","Air Force","24","Colorado State","12","Air Force -22","teamrankings","43","-22","","","",""
"401415262","Air Force","24","Colorado State","12","Air Force -21.5","consensus","43","-21.5","","","",""
"401415262","Air Force","24","Colorado State","12","Air Force -21.5","William Hill (New Jersey)","43","-21.5","","","",""
"401415266","Hawai'i","31","UNLV","25","UNLV -11.0","Bovada","56.5","11","10","59.5","300","-400"
"401415266","Hawai'i","31","UNLV","25","UNLV -11","teamrankings","56.5","11","","","",""
"401415266","Hawai'i","31","UNLV","25","UNLV -11","consensus","56.5","11","","","",""
"401415266","Hawai'i","31","UNLV","25","UNLV -11","William Hill (New Jersey)","56.5","11","","","",""
"401405143","Purdue","17","Northwestern","9","Purdue -17.0","Bovada","44","-17","-18","48","-1100","650"
"401405143","Purdue","17","Northwestern","9","Purdue -17.5","teamrankings","44.5","-17.5","","","",""
"401405143","Purdue","17","Northwestern","9","Purdue -17.5","consensus","44.5","-17.5","","","",""
"401405143","Purdue","17","Northwestern","9","Purdue -17.5","William Hill (New Jersey)","44.5","-17.5","","","",""
"401426381","Troy","34","UL Monroe","16","Troy -15.0","Bovada","48.5","-15","-15.5","46.5","-750","500"
"401426381","Troy","34","UL Monroe","16","Troy -15","teamrankings","48.5","-15","","","",""
"401426381","Troy","34","UL Monroe","16","Troy -15","consensus","48.5","-15","","","",""
"401426381","Troy","34","UL Monroe","16","Troy -15","William Hill (New Jersey)","48.5","-15","","","",""
"401405145","Michigan","19","Illinois","17","Michigan -17.0","Bovada","41.5","-17","-17.5","44","-1000","625"
"401405145","Michigan","19","Illinois","17","Michigan -17","teamrankings","41.5","-17","","","",""
"401405145","Michigan","19","Illinois","17","Michigan -17","consensus","41.5","-17","","","",""
"401405145","Michigan","19","Illinois","17","Michigan -17","William Hill (New Jersey)","41.5","-17","","","",""
"401403955","Vanderbilt","31","Florida","24","Florida -14.0","Bovada","58.5","14","14.5","57.5","425","-600"
"401403955","Vanderbilt","31","Florida","24","Florida -14","teamrankings","58","14","","","",""
"401403955","Vanderbilt","31","Florida","24","Florida -14","consensus","58","14","","","",""
"401403955","Vanderbilt","31","Florida","24","Florida -14","William Hill (New Jersey)","58","14","","","",""
"401426378","James Madison","42","Georgia State","40","James Madison -10.0","Bovada","52","-10","-9.5","55","-340","270"
"401426378","James Madison","42","Georgia State","40","James Madison -10","teamrankings","51.5","-10","","","",""
"401426378","James Madison","42","Georgia State","40","James Madison -10","consensus","52","-10","","","",""
"401426378","James Madison","42","Georgia State","40","James Madison -10","William Hill (New Jersey)","52","-10","","","",""
"401415663","Temple","3","Cincinnati","23","Cincinnati -17.0","Bovada","49","17","18","54","700","-1200"
"401415663","Temple","3","Cincinnati","23","Cincinnati -17","teamrankings","48.5","17","","","",""
"401415663","Temple","3","Cincinnati","23","Cincinnati -17","consensus","49","17","","","",""
"401415663","Temple","3","Cincinnati","23","Cincinnati -17","William Hill (New Jersey)","49","17","","","",""
"401411166","Florida State","49","Louisiana","17","Florida State -25.0","Bovada","52","-25","-23.5","52.5","-2800","1100"
"401411166","Florida State","49","Louisiana","17","Florida State -25","teamrankings","52.5","-25","","","",""
"401411166","Florida State","49","Louisiana","17","Florida State -25","consensus","52.5","-25","","","",""
"401411166","Florida State","49","Louisiana","17","Florida State -25","William Hill (New Jersey)","52.5","-25","","","",""
"401403954","Texas A&M","20","Massachusetts","3","Texas A&M -32.0","Bovada","46","-32","-34","50","",""
"401403954","Texas A&M","20","Massachusetts","3","Texas A&M -32","teamrankings","46","-32","","","",""
"401403954","Texas A&M","20","Massachusetts","3","Texas A&M -32","consensus","46","-32","","","",""
"401403954","Texas A&M","20","Massachusetts","3","Texas A&M -32","William Hill (New Jersey)","45","-32","","","",""
"401404165","Liberty","22","Virginia Tech","23","Liberty -10.5","Bovada","46","-10.5","-9.5","47","-360","280"
"401404165","Liberty","22","Virginia Tech","23","Liberty -10.5","teamrankings","46","-10.5","","","",""
"401404165","Liberty","22","Virginia Tech","23","Liberty -10.5","consensus","46.5","-10.5","","","",""
"401404165","Liberty","22","Virginia Tech","23","Liberty -10.5","William Hill (New Jersey)","46.5","-10.5","","","",""
"401426608","Charlotte","26","Louisiana Tech","21","Louisiana Tech -2.0","Bovada","66.5","2","3","65","135","-160"
"401426608","Charlotte","26","Louisiana Tech","21","Louisiana Tech -2","teamrankings","66.5","2","","","",""
"401426608","Charlotte","26","Louisiana Tech","21","Louisiana Tech -2","consensus","66.5","2","","","",""
"401426608","Charlotte","26","Louisiana Tech","21","Louisiana Tech -2","William Hill (New Jersey)","66.5","2","","","",""
"401404143","Army","34","UConn","17","Army -10.0","Bovada","45","-10","-10","43.5","-380","290"
"401404143","Army","34","UConn","17","Army -10.5","teamrankings","45","-10.5","","","",""
"401404143","Army","34","UConn","17","Army -10.5","consensus","45","-10.5","","","",""
"401404143","Army","34","UConn","17","Army -10.5","William Hill (New Jersey)","45","-10.5","","","",""
"401405146","Michigan State","31","Indiana","39","Michigan State -12.5","Bovada","47","-12.5","-11.5","46.5","-400","300"
"401405146","Michigan State","31","Indiana","39","Michigan State -12","teamrankings","47","-12","","","",""
"401405146","Michigan State","31","Indiana","39","Michigan State -12","consensus","47.5","-12","","","",""
"401405146","Michigan State","31","Indiana","39","Michigan State -12","William Hill (New Jersey)","47.5","-12","","","",""
"401404117","West Virginia","31","Kansas State","48","Kansas State -8.5","Bovada","54.5","8.5","7.5","55","240","-290"
"401404117","West Virginia","31","Kansas State","48","Kansas State -8","teamrankings","54.5","8","","","",""
"401404117","West Virginia","31","Kansas State","48","Kansas State -8","consensus","54.5","8","","","",""
"401404117","West Virginia","31","Kansas State","48","Kansas State -8","William Hill (New Jersey)","54.5","8","","","",""
"401404040","Arizona State","7","Oregon State","31","Oregon State -7.5","Bovada","53.5","7.5","7","55","255","-310"
"401404040","Arizona State","7","Oregon State","31","Oregon State -7.5","teamrankings","53.5","7.5","","","",""
"401404040","Arizona State","7","Oregon State","31","Oregon State -7.5","consensus","53.5","7.5","","","",""
"401404040","Arizona State","7","Oregon State","31","Oregon State -7","William Hill (New Jersey)","53.5","7","","","",""
"401411169","Pittsburgh","28","Duke","26","Pittsburgh -6.5","Bovada","49","-6.5","-8","54.5","-290","240"
"401411169","Pittsburgh","28","Duke","26","Pittsburgh -6.5","teamrankings","49","-6.5","","","",""
"401411169","Pittsburgh","28","Duke","26","Pittsburgh -7","consensus","49","-7","","","",""
"401411169","Pittsburgh","28","Duke","26","Pittsburgh -6.5","William Hill (New Jersey)","49","-6.5","","","",""
"401404114","Baylor","28","TCU","29","TCU -2.0","Bovada","58.5","2","2.5","56.5","115","-135"
"401404114","Baylor","28","TCU","29","TCU -2","teamrankings","58","2","","","",""
"401404114","Baylor","28","TCU","29","TCU -2","consensus","58","2","","","",""
"401404114","Baylor","28","TCU","29","TCU -2","William Hill (New Jersey)","58","2","","","",""
"401426611","Rice","7","UTSA","41","UTSA -14.0","Bovada","56","14","12.5","61","360","-500"
"401426611","Rice","7","UTSA","41","UTSA -14","teamrankings","56","14","","","",""
"401426611","Rice","7","UTSA","41","UTSA -14","consensus","56","14","","","",""
"401426611","Rice","7","UTSA","41","UTSA -14","William Hill (New Jersey)","56","14","","","",""
"401405144","Maryland","30","Ohio State","43","Ohio State -26.5","Bovada","62.5","26.5","27.5","63.5","1325","-6000"
"401405144","Maryland","30","Ohio State","43","Ohio State -26.5","teamrankings","62.5","26.5","","","",""
"401405144","Maryland","30","Ohio State","43","Ohio State -26","consensus","62.5","26","","","",""
"401405144","Maryland","30","Ohio State","43","Ohio State -26","William Hill (New Jersey)","62.5","26","","","",""
"401411165","Clemson","40","Miami","10","Clemson -18.5","Bovada","47.5","-18.5","-19.5","46.5","-1100","650"
"401411165","Clemson","40","Miami","10","Clemson -19","teamrankings","47.5","-19","","","",""
"401411165","Clemson","40","Miami","10","Clemson -19","consensus","47.5","-19","","","",""
"401411165","Clemson","40","Miami","10","Clemson -19","William Hill (New Jersey)","47.5","-19","","","",""
"401415660","East Carolina","3","Houston","42","East Carolina -6.0","Bovada","66.5","-6","-6.5","67","-230","190"
"401415660","East Carolina","3","Houston","42","East Carolina -6","teamrankings","66.5","-6","","","",""
"401415660","East Carolina","3","Houston","42","East Carolina -6","consensus","66.5","-6","","","",""
"401415660","East Carolina","3","Houston","42","East Carolina -6","William Hill (New Jersey)","66.5","-6","","","",""
"401404132","Notre Dame","44","Boston College","0","Notre Dame -20.0","Bovada","42","-20","-21.5","47","-1600","800"
"401404132","Notre Dame","44","Boston College","0","Notre Dame -20","teamrankings","42","-20","","","",""
"401404132","Notre Dame","44","Boston College","0","Notre Dame -20","consensus","42","-20","","","",""
"401404132","Notre Dame","44","Boston College","0","Notre Dame -20","William Hill (New Jersey)","42","-20","","","",""
"401426610","Middle Tennessee","49","Florida Atlantic","21","Florida Atlantic -5.0","Bovada","51","5","4.5","53.5","170","-200"
"401426610","Middle Tennessee","49","Florida Atlantic","21","Florida Atlantic -5.5","teamrankings","51","5.5","","","",""
"401426610","Middle Tennessee","49","Florida Atlantic","21","Florida Atlantic -5.5","consensus","51","5.5","","","",""
"401426610","Middle Tennessee","49","Florida Atlantic","21","Florida Atlantic -5.5","William Hill (New Jersey)","51","5.5","","","",""
"401411167","Louisville","25","NC State","10","Louisville -4.0","Bovada","43","-4","-5.5","47","-150","130"
"401411167","Louisville","25","NC State","10","Louisville -4","teamrankings","43","-4","","","",""
"401411167","Louisville","25","NC State","10","Louisville -4","consensus","43","-4","","","",""
"401411167","Louisville","25","NC State","10","Louisville -4","William Hill (New Jersey)","43","-4","","","",""
"401405141","Minnesota","10","Iowa","13","Minnesota -2.0","Bovada","31.5","-2","-2.5","33","-130","110"
"401405141","Minnesota","10","Iowa","13","Minnesota -2","teamrankings","31.5","-2","","","",""
"401405141","Minnesota","10","Iowa","13","Minnesota -2","consensus","31.5","-2","","","",""
"401405141","Minnesota","10","Iowa","13","Minnesota -2","William Hill (New Jersey)","31.5","-2","","","",""
"401426377","Georgia Southern","10","Marshall","23","Marshall -6.0","Bovada","52","6","3.5","54","150","-175"
"401426377","Georgia Southern","10","Marshall","23","Marshall -6","teamrankings","52.5","6","","","",""
"401426377","Georgia Southern","10","Marshall","23","Marshall -6","consensus","52.5","6","","","",""
"401426377","Georgia Southern","10","Marshall","23","Marshall -6","William Hill (New Jersey)","52.5","6","","","",""
"401404115","Iowa State","10","Texas Tech","14","Iowa State -3.5","Bovada","47","-3.5","-3.5","48","-170","145"
"401404115","Iowa State","10","Texas Tech","14","Iowa State -3.5","teamrankings","47.5","-3.5","","","",""
"401404115","Iowa State","10","Texas Tech","14","Iowa State -3.5","consensus","47.5","-3.5","","","",""
"401404115","Iowa State","10","Texas Tech","14","Iowa State -3.5","William Hill (New Jersey)","47.5","-3.5","","","",""
"401415261","Wyoming","17","Boise State","20","Boise State -14.5","Bovada","44.5","14.5","12.5","44.5","360","-500"
"401415261","Wyoming","17","Boise State","20","Boise State -14.5","teamrankings","44.5","14.5","","","",""
"401415261","Wyoming","17","Boise State","20","Boise State -14.5","consensus","44.5","14.5","","","",""
"401415261","Wyoming","17","Boise State","20","Boise State -14.5","William Hill (New Jersey)","44.5","14.5","","","",""
"401403953","South Carolina","63","Tennessee","38","Tennessee -23.0","Bovada","67","23","21","66.5","950","-2000"
"401403953","South Carolina","63","Tennessee","38","Tennessee -22.5","teamrankings","66.5","22.5","","","",""
"401403953","South Carolina","63","Tennessee","38","Tennessee -22.5","consensus","67","22.5","","","",""
"401403953","South Carolina","63","Tennessee","38","Tennessee -22.5","William Hill (New Jersey)","67","22.5","","","",""
"401404118","Oklahoma","28","Oklahoma State","13","Oklahoma -7.0","Bovada","68","-7","-6.5","64.5","-270","220"
"401404118","Oklahoma","28","Oklahoma State","13","Oklahoma -7","teamrankings","67.5","-7","","","",""
"401404118","Oklahoma","28","Oklahoma State","13","Oklahoma -7","consensus","67.5","-7","","","",""
"401404118","Oklahoma","28","Oklahoma State","13","Oklahoma -7","William Hill (New Jersey)","67.5","-7","","","",""
"401403947","Arkansas","42","Ole Miss","27","Ole Miss -0.0","Bovada","68","0","3","59","135",""
"401403947","Arkansas","42","Ole Miss","27","Ole Miss -0","teamrankings","67.5","0","","","",""
"401403947","Arkansas","42","Ole Miss","27","Ole Miss -1","consensus","68","1","","","",""
"401403947","Arkansas","42","Ole Miss","27","Ole Miss -0","William Hill (New Jersey)","68","0","","","",""
"401411171","Wake Forest","45","Syracuse","35","Wake Forest -9.5","Bovada","59","-9.5","-10","55.5","-380","290"
"401411171","Wake Forest","45","Syracuse","35","Wake Forest -9.5","teamrankings","58.5","-9.5","","","",""
"401411171","Wake Forest","45","Syracuse","35","Wake Forest -9.5","consensus","58.5","-9.5","","","",""
"401411171","Wake Forest","45","Syracuse","35","Wake Forest -9.5","William Hill (New Jersey)","58.5","-9.5","","","",""
"401404044","UCLA","45","USC","48","USC -2.0","Bovada","77.5","2","3","73.5","135","-160"
"401404044","UCLA","45","USC","48","USC -2.5","teamrankings","76.5","2.5","","","",""
"401404044","UCLA","45","USC","48","USC -2.5","consensus","77.5","2.5","","","",""
"401404044","UCLA","45","USC","48","USC -2.5","William Hill (New Jersey)","77.5","2.5","","","",""
"401426612","LSU","41","UAB","10","LSU -15.5","Bovada","50.5","-15.5","-14.5","52.5","-650","450"
"401426612","LSU","41","UAB","10","LSU -15.5","teamrankings","50.5","-15.5","","","",""
"401426612","LSU","41","UAB","10","LSU -15","consensus","50.5","-15","","","",""
"401426612","LSU","41","UAB","10","LSU -15","William Hill (New Jersey)","50.5","-15","","","",""
"401404042","Washington","54","Colorado","7","Washington -30.0","Bovada","60","-30","-30.5","63","",""
"401404042","Washington","54","Colorado","7","Washington -30.5","teamrankings","61.5","-30.5","","","",""
"401404042","Washington","54","Colorado","7","Washington -30.5","consensus","60.5","-30.5","","","",""
"401404042","Washington","54","Colorado","7","Washington -30.5","William Hill (New Jersey)","60.5","-30.5","","","",""
"401404043","Oregon","20","Utah","17","Oregon -1.0","Bovada","61.5","-1","-2.5","62","-115","-105"
"401404043","Oregon","20","Utah","17","Utah -2.5","teamrankings","60","2.5","","","",""
"401404043","Oregon","20","Utah","17","Oregon -1","consensus","61.5","-1","","","",""
"401404043","Oregon","20","Utah","17","Oregon -1","William Hill (New Jersey)","61.5","-1","","","",""
"401415263","Nevada","14","Fresno State","41","Fresno State -23.0","Bovada","54","23","22.5","54.5","1000","-2200"
"401415263","Nevada","14","Fresno State","41","Fresno State -22.5","teamrankings","54","22.5","","","",""
"401415263","Nevada","14","Fresno State","41","Fresno State -22.5","consensus","54","22.5","","","",""
"401415263","Nevada","14","Fresno State","41","Fresno State -22.5","William Hill (New Jersey)","54","22.5","","","",""
"401416648","Miami (OH)","18","Ball State","17","Miami (OH) -2.5","Bovada","45","-2.5","-2","44.5","-135","115"
"401416648","Miami (OH)","18","Ball State","17","Miami (OH) -2.5","teamrankings","45","-2.5","","","",""
"401416648","Miami (OH)","18","Ball State","17","Miami (OH) -2.5","consensus","45","-2.5","","","",""
"401416648","Miami (OH)","18","Ball State","17","Miami (OH) -2.5","William Hill (New Jersey)","45","-2.5","","","",""
"401416649","Ohio","38","Bowling Green","14","Ohio -5.5","Bovada","52.5","-5.5","-7","55","-270","220"
"401416649","Ohio","38","Bowling Green","14","Ohio -5.5","teamrankings","52.5","-5.5","","","",""
"401416649","Ohio","38","Bowling Green","14","Ohio -5.5","consensus","52.5","-5.5","","","",""
"401416649","Ohio","38","Bowling Green","14","Ohio -5.5","William Hill (New Jersey)","52.5","-5.5","","","",""
"401416651","Western Michigan","20","Toledo","14","Toledo -8.5","Bovada","50","8.5","8","52.5","255","-310"
"401416651","Western Michigan","20","Toledo","14","Toledo -8.5","teamrankings","50.5","8.5","","","",""
"401416651","Western Michigan","20","Toledo","14","Toledo -8.5","consensus","50.5","8.5","","","",""
"401416651","Western Michigan","20","Toledo","14","Toledo -8","William Hill (New Jersey)","50.5","8","","","",""
"401415269","Boise State","42","Utah State","23","Boise State -16.5","Bovada","52","-16.5","-16.5","52","-800","525"
"401415269","Boise State","42","Utah State","23","Boise State -17","teamrankings","51.5","-17","","","",""
"401415269","Boise State","42","Utah State","23","Boise State -16.5","consensus","52","-16.5","","","",""
"401415269","Boise State","42","Utah State","23","Boise State -16.5","William Hill (New Jersey)","52","-16.5","","","",""
"401415268","Colorado State","17","New Mexico","0","Colorado State -7.5","Bovada","36","-7.5","-7","35.5","-290","240"
"401415268","Colorado State","17","New Mexico","0","Colorado State -7.5","teamrankings","36","-7.5","","","",""
"401415268","Colorado State","17","New Mexico","0","Colorado State -7","consensus","36","-7","","","",""
"401415268","Colorado State","17","New Mexico","0","Colorado State -7","William Hill (New Jersey)","36","-7","","","",""
"401415270","Fresno State","30","Wyoming","0","Fresno State -14.0","Bovada","50.5","-14","-14.5","50","-625","430"
"401415270","Fresno State","30","Wyoming","0","Fresno State -15","teamrankings","50.5","-15","","","",""
"401415270","Fresno State","30","Wyoming","0","Fresno State -14","consensus","50.5","-14","","","",""
"401415270","Fresno State","30","Wyoming","0","Fresno State -14","William Hill (New Jersey)","50.5","-14","","","",""
"401405150","Wisconsin","16","Minnesota","23","Wisconsin -3.0","Bovada","37","-3","-3","35","-165","140"
"401405150","Wisconsin","16","Minnesota","23","Wisconsin -3","teamrankings","37","-3","","","",""
"401405150","Wisconsin","16","Minnesota","23","Wisconsin -3","consensus","36.5","-3","","","",""
"401405150","Wisconsin","16","Minnesota","23","Wisconsin -3","William Hill (New Jersey)","37.5","-3","","","",""
"401404047","Oregon State","38","Oregon","34","Oregon State -1.5","Bovada","56.5","-1.5","2.5","58","150","-175"
"401404047","Oregon State","38","Oregon","34","Oregon State -1","teamrankings","57","-1","","","",""
"401404047","Oregon State","38","Oregon","34","Oregon State -1","consensus","57","-1","","","",""
"401404047","Oregon State","38","Oregon","34","Oregon State -1","William Hill (New Jersey)","57","-1","","","",""
"401426615","Florida Atlantic","31","Western Kentucky","32","Western Kentucky -7.5","Bovada","62.5","7.5","7.5","61.5","230","-280"
"401426615","Florida Atlantic","31","Western Kentucky","32","Western Kentucky -7.5","teamrankings","62.5","7.5","","","",""
"401426615","Florida Atlantic","31","Western Kentucky","32","Western Kentucky -7.5","consensus","62","7.5","","","",""
"401426615","Florida Atlantic","31","Western Kentucky","32","Western Kentucky -7.5","William Hill (New Jersey)","62","7.5","","","",""
"401426618","UTSA","34","UTEP","31","UTSA -16.5","Bovada","56.5","-16.5","-17.5","","-1100","650"
"401426618","UTSA","34","UTEP","31","UTSA -16.5","William Hill (New Jersey)","56.5","-16.5","","","",""
"401426618","UTSA","34","UTEP","31","UTSA -16.5","teamrankings","56.5","-16.5","","","",""
"401426618","UTSA","34","UTEP","31","UTSA -16.5","consensus","56.5","-16.5","","","",""
"401426383","James Madison","47","Coastal Carolina","7","James Madison -16.0","Bovada","53","-16","-14","53.5","-600","425"
"401426383","James Madison","47","Coastal Carolina","7","James Madison -15.5","teamrankings","53","-15.5","","","",""
"401426383","James Madison","47","Coastal Carolina","7","James Madison -15.5","consensus","53","-15.5","","","",""
"401426383","James Madison","47","Coastal Carolina","7","James Madison -15.5","William Hill (New Jersey)","53","-15.5","","","",""
"401416653","Buffalo","27","Kent State","30","Buffalo -4.5","Bovada","51","-4.5","-4.5","53","-175","150"
"401416653","Buffalo","27","Kent State","30","Buffalo -4.5","teamrankings","51","-4.5","","","",""
"401416653","Buffalo","27","Kent State","30","Buffalo -4.5","consensus","51","-4.5","","","",""
"401416653","Buffalo","27","Kent State","30","Buffalo -4.5","William Hill (New Jersey)","51","-4.5","","","",""
"401405152","Maryland","37","Rutgers","0","Maryland -14.5","Bovada","48.5","-14.5","-14.5","48.5","-600","425"
"401405152","Maryland","37","Rutgers","0","Maryland -14.5","teamrankings","48.5","-14.5","","","",""
"401405152","Maryland","37","Rutgers","0","Maryland -14.5","consensus","48.5","-14.5","","","",""
"401405152","Maryland","37","Rutgers","0","Maryland -14.5","Caesars Sportsbook (Colorado)","48.5","-14.5","","","",""
"401405151","Indiana","16","Purdue","30","Purdue -10.0","Bovada","53","10","10","54","300","-400"
"401405151","Indiana","16","Purdue","30","Purdue -10","teamrankings","52.5","10","","","",""
"401405151","Indiana","16","Purdue","30","Purdue -10","consensus","53","10","","","",""
"401405151","Indiana","16","Purdue","30","Purdue -10","William Hill (New Jersey)","53","10","","","",""
"401403960","Kentucky","26","Louisville","13","Kentucky -3.5","Bovada","42.5","-3.5","-3.5","42.5","-175","150"
"401403960","Kentucky","26","Louisville","13","Kentucky -3.5","teamrankings","42.5","-3.5","","","",""
"401403960","Kentucky","26","Louisville","13","Kentucky -3.5","consensus","42.5","-3.5","","","",""
"401403960","Kentucky","26","Louisville","13","Kentucky -3.5","William Hill (New Jersey)","42.5","-3.5","","","",""
"401426386","Texas State","13","Louisiana","41","Louisiana -5.0","Bovada","44","5","","44.5","175","-210"
"401426386","Texas State","13","Louisiana","41","Louisiana -5","teamrankings","44","5","","","",""
"401426386","Texas State","13","Louisiana","41","Louisiana -5","consensus","44","5","","","",""
"401426386","Texas State","13","Louisiana","41","Louisiana -5","William Hill (New Jersey)","44","5","","","",""
"401415267","San Diego State","3","Air Force","13","Air Force -2.0","Bovada","43.5","2","1.5","44.5","110","-130"
"401415267","San Diego State","3","Air Force","13","Air Force -2","teamrankings","43.5","2","","","",""
"401415267","San Diego State","3","Air Force","13","Air Force -2","consensus","43.5","2","","","",""
"401415267","San Diego State","3","Air Force","13","Air Force -2","William Hill (New Jersey)","43","2","","","",""
"401411175","Miami","16","Pittsburgh","42","Pittsburgh -4.0","Bovada","44","4","5.5","43.5","165","-195"
"401411175","Miami","16","Pittsburgh","42","Pittsburgh -5.5","teamrankings","43","5.5","","","",""
"401411175","Miami","16","Pittsburgh","42","Pittsburgh -4","consensus","44","4","","","",""
"401411175","Miami","16","Pittsburgh","42","Pittsburgh -4.5","William Hill (New Jersey)","44","4.5","","","",""
"401404133","USC","38","Notre Dame","27","USC -4.0","Bovada","63","-4","-5","63","-230","190"
"401404133","USC","38","Notre Dame","27","USC -4","teamrankings","63.5","-4","","","",""
"401404133","USC","38","Notre Dame","27","USC -4.5","consensus","62.5","-4.5","","","",""
"401404133","USC","38","Notre Dame","27","USC -4.5","William Hill (New Jersey)","62.5","-4.5","","","",""
"401411173","Boston College","23","Syracuse","32","Syracuse -10.0","Bovada","47","10","10","47","300","-400"
"401411173","Boston College","23","Syracuse","32","Syracuse -10.5","teamrankings","47","10.5","","","",""
"401411173","Boston College","23","Syracuse","32","Syracuse -10.5","consensus","47","10.5","","","",""
"401411173","Boston College","23","Syracuse","32","Syracuse -10.5","William Hill (New Jersey)","47","10.5","","","",""
"401426389","South Alabama","27","Old Dominion","20","South Alabama -16.5","Bovada","47","-16.5","-15.5","47.5","-850","550"
"401426389","South Alabama","27","Old Dominion","20","South Alabama -16.5","teamrankings","47","-16.5","","","",""
"401426389","South Alabama","27","Old Dominion","20","South Alabama -16.5","consensus","47","-16.5","","","",""
"401426389","South Alabama","27","Old Dominion","20","South Alabama -17","William Hill (New Jersey)","47","-17","","","",""
"401403959","Georgia","37","Georgia Tech","14","Georgia -36.5","Bovada","49","-36.5","-36.5","49","",""
"401403959","Georgia","37","Georgia Tech","14","Georgia -36.5","teamrankings","49","-36.5","","","",""
"401403959","Georgia","37","Georgia Tech","14","Georgia -36.5","consensus","49","-36.5","","","",""
"401403959","Georgia","37","Georgia Tech","14","Georgia -36.5","William Hill (New Jersey)","49","-36.5","","","",""
"401404144","Massachusetts","7","Army","44","Army -20.0","Bovada","45.5","20","","45","775","-1500"
"401404144","Massachusetts","7","Army","44","Army -20","teamrankings","45.5","20","","","",""
"401404144","Massachusetts","7","Army","44","Army -20","consensus","45","20","","","",""
"401404144","Massachusetts","7","Army","44","Army -20","William Hill (New Jersey)","45.5","20","","","",""
"401404121","Kansas State","47","Kansas","27","Kansas State -12.5","Bovada","63","-12.5","-11.5","63","-480","350"
"401404121","Kansas State","47","Kansas","27","Kansas State -11.5","teamrankings","62","-11.5","","","",""
"401404121","Kansas State","47","Kansas","27","Kansas State -12","consensus","62","-12","","","",""
"401404121","Kansas State","47","Kansas","27","Kansas State -12","William Hill (New Jersey)","62","-12","","","",""
"401405153","Ohio State","23","Michigan","45","Ohio State -9.0","Bovada","56.5","-9","-7.5","57","-300","250"
"401405153","Ohio State","23","Michigan","45","Ohio State -9","teamrankings","56","-9","","","",""
"401405153","Ohio State","23","Michigan","45","Ohio State -9","consensus","56","-9","","","",""
"401405153","Ohio State","23","Michigan","45","Ohio State -9","William Hill (New Jersey)","56","-9","","","",""
"401403962","Clemson","30","South Carolina","31","Clemson -14.0","Bovada","53.5","-14","-14","50.5","-625","430"
"401403962","Clemson","30","South Carolina","31","Clemson -14","teamrankings","53","-14","","","",""
"401403962","Clemson","30","South Carolina","31","Clemson -14","consensus","53","-14","","","",""
"401403962","Clemson","30","South Carolina","31","Clemson -14","William Hill (New Jersey)","53","-14","","","",""
"401411174","Duke","34","Wake Forest","31","Wake Forest -3.0","Bovada","67.5","3","3","66.5","150","-175"
"401411174","Duke","34","Wake Forest","31","Wake Forest -3","teamrankings","67","3","","","",""
"401411174","Duke","34","Wake Forest","31","Wake Forest -3","consensus","67.5","3","","","",""
"401411174","Duke","34","Wake Forest","31","Wake Forest -3","William Hill (New Jersey)","67.5","3","","","",""
"401426617","North Texas","21","Rice","17","North Texas -14.5","Bovada","57.5","-14.5","-14.5","61","-585","410"
"401426617","North Texas","21","Rice","17","North Texas -14.5","William Hill (New Jersey)","57","-14.5","","","",""
"401426617","North Texas","21","Rice","17","North Texas -14.5","teamrankings","58","-14.5","","","",""
"401426617","North Texas","21","Rice","17","North Texas -14.5","consensus","57","-14.5","","","",""
"401411172","North Carolina","27","NC State","30","North Carolina -6.5","Bovada","56.5","-6.5","-6","56.5","-250","210"
"401411172","North Carolina","27","NC State","30","North Carolina -6.5","teamrankings","56","-6.5","","","",""
"401411172","North Carolina","27","NC State","30","North Carolina -6.5","consensus","56","-6.5","","","",""
"401411172","North Carolina","27","NC State","30","North Carolina -5","William Hill (New Jersey)","56","-5","","","",""
"401415667","South Florida","39","UCF","46","UCF -20.0","Bovada","67","20","20","69.5","650","-1100"
"401415667","South Florida","39","UCF","46","UCF -20","teamrankings","67.5","20","","","",""
"401415667","South Florida","39","UCF","46","UCF -20","consensus","67.5","20","","","",""
"401415667","South Florida","39","UCF","46","UCF -20","William Hill (New Jersey)","67.5","20","","","",""
"401426616","Louisiana Tech","27","UAB","37","UAB -18.5","Bovada","55","18.5","17.5","56","600","-950"
"401426616","Louisiana Tech","27","UAB","37","UAB -18","teamrankings","55.5","18","","","",""
"401426616","Louisiana Tech","27","UAB","37","UAB -18","consensus","55.5","18","","","",""
"401426616","Louisiana Tech","27","UAB","37","UAB -18","William Hill (New Jersey)","55.5","18","","","",""
"401415271","San José State","27","Hawai'i","14","San José State -15.5","Bovada","58","-15.5","-15","57","-585","410"
"401415271","San José State","27","Hawai'i","14","San José State -15.5","teamrankings","58.5","-15.5","","","",""
"401415271","San José State","27","Hawai'i","14","San José State -15","consensus","58","-15","","","",""
"401415271","San José State","27","Hawai'i","14","San José State -15","William Hill (New Jersey)","58","-15","","","",""
"401404048","Colorado","21","Utah","63","Utah -30.0","Bovada","52","30","30","","",""
"401404048","Colorado","21","Utah","63","Utah -30","teamrankings","52","30","","","",""
"401404048","Colorado","21","Utah","63","Utah -29.5","consensus","52","29.5","","","",""
"401404048","Colorado","21","Utah","63","Utah -30","William Hill (New Jersey)","52","30","","","",""
"401426382","Georgia Southern","51","App State","48","App State -6.5","Bovada","66","6.5","5","60.5","170","-200"
"401426382","Georgia Southern","51","App State","48","App State -6.5","teamrankings","66","6.5","","","",""
"401426382","Georgia Southern","51","App State","48","App State -6.5","consensus","66","6.5","","","",""
"401426382","Georgia Southern","51","App State","48","App State -7","William Hill (New Jersey)","66","7","","","",""
"401415272","UNLV","27","Nevada","22","UNLV -12.5","Bovada","49","-12.5","","50.5","-500","360"
"401415272","UNLV","27","Nevada","22","UNLV -12.5","teamrankings","49","-12.5","","","",""
"401415272","UNLV","27","Nevada","22","UNLV -12.5","consensus","49","-12.5","","","",""
"401415272","UNLV","27","Nevada","22","UNLV -12.5","William Hill (New Jersey)","49","-12.5","","","",""
"401416650","Eastern Michigan","38","Central Michigan","19","Eastern Michigan -1.0","Bovada","53","-1","1.5","54","100","-120"
"401416650","Eastern Michigan","38","Central Michigan","19","Eastern Michigan -1","teamrankings","53.5","-1","","","",""
"401416650","Eastern Michigan","38","Central Michigan","19","Eastern Michigan -1","consensus","53.5","-1","","","",""
"401416650","Eastern Michigan","38","Central Michigan","19","Eastern Michigan -1","William Hill (New Jersey)","53.5","-1","","","",""
"401404119","Texas","38","Baylor","27","Texas -10.0","Bovada","56","-10","-9","55.5","-290","240"
"401404119","Texas","38","Baylor","27","Texas -10","teamrankings","55","-10","","","",""
"401404119","Texas","38","Baylor","27","Texas -10","consensus","55","-10","","","",""
"401404119","Texas","38","Baylor","27","Texas -10","William Hill (New Jersey)","55.5","-10","","","",""
"401404045","Arizona","38","Arizona State","35","Arizona -4.5","Bovada","66.5","-4.5","-4","64","-195","165"
"401404045","Arizona","38","Arizona State","35","Arizona -4","teamrankings","66.5","-4","","","",""
"401404045","Arizona","38","Arizona State","35","Arizona -4","consensus","66.5","-4","","","",""
"401404045","Arizona","38","Arizona State","35","Arizona -4","William Hill (New Jersey)","66.5","-4","","","",""
"401426614","Florida International","28","Middle Tennessee","33","Middle Tennessee -19.5","Bovada","54.5","19.5","19.5","55","725","-1300"
"401426614","Florida International","28","Middle Tennessee","33","Middle Tennessee -19.5","teamrankings","54.5","19.5","","","",""
"401426614","Florida International","28","Middle Tennessee","33","Middle Tennessee -19.5","consensus","54.5","19.5","","","",""
"401426614","Florida International","28","Middle Tennessee","33","Middle Tennessee -19.5","William Hill (New Jersey)","54.5","19.5","","","",""
"401404120","TCU","62","Iowa State","14","TCU -9.5","Bovada","46","-9.5","-10","47","-400","300"
"401404120","TCU","62","Iowa State","14","TCU -9.5","teamrankings","46","-9.5","","","",""
"401404120","TCU","62","Iowa State","14","TCU -9.5","consensus","45.5","-9.5","","","",""
"401404120","TCU","62","Iowa State","14","TCU -9.5","William Hill (New Jersey)","45.5","-9.5","","","",""
"401405149","Northwestern","3","Illinois","41","Illinois -15.0","Bovada","38","15","14","37","390","-550"
"401405149","Northwestern","3","Illinois","41","Illinois -15","teamrankings","38.5","15","","","",""
"401405149","Northwestern","3","Illinois","41","Illinois -14.5","consensus","38","14.5","","","",""
"401405149","Northwestern","3","Illinois","41","Illinois -14.5","William Hill (New Jersey)","38","14.5","","","",""
"401415666","SMU","34","Memphis","31","SMU -4.5","Bovada","69","-4.5","-4","71.5","-200","170"
"401415666","SMU","34","Memphis","31","SMU -4.5","teamrankings","68.5","-4.5","","","",""
"401415666","SMU","34","Memphis","31","SMU -4.5","consensus","68.5","-4.5","","","",""
"401415666","SMU","34","Memphis","31","SMU -4.5","William Hill (New Jersey)","68.5","-4.5","","","",""
"401404122","Texas Tech","51","Oklahoma","48","Oklahoma -1.5","Bovada","65.5","1.5","2.5","63.5","105","-125"
"401404122","Texas Tech","51","Oklahoma","48","Oklahoma -2","teamrankings","65.5","2","","","",""
"401404122","Texas Tech","51","Oklahoma","48","Oklahoma -1.5","consensus","65.5","1.5","","","",""
"401404122","Texas Tech","51","Oklahoma","48","Oklahoma -1.5","William Hill (New Jersey)","65.5","1.5","","","",""
"401405148","Iowa","17","Nebraska","24","Iowa -10.5","Bovada","38","-10.5","","38","-400","300"
"401405148","Iowa","17","Nebraska","24","Iowa -10.5","teamrankings","38","-10.5","","","",""
"401405148","Iowa","17","Nebraska","24","Iowa -10.5","consensus","38","-10.5","","","",""
"401405148","Iowa","17","Nebraska","24","Iowa -10.5","William Hill (New Jersey)","38","-10.5","","","",""
"401403957","Alabama","49","Auburn","27","Alabama -21.5","Bovada","51","-21.5","-22","49.5","-2200","1000"
"401403957","Alabama","49","Auburn","27","Alabama -22","teamrankings","51","-22","","","",""
"401403957","Alabama","49","Auburn","27","Alabama -22","consensus","51","-22","","","",""
"401403957","Alabama","49","Auburn","27","Alabama -22","William Hill (New Jersey)","51","-22","","","",""
"401404051","Washington State","33","Washington","51","Washington -2.5","Bovada","60","2.5","2.5","59","110","-130"
"401404051","Washington State","33","Washington","51","Washington -2","teamrankings","60","2","","","",""
"401404051","Washington State","33","Washington","51","Washington -2.5","consensus","60","2.5","","","",""
"401404051","Washington State","33","Washington","51","Washington -2.5","William Hill (New Jersey)","60","2.5","","","",""
"401403956","Ole Miss","22","Mississippi State","24","Ole Miss -2.5","Bovada","63","-2.5","-2","63","-140","120"
"401403956","Ole Miss","22","Mississippi State","24","Ole Miss -2.5","teamrankings","63","-2.5","","","",""
"401403956","Ole Miss","22","Mississippi State","24","Ole Miss -2.5","consensus","63","-2.5","","","",""
"401403956","Ole Miss","22","Mississippi State","24","Ole Miss -2.5","William Hill (New Jersey)","63","-2.5","","","",""
"401403963","Texas A&M","38","LSU","23","LSU -10.0","Bovada","47.5","10","10","46.5","275","-350"
"401403963","Texas A&M","38","LSU","23","LSU -10","teamrankings","47.5","10","","","",""
"401403963","Texas A&M","38","LSU","23","LSU -10","consensus","47.5","10","","","",""
"401403963","Texas A&M","38","LSU","23","LSU -10","William Hill (New Jersey)","47.5","10","","","",""
"401404123","Oklahoma State","19","West Virginia","24","Oklahoma State -5.5","Bovada","59.5","-5.5","-8.5","65.5","-220","180"
"401404123","Oklahoma State","19","West Virginia","24","Oklahoma State -5.5","teamrankings","59.5","-5.5","","","",""
"401404123","Oklahoma State","19","West Virginia","24","Oklahoma State -5.5","consensus","60","-5.5","","","",""
"401404123","Oklahoma State","19","West Virginia","24","Oklahoma State -5.5","William Hill (New Jersey)","60","-5.5","","","",""
"401426384","Arkansas State","19","Troy","48","Troy -13.5","Bovada","43.5","13.5","","46.5","400","-575"
"401426384","Arkansas State","19","Troy","48","Troy -13.5","teamrankings","44","13.5","","","",""
"401426384","Arkansas State","19","Troy","48","Troy -13.5","consensus","44","13.5","","","",""
"401426384","Arkansas State","19","Troy","48","Troy -13.5","William Hill (New Jersey)","44","13.5","","","",""
"401404166","Liberty","14","New Mexico State","49","Liberty -24.0","Bovada","51","-24","-24.5","51","-5000","1300"
"401404166","Liberty","14","New Mexico State","49","Liberty -24","teamrankings","50.5","-24","","","",""
"401404166","Liberty","14","New Mexico State","49","Liberty -24","consensus","50.5","-24","","","",""
"401404166","Liberty","14","New Mexico State","49","Liberty -24","William Hill (New Jersey)","50.5","-24","","","",""
"401416652","Northern Illinois","12","Akron","44","Northern Illinois -9.5","Bovada","51.5","-9.5","-9.5","54","-370","285"
"401416652","Northern Illinois","12","Akron","44","Northern Illinois -9.5","teamrankings","52","-9.5","","","",""
"401416652","Northern Illinois","12","Akron","44","Northern Illinois -9.5","consensus","52","-9.5","","","",""
"401416652","Northern Illinois","12","Akron","44","Northern Illinois -9.5","William Hill (New Jersey)","52","-9.5","","","",""
"401426390","Marshall","28","Georgia State","23","Marshall -6.5","Bovada","45.5","-6.5","-6.5","47","-230","190"
"401426390","Marshall","28","Georgia State","23","Marshall -6.5","teamrankings","45.5","-6.5","","","",""
"401426390","Marshall","28","Georgia State","23","Marshall -6.5","consensus","45.5","-6.5","","","",""
"401426390","Marshall","28","Georgia State","23","Marshall -6.5","William Hill (New Jersey)","45.5","-6.5","","","",""
"401404049","Stanford","26","BYU","35","BYU -6.5","Bovada","58","6.5","7","58","210","-250"
"401404049","Stanford","26","BYU","35","BYU -6","teamrankings","57.5","6","","","",""
"401404049","Stanford","26","BYU","35","BYU -6.5","consensus","57.5","6.5","","","",""
"401404049","Stanford","26","BYU","35","BYU -6.5","William Hill (New Jersey)","57.5","6.5","","","",""
"401415668","Houston","30","Tulsa","37","Houston -13.0","Bovada","67","-13","-12","67.5","-500","360"
"401415668","Houston","30","Tulsa","37","Houston -13","teamrankings","66.5","-13","","","",""
"401415668","Houston","30","Tulsa","37","Houston -13","consensus","67","-13","","","",""
"401415668","Houston","30","Tulsa","37","Houston -13","William Hill (New Jersey)","67","-13","","","",""
"401426385","UL Monroe","10","Southern Miss","20","Southern Miss -3.0","Bovada","50","3","3.5","51","135","-160"
"401426385","UL Monroe","10","Southern Miss","20","Southern Miss -3","teamrankings","49.5","3","","","",""
"401426385","UL Monroe","10","Southern Miss","20","Southern Miss -3","consensus","50","3","","","",""
"401426385","UL Monroe","10","Southern Miss","20","Southern Miss -3","William Hill (New Jersey)","50","3","","","",""
"401415665","Cincinnati","24","Tulane","27","Tulane -1.0","Bovada","44.5","1","-2.5","47.5","-105","-115"
"401415665","Cincinnati","24","Tulane","27","Tulane -1","teamrankings","44","1","","","",""
"401415665","Cincinnati","24","Tulane","27","Tulane -1","consensus","44","1","","","",""
"401415665","Cincinnati","24","Tulane","27","Tulane -1","William Hill (New Jersey)","44","1","","","",""
"401415664","Temple","46","East Carolina","49","East Carolina -9.5","Bovada","52","9.5","12.5","50.5","360","-500"
"401415664","Temple","46","East Carolina","49","East Carolina -9.5","teamrankings","52","9.5","","","",""
"401415664","Temple","46","East Carolina","49","East Carolina -9.5","consensus","52","9.5","","","",""
"401415664","Temple","46","East Carolina","49","East Carolina -9.5","William Hill (New Jersey)","52","9.5","","","",""
"401403961","Missouri","29","Arkansas","27","Arkansas -3.0","Bovada","55.5","3","3","55","135","-160"
"401403961","Missouri","29","Arkansas","27","Arkansas -3","teamrankings","55.5","3","","","",""
"401403961","Missouri","29","Arkansas","27","Arkansas -3.5","consensus","55.5","3.5","","","",""
"401403961","Missouri","29","Arkansas","27","Arkansas -3","William Hill (New Jersey)","55","3","","","",""
"401405154","Penn State","35","Michigan State","16","Penn State -19.5","Bovada","54.5","-19.5","-18.5","52.5","-1100","650"
"401405154","Penn State","35","Michigan State","16","Penn State -19","teamrankings","54.5","-19","","","",""
"401405154","Penn State","35","Michigan State","16","Penn State -19","consensus","54.5","-19","","","",""
"401405154","Penn State","35","Michigan State","16","Penn State -19","William Hill (New Jersey)","54.5","-19","","","",""
"401403964","Vanderbilt","0","Tennessee","56","Tennessee -14.0","Bovada","64","14","","66","400","-575"
"401403964","Vanderbilt","0","Tennessee","56","Tennessee -14","teamrankings","63.5","14","","","",""
"401403964","Vanderbilt","0","Tennessee","56","Tennessee -14","consensus","64","14","","","",""
"401403964","Vanderbilt","0","Tennessee","56","Tennessee -14","William Hill (New Jersey)","64","14","","","",""
"401437037","Troy","45","Coastal Carolina","26","Troy -6.5","Bovada","49","-6.5","-4.5","48.5","-280","230"
"401437037","Troy","45","Coastal Carolina","26","Troy -7","teamrankings","49","-7","","","",""
"401437037","Troy","45","Coastal Carolina","26","Troy -6.5","consensus","49","-6.5","","","",""
"401437037","Troy","45","Coastal Carolina","26","Troy -6.5","William Hill (New Jersey)","49","-6.5","","","",""
"401437030","TCU","28","Kansas State","31","Kansas State -1.0","Bovada","61","1","-1.5","60.5","-130","110"
"401437030","TCU","28","Kansas State","31","TCU -1","teamrankings","60.5","-1","","","",""
"401437030","TCU","28","Kansas State","31","Kansas State -1","consensus","60.5","1","","","",""
"401437030","TCU","28","Kansas State","31","Kansas State -1","William Hill (New Jersey)","60.5","1","","","",""
"401437032","UTSA","48","North Texas","27","UTSA -8.0","Bovada","70","-8","-8.5","66.5","-310","255"
"401437032","UTSA","48","North Texas","27","UTSA -8.5","teamrankings","70","-8.5","","","",""
"401437032","UTSA","48","North Texas","27","UTSA -8.5","consensus","70","-8.5","","","",""
"401437032","UTSA","48","North Texas","27","UTSA -8.5","William Hill (New Jersey)","70","-8.5","","","",""
"401437034","Boise State","16","Fresno State","28","Boise State -3.0","Bovada","54.5","-3","-4.5","50.5","-165","140"
"401437034","Boise State","16","Fresno State","28","Boise State -3","consensus","54.5","-3","","","",""
"401437034","Boise State","16","Fresno State","28","Boise State -3","William Hill (New Jersey)","55.5","-3","","","",""
"401437034","Boise State","16","Fresno State","28","Boise State -3","teamrankings","54.5","-3","","","",""
"401437132","Jackson State","43","Southern","24","Jackson State -20.5","Bovada","51","-20.5","-14.5","49.5","-900","575"
"401437132","Jackson State","43","Southern","24","Jackson State -20.5","consensus","51","-20.5","","","",""
"401437132","Jackson State","43","Southern","24","Jackson State -20.5","William Hill (New Jersey)","51","-20.5","","","",""
"401506450","Buffalo","23","Akron","22","Buffalo -12.0","Bovada","55","-12","-14.5","57.5","-550","390"
"401506450","Buffalo","23","Akron","22","Buffalo -12","teamrankings","55","-12","","","",""
"401506450","Buffalo","23","Akron","22","Buffalo -12","consensus","55","-12","","","",""
"401506450","Buffalo","23","Akron","22","Buffalo -12","William Hill (New Jersey)","54.5","-12","","","",""
"401437035","USC","24","Utah","47","USC -3.0","Bovada","67.5","-3","-1","65.5","-150","130"
"401437035","USC","24","Utah","47","USC -2.5","teamrankings","68","-2.5","","","",""
"401437035","USC","24","Utah","47","USC -2.5","consensus","67.5","-2.5","","","",""
"401437035","USC","24","Utah","47","USC -3","William Hill (New Jersey)","68","-3","","","",""
"401437008","Tulane","45","UCF","28","Tulane -3.5","Bovada","57","-3.5","-2.5","57.5","-160","135"
"401437008","Tulane","45","UCF","28","Tulane -3.5","teamrankings","57.5","-3.5","","","",""
"401437008","Tulane","45","UCF","28","Tulane -3.5","consensus","57.5","-3.5","","","",""
"401437008","Tulane","45","UCF","28","Tulane -3.5","William Hill (New Jersey)","57.5","-3.5","","","",""
"401437033","Ohio","7","Toledo","17","Toledo -3.5","Bovada","54.5","3.5","4","62","105","-125"
"401437033","Ohio","7","Toledo","17","Toledo -3.5","teamrankings","54.5","3.5","","","",""
"401437033","Ohio","7","Toledo","17","Toledo -3.5","consensus","54.5","3.5","","","",""
"401437033","Ohio","7","Toledo","17","Toledo -3.5","William Hill (New Jersey)","54.5","3.5","","","",""
"401437031","Michigan","43","Purdue","22","Michigan -15.0","Bovada","54","-15","-15.5","50","-850","550"
"401437031","Michigan","43","Purdue","22","Michigan -16","teamrankings","53","-16","","","",""
"401437031","Michigan","43","Purdue","22","Michigan -16","consensus","54","-16","","","",""
"401437031","Michigan","43","Purdue","22","Michigan -15.5","William Hill (New Jersey)","54","-15.5","","","",""
"401507651","South Dakota State","41","Holy Cross","21","South Dakota State -19.0","Bovada","54","-19","-17.5","54","-900","575"
"401507651","South Dakota State","41","Holy Cross","21","South Dakota State -19","William Hill (New Jersey)","52","-19","","","",""
"401507652","Sacramento State","63","Incarnate Word","66","Sacramento State -6.5","Bovada","77.5","-6.5","-7","77.5","",""
"401507652","Sacramento State","63","Incarnate Word","66","Sacramento State -6","William Hill (New Jersey)","78","-6","","","",""
"401507650","North Dakota State","24","Samford","3","North Dakota State -19.0","Bovada","62.5","-19","-17","62.5","",""
"401507650","North Dakota State","24","Samford","3","North Dakota State -19.5","William Hill (New Jersey)","64","-19.5","","","",""
"401507670","Montana State","55","William & Mary","0","Montana State -9.0","Bovada","65","-9","-8","65","",""
"401507670","Montana State","55","William & Mary","0","Montana State -9.5","William Hill (New Jersey)","64.5","-9.5","","","",""
"401404145","Army","20","Navy","17","Navy -3.0","Bovada","32","3","1.5","34","-130","110"
"401404145","Army","20","Navy","17","Navy -2.5","teamrankings","32","2.5","","","",""
"401404145","Army","20","Navy","17","Navy -2.5","consensus","32","2.5","","","",""
"401404145","Army","20","Navy","17","Navy -2.5","William Hill (New Jersey)","32","2.5","","","",""
"401415203","Harvard","20","Columbia","21","Harvard -10.5","consensus","48.5","-10.5","","","",""
"401415203","Harvard","20","Columbia","21","Harvard -10.5","William Hill (New Jersey)","48.5","-10.5","","","",""
"401418842","Indiana State","7","North Dakota","42","North Dakota -11.5","consensus","52","11.5","","","",""
"401418842","Indiana State","7","North Dakota","42","North Dakota -11","William Hill (New Jersey)","51","11","","","",""
"401420794","North Carolina A&T","49","Norfolk State","24","North Carolina A&T -23.5","William Hill (New Jersey)","53.5","-23.5","","","",""
"401418608","Princeton","17","Dartmouth","14","Princeton -16.5","Caesars Sportsbook (Colorado)","42.5","-16.5","","","",""
"401420785","Stony Brook","24","Morgan State","22","Stony Brook -10.5","William Hill (New Jersey)","43.5","-10.5","","","",""
"401423150","Davidson","56","Stetson","48","Davidson -19.5","William Hill (New Jersey)","57","-19.5","","","",""
"401423430","Georgetown","24","Saint Francis","38","Saint Francis -17","consensus","56.5","17","","","",""
"401423430","Georgetown","24","Saint Francis","38","Saint Francis -17","William Hill (New Jersey)","55.5","17","","","",""
"401424391","Hampton","14","William & Mary","20","William & Mary -20.5","consensus","51.5","20.5","","","",""
"401424391","Hampton","14","William & Mary","20","William & Mary -20.5","William Hill (New Jersey)","51.5","20.5","","","",""
"401428199","Charleston Southern","34","Robert Morris","21","Charleston Southern -17.5","consensus","45.5","-17.5","","","",""
"401428199","Charleston Southern","34","Robert Morris","21","Charleston Southern -17.5","William Hill (New Jersey)","45.5","-17.5","","","",""
"401420840","UT Martin","42","Western Illinois","25","UT Martin -17","consensus","61.5","-17","","","",""
"401420840","UT Martin","42","Western Illinois","25","UT Martin -17","William Hill (New Jersey)","61.5","-17","","","",""
"401420880","Tarleton State","29","Mississippi Valley State","13","Tarleton State -13","consensus","51","-13","","","",""
"401420880","Tarleton State","29","Mississippi Valley State","13","Tarleton State -13","William Hill (New Jersey)","51","-13","","","",""
"401420877","Southern Utah","44","St. Thomas (MN)","13","Southern Utah -3","consensus","49.5","-3","","","",""
"401420877","Southern Utah","44","St. Thomas (MN)","13","Southern Utah -3","William Hill (New Jersey)","49.5","-3","","","",""
"401413229","Idaho State","40","Cal Poly","31","Cal Poly -3.5","consensus","56","3.5","","","",""
"401413229","Idaho State","40","Cal Poly","31","Cal Poly -3.5","William Hill (New Jersey)","56","3.5","","","",""
"401423427","Saint Francis","39","Central Connecticut","13","Saint Francis -18.5","consensus","47.5","-18.5","","","",""
"401423427","Saint Francis","39","Central Connecticut","13","Saint Francis -19.5","William Hill (New Jersey)","47.5","-19.5","","","",""
"401413239","Eastern Washington","28","Sacramento State","52","Sacramento State -14.5","consensus","75","14.5","","","",""
"401413239","Eastern Washington","28","Sacramento State","52","Sacramento State -14.5","William Hill (New Jersey)","75","14.5","","","",""
"401413249","Montana","23","Idaho","30","Montana -17.5","William Hill (New Jersey)","51.5","-17.5","","","",""
"401413343","Northern Colorado","14","Montana State","37","Montana State -21.5","consensus","62","21.5","","","",""
"401413343","Northern Colorado","14","Montana State","37","Montana State -22","William Hill (New Jersey)","62","22","","","",""
"401415173","UC Davis","56","Northern Arizona","27","UC Davis -14.5","consensus","52","-14.5","","","",""
"401415173","UC Davis","56","Northern Arizona","27","UC Davis -14.5","William Hill (New Jersey)","52","-14.5","","","",""
"401420797","North Carolina Central","28","North Carolina A&T","13","North Carolina Central -11.5","consensus","49","-11.5","","","",""
"401420797","North Carolina Central","28","North Carolina A&T","13","North Carolina A&T -11.5","William Hill (New Jersey)","49","11.5","","","",""
"401413237","Eastern Washington","35","Montana State","38","Montana State -6","consensus","70","6","","","",""
"401413237","Eastern Washington","35","Montana State","38","Montana State -6","William Hill (New Jersey)","70","6","","","",""
"401418779","North Alabama","28","Tarleton State","43","North Alabama -2","William Hill (New Jersey)","55.5","-2","","","",""
"401422923","Gardner-Webb","14","Mercer","45","Mercer -7","consensus","56.5","7","","","",""
"401422923","Gardner-Webb","14","Mercer","45","Mercer -7","William Hill (New Jersey)","57","7","","","",""
"401423440","Florida A&M","38","Alabama A&M","25","Florida A&M -10","William Hill (New Jersey)","57.5","-10","","","",""
"401424426","Delaware","35","Hampton","3","Delaware -24.5","consensus","51","-24.5","","","",""
"401424426","Delaware","35","Hampton","3","Delaware -24.5","William Hill (New Jersey)","51","-24.5","","","",""
"401413220","Jacksonville State","14","SE Louisiana","31","Jacksonville State -7.5","consensus","64","-7.5","","","",""
"401413220","Jacksonville State","14","SE Louisiana","31","Jacksonville State -7.5","William Hill (New Jersey)","64","-7.5","","","",""
"401420802","South Carolina State","26","North Carolina Central","24","South Carolina State -1","consensus","58.5","-1","","","",""
"401420802","South Carolina State","26","North Carolina Central","24","North Carolina Central -0","William Hill (New Jersey)","57.5","0","","","",""
"401421161","VMI","3","Furman","41","Furman -13.5","consensus","52.5","13.5","","","",""
"401421161","VMI","3","Furman","41","Furman -13.5","William Hill (New Jersey)","52","13.5","","","",""
"401421132","Chattanooga","41","Mercer","21","Mercer -1.5","consensus","50","1.5","","","",""
"401421132","Chattanooga","41","Mercer","21","Mercer -1.5","William Hill (New Jersey)","50.5","1.5","","","",""
"401421142","Western Carolina","21","The Citadel","34","Western Carolina -15","consensus","53","-15","","","",""
"401421142","Western Carolina","21","The Citadel","34","Western Carolina -15","William Hill (New Jersey)","53","-15","","","",""
"401423149","Drake","14","Davidson","48","Davidson -12.5","consensus","48","12.5","","","",""
"401423149","Drake","14","Davidson","48","Davidson -12.5","William Hill (New Jersey)","48","12.5","","","",""
"401423420","Merrimack","31","Sacred Heart","25","Merrimack -1.5","consensus","47.5","-1.5","","","",""
"401423420","Merrimack","31","Sacred Heart","25","Merrimack -1.5","William Hill (New Jersey)","47.5","-1.5","","","",""
"401424398","New Hampshire","40","Elon","22","Elon -2.5","consensus","44.5","2.5","","","",""
"401424398","New Hampshire","40","Elon","22","Elon -2.5","William Hill (New Jersey)","45","2.5","","","",""
"401424408","Monmouth","46","Rhode Island","48","Rhode Island -1","consensus","60","1","","","",""
"401424408","Monmouth","46","Rhode Island","48","Rhode Island -1","Caesars Sportsbook (Colorado)","60","1","","","",""
"401428487","Presbyterian","17","St. Thomas (MN)","46","St. Thomas (MN) -23","consensus","54.5","23","","","",""
"401428487","Presbyterian","17","St. Thomas (MN)","46","St. Thomas (MN) -23","William Hill (New Jersey)","","23","","","",""
"401424941","Prairie View A&M","58","Bethune-Cookman","48","Prairie View A&M -16.5","William Hill (New Jersey)","56","-16.5","","","",""
"401425520","Southern Illinois","36","Northern Iowa","37","Southern Illinois -5.5","consensus","53.5","-5.5","","","",""
"401425520","Southern Illinois","36","Northern Iowa","37","Southern Illinois -5.5","William Hill (New Jersey)","53.5","-5.5","","","",""
"401425425","Murray State","19","Tennessee State","3","Tennessee State -14","William Hill (New Jersey)","50","14","","","",""
"401418639","Eastern Kentucky","17","Sam Houston","25","Eastern Kentucky -6.5","consensus","51.5","-6.5","","","",""
"401418639","Eastern Kentucky","17","Sam Houston","25","Eastern Kentucky -6","William Hill (New Jersey)","50.5","-6","","","",""
"401420782","North Carolina Central","59","Morgan State","20","North Carolina Central -14.5","consensus","52.5","-14.5","","","",""
"401420782","North Carolina Central","59","Morgan State","20","North Carolina Central -14.5","William Hill (New Jersey)","52.5","-14.5","","","",""
"401424434","UAlbany","37","Hampton","38","UAlbany -14","William Hill (New Jersey)","57","-14","","","",""
"401424435","Richmond","20","Villanova","10","Richmond -4.5","consensus","62.5","-4.5","","","",""
"401424435","Richmond","20","Villanova","10","Richmond -5.5","William Hill (New Jersey)","62.5","-5.5","","","",""
"401424951","Grambling","16","Florida A&M","20","Florida A&M -17","consensus","56","17","","","",""
"401424951","Grambling","16","Florida A&M","20","Florida A&M -17","William Hill (New Jersey)","56","17","","","",""
"401418602","Harvard","14","Yale","19","Harvard -1.5","consensus","52.5","-1.5","","","",""
"401418602","Harvard","14","Yale","19","Harvard -1.5","William Hill (New Jersey)","52.5","-1.5","","","",""
"401423452","Alabama State","12","Jackson State","26","Jackson State -26.5","consensus","52.5","26.5","","","",""
"401423452","Alabama State","12","Jackson State","26","Jackson State -27","William Hill (New Jersey)","52.5","27","","","",""
"401424938","Tennessee State","41","Bethune-Cookman","17","Tennessee State -7.5","William Hill (New Jersey)","49.5","-7.5","","","",""
"401428191","Campbell","34","Charleston Southern","28","Campbell -14","consensus","55","-14","","","",""
"401428191","Campbell","34","Charleston Southern","28","Campbell -14","William Hill (New Jersey)","55","-14","","","",""
"401432241","Duquesne","21","Merrimack","28","Duquesne -4.5","consensus","45.5","-4.5","","","",""
"401432241","Duquesne","21","Merrimack","28","Duquesne -4.5","William Hill (New Jersey)","45","-4.5","","","",""
"401423001","Lehigh","28","Fordham","40","Fordham -16","consensus","67.5","16","","","",""
"401423001","Lehigh","28","Fordham","40","Fordham -16","William Hill (New Jersey)","67.5","16","","","",""
"401418837","Illinois State","20","Western Illinois","13","Illinois State -21","William Hill (New Jersey)","37.5","-21","","","",""
"401424411","Monmouth","24","Stony Brook","21","Monmouth -14.5","Caesars Sportsbook (Colorado)","62.5","-14.5","","","",""
"401422925","Mercer","55","East Tennessee State","33","Mercer -14","consensus","52.5","-14","","","",""
"401422925","Mercer","55","East Tennessee State","33","Mercer -14","William Hill (New Jersey)","52","-14","","","",""
"401413230","Cal Poly","10","Eastern Washington","17","Eastern Washington -10","consensus","75.5","10","","","",""
"401413230","Cal Poly","10","Eastern Washington","17","Eastern Washington -10","William Hill (New Jersey)","75.5","10","","","",""
"401418599","Harvard","10","Princeton","37","Princeton -2.5","consensus","47","2.5","","","",""
"401418599","Harvard","10","Princeton","37","Princeton -1.5","Caesars Sportsbook (Colorado)","47","1.5","","","",""
"401415199","Columbia","28","Wagner","7","Columbia -29.5","consensus","50","-29.5","","","",""
"401415199","Columbia","28","Wagner","7","Columbia -29.5","William Hill (New Jersey)","50","-29.5","","","",""
"401418606","Yale","24","Dartmouth","21","Yale -4.5","consensus","50","-4.5","","","",""
"401418606","Yale","24","Dartmouth","21","Yale -4.5","William Hill (New Jersey)","50","-4.5","","","",""
"401418831","Northern Iowa","21","Illinois State","23","Northern Iowa -8","consensus","41.5","-8","","","",""
"401418831","Northern Iowa","21","Illinois State","23","Northern Iowa -8","William Hill (New Jersey)","40","-8","","","",""
"401426549","North Texas","59","Texas Southern","27","North Texas -38.5","consensus","64.5","-38.5","","","",""
"401426549","North Texas","59","Texas Southern","27","North Texas -38.5","William Hill (New Jersey)","64.5","-38.5","","","",""
"401426550","Rice","52","McNeese","10","Rice -7.5","consensus","52.5","-7.5","","","",""
"401426550","Rice","52","McNeese","10","Rice -7","William Hill (New Jersey)","52.5","-7","","","",""
"401421117","UL Monroe","35","Nicholls","7","UL Monroe -4.5","consensus","58.5","-4.5","","","",""
"401421117","UL Monroe","35","Nicholls","7","UL Monroe -4.5","William Hill (New Jersey)","58.5","-4.5","","","",""
"401405075","Indiana","35","Idaho","22","Indiana -24.5","consensus","50.5","-24.5","","","",""
"401405075","Indiana","35","Idaho","22","Indiana -24.5","William Hill (New Jersey)","50.5","-24.5","","","",""
"401420787","Morgan State","6","Howard","35","Howard -5","William Hill (New Jersey)","49","5","","","",""
"401423143","Butler","13","St. Thomas (MN)","27","St. Thomas (MN) -7.5","consensus","47.5","7.5","","","",""
"401423143","Butler","13","St. Thomas (MN)","27","St. Thomas (MN) -7.5","William Hill (New Jersey)","47.5","7.5","","","",""
"401421129","Illinois","31","Chattanooga","0","Illinois -20","consensus","44.5","-20","","","",""
"401421129","Illinois","31","Chattanooga","0","Illinois -20","William Hill (New Jersey)","44","-20","","","",""
"401424932","Grambling","35","Alcorn State","6","Alcorn State -8","William Hill (New Jersey)","51.5","8","","","",""
"401431406","Marist","37","Presbyterian","7","Marist -13","William Hill (New Jersey)","48.5","-13","","","",""
"401425415","Holy Cross","53","Fordham","52","Holy Cross -10.5","consensus","68.5","-10.5","","","",""
"401425415","Holy Cross","53","Fordham","52","Holy Cross -10","William Hill (New Jersey)","68.5","-10","","","",""
"401432242","Duquesne","48","Long Island University","50","Duquesne -13","William Hill (New Jersey)","52.5","-13","","","",""
"401418632","Austin Peay","31","Eastern Kentucky","20","Austin Peay -1.5","consensus","63.5","-1.5","","","",""
"401418632","Austin Peay","31","Eastern Kentucky","20","Austin Peay -1.5","William Hill (New Jersey)","63.5","-1.5","","","",""
"401413240","Eastern Washington","35","Portland State","38","Eastern Washington -10.5","William Hill (New Jersey)","66","-10.5","","","",""
"401423924","Texas Southern","41","Grambling","7","Texas Southern -6.5","William Hill (New Jersey)","55","-6.5","","","",""
"401413251","Sacramento State","31","Idaho","28","Sacramento State -14","consensus","62.5","-14","","","",""
"401413251","Sacramento State","31","Idaho","28","Sacramento State -13.5","William Hill (New Jersey)","62.5","-13.5","","","",""
"401415202","Columbia","16","Yale","41","Yale -5","consensus","43.5","5","","","",""
"401415202","Columbia","16","Yale","41","Yale -3","William Hill (New Jersey)","41.5","3","","","",""
"401418834","North Dakota State","24","Illinois State","7","North Dakota State -18","William Hill (New Jersey)","41","-18","","","",""
"401420867","Lamar","24","Nicholls","17","Nicholls -7.5","William Hill (New Jersey)","59","7.5","","","",""
"401421143","The Citadel","3","Samford","38","Samford -15.5","William Hill (New Jersey)","46","15.5","","","",""
"401420811","Northern Iowa","41","Missouri State","20","Northern Iowa -1.5","consensus","56.5","-1.5","","","",""
"401420811","Northern Iowa","41","Missouri State","20","Northern Iowa -1.5","William Hill (New Jersey)","58","-1.5","","","",""
"401424399","Elon","27","Delaware","7","Delaware -3","William Hill (New Jersey)","46","3","","","",""
"401413228","Northern Arizona","31","Cal Poly","29","Northern Arizona -10.5","William Hill (New Jersey)","55","-10.5","","","",""
"401421141","The Citadel","10","Furman","21","Furman -10.5","consensus","41.5","10.5","","","",""
"401421141","The Citadel","10","Furman","21","Furman -10.5","William Hill (New Jersey)","41.5","10.5","","","",""
"401420818","North Dakota","35","South Dakota State","49","South Dakota State -10","consensus","45.5","10","","","",""
"401420818","North Dakota","35","South Dakota State","49","South Dakota State -10","William Hill (New Jersey)","45.5","10","","","",""
"401420874","Southern Utah","38","Stephen F. Austin","41","Stephen F. Austin -4.5","consensus","46","4.5","","","",""
"401420874","Southern Utah","38","Stephen F. Austin","41","Stephen F. Austin -4.5","William Hill (New Jersey)","46","4.5","","","",""
"401462225","McNeese","27","SE Louisiana","28","SE Louisiana -18","consensus","60.5","18","","","",""
"401462225","McNeese","27","SE Louisiana","28","SE Louisiana -18","William Hill (New Jersey)","61","18","","","",""
"401462518","Tarleton State","21","Sam Houston","40","Sam Houston -7.5","consensus","46.5","7.5","","","",""
"401462518","Tarleton State","21","Sam Houston","40","Sam Houston -7.5","William Hill (New Jersey)","46","7.5","","","",""
"401422991","Lafayette","21","Holy Cross","24","Holy Cross -24.5","consensus","38.5","24.5","","","",""
"401422991","Lafayette","21","Holy Cross","24","Holy Cross -25","William Hill (New Jersey)","39.5","25","","","",""
"401413231","UC Davis","59","Cal Poly","17","UC Davis -24.5","consensus","60.5","-24.5","","","",""
"401413231","UC Davis","59","Cal Poly","17","UC Davis -24.5","William Hill (New Jersey)","60.5","-24.5","","","",""
"401424940","Mississippi Valley State","35","Bethune-Cookman","45","Bethune-Cookman -4","consensus","47.5","4","","","",""
"401424940","Mississippi Valley State","35","Bethune-Cookman","45","Bethune-Cookman -4","William Hill (New Jersey)","47.5","4","","","",""
"401423921","Alcorn State","27","Texas Southern","34","Alcorn State -9.5","consensus","49.5","-9.5","","","",""
"401423921","Alcorn State","27","Texas Southern","34","Alcorn State -9.5","William Hill (New Jersey)","49.5","-9.5","","","",""
"401424369","Towson","24","William & Mary","44","William & Mary -18.5","consensus","48.5","18.5","","","",""
"401424369","Towson","24","William & Mary","44","William & Mary -18.5","William Hill (New Jersey)","48.5","18.5","","","",""
"401424439","Stony Brook","28","Maine","27","Maine -3.5","consensus","43.5","3.5","","","",""
"401424439","Stony Brook","28","Maine","27","Maine -3.5","William Hill (New Jersey)","43.5","3.5","","","",""
"401428198","Charleston Southern","14","Gardner-Webb","28","Gardner-Webb -11.5","consensus","55","11.5","","","",""
"401428198","Charleston Southern","14","Gardner-Webb","28","Gardner-Webb -11.5","William Hill (New Jersey)","54.5","11.5","","","",""
"401415171","Northern Arizona","24","North Dakota","27","North Dakota -6","William Hill (New Jersey)","48","6","","","",""
"401415178","Lamar","14","Northern Colorado","21","Northern Colorado -3","consensus","51.5","3","","","",""
"401415178","Lamar","14","Northern Colorado","21","Northern Colorado -3","William Hill (New Jersey)","51.5","3","","","",""
"401415183","UC Davis","43","San Diego","13","UC Davis -24","consensus","53.5","-24","","","",""
"401415183","UC Davis","43","San Diego","13","UC Davis -24","William Hill (New Jersey)","52.5","-24","","","",""
"401421115","Valparaiso","0","Drake","24","Valparaiso -7.5","William Hill (New Jersey)","48.5","-7.5","","","",""
"401424453","Maine","41","New Hampshire","42","New Hampshire -5.5","William Hill (New Jersey)","51.5","5.5","","","",""
"401421100","San Diego","23","Butler","26","San Diego -6","consensus","51.5","-6","","","",""
"401421100","San Diego","23","Butler","26","San Diego -6","William Hill (New Jersey)","52","-6","","","",""
"401422971","Samford","34","VMI","15","Samford -28.5","William Hill (New Jersey)","59.5","-28.5","","","",""
"401418813","Eastern Illinois","35","Northwestern State","27","Eastern Illinois -9.5","consensus","58","-9.5","","","",""
"401418813","Eastern Illinois","35","Northwestern State","27","Eastern Illinois -9.5","William Hill (New Jersey)","58","-9.5","","","",""
"401420781","Morgan State","21","Norfolk State","24","Morgan State -3.5","William Hill (New Jersey)","48.5","-3.5","","","",""
"401420810","Missouri State","21","Southern Illinois","38","Missouri State -3.5","William Hill (New Jersey)","62.5","-3.5","","","",""
"401420829","South Dakota State","28","South Dakota","3","South Dakota State -14.5","consensus","43","-14.5","","","",""
"401420829","South Dakota State","28","South Dakota","3","South Dakota State -14.5","William Hill (New Jersey)","43","-14.5","","","",""
"401423915","Georgetown","28","Pennsylvania","59","Pennsylvania -15","consensus","41.5","15","","","",""
"401423915","Georgetown","28","Pennsylvania","59","Pennsylvania -15","William Hill (New Jersey)","41.5","15","","","",""
"401423442","Alabama A&M","37","Grambling","31","Alabama A&M -8","William Hill (New Jersey)","57","-8","","","",""
"401424396","Elon","27","Towson","10","Elon -23","William Hill (New Jersey)","48","-23","","","",""
"401424432","Hampton","24","Maine","31","Maine -5.5","William Hill (New Jersey)","49.5","5.5","","","",""
"401428481","Fordham","59","Georgetown","38","Fordham -24","consensus","66.5","-24","","","",""
"401428481","Fordham","59","Georgetown","38","Fordham -24","William Hill (New Jersey)","66.5","-24","","","",""
"401428486","Marist","24","St. Thomas (MN)","38","St. Thomas (MN) -9","consensus","49","9","","","",""
"401428486","Marist","24","St. Thomas (MN)","38","St. Thomas (MN) -9","William Hill (New Jersey)","49","9","","","",""
"401413217","Nicholls","21","Jacksonville State","52","Jacksonville State -9","consensus","57","9","","","",""
"401413217","Nicholls","21","Jacksonville State","52","Jacksonville State -8.5","William Hill (New Jersey)","57","8.5","","","",""
"401413247","Northern Arizona","10","Idaho","27","Northern Arizona -2.5","William Hill (New Jersey)","48.5","-2.5","","","",""
"401404075","Oklahoma State","63","Arkansas-Pine Bluff","7","Oklahoma State -54.5","consensus","64.5","-54.5","","","",""
"401404075","Oklahoma State","63","Arkansas-Pine Bluff","7","Oklahoma State -54.5","William Hill (New Jersey)","64.5","-54.5","","","",""
"401415218","Boise State","30","UT Martin","7","Boise State -24.5","consensus","53.5","-24.5","","","",""
"401415218","Boise State","30","UT Martin","7","Boise State -25","William Hill (New Jersey)","53.5","-25","","","",""
"401403881","Arkansas","38","Missouri State","27","Arkansas -26","consensus","60","-26","","","",""
"401403881","Arkansas","38","Missouri State","27","Arkansas -26","William Hill (New Jersey)","59.5","-26","","","",""
"401411112","Duke","49","North Carolina A&T","20","Duke -30.5","consensus","53","-30.5","","","",""
"401411112","Duke","49","North Carolina A&T","20","Duke -30.5","William Hill (New Jersey)","53","-30.5","","","",""
"401415621","East Carolina","49","Campbell","10","East Carolina -32.5","consensus","58","-32.5","","","",""
"401415621","East Carolina","49","Campbell","10","East Carolina -32.5","William Hill (New Jersey)","58","-32.5","","","",""
"401420790","Norfolk State","26","Saint Francis","45","Saint Francis -9.5","consensus","47","9.5","","","",""
"401420790","Norfolk State","26","Saint Francis","45","Saint Francis -9.5","William Hill (New Jersey)","47","9.5","","","",""
"401403874","Ole Miss","59","Central Arkansas","3","Ole Miss -36.5","consensus","61","-36.5","","","",""
"401403874","Ole Miss","59","Central Arkansas","3","Ole Miss -36.5","William Hill (New Jersey)","61","-36.5","","","",""
"401426546","Florida Atlantic","42","SE Louisiana","9","Florida Atlantic -11","consensus","63.5","-11","","","",""
"401426546","Florida Atlantic","42","SE Louisiana","9","Florida Atlantic -12","William Hill (New Jersey)","63.5","-12","","","",""
"401411104","Georgia Tech","35","Western Carolina","17","Georgia Tech -24.5","consensus","65.5","-24.5","","","",""
"401411104","Georgia Tech","35","Western Carolina","17","Georgia Tech -24","William Hill (New Jersey)","66","-24","","","",""
"401415615","Tulane","52","Alcorn State","0","Tulane -35.5","consensus","59.5","-35.5","","","",""
"401415615","Tulane","52","Alcorn State","0","Tulane -35.5","William Hill (New Jersey)","59","-35.5","","","",""
"401421134","The Citadel","21","Chattanooga","31","Chattanooga -19.5","William Hill (New Jersey)","39.5","19.5","","","",""
"401415618","South Florida","42","Howard","20","South Florida -39.5","consensus","61.5","-39.5","","","",""
"401415618","South Florida","42","Howard","20","South Florida -40.5","William Hill (New Jersey)","61.5","-40.5","","","",""
"401421114","Valparaiso","7","St. Thomas (MN)","34","St. Thomas (MN) -6","consensus","51.5","6","","","",""
"401421114","Valparaiso","7","St. Thomas (MN)","34","St. Thomas (MN) -6","William Hill (New Jersey)","50.5","6","","","",""
"401422984","Bucknell","17","Fordham","59","Fordham -24.5","William Hill (New Jersey)","64.5","24.5","","","",""
"401422984","Bucknell","17","Fordham","59","Fordham -24.5","consensus","64.5","24.5","","","",""
"401425517","South Carolina State","24","Delaware State","27","South Carolina State -7.5","William Hill (New Jersey)","41","-7.5","","","",""
"401424410","Delaware","49","Monmouth","17","Delaware -10","Caesars Sportsbook (Colorado)","59.5","-10","","","",""
"401424443","Rhode Island","26","Maine","22","Rhode Island -15.5","William Hill (New Jersey)","57","-15.5","","","",""
"401413210","Western Carolina","36","Wofford","29","Western Carolina -10","William Hill (New Jersey)","60","-10","","","",""
"401418838","Northern Iowa","20","Indiana State","14","Northern Iowa -23.5","consensus","49","-23.5","","","",""
"401418838","Northern Iowa","20","Indiana State","14","Northern Iowa -23.5","William Hill (New Jersey)","49","-23.5","","","",""
"401413257","San Diego State","38","Idaho State","7","San Diego State -33.5","consensus","50.5","-33.5","","","",""
"401413257","San Diego State","38","Idaho State","7","San Diego State -33","William Hill (New Jersey)","50.5","-33","","","",""
"401403985","Arizona","31","North Dakota State","28","North Dakota State -3","consensus","49","3","","","",""
"401403985","Arizona","31","North Dakota State","28","North Dakota State -3","William Hill (New Jersey)","49","3","","","",""
"401423919","Southern","0","Texas Southern","24","Texas Southern -7","consensus","68.5","7","","","",""
"401423919","Southern","0","Texas Southern","24","Texas Southern -7","William Hill (New Jersey)","68.5","7","","","",""
"401418830","Illinois State","14","Southern Illinois","19","Southern Illinois -7.5","consensus","50.5","7.5","","","",""
"401418830","Illinois State","14","Southern Illinois","19","Southern Illinois -7.5","William Hill (New Jersey)","51","7.5","","","",""
"401423926","Southern","59","Arkansas-Pine Bluff","3","Southern -14","consensus","60","-14","","","",""
"401423926","Southern","59","Arkansas-Pine Bluff","3","Southern -14","William Hill (New Jersey)","60","-14","","","",""
"401413207","Samford","28","Wofford","14","Samford -20","consensus","51","-20","","","",""
"401413207","Samford","28","Wofford","14","Samford -20","William Hill (New Jersey)","51","-20","","","",""
"401435487","North Carolina A&T","24","Bryant","13","North Carolina A&T -5.5","consensus","54.5","-5.5","","","",""
"401435487","North Carolina A&T","24","Bryant","13","North Carolina A&T -5.5","William Hill (New Jersey)","53.5","-5.5","","","",""
"401415407","Cornell","28","Harvard","35","Harvard -11.5","consensus","50.5","11.5","","","",""
"401420831","South Dakota","14","Northern Iowa","58","Northern Iowa -5","William Hill (New Jersey)","47","5","","","",""
"401425455","Southeast Missouri State","52","Murray State","22","Southeast Missouri State -27.5","William Hill (New Jersey)","55.5","-27.5","","","",""
"401415204","Columbia","45","Cornell","22","Columbia -5","William Hill (New Jersey)","44","-5","","","",""
"401415195","Dartmouth","30","Brown","7","Dartmouth -10.5","William Hill (New Jersey)","50.5","-10.5","","","",""
"401413344","Montana State","43","Weber State","38","Weber State -3","consensus","53.5","3","","","",""
"401413344","Montana State","43","Weber State","38","Weber State -3","William Hill (New Jersey)","53.5","3","","","",""
"401424442","Maine","21","Richmond","31","Richmond -14.5","William Hill (New Jersey)","54.5","14.5","","","",""
"401415191","Brown","21","Cornell","24","Brown -2.5","consensus","58.5","-2.5","","","",""
"401415191","Brown","21","Cornell","24","Brown -2.5","William Hill (New Jersey)","58.5","-2.5","","","",""
"401415180","Northern Colorado","10","UC Davis","58","UC Davis -19","consensus","60","19","","","",""
"401415180","Northern Colorado","10","UC Davis","58","UC Davis -19","William Hill (New Jersey)","61.5","19","","","",""
"401415201","Columbia","24","Dartmouth","27","Columbia -2","consensus","38","-2","","","",""
"401415201","Columbia","24","Dartmouth","27","Columbia -3","William Hill (New Jersey)","38","-3","","","",""
"401413337","Sacramento State","31","Montana","24","Sacramento State -5","consensus","53","-5","","","",""
"401413337","Sacramento State","31","Montana","24","Sacramento State -5","William Hill (New Jersey)","53.5","-5","","","",""
"401418640","Eastern Kentucky","56","North Alabama","53","Eastern Kentucky -13.5","consensus","67.5","-13.5","","","",""
"401418640","Eastern Kentucky","56","North Alabama","53","Eastern Kentucky -13.5","William Hill (New Jersey)","67.5","-13.5","","","",""
"401413262","Idaho State","10","Northern Arizona","24","Northern Arizona -3.5","consensus","52","3.5","","","",""
"401413262","Idaho State","10","Northern Arizona","24","Northern Arizona -3.5","William Hill (New Jersey)","54","3.5","","","",""
"401413250","Idaho","56","Portland State","21","Idaho -12","consensus","57.5","-12","","","",""
"401413250","Idaho","56","Portland State","21","Idaho -12.5","William Hill (New Jersey)","57.5","-12.5","","","",""
"401424441","Villanova","24","Hampton","10","Villanova -22.5","William Hill (New Jersey)","57.5","-22.5","","","",""
"401424447","Delaware","13","Richmond","21","Delaware -4","William Hill (New Jersey)","45.5","-4","","","",""
"401424449","Stony Brook","17","Towson","21","Towson -5.5","consensus","43.5","5.5","","","",""
"401424449","Stony Brook","17","Towson","21","Towson -5.5","William Hill (New Jersey)","43.5","5.5","","","",""
"401424448","New Hampshire","31","Rhode Island","28","Rhode Island -1","William Hill (New Jersey)","52.5","1","","","",""
"401420876","Stephen F. Austin","7","Central Arkansas","34","Central Arkansas -0","William Hill (New Jersey)","74.5","0","","","",""
"401423952","Southern","27","Mississippi Valley State","7","Southern -20.5","William Hill (New Jersey)","47.5","-20.5","","","",""
"401423455","Alabama State","14","Florida A&M","21","Florida A&M -4.5","consensus","36.5","4.5","","","",""
"401423455","Alabama State","14","Florida A&M","21","Florida A&M -4.5","William Hill (New Jersey)","36.5","4.5","","","",""
"401403982","Utah","73","Southern Utah","7","Utah -45.5","consensus","58.5","-45.5","","","",""
"401403982","Utah","73","Southern Utah","7","Utah -45.5","William Hill (New Jersey)","58.5","-45.5","","","",""
"401420875","Stephen F. Austin","41","Tarleton State","24","Stephen F. Austin -7.5","consensus","62","-7.5","","","",""
"401420875","Stephen F. Austin","41","Tarleton State","24","Stephen F. Austin -7","William Hill (New Jersey)","62","-7","","","",""
"401411106","NC State","55","Charleston Southern","3","NC State -45.5","consensus","55","-45.5","","","",""
"401411106","NC State","55","Charleston Southern","3","NC State -45.5","William Hill (New Jersey)","55.5","-45.5","","","",""
"401405071","Minnesota","62","Western Illinois","10","Minnesota -41","consensus","56.5","-41","","","",""
"401405071","Minnesota","62","Western Illinois","10","Minnesota -41","William Hill (New Jersey)","58","-41","","","",""
"401405074","Purdue","56","Indiana State","0","Purdue -37","consensus","54","-37","","","",""
"401405074","Purdue","56","Indiana State","0","Purdue -37","William Hill (New Jersey)","54","-37","","","",""
"401415216","Nevada","41","Incarnate Word","55","Nevada -4","consensus","61.5","-4","","","",""
"401415216","Nevada","41","Incarnate Word","55","Nevada -4","William Hill (New Jersey)","61.5","-4","","","",""
"401416599","Miami (OH)","31","Robert Morris","14","Miami (OH) -30","consensus","54","-30","","","",""
"401416599","Miami (OH)","31","Robert Morris","14","Miami (OH) -30","William Hill (New Jersey)","54","-30","","","",""
"401423431","Saint Francis","51","Duquesne","14","Saint Francis -13","William Hill (New Jersey)","52","-13","","","",""
"401423423","Wagner","28","Sacred Heart","38","Sacred Heart -17","William Hill (New Jersey)","48","17","","","",""
"401423439","Troy","38","Alabama A&M","17","Troy -37.5","consensus","52","-37.5","","","",""
"401423439","Troy","38","Alabama A&M","17","Troy -37.5","William Hill (New Jersey)","52","-37.5","","","",""
"401426547","Louisiana Tech","52","Stephen F. Austin","17","Louisiana Tech -6.5","consensus","64.5","-6.5","","","",""
"401426547","Louisiana Tech","52","Stephen F. Austin","17","Louisiana Tech -6.5","William Hill (New Jersey)","65.5","-6.5","","","",""
"401424445","Towson","27","Villanova","3","Villanova -10.5","William Hill (New Jersey)","53.5","10.5","","","",""
"401403873","LSU","65","Southern","17","LSU -44.5","consensus","58","-44.5","","","",""
"401403873","LSU","65","Southern","17","LSU -44.5","William Hill (New Jersey)","57","-44.5","","","",""
"401422929","Samford","35","Western Carolina","12","Samford -3.5","consensus","77","-3.5","","","",""
"401422929","Samford","35","Western Carolina","12","Samford -3.5","William Hill (New Jersey)","77","-3.5","","","",""
"401403983","Washington","52","Portland State","6","Washington -31","consensus","55","-31","","","",""
"401403983","Washington","52","Portland State","6","Washington -31","William Hill (New Jersey)","55","-31","","","",""
"401422989","Pennsylvania","12","Lafayette","0","Pennsylvania -11.5","William Hill (New Jersey)","36","-11.5","","","",""
"401420788","James Madison","63","Norfolk State","7","James Madison -41.5","consensus","54.5","-41.5","","","",""
"401420788","James Madison","63","Norfolk State","7","James Madison -42.5","William Hill (New Jersey)","54","-42.5","","","",""
"401415616","SMU","45","Lamar","16","SMU -48.5","consensus","66","-48.5","","","",""
"401415616","SMU","45","Lamar","16","SMU -48.5","William Hill (New Jersey)","65.5","-48.5","","","",""
"401404067","TCU","59","Tarleton State","17","TCU -40","consensus","66.5","-40","","","",""
"401404067","TCU","59","Tarleton State","17","TCU -40","William Hill (New Jersey)","66.5","-40","","","",""
"401415032","Southern Miss","64","Northwestern State","10","Southern Miss -32.5","consensus","50.5","-32.5","","","",""
"401415032","Southern Miss","64","Northwestern State","10","Southern Miss -33","William Hill (New Jersey)","50.5","-33","","","",""
"401426557","Middle Tennessee","49","Tennessee State","6","Middle Tennessee -19.5","consensus","52.5","-19.5","","","",""
"401426557","Middle Tennessee","49","Tennessee State","6","Middle Tennessee -19.5","William Hill (New Jersey)","52","-19.5","","","",""
"401404139","Army","42","Colgate","17","Army -31","consensus","51","-31","","","",""
"401404139","Army","42","Colgate","17","Army -31","William Hill (New Jersey)","51","-31","","","",""
"401404162","Liberty","21","Gardner-Webb","20","Liberty -24.5","consensus","55","-24.5","","","",""
"401404162","Liberty","21","Gardner-Webb","20","Liberty -24.5","William Hill (New Jersey)","55","-24.5","","","",""
"401413339","Montana State","55","Montana","21","Montana -1.5","consensus","58.5","1.5","","","",""
"401413339","Montana State","55","Montana","21","Montana -1.5","William Hill (New Jersey)","58.5","1.5","","","",""
"401420843","Lindenwood","28","Southeast Missouri State","49","Southeast Missouri State -18.5","consensus","58","18.5","","","",""
"401420843","Lindenwood","28","Southeast Missouri State","49","Southeast Missouri State -18.5","William Hill (New Jersey)","60","18.5","","","",""
"401426670","Central Arkansas","49","Lindenwood","52","Central Arkansas -22.5","consensus","65.5","-22.5","","","",""
"401426670","Central Arkansas","49","Lindenwood","52","Central Arkansas -21.5","William Hill (New Jersey)","66","-21.5","","","",""
"401403872","Georgia","33","Samford","0","Georgia -53","consensus","62.5","-53","","","",""
"401403872","Georgia","33","Samford","0","Georgia -53","William Hill (New Jersey)","62.5","-53","","","",""
"401415614","Temple","30","Lafayette","14","Temple -13.5","consensus","39.5","-13.5","","","",""
"401415614","Temple","30","Lafayette","14","Temple -14.5","William Hill (New Jersey)","39.5","-14.5","","","",""
"401403981","UCLA","45","Alabama State","7","UCLA -48.5","consensus","61.5","-48.5","","","",""
"401403981","UCLA","45","Alabama State","7","UCLA -48.5","William Hill (New Jersey)","62.5","-48.5","","","",""
"401411102","Clemson","35","Furman","12","Clemson -45.5","consensus","51.5","-45.5","","","",""
"401411102","Clemson","35","Furman","12","Clemson -45.5","William Hill (New Jersey)","51.5","-45.5","","","",""
"401428479","Tennessee Tech","35","Lindenwood","34","Tennessee Tech -4","consensus","62.5","-4","","","",""
"401428479","Tennessee Tech","35","Lindenwood","34","Tennessee Tech -4","William Hill (New Jersey)","62.5","-4","","","",""
"401413261","Montana State","37","Idaho State","6","Montana State -25.5","consensus","59","-25.5","","","",""
"401413261","Montana State","37","Idaho State","6","Montana State -25.5","William Hill (New Jersey)","59","-25.5","","","",""
"401413238","Weber State","45","Eastern Washington","21","Weber State -16","consensus","66.5","-16","","","",""
"401413238","Weber State","45","Eastern Washington","21","Weber State -16","William Hill (New Jersey)","66.5","-16","","","",""
"401421097","Drake","10","San Diego","22","San Diego -7.5","consensus","48","7.5","","","",""
"401421097","Drake","10","San Diego","22","San Diego -7.5","William Hill (New Jersey)","48","7.5","","","",""
"401420850","Nicholls","14","Incarnate Word","49","Incarnate Word -25.5","consensus","72.5","25.5","","","",""
"401420850","Nicholls","14","Incarnate Word","49","Incarnate Word -25.5","William Hill (New Jersey)","72.5","25.5","","","",""
"401418829","Illinois State","35","Eastern Illinois","7","Illinois State -15.5","consensus","41.5","-15.5","","","",""
"401418829","Illinois State","35","Eastern Illinois","7","Illinois State -15.5","William Hill (New Jersey)","41.5","-15.5","","","",""
"401421122","SE Louisiana","70","Central Connecticut","6","SE Louisiana -21.5","consensus","56","-21.5","","","",""
"401421122","SE Louisiana","70","Central Connecticut","6","SE Louisiana -21","William Hill (New Jersey)","56","-21","","","",""
"401413260","Idaho State","20","Montana","28","Montana -33","consensus","53","33","","","",""
"401413260","Idaho State","20","Montana","28","Montana -33","William Hill (New Jersey)","53","33","","","",""
"401421157","East Tennessee State","14","Furman","27","East Tennessee State -2.5","consensus","47.5","-2.5","","","",""
"401421157","East Tennessee State","14","Furman","27","East Tennessee State -2.5","William Hill (New Jersey)","47.5","-2.5","","","",""
"401423426","Wagner","7","Saint Francis","27","Saint Francis -17","William Hill (New Jersey)","50","17","","","",""
"401422928","Tennessee Tech","28","Samford","33","Samford -16","consensus","60.5","16","","","",""
"401422928","Tennessee Tech","28","Samford","33","Samford -16","William Hill (New Jersey)","60.5","16","","","",""
"401422974","VMI","21","East Tennessee State","44","East Tennessee State -7","consensus","50.5","7","","","",""
"401422974","VMI","21","East Tennessee State","44","East Tennessee State -7","William Hill (New Jersey)","51","7","","","",""
"401418642","Eastern Kentucky","42","Central Arkansas","14","Eastern Kentucky -1","consensus","70.5","-1","","","",""
"401418642","Eastern Kentucky","42","Central Arkansas","14","Eastern Kentucky -1","William Hill (New Jersey)","68.5","-1","","","",""
"401423414","Stetson","31","Marist","45","Stetson -5.5","consensus","56.5","-5.5","","","",""
"401423414","Stetson","31","Marist","45","Stetson -5.5","William Hill (New Jersey)","57.5","-5.5","","","",""
"401423147","St. Thomas (MN)","27","Davidson","16","Davidson -6","consensus","54.5","6","","","",""
"401423147","St. Thomas (MN)","27","Davidson","16","Davidson -6","William Hill (New Jersey)","54","6","","","",""
"401418835","Illinois State","17","Youngstown State","19","Illinois State -1.5","William Hill (New Jersey)","41","-1.5","","","",""
"401424950","South Carolina State","14","Florida A&M","20","Florida A&M -2.5","consensus","54.5","2.5","","","",""
"401424950","South Carolina State","14","Florida A&M","20","Florida A&M -2.5","William Hill (New Jersey)","54.5","2.5","","","",""
"401424406","Monmouth","38","UAlbany","31","Monmouth -11.5","Caesars Sportsbook (Colorado)","64","-11.5","","","",""
"401420804","North Carolina Central","50","Howard","21","North Carolina Central -7","consensus","59","-7","","","",""
"401420804","North Carolina Central","50","Howard","21","North Carolina Central -6","William Hill (New Jersey)","59","-6","","","",""
"401420813","South Dakota","20","Missouri State","13","Missouri State -3.5","consensus","53.5","3.5","","","",""
"401420813","South Dakota","20","Missouri State","13","Missouri State -3.5","William Hill (New Jersey)","53.5","3.5","","","",""
"401424945","Grambling","36","Arkansas-Pine Bluff","10","Grambling -9.5","consensus","55","-9.5","","","",""
"401424945","Grambling","36","Arkansas-Pine Bluff","10","Grambling -10","William Hill (New Jersey)","55","-10","","","",""
"401424444","Richmond","40","New Hampshire","34","Richmond -12.5","William Hill (New Jersey)","48","-12.5","","","",""
"401424933","Prairie View A&M","16","Alcorn State","23","Prairie View A&M -9","consensus","51","-9","","","",""
"401424933","Prairie View A&M","16","Alcorn State","23","Prairie View A&M -9.5","William Hill (New Jersey)","51","-9.5","","","",""
"401425454","Eastern Illinois","7","Southeast Missouri State","31","Southeast Missouri State -20","William Hill (New Jersey)","58.5","20","","","",""
"401415193","Yale","69","Brown","17","Yale -13","consensus","57","-13","","","",""
"401415193","Yale","69","Brown","17","Yale -12.5","William Hill (New Jersey)","57","-12.5","","","",""
"401421105","Presbyterian","21","Valparaiso","41","Valparaiso -16.5","consensus","53","16.5","","","",""
"401421105","Presbyterian","21","Valparaiso","41","Valparaiso -16.5","William Hill (New Jersey)","53","16.5","","","",""
"401413259","Northern Colorado","35","Idaho State","14","Northern Colorado -3.5","consensus","54","-3.5","","","",""
"401413259","Northern Colorado","35","Idaho State","14","Northern Colorado -3.5","William Hill (New Jersey)","54","-3.5","","","",""
"401413336","Montana","53","Portland State","16","Montana -22.5","William Hill (New Jersey)","49.5","-22.5","","","",""
"401415187","Brown","28","Harvard","35","Harvard -16.5","consensus","61.5","16.5","","","",""
"401415187","Brown","28","Harvard","35","Harvard -16.5","William Hill (New Jersey)","60.5","16.5","","","",""
"401415184","UC Davis","12","Weber State","17","Weber State -3","consensus","50.5","3","","","",""
"401415184","UC Davis","12","Weber State","17","Weber State -2.5","William Hill (New Jersey)","50.5","2.5","","","",""
"401415405","Cornell","14","Yale","38","Yale -9","consensus","52","9","","","",""
"401415405","Cornell","14","Yale","38","Yale -9","William Hill (New Jersey)","52","9","","","",""
"401411097","Miami","70","Bethune-Cookman","13","Miami -49.5","consensus","60.5","-49.5","","","",""
"401411097","Miami","70","Bethune-Cookman","13","Miami -49.5","William Hill (New Jersey)","60.5","-49.5","","","",""
"401421110","Marist","24","Valparaiso","45","Valparaiso -2","William Hill (New Jersey)","48","2","","","",""
"401422985","Georgetown","21","Bucknell","24","Georgetown -6.5","William Hill (New Jersey)","47.5","-6.5","","","",""
"401428200","North Carolina A&T","20","Charleston Southern","10","North Carolina A&T -9.5","William Hill (New Jersey)","54.5","-9.5","","","",""
"401422994","Fordham","45","Lafayette","10","Fordham -21.5","William Hill (New Jersey)","66.5","-21.5","","","",""
"401423161","Dayton","49","Morehead State","27","Dayton -14","William Hill (New Jersey)","56.5","-14","","","",""
"401443323","Holy Cross","36","Bryant","29","Holy Cross -21.5","consensus","63.5","-21.5","","","",""
"401443323","Holy Cross","36","Bryant","29","Holy Cross -20.5","William Hill (New Jersey)","63.5","-20.5","","","",""
"401424446","UAlbany","23","Maine","21","UAlbany -5","William Hill (New Jersey)","61","-5","","","",""
"401424392","William & Mary","45","Villanova","12","William & Mary -10.5","consensus","52.5","-10.5","","","",""
"401424392","William & Mary","45","Villanova","12","William & Mary -10.5","William Hill (New Jersey)","53","-10.5","","","",""
"401431402","Yale","24","Princeton","20","Princeton -3","Caesars Sportsbook (Colorado)","45.5","3","","","",""
"401413219","North Alabama","31","Jacksonville State","47","Jacksonville State -15.5","consensus","60.5","15.5","","","",""
"401413219","North Alabama","31","Jacksonville State","47","Jacksonville State -15.5","William Hill (New Jersey)","60.5","15.5","","","",""
"401423443","Arkansas-Pine Bluff","31","Alabama A&M","34","Alabama A&M -10.5","William Hill (New Jersey)","56","10.5","","","",""
"401420819","North Dakota","28","South Dakota","19","North Dakota -8.5","consensus","49.5","-8.5","","","",""
"401420819","North Dakota","28","South Dakota","19","North Dakota -8.5","William Hill (New Jersey)","49.5","-8.5","","","",""
"401425419","Grambling","14","Prairie View A&M","34","Prairie View A&M -13","consensus","48.5","13","","","",""
"401425419","Grambling","14","Prairie View A&M","34","Prairie View A&M -13","William Hill (New Jersey)","48.5","13","","","",""
"401424401","Hampton","24","Elon","38","Elon -17.5","William Hill (New Jersey)","42.5","17.5","","","",""
"401403990","Oregon State","68","Montana State","28","Oregon State -16.5","consensus","56.5","-16.5","","","",""
"401403990","Oregon State","68","Montana State","28","Oregon State -17.5","William Hill (New Jersey)","56.5","-17.5","","","",""
"401403926","Tennessee","65","UT Martin","24","Tennessee -38.5","consensus","71.5","-38.5","","","",""
"401403926","Tennessee","65","UT Martin","24","Tennessee -39","William Hill (New Jersey)","71.5","-39","","","",""
"401426360","App State","42","Robert Morris","3","App State -50","consensus","59.5","-50","","","",""
"401426360","App State","42","Robert Morris","3","App State -50","William Hill (New Jersey)","59.5","-50","","","",""
"401415408","Cornell","19","Lehigh","15","Cornell -7.5","consensus","48.5","-7.5","","","",""
"401415408","Cornell","19","Lehigh","15","Cornell -7.5","William Hill (New Jersey)","48.5","-7.5","","","",""
"401418598","Howard","25","Harvard","41","Harvard -17.5","consensus","54.5","17.5","","","",""
"401418598","Howard","25","Harvard","41","Harvard -17","William Hill (New Jersey)","54.5","17","","","",""
"401415179","Sacramento State","55","Northern Colorado","7","Sacramento State -29.5","consensus","68","-29.5","","","",""
"401415179","Sacramento State","55","Northern Colorado","7","Sacramento State -29.5","Caesars Sportsbook (Colorado)","68","-29.5","","","",""
"401415189","Central Connecticut","20","Brown","27","Brown -7","consensus","60","7","","","",""
"401415189","Central Connecticut","20","Brown","27","Brown -7","William Hill (New Jersey)","60","7","","","",""
"401425414","Colgate","10","Holy Cross","35","Holy Cross -20.5","consensus","49","20.5","","","",""
"401425414","Colgate","10","Holy Cross","35","Holy Cross -20.5","William Hill (New Jersey)","49","20.5","","","",""
"401426671","Western Illinois","17","Northern Iowa","52","Northern Iowa -16.5","consensus","54","16.5","","","",""
"401426671","Western Illinois","17","Northern Iowa","52","Northern Iowa -15","Caesars Sportsbook (Colorado)","54","15","","","",""
"401415188","Rhode Island","38","Brown","10","Rhode Island -16.5","consensus","66","-16.5","","","",""
"401415188","Rhode Island","38","Brown","10","Rhode Island -16.5","William Hill (New Jersey)","66","-16.5","","","",""
"401424949","Florida A&M","34","Mississippi Valley State","7","Florida A&M -24.5","consensus","48.5","-24.5","","","",""
"401424949","Florida A&M","34","Mississippi Valley State","7","Florida A&M -24.5","William Hill (New Jersey)","48.5","-24.5","","","",""
"401413216","Tulsa","54","Jacksonville State","17","Tulsa -12","consensus","64","-12","","","",""
"401413216","Tulsa","54","Jacksonville State","17","Tulsa -12","William Hill (New Jersey)","64","-12","","","",""
"401409241","New Mexico State","51","Lamar","14","New Mexico State -22","consensus","48.5","-22","","","",""
"401409241","New Mexico State","51","Lamar","14","New Mexico State -22","William Hill (New Jersey)","48.5","-22","","","",""
"401420783","Delaware","38","Morgan State","7","Delaware -33.5","consensus","47.5","-33.5","","","",""
"401420783","Delaware","38","Morgan State","7","Delaware -33","William Hill (New Jersey)","47.5","-33","","","",""
"401418607","Dartmouth","0","New Hampshire","14","Dartmouth -3","consensus","48","-3","","","",""
"401418607","Dartmouth","0","New Hampshire","14","Dartmouth -3","William Hill (New Jersey)","48","-3","","","",""
"401418781","North Alabama","27","Tennessee Tech","35","North Alabama -3","William Hill (New Jersey)","66.5","-3","","","",""
"401418836","South Dakota State","31","Illinois State","7","South Dakota State -21","William Hill (New Jersey)","38.5","-21","","","",""
"401420814","Missouri State","25","Youngstown State","22","Missouri State -4","William Hill (New Jersey)","57.5","-4","","","",""
"401421101","San Diego","31","Davidson","14","Davidson -4.5","William Hill (New Jersey)","57.5","4.5","","","",""
"401421162","Mercer","13","Furman","23","Mercer -11","William Hill (New Jersey)","52.5","-11","","","",""
"401423416","St. Thomas (MN)","23","Stetson","0","St. Thomas (MN) -16","William Hill (New Jersey)","59.5","-16","","","",""
"401424934","Alcorn State","17","Bethune-Cookman","14","Alcorn State -11","William Hill (New Jersey)","58.5","-11","","","",""
"401428473","Murray State","27","Robert Morris","9","Murray State -7","William Hill (New Jersey)","44","-7","","","",""
"401423923","Texas Southern","14","Jackson State","41","Jackson State -23.5","consensus","51.5","23.5","","","",""
"401423923","Texas Southern","14","Jackson State","41","Jackson State -23.5","William Hill (New Jersey)","51.5","23.5","","","",""
"401425428","Long Island University","29","Central Connecticut","20","Central Connecticut -1.5","consensus","52","1.5","","","",""
"401425428","Long Island University","29","Central Connecticut","20","Central Connecticut -1.5","William Hill (New Jersey)","52","1.5","","","",""
"401425426","Tennessee State","0","Southeast Missouri State","42","Southeast Missouri State -11.5","consensus","50.5","11.5","","","",""
"401425426","Tennessee State","0","Southeast Missouri State","42","Southeast Missouri State -11","William Hill (New Jersey)","50.5","11","","","",""
"401425457","Weber State","30","Sacramento State","33","Weber State -2","William Hill (New Jersey)","58","-2","","","",""
"401431407","Presbyterian","28","Dayton","52","Dayton -20.5","consensus","50.5","20.5","","","",""
"401431407","Presbyterian","28","Dayton","52","Dayton -20","William Hill (New Jersey)","50.5","20","","","",""
"401413342","Montana State","41","UC Davis","24","Montana State -3.5","consensus","52","-3.5","","","",""
"401413342","Montana State","41","UC Davis","24","Montana State -3.5","William Hill (New Jersey)","52","-3.5","","","",""
"401415172","Portland State","35","Northern Arizona","27","Portland State -2.5","consensus","55","-2.5","","","",""
"401415172","Portland State","35","Northern Arizona","27","Portland State -2.5","William Hill (New Jersey)","55","-2.5","","","",""
"401415406","Colgate","31","Cornell","34","Colgate -4","consensus","44","-4","","","",""
"401415406","Colgate","31","Cornell","34","Colgate -4","William Hill (New Jersey)","44","-4","","","",""
"401423454","Bethune-Cookman","22","Alabama State","37","Alabama State -6.5","consensus","51.5","6.5","","","",""
"401423454","Bethune-Cookman","22","Alabama State","37","Alabama State -6","William Hill (New Jersey)","51.5","6","","","",""
"401428194","Bryant","43","Campbell","37","Campbell -8.5","consensus","61","8.5","","","",""
"401428194","Bryant","43","Campbell","37","Campbell -9","William Hill (New Jersey)","60.5","9","","","",""
"401418638","Eastern Kentucky","35","Southern Utah","28","Eastern Kentucky -14.5","consensus","58","-14.5","","","",""
"401418638","Eastern Kentucky","35","Southern Utah","28","Eastern Kentucky -14.5","William Hill (New Jersey)","58","-14.5","","","",""
"401413236","Eastern Washington","36","Tennessee State","29","Eastern Washington -22.5","William Hill (New Jersey)","62.5","-22.5","","","",""
"401413340","Montana State","40","McNeese","17","Montana State -19.5","William Hill (New Jersey)","46","-19.5","","","",""
"401413333","Montana","47","Northwestern State","0","Montana -33.5","consensus","47.5","-33.5","","","",""
"401413333","Montana","47","Northwestern State","0","Montana -33.5","William Hill (New Jersey)","47.5","-33.5","","","",""
"401415176","Northern Colorado","34","Houston Christian","46","Northern Colorado -16","William Hill (New Jersey)","53.5","-16","","","",""
"401420873","Alcorn State","27","Stephen F. Austin","31","Stephen F. Austin -15","consensus","50.5","15","","","",""
"401420873","Alcorn State","27","Stephen F. Austin","31","Stephen F. Austin -14.5","William Hill (New Jersey)","50.5","14.5","","","",""
"401422978","Bucknell","13","Towson","14","Towson -18","consensus","49.5","18","","","",""
"401422978","Bucknell","13","Towson","14","Towson -18","William Hill (New Jersey)","49.5","18","","","",""
"401413208","Wofford","31","The Citadel","16","Wofford -3.5","consensus","33.5","-3.5","","","",""
"401413208","Wofford","31","The Citadel","16","Wofford -3.5","William Hill (New Jersey)","33.5","-3.5","","","",""
"401421131","Chattanooga","41","VMI","13","Chattanooga -25","consensus","48.5","-25","","","",""
"401421131","Chattanooga","41","VMI","13","Chattanooga -25","William Hill (New Jersey)","48.5","-25","","","",""
"401431403","Marist","12","Georgetown","43","Georgetown -0","William Hill (New Jersey)","43","0","","","",""
"401423918","Prairie View A&M","40","Texas Southern","23","Prairie View A&M -11","consensus","60.5","-11","","","",""
"401423918","Prairie View A&M","40","Texas Southern","23","Prairie View A&M -11","William Hill (New Jersey)","60.5","-11","","","",""
"401420844","Murray State","16","UT Martin","45","UT Martin -15.5","consensus","56.5","15.5","","","",""
"401420844","Murray State","16","UT Martin","45","UT Martin -15.5","William Hill (New Jersey)","56.5","15.5","","","",""
"401422980","Holy Cross","57","Bucknell","0","Holy Cross -33.5","consensus","47.5","-33.5","","","",""
"401422980","Holy Cross","57","Bucknell","0","Holy Cross -34.5","William Hill (New Jersey)","48.5","-34.5","","","",""
"401422924","Mercer","49","Western Carolina","6","Mercer -11.5","consensus","64.5","-11.5","","","",""
"401422924","Mercer","49","Western Carolina","6","Mercer -11","William Hill (New Jersey)","64.5","-11","","","",""
"401423927","Prairie View A&M","13","Southern","45","Prairie View A&M -4.5","consensus","49.5","-4.5","","","",""
"401423927","Prairie View A&M","13","Southern","45","Prairie View A&M -4.5","William Hill (New Jersey)","49.5","-4.5","","","",""
"401423920","Arkansas-Pine Bluff","17","Texas Southern","24","Texas Southern -13","consensus","63.5","13","","","",""
"401423920","Arkansas-Pine Bluff","17","Texas Southern","24","Texas Southern -13","William Hill (New Jersey)","63.5","13","","","",""
"401424368","William & Mary","27","Delaware","21","William & Mary -2.5","William Hill (New Jersey)","45.5","-2.5","","","",""
"401424433","New Hampshire","24","Stony Brook","14","New Hampshire -8.5","consensus","42.5","-8.5","","","",""
"401424433","New Hampshire","24","Stony Brook","14","New Hampshire -8.5","William Hill (New Jersey)","42.5","-8.5","","","",""
"401425453","Southeast Missouri State","34","Tennessee Tech","20","Southeast Missouri State -17","consensus","61.5","-17","","","",""
"401425453","Southeast Missouri State","34","Tennessee Tech","20","Southeast Missouri State -17","William Hill (New Jersey)","61","-17","","","",""
"401413211","Wofford","34","VMI","16","Wofford -9","William Hill (New Jersey)","49.5","-9","","","",""
"401428201","Robert Morris","0","Gardner-Webb","48","Gardner-Webb -16.5","consensus","48","16.5","","","",""
"401428201","Robert Morris","0","Gardner-Webb","48","Gardner-Webb -16.5","William Hill (New Jersey)","48","16.5","","","",""
"401413222","Jacksonville State","42","Eastern Kentucky","17","Jacksonville State -4","William Hill (New Jersey)","63.5","-4","","","",""
"401423421","Sacred Heart","14","Saint Francis","44","Saint Francis -6","consensus","46","6","","","",""
"401423421","Sacred Heart","14","Saint Francis","44","Saint Francis -6","William Hill (New Jersey)","46","6","","","",""
"401423436","Central Connecticut","34","Wagner","7","Central Connecticut -8.5","consensus","46.5","-8.5","","","",""
"401423436","Central Connecticut","34","Wagner","7","Central Connecticut -9","William Hill (New Jersey)","46","-9","","","",""
"401422983","Bucknell","7","Colgate","13","Colgate -7.5","consensus","42.5","7.5","","","",""
"401422983","Bucknell","7","Colgate","13","Colgate -7.5","William Hill (New Jersey)","42","7.5","","","",""
"401423950","Jackson State","35","Southern","0","Jackson State -17.5","consensus","56","-17.5","","","",""
"401423950","Jackson State","35","Southern","0","Jackson State -18","William Hill (New Jersey)","57","-18","","","",""
"401420786","Delaware State","7","Morgan State","37","Delaware State -2.5","William Hill (New Jersey)","41","-2.5","","","",""
"401420839","Southern Illinois","18","North Dakota State","21","North Dakota State -7","William Hill (New Jersey)","54","7","","","",""
"401421135","Chattanooga","24","Samford","35","Chattanooga -4.5","consensus","54","-4.5","","","",""
"401421135","Chattanooga","24","Samford","35","Chattanooga -4.5","William Hill (New Jersey)","54","-4.5","","","",""
"401426572","UTSA","52","Texas Southern","24","UTSA -42","consensus","65.5","-42","","","",""
"401426572","UTSA","52","Texas Southern","24","UTSA -42","William Hill (New Jersey)","65","-42","","","",""
"401415221","Colorado State","10","Sacramento State","41","Sacramento State -4.5","consensus","59.5","4.5","","","",""
"401415221","Colorado State","10","Sacramento State","41","Sacramento State -4.5","William Hill (New Jersey)","59.5","4.5","","","",""
"401403908","South Carolina","50","South Carolina State","10","South Carolina -40.5","consensus","57","-40.5","","","",""
"401403908","South Carolina","50","South Carolina State","10","South Carolina -40.5","William Hill (New Jersey)","56","-40.5","","","",""
"401423928","Southern","21","Alcorn State","17","Southern -8","consensus","55.5","-8","","","",""
"401423928","Southern","21","Alcorn State","17","Southern -8","William Hill (New Jersey)","55.5","-8","","","",""
"401462226","Incarnate Word","73","Houston Christian","20","Incarnate Word -38.5","consensus","65","-38.5","","","",""
"401462226","Incarnate Word","73","Houston Christian","20","Incarnate Word -39","William Hill (New Jersey)","65","-39","","","",""
"401462228","Lamar","31","SE Louisiana","47","SE Louisiana -24.5","consensus","60.5","24.5","","","",""
"401462228","Lamar","31","SE Louisiana","47","SE Louisiana -24.5","William Hill (New Jersey)","60.5","24.5","","","",""
"401462531","SE Louisiana","23","Northwestern State","7","SE Louisiana -24","William Hill (New Jersey)","66.5","-24","","","",""
"401462519","Tarleton State","23","Abilene Christian","28","Abilene Christian -4","consensus","53.5","4","","","",""
"401462519","Tarleton State","23","Abilene Christian","28","Abilene Christian -4","William Hill (New Jersey)","53.5","4","","","",""
"401423428","Long Island University","7","Saint Francis","57","Saint Francis -14","William Hill (New Jersey)","50.5","14","","","",""
"401424436","Fordham","45","Stony Brook","14","Fordham -15.5","consensus","66.5","-15.5","","","",""
"401424436","Fordham","45","Stony Brook","14","Fordham -15.5","William Hill (New Jersey)","67","-15.5","","","",""
"401424939","Bethune-Cookman","8","Jackson State","48","Jackson State -28.5","consensus","59.5","28.5","","","",""
"401424939","Bethune-Cookman","8","Jackson State","48","Jackson State -28.5","William Hill (New Jersey)","59.5","28.5","","","",""
"401423456","Alabama State","14","Arkansas-Pine Bluff","19","Alabama State -18","William Hill (New Jersey)","46.5","-18","","","",""
"401413234","Cal Poly","49","Portland State","42","Portland State -10.5","consensus","64","10.5","","","",""
"401413234","Cal Poly","49","Portland State","42","Portland State -10.5","William Hill (New Jersey)","64","10.5","","","",""
"401413253","Idaho State","7","Idaho","38","Idaho -24.5","William Hill (New Jersey)","56","24.5","","","",""
"401413212","Furman","63","Wofford","28","Furman -19.5","consensus","46.5","-19.5","","","",""
"401413212","Furman","63","Wofford","28","Furman -17","William Hill (New Jersey)","46.5","-17","","","",""
"401413223","Central Arkansas","17","Jacksonville State","40","Jacksonville State -3.5","consensus","63","3.5","","","",""
"401413223","Central Arkansas","17","Jacksonville State","40","Jacksonville State -3.5","William Hill (New Jersey)","63","3.5","","","",""
"401403946","Alabama","34","Austin Peay","0","Alabama -45","consensus","58","-45","","","",""
"401403946","Alabama","34","Austin Peay","0","Alabama -44.5","William Hill (New Jersey)","59","-44.5","","","",""
"401403951","Mississippi State","56","East Tennessee State","7","Mississippi State -39","consensus","62.5","-39","","","",""
"401403951","Mississippi State","56","East Tennessee State","7","Mississippi State -39","William Hill (New Jersey)","62.5","-39","","","",""
"401415185","Sacramento State","27","UC Davis","21","Sacramento State -8.5","consensus","66.5","-8.5","","","",""
"401415185","Sacramento State","27","UC Davis","21","Sacramento State -8","William Hill (New Jersey)","66.5","-8","","","",""
"401420796","South Carolina State","38","Norfolk State","42","South Carolina State -15.5","William Hill (New Jersey)","50","-15.5","","","",""
"401418844","Indiana State","7","Missouri State","24","Missouri State -10.5","William Hill (New Jersey)","49","10.5","","","",""
"401418791","Abilene Christian","21","Stephen F. Austin","24","Abilene Christian -8.5","William Hill (New Jersey)","58.5","-8.5","","","",""
"401420805","Tennessee Tech","20","North Carolina Central","22","North Carolina Central -2.5","William Hill (New Jersey)","60.5","2.5","","","",""
"401420820","North Dakota State","42","North Dakota","21","North Dakota State -12.5","William Hill (New Jersey)","55.5","-12.5","","","",""
"401420827","Youngstown State","28","Southern Illinois","21","Southern Illinois -3","consensus","55.5","3","","","",""
"401420827","Youngstown State","28","Southern Illinois","21","Southern Illinois -3","William Hill (New Jersey)","55.5","3","","","",""
"401420845","UT Martin","34","Eastern Illinois","31","UT Martin -22","William Hill (New Jersey)","58.5","-22","","","",""
"401423432","Merrimack","23","Saint Francis","52","Saint Francis -9","William Hill (New Jersey)","47.5","9","","","",""
"401420868","McNeese","24","Lamar","20","McNeese -14.5","William Hill (New Jersey)","57","-14.5","","","",""
"401420854","Northwestern State","7","Incarnate Word","66","Incarnate Word -28.5","William Hill (New Jersey)","71.5","28.5","","","",""
"401420872","Sam Houston","7","Southern Utah","17","Sam Houston -11","William Hill (New Jersey)","49","-11","","","",""
"401421102","Morehead State","9","San Diego","14","San Diego -14.5","consensus","57.5","14.5","","","",""
"401421102","Morehead State","9","San Diego","14","San Diego -14","William Hill (New Jersey)","57.5","14","","","",""
"401424942","Florida A&M","41","Bethune-Cookman","20","Bethune-Cookman -14","William Hill (New Jersey)","57","14","","","",""
"401425421","Mississippi Valley State","27","Prairie View A&M","7","Prairie View A&M -19.5","William Hill (New Jersey)","50","19.5","","","",""
"401415662","Memphis","59","North Alabama","0","Memphis -36","consensus","67.5","-36","","","",""
"401415662","Memphis","59","North Alabama","0","Memphis -36","William Hill (New Jersey)","67.5","-36","","","",""
"401413243","Eastern Washington","45","Northern Colorado","21","Eastern Washington -10.5","consensus","66","-10.5","","","",""
"401413243","Eastern Washington","45","Northern Colorado","21","Eastern Washington -10.5","William Hill (New Jersey)","66","-10.5","","","",""
"401418801","Tarleton State","49","Houston Christian","7","Tarleton State -18","William Hill (New Jersey)","58.5","-18","","","",""
"401421145","VMI","22","The Citadel","26","The Citadel -3.5","consensus","42.5","3.5","","","",""
"401421145","VMI","22","The Citadel","26","The Citadel -3.5","William Hill (New Jersey)","43.5","3.5","","","",""
"401404057","Iowa State","42","Southeast Missouri State","10","Iowa State -33.5","consensus","54.5","-33.5","","","",""
"401404057","Iowa State","42","Southeast Missouri State","10","Iowa State -33.5","William Hill (New Jersey)","54.5","-33.5","","","",""
"401413206","Wofford","7","Mercer","42","Mercer -15","consensus","45.5","15","","","",""
"401413206","Wofford","7","Mercer","42","Mercer -15.5","William Hill (New Jersey)","45.5","15.5","","","",""
"401418633","Central Arkansas","49","Austin Peay","20","Austin Peay -6.5","consensus","55","6.5","","","",""
"401418633","Central Arkansas","49","Austin Peay","20","Austin Peay -6.5","William Hill (New Jersey)","55","6.5","","","",""
"401421123","SE Louisiana","48","Murray State","14","SE Louisiana -24.5","consensus","60.5","-24.5","","","",""
"401421123","SE Louisiana","48","Murray State","14","SE Louisiana -24.5","William Hill (New Jersey)","60.5","-24.5","","","",""
"401428383","Delaware State","14","Robert Morris","9","Robert Morris -3","consensus","43","3","","","",""
"401428383","Delaware State","14","Robert Morris","9","Robert Morris -3","William Hill (New Jersey)","43","3","","","",""
"401435076","Merrimack","24","Long Island University","23","Merrimack -13","consensus","50.5","-13","","","",""
"401435076","Merrimack","24","Long Island University","23","Merrimack -13","William Hill (New Jersey)","51","-13","","","",""
"401415175","Northern Arizona","31","Weber State","33","Weber State -17","William Hill (New Jersey)","51","17","","","",""
"401421136","Western Carolina","32","Chattanooga","29","Chattanooga -7.5","William Hill (New Jersey)","58.5","7.5","","","",""
"401422986","Bucknell","24","Marist","13","Bucknell -8","William Hill (New Jersey)","42.5","-8","","","",""
"401425518","Delaware State","7","Campbell","34","Campbell -18","William Hill (New Jersey)","51","18","","","",""
"401428221","Gardner-Webb","38","North Carolina A&T","17","Gardner-Webb -10.5","William Hill (New Jersey)","56.5","-10.5","","","",""
"401428482","Fordham","52","Colgate","38","Fordham -22.5","William Hill (New Jersey)","70","-22.5","","","",""
"401428474","Robert Morris","6","Bryant","35","Bryant -18.5","William Hill (New Jersey)","52.5","18.5","","","",""
"401462532","Nicholls","17","SE Louisiana","40","SE Louisiana -13.5","consensus","57.5","13.5","","","",""
"401462532","Nicholls","17","SE Louisiana","40","SE Louisiana -13.5","William Hill (New Jersey)","57.5","13.5","","","",""
"401422995","Lafayette","14","Lehigh","11","Lafayette -3","William Hill (New Jersey)","32.5","-3","","","",""
"401423151","Davidson","24","Dayton","23","Davidson -8.5","William Hill (New Jersey)","58.5","-8.5","","","",""
"401423417","Stetson","42","Presbyterian","21","Stetson -20.5","William Hill (New Jersey)","56","-20.5","","","",""
"401423424","Sacred Heart","34","Long Island University","37","Sacred Heart -10","William Hill (New Jersey)","54","-10","","","",""
"401423438","Duquesne","33","Wagner","0","Duquesne -20","William Hill (New Jersey)","50.5","-20","","","",""
"401423447","Alabama A&M","24","Texas Southern","20","Texas Southern -2.5","William Hill (New Jersey)","54.5","2.5","","","",""
"401423917","Princeton","19","Pennsylvania","20","Princeton -11.5","Caesars Sportsbook (Colorado)","42.5","-11.5","","","",""
"401424393","Richmond","26","William & Mary","37","Richmond -1.5","William Hill (New Jersey)","53","-1.5","","","",""
"401424450","Rhode Island","35","UAlbany","21","Rhode Island -10","William Hill (New Jersey)","59.5","-10","","","",""
"401424451","Villanova","29","Delaware","26","Delaware -7.5","consensus","44.5","7.5","","","",""
"401424451","Villanova","29","Delaware","26","Delaware -8","William Hill (New Jersey)","46","8","","","",""
"401424452","Towson","27","Hampton","7","Towson -7.5","William Hill (New Jersey)","48","-7.5","","","",""
"401424935","Alcorn State","13","Jackson State","24","Jackson State -19.5","consensus","44","19.5","","","",""
"401424935","Alcorn State","13","Jackson State","24","Jackson State -19.5","William Hill (New Jersey)","44","19.5","","","",""
"401425417","Georgetown","10","Holy Cross","47","Holy Cross -28","consensus","61.5","28","","","",""
"401425417","Georgetown","10","Holy Cross","47","Holy Cross -28","William Hill (New Jersey)","62","28","","","",""
"401422927","Samford","50","Mercer","44","Mercer -0","William Hill (New Jersey)","57.5","0","","","",""
"401418790","Sam Houston","28","Abilene Christian","45","Sam Houston -8","William Hill (New Jersey)","39.5","-8","","","",""
"401423444","Alabama State","24","Alabama A&M","17","Alabama A&M -2.5","consensus","47.5","2.5","","","",""
"401423444","Alabama State","24","Alabama A&M","17","Alabama A&M -2.5","William Hill (New Jersey)","48","2.5","","","",""
"401425427","Central Connecticut","6","Duquesne","30","Duquesne -5.5","consensus","44","5.5","","","",""
"401425427","Central Connecticut","6","Duquesne","30","Duquesne -4.5","William Hill (New Jersey)","44","4.5","","","",""
"401505433","Weber State","38","North Dakota","31","Weber State -11","William Hill (New Jersey)","57.5","-11","","","",""
"401505434","Montana","34","Southeast Missouri State","24","Montana -13","consensus","56","-13","","","",""
"401505434","Montana","34","Southeast Missouri State","24","Montana -13","William Hill (New Jersey)","56","-13","","","",""
"401505436","Furman","31","Elon","6","Furman -4.5","consensus","48","-4.5","","","",""
"401505436","Furman","31","Elon","6","Furman -4.5","William Hill (New Jersey)","48","-4.5","","","",""
"401505430","Delaware","56","Saint Francis","17","Delaware -7","consensus","47.5","-7","","","",""
"401505430","Delaware","56","Saint Francis","17","Delaware -7","William Hill (New Jersey)","47.5","-7","","","",""
"401423953","Southern","34","Grambling","17","Southern -10","William Hill (New Jersey)","53","-10","","","",""
"401423953","Southern","34","Grambling","17","Southern -10","consensus","53","-10","","","",""
"401505437","Richmond","41","Davidson","0","Richmond -22","consensus","56.5","-22","","","",""
"401505437","Richmond","41","Davidson","0","Richmond -22","William Hill (New Jersey)","56.5","-22","","","",""
"401505431","New Hampshire","52","Fordham","42","Fordham -1","consensus","76.5","1","","","",""
"401505431","New Hampshire","52","Fordham","42","Fordham -0","William Hill (New Jersey)","76.5","0","","","",""
"401505435","SE Louisiana","45","Idaho","42","Idaho -4","consensus","61.5","4","","","",""
"401505435","SE Louisiana","45","Idaho","42","Idaho -4","William Hill (New Jersey)","61.5","4","","","",""
"401506578","South Dakota State","42","Delaware","6","South Dakota State -17","William Hill (New Jersey)","47.5","-17","","","",""
"401506655","Samford","48","SE Louisiana","42","Samford -7","William Hill (New Jersey)","65.5","-7","","","",""
"401506577","Sacramento State","38","Richmond","31","Sacramento State -14.5","William Hill (New Jersey)","54","-14.5","","","",""
"401506611","Montana State","33","Weber State","25","Montana State -6.5","William Hill (New Jersey)","62.5","-6.5","","","",""
"401424946","Arkansas-Pine Bluff","24","Prairie View A&M","55","Prairie View A&M -17","William Hill (New Jersey)","55.5","17","","","",""
"401506610","Holy Cross","35","New Hampshire","19","Holy Cross -7","William Hill (New Jersey)","55.5","-7","","","",""
"401506690","North Dakota State","49","Montana","26","North Dakota State -9","William Hill (New Jersey)","52","-9","","","",""
"401506571","Incarnate Word","41","Furman","38","Incarnate Word -9.5","William Hill (New Jersey)","64.5","-9.5","","","",""
"401506630","William & Mary","54","Gardner-Webb","14","William & Mary -10","William Hill (New Jersey)","61.5","-10","","","",""
"401418600","Dartmouth","13","Harvard","28","Harvard -2.5","William Hill (New Jersey)","53.5","2.5","","","",""
"401418641","Southeast Missouri State","23","Eastern Kentucky","28","Southeast Missouri State -6","William Hill (New Jersey)","71.5","-6","","","",""
"401420803","Delaware State","21","North Carolina Central","28","North Carolina Central -13","William Hill (New Jersey)","48","13","","","",""
"401420826","Youngstown State","45","South Dakota","24","Youngstown State -3.5","William Hill (New Jersey)","47.5","-3.5","","","",""
"401421099","St. Thomas (MN)","49","San Diego","42","St. Thomas (MN) -6.5","William Hill (New Jersey)","44","-6.5","","","",""
"401421133","Furman","24","Chattanooga","20","Chattanooga -7","William Hill (New Jersey)","44.5","7","","","",""
"401422926","VMI","14","Mercer","55","Mercer -27.5","William Hill (New Jersey)","55.5","27.5","","","",""
"401428193","North Carolina A&T","45","Campbell","38","Campbell -3","consensus","52","3","","","",""
"401428193","North Carolina A&T","45","Campbell","38","Campbell -3","William Hill (New Jersey)","51.5","3","","","",""
"401428220","Gardner-Webb","48","Bryant","40","Gardner-Webb -17","William Hill (New Jersey)","50.5","-17","","","",""
"401415177","Wyoming","33","Northern Colorado","10","Wyoming -23.5","consensus","54.5","-23.5","","","",""
"401415177","Wyoming","33","Northern Colorado","10","Wyoming -23.5","William Hill (New Jersey)","54.5","-23.5","","","",""
"401505432","Eastern Kentucky","41","Gardner-Webb","52","Eastern Kentucky -3.5","consensus","65","-3.5","","","",""
"401505432","Eastern Kentucky","41","Gardner-Webb","52","Eastern Kentucky -3.5","William Hill (New Jersey)","65","-3.5","","","",""
"401423446","Jackson State","27","Alabama A&M","13","Jackson State -28.5","Caesars Sportsbook (Colorado)","55","-28.5","","","",""
"401416595","Bowling Green","57","Eastern Kentucky","59","Bowling Green -7.5","consensus","57","-7.5","","","",""
"401416595","Bowling Green","57","Eastern Kentucky","59","Bowling Green -7.5","William Hill (New Jersey)","57","-7.5","","","",""
"401418814","Northwestern State","16","Southeast Missouri State","51","Southeast Missouri State -16.5","consensus","65.5","16.5","","","",""
"401418814","Northwestern State","16","Southeast Missouri State","51","Southeast Missouri State -16.5","William Hill (New Jersey)","65","16.5","","","",""
"401413209","Wofford","48","East Tennessee State","41","East Tennessee State -7.5","consensus","51","7.5","","","",""
"401413209","Wofford","48","East Tennessee State","41","East Tennessee State -7.5","William Hill (New Jersey)","51","7.5","","","",""
"401405081","Rutgers","66","Wagner","7","Rutgers -48.5","consensus","55.5","-48.5","","","",""
"401405081","Rutgers","66","Wagner","7","Rutgers -48.5","Caesars Sportsbook (Colorado)","55.5","-48.5","","","",""
"401422970","East Tennessee State","45","Samford","55","Samford -2.5","William Hill (New Jersey)","49","2.5","","","",""
"401422982","Lehigh","17","Bucknell","19","Lehigh -10","consensus","36","-10","","","",""
"401422982","Lehigh","17","Bucknell","19","Lehigh -8.5","William Hill (New Jersey)","36","-8.5","","","",""
"401423435","Wagner","37","Long Island University","26","Long Island University -3.5","consensus","54","3.5","","","",""
"401423435","Wagner","37","Long Island University","26","Long Island University -3","William Hill (New Jersey)","54","3","","","",""
"401423916","Pennsylvania","20","Yale","13","Pennsylvania -4.5","consensus","45.5","-4.5","","","",""
"401423916","Pennsylvania","20","Yale","13","Pennsylvania -5","William Hill (New Jersey)","44.5","-5","","","",""
"401424438","Hampton","10","Richmond","41","Richmond -20","consensus","50","20","","","",""
"401424438","Hampton","10","Richmond","41","Richmond -20","William Hill (New Jersey)","50","20","","","",""
"401420825","Western Illinois","27","Youngstown State","28","Youngstown State -12.5","consensus","58","12.5","","","",""
"401420825","Western Illinois","27","Youngstown State","28","Youngstown State -11","William Hill (New Jersey)","58","11","","","",""
"401420830","South Dakota","27","Southern Illinois","24","Southern Illinois -3.5","consensus","45.5","3.5","","","",""
"401420830","South Dakota","27","Southern Illinois","24","Southern Illinois -4","William Hill (New Jersey)","45.5","4","","","",""
"401420866","Lamar","21","Prairie View A&M","54","Prairie View A&M -10","consensus","48","10","","","",""
"401420866","Lamar","21","Prairie View A&M","54","Prairie View A&M -10","William Hill (New Jersey)","47.5","10","","","",""
"401421107","Morehead State","35","Valparaiso","40","Valparaiso -3","consensus","55.5","3","","","",""
"401421107","Morehead State","35","Valparaiso","40","Valparaiso -4","William Hill (New Jersey)","55.5","4","","","",""
"401413226","South Dakota","38","Cal Poly","21","South Dakota -18","consensus","49.5","-18","","","",""
"401413226","South Dakota","38","Cal Poly","21","South Dakota -18","William Hill (New Jersey)","50.5","-18","","","",""
"401420847","Prairie View A&M","14","Incarnate Word","31","Incarnate Word -19","consensus","66.5","19","","","",""
"401420847","Prairie View A&M","14","Incarnate Word","31","Incarnate Word -19","William Hill (New Jersey)","66.5","19","","","",""
"401424394","Elon","30","Gardner-Webb","24","Elon -13.5","consensus","55","-13.5","","","",""
"401424394","Elon","30","Gardner-Webb","24","Elon -13.5","William Hill (New Jersey)","55","-13.5","","","",""
"401413258","Idaho State","16","Central Arkansas","31","Central Arkansas -7","William Hill (New Jersey)","54.5","7","","","",""
"401418802","McNeese","19","Alcorn State","30","McNeese -7","William Hill (New Jersey)","50.5","-7","","","",""
"401420832","South Dakota State","45","Butler","17","South Dakota State -51.5","consensus","59.5","-51.5","","","",""
"401420832","South Dakota State","45","Butler","17","South Dakota State -51.5","William Hill (New Jersey)","59.5","-51.5","","","",""
"401413246","Idaho","42","Drake","14","Idaho -31","consensus","48","-31","","","",""
"401413246","Idaho","42","Drake","14","Idaho -31","William Hill (New Jersey)","48","-31","","","",""
"401418631","Alabama A&M","3","Austin Peay","28","Austin Peay -20","consensus","65.5","20","","","",""
"401418631","Alabama A&M","3","Austin Peay","28","Austin Peay -19","William Hill (New Jersey)","65.5","19","","","",""
"401413264","Weber State","45","Idaho State","7","Weber State -32","William Hill (New Jersey)","49.5","-32","","","",""
"401418635","North Alabama","35","Austin Peay","38","Austin Peay -12.5","consensus","64","12.5","","","",""
"401418635","North Alabama","35","Austin Peay","38","Austin Peay -13.5","William Hill (New Jersey)","63","13.5","","","",""
"401418807","McNeese","29","Eastern Illinois","15","McNeese -4.5","consensus","55.5","-4.5","","","",""
"401418807","McNeese","29","Eastern Illinois","15","McNeese -5","William Hill (New Jersey)","55.5","-5","","","",""
"401423951","Florida A&M","30","Southern","16","Florida A&M -3.5","consensus","47.5","-3.5","","","",""
"401423951","Florida A&M","30","Southern","16","Florida A&M -3.5","William Hill (New Jersey)","47.5","-3.5","","","",""
"401413233","Cal Poly","28","Montana State","72","Montana State -25.5","William Hill (New Jersey)","68","25.5","","","",""
"401413242","Montana","63","Eastern Washington","7","Montana -24","William Hill (New Jersey)","62.5","-24","","","",""
"401413252","Idaho","26","UC Davis","44","Idaho -3","consensus","59","-3","","","",""
"401413252","Idaho","26","UC Davis","44","Idaho -2.5","William Hill (New Jersey)","59","-2.5","","","",""
"401415174","Northern Colorado","21","Northern Arizona","20","Northern Arizona -11","William Hill (New Jersey)","54.5","11","","","",""
"401415194","Brown","24","Columbia","31","Columbia -4","consensus","55.5","4","","","",""
"401415194","Brown","24","Columbia","31","Columbia -4","William Hill (New Jersey)","55.5","4","","","",""
"401418841","South Dakota State","49","Indiana State","7","South Dakota State -26.5","consensus","49","-26.5","","","",""
"401418841","South Dakota State","49","Indiana State","7","South Dakota State -26.5","William Hill (New Jersey)","49","-26.5","","","",""
"401420812","Missouri State","64","Western Illinois","14","Missouri State -17.5","William Hill (New Jersey)","56.5","-17.5","","","",""
"401420879","Southern Utah","40","Tarleton State","42","Southern Utah -2.5","consensus","58.5","-2.5","","","",""
"401420879","Southern Utah","40","Tarleton State","42","Southern Utah -2.5","William Hill (New Jersey)","58.5","-2.5","","","",""
"401420791","Sacred Heart","31","Norfolk State","14","Sacred Heart -13.5","consensus","41","-13.5","","","",""
"401420791","Sacred Heart","31","Norfolk State","14","Sacred Heart -14","William Hill (New Jersey)","41","-14","","","",""
"401420801","Campbell","48","North Carolina Central","18","Campbell -5.5","consensus","51.5","-5.5","","","",""
"401420801","Campbell","48","North Carolina Central","18","Campbell -4","William Hill (New Jersey)","51.5","-4","","","",""
"401422993","Colgate","16","Lafayette","21","Colgate -4.5","consensus","35.5","-4.5","","","",""
"401422993","Colgate","16","Lafayette","21","Colgate -4.5","William Hill (New Jersey)","36","-4.5","","","",""
"401423002","Holy Cross","42","Lehigh","14","Holy Cross -30","consensus","48.5","-30","","","",""
"401423002","Holy Cross","42","Lehigh","14","Holy Cross -29","William Hill (New Jersey)","48.5","-29","","","",""
"401423153","Drake","25","Marist","30","Drake -7","consensus","42.5","-7","","","",""
"401423153","Drake","25","Marist","30","Drake -7","William Hill (New Jersey)","42","-7","","","",""
"401423450","Alabama State","15","Prairie View A&M","25","Prairie View A&M -6.5","William Hill (New Jersey)","42.5","6.5","","","",""
"401424937","Bethune-Cookman","36","Grambling","19","Bethune-Cookman -2.5","William Hill (New Jersey)","56.5","-2.5","","","",""
"401423160","Morehead State","21","Marist","31","Marist -3","consensus","55","3","","","",""
"401423160","Morehead State","21","Marist","31","Marist -3","William Hill (New Jersey)","55","3","","","",""
"401423422","Duquesne","35","Sacred Heart","28","Duquesne -2.5","consensus","44.5","-2.5","","","",""
"401423422","Duquesne","35","Sacred Heart","28","Duquesne -2","William Hill (New Jersey)","44.5","-2","","","",""
"401420793","Norfolk State","21","Howard","49","Howard -7","consensus","52","7","","","",""
"401420793","Norfolk State","21","Howard","49","Howard -7","William Hill (New Jersey)","52","7","","","",""
"401415200","Pennsylvania","34","Columbia","14","Pennsylvania -7","consensus","39","-7","","","",""
"401415200","Pennsylvania","34","Columbia","14","Pennsylvania -7","William Hill (New Jersey)","39","-7","","","",""
"401413221","Austin Peay","16","Jacksonville State","40","Austin Peay -4.5","consensus","58.5","-4.5","","","",""
"401413221","Austin Peay","16","Jacksonville State","40","Austin Peay -4.5","William Hill (New Jersey)","59","-4.5","","","",""
"401418789","North Dakota","34","Abilene Christian","31","North Dakota -11.5","consensus","51","-11.5","","","",""
"401418789","North Dakota","34","Abilene Christian","31","North Dakota -11.5","William Hill (New Jersey)","51","-11.5","","","",""
"401424944","Florida A&M","27","Arkansas-Pine Bluff","6","Florida A&M -18.5","William Hill (New Jersey)","54.5","-18.5","","","",""
"401413241","Idaho","48","Eastern Washington","16","Idaho -17","William Hill (New Jersey)","67","-17","","","",""
"401420870","Sam Houston","17","Stephen F. Austin","16","Sam Houston -6.5","consensus","54","-6.5","","","",""
"401420870","Sam Houston","17","Stephen F. Austin","16","Sam Houston -6","William Hill (New Jersey)","54","-6","","","",""
"401413232","Montana","57","Cal Poly","0","Montana -31.5","consensus","54.5","-31.5","","","",""
"401413232","Montana","57","Cal Poly","0","Montana -30.5","William Hill (New Jersey)","54.5","-30.5","","","",""
"401413263","UC Davis","43","Idaho State","3","UC Davis -28","consensus","56","-28","","","",""
"401413263","UC Davis","43","Idaho State","3","UC Davis -28","William Hill (New Jersey)","56","-28","","","",""
"401413345","Northern Arizona","38","Montana State","41","Montana State -16","consensus","57","16","","","",""
"401413345","Northern Arizona","38","Montana State","41","Montana State -16","William Hill (New Jersey)","57","16","","","",""
"401415181","Portland State","35","Northern Colorado","21","Portland State -13","consensus","60.5","-13","","","",""
"401415181","Portland State","35","Northern Colorado","21","Portland State -13","William Hill (New Jersey)","60.5","-13","","","",""
"401425429","Central Connecticut","14","Merrimack","20","Merrimack -8","consensus","43.5","8","","","",""
"401425429","Central Connecticut","14","Merrimack","20","Merrimack -8","William Hill (New Jersey)","42.5","8","","","",""
"401425470","Tennessee State","3","UT Martin","20","UT Martin -13.5","William Hill (New Jersey)","54.5","13.5","","","",""
"401425458","Portland State","17","Sacramento State","45","Sacramento State -21","consensus","67.5","21","","","",""
"401425458","Portland State","17","Sacramento State","45","Sacramento State -21","William Hill (New Jersey)","67.5","21","","","",""
"401421140","App State","49","The Citadel","0","App State -39","consensus","54.5","-39","","","",""
"401421140","App State","49","The Citadel","0","App State -40","William Hill (New Jersey)","54.5","-40","","","",""
"401426339","Marshall","28","Gardner-Webb","7","Marshall -31","consensus","56","-31","","","",""
"401426339","Marshall","28","Gardner-Webb","7","Marshall -31","William Hill (New Jersey)","56","-31","","","",""
"401420828","South Dakota","17","North Dakota State","34","North Dakota State -16.5","consensus","47.5","16.5","","","",""
"401426256","Eastern Illinois","34","Lindenwood","37","Eastern Illinois -6.5","William Hill (New Jersey)","65.5","-6.5","","","",""
"401428477","Lindenwood","33","Murray State","18","Lindenwood -10","consensus","63.5","-10","","","",""
"401428477","Lindenwood","33","Murray State","18","Lindenwood -11","William Hill (New Jersey)","63.5","-11","","","",""
"401415410","Cornell","21","Pennsylvania","28","Pennsylvania -10.5","consensus","46.5","10.5","","","",""
"401415410","Cornell","21","Pennsylvania","28","Pennsylvania -10.5","William Hill (New Jersey)","46","10.5","","","",""
"401416596","Buffalo","31","Holy Cross","37","Buffalo -6","consensus","51.5","-6","","","",""
"401416596","Buffalo","31","Holy Cross","37","Buffalo -6","William Hill (New Jersey)","51.5","-6","","","",""
"401426332","Coastal Carolina","31","Gardner-Webb","27","Coastal Carolina -32.5","consensus","66.5","-32.5","","","",""
"401426332","Coastal Carolina","31","Gardner-Webb","27","Coastal Carolina -32.5","William Hill (New Jersey)","66.5","-32.5","","","",""
"401507088","New Mexico State","65","Valparaiso","3","New Mexico State -31.5","William Hill (New Jersey)","55","-31.5","","","",""
