"Id","Season","Week","SeasonType","StartDate","StartTimeTBD","Completed","NeutralSite","ConferenceGame","Attendance","VenueId","Venue","HomeId","HomeTeam","HomeClassification","HomeConference","HomePoints","HomeLineScores","HomePostgameWinProbability","HomePregameElo","HomePostgameElo","AwayId","AwayTeam","AwayClassification","AwayConference","AwayPoints","AwayLineScores","AwayPostgameWinProbability","AwayPregameElo","AwayPostgameElo","ExcitementIndex","Highlights","Notes","Playoff"
"401282714","2021","1","regular","2021-08-28T17:20:00.000Z","false","true","false","true","41064","3832","Memorial Stadium (Champaign, IL)","356","Illinois","fbs","Big Ten","30","2,14,14,0","0.7141324877738953","1392","1411","158","Nebraska","fbs","Big Ten","22","0,9,7,6","0.28586751222610474","1503","1484","3.815672981765169","","",""
"401286187","2021","1","regular","2021-08-28T18:00:00.000Z","false","true","false","false","26043","3660","Valley Children's Stadium","278","Fresno State","fbs","Mountain West","45","7,24,7,7","0.9899201989173889","1465","1566","41","UConn","fbs","FBS Independents","0","0,0,0,0","0.010079801082611084","1223","1122","2.4612123467383187","","",""
"401309833","2021","1","regular","2021-08-28T19:30:00.000Z","false","true","false","false","32982","1056","Rose Bowl","26","UCLA","fbs","Pac-12","44","24,7,13,0","0.9941574335098267","1517","1605","62","Hawai'i","fbs","Mountain West","10","3,0,7,0","0.00584256649017334","1466","1378","2.6594396450205195","","",""
"401282049","2021","1","regular","2021-08-29T01:30:00.000Z","false","true","false","false","19034","3601","Aggie Memorial Stadium","166","New Mexico State","fbs","FBS Independents","3","0,3,0,0","0.015330485999584198","1261","1182","2638","UTEP","fbs","Conference USA","30","17,3,10,0","0.9846695140004158","1222","1301","3.0678294831774076","","",""
"401310693","2021","1","regular","2021-08-29T02:00:00.000Z","false","true","false","false","16204","3935","CEFCU Stadium","23","San José State","fbs","Mountain West","45","21,17,7,0","0.9844918251037598","","","253","Southern Utah","fcs","Big Sky","14","0,14,0,0","0.015508174896240234","","","2.251917913228514","","",""
"401282050","2021","1","regular","2021-09-01T23:30:00.000Z","false","true","true","false","9122","3689","Cramton Bowl","55","Jacksonville State","fcs","AWC","0","0,0,0,0","0.007298274897038937","","","5","UAB","fbs","Conference USA","31","0,10,14,7","0.9927017251029611","","","3.2476810297848244","","Montgomery Kickoff",""
"401309540","2021","1","regular","2021-09-02T23:00:00.000Z","false","true","false","false","13149","3919","Scheumann Stadium","2050","Ball State","fbs","Mid-American","31","7,0,14,10","0.9390513896942139","","","2710","Western Illinois","fcs","MVFC","21","0,7,7,7","0.06094861030578613","","","4.79218047739303","","",""
"401309542","2021","1","regular","2021-09-02T23:00:00.000Z","false","true","false","false","17521","3965","UB Stadium","2084","Buffalo","fbs","Mid-American","69","14,24,21,10","0.9983755574946217","","","2681","Wagner","fcs","NEC","7","0,0,0,7","0.0016244425053782985","","","1.0306190592","","",""
"401300995","2021","1","regular","2021-09-02T23:00:00.000Z","false","true","false","false","43928","3652","FBC Mortgage Stadium","2116","UCF","fbs","American Athletic","36","0,14,14,8","0.6877216100692749","1648","1651","68","Boise State","fbs","Mountain West","31","14,10,0,7","0.3122783899307251","1602","1599","6.460374628113913","","",""
"401328545","2021","1","regular","2021-09-02T23:00:00.000Z","false","true","false","false","16236","3654","Brooks Stadium (SC)","324","Coastal Carolina","fbs","Sun Belt","52","7,24,14,7","0.9989646936333476","","","2643","The Citadel","fcs","Southern","14","0,0,7,7","0.0010353063666523887","","","1.189259394","","",""
"401300994","2021","1","regular","2021-09-02T23:30:00.000Z","false","true","false","false","15085","3674","Chapman Stadium","202","Tulsa","fbs","American Athletic","17","3,7,7,0","0.7725239396095276","","","302","UC Davis","fcs","Big Sky","19","7,3,3,6","0.2274760603904724","","","6.073387461665971","","",""
"401309834","2021","1","regular","2021-09-02T23:30:00.000Z","false","true","false","false","51511","587","Rice-Eccles Stadium","254","Utah","fbs","Pac-12","40","13,6,7,14","0.9994500875473022","","","2692","Weber State","fcs","Big Sky","17","7,0,3,7","0.0005499124526977539","","","3.9771845319846517","","",""
"401300993","2021","1","regular","2021-09-02T23:30:00.000Z","false","true","false","false","36752","3792","Kidd Brewer Stadium","2026","App State","fbs","Sun Belt","33","14,6,7,6","1","1659","1666","151","East Carolina","fbs","American Athletic","19","6,0,3,10","0","1403","1396","2.5359539267719096","","",""
"401282607","2021","1","regular","2021-09-02T23:30:00.000Z","false","true","false","false","52633","3670","Carter-Finley Stadium","152","NC State","fbs","ACC","45","10,14,14,7","0.9905123114585876","1460","1565","58","South Florida","fbs","American Athletic","0","0,0,0,0","0.009487688541412354","1251","1146","2.1752946239535724","","",""
"401310696","2021","1","regular","2021-09-03T00:00:00.000Z","false","true","false","false","15908","3971","University Stadium (NM)","167","New Mexico","fbs","Mountain West","27","14,7,3,3","0.9700928934278247","","","2277","Houston Christian","fcs","Southland","17","0,10,0,7","0.029907106572175324","","","2.230787703","","",""
"401282789","2021","1","regular","2021-09-03T00:00:00.000Z","false","true","false","true","50805","3953","Huntington Bank Stadium","135","Minnesota","fbs","Big Ten","31","0,14,7,10","0.09800956398248672","1585","1582","194","Ohio State","fbs","Big Ten","45","7,3,21,14","0.9019904360175133","1905","1908","5.477862790789624","","",""
"401282180","2021","1","regular","2021-09-03T00:00:00.000Z","false","true","false","false","16236","3796","Houchens Industries-L.T. Smith Stadium","98","Western Kentucky","fbs","Conference USA","59","7,21,17,14","0.9923319220542908","","","2630","UT Martin","fcs","OVC","21","7,7,0,7","0.0076680779457092285","","","3.4488639157241248","","",""
"401281952","2021","1","regular","2021-09-03T00:00:00.000Z","false","true","false","false","84314","3853","Neyland Stadium","2633","Tennessee","fbs","SEC","38","14,0,14,10","1","1489","1524","189","Bowling Green","fbs","Mid-American","6","0,6,0,0","0","1041","1006","2.294760520401764","","",""
"401282051","2021","1","regular","2021-09-03T00:05:00.000Z","false","true","false","false","0","218","FIU Stadium","2229","Florida International","fbs","Conference USA","48","21,7,10,10","","","","2341","Long Island University","fcs","NEC","10","0,10,0,0","","","","1.825485544","","",""
"401310694","2021","1","regular","2021-09-03T02:00:00.000Z","false","true","false","false","21970","6501","Allegiant Stadium","2439","UNLV","fbs","Mountain West","33","0,6,0,14,7,6","0.07179342211021605","","","331","Eastern Washington","fcs","Big Sky","35","0,3,17,0,7,8","0.9282065778897839","","","6.630977027","","",""
"401309835","2021","1","regular","2021-09-03T02:30:00.000Z","false","true","false","false","44456","3947","Mountain America Stadium","9","Arizona State","fbs","Pac-12","41","13,15,6,7","0.9961479306221008","","","253","Southern Utah","fcs","Big Sky","14","7,0,7,0","0.00385206937789917","","","2.5825416273038413","","",""
"401309937","2021","1","regular","2021-09-03T22:00:00.000Z","false","true","false","true","65632","3799","Lane Stadium","259","Virginia Tech","fbs","ACC","17","7,7,0,3","0.9903338551521301","1535","1556","153","North Carolina","fbs","ACC","10","0,0,7,3","0.009666144847869873","1725","1704","2.7733280571205685","","",""
"401282608","2021","1","regular","2021-09-03T23:00:00.000Z","false","true","false","false","25673","3630","Allegacy Federal Credit Union Stadium","154","Wake Forest","fbs","ACC","42","14,14,7,7","0.9911959171295166","1519","1580","295","Old Dominion","fbs","Conference USA","10","3,0,0,7","0.008804082870483398","1303","1242","2.3806229651126034","","",""
"401309541","2021","1","regular","2021-09-03T23:00:00.000Z","false","true","false","false","16461","3912","Rynearson Stadium","2199","Eastern Michigan","fbs","Mid-American","35","14,14,7,0","0.9856200622735365","","","2598","Saint Francis","fcs","NEC","15","0,7,0,8","0.01437993772646351","","","1.3276499065","","",""
"401282052","2021","1","regular","2021-09-03T23:00:00.000Z","false","true","false","false","14125","4418","Jerry Richardson Stadium","2429","Charlotte","fbs","Conference USA","31","7,3,7,14","0.7257195711135864","1366","1366","150","Duke","fbs","ACC","28","0,14,0,14","0.2742804288864136","1295","1295","7.496248518302861","","",""
"401287888","2021","1","regular","2021-09-04T00:00:00.000Z","false","true","false","false","26103","3833","Memorial Stadium","2305","Kansas","fbs","Big 12","17","0,7,3,7","0.889825701713562","","","233","South Dakota","fcs","MVFC","14","0,0,7,7","0.11017429828643799","","","6.222030440444172","","",""
"401310695","2021","1","regular","2021-09-04T01:00:00.000Z","false","true","false","false","32327","5388","Canvas Stadium","36","Colorado State","fbs","Mountain West","23","0,10,0,13","0.017900748178362846","","","2571","South Dakota State","fcs","MVFC","42","7,14,14,7","0.9820992518216372","","","4.274528786722065","","",""
"401282782","2021","1","regular","2021-09-04T01:00:00.000Z","false","true","false","true","34248","3911","Ryan Field","77","Northwestern","fbs","Big Ten","21","0,7,0,14","0.03067609667778015","1639","1574","127","Michigan State","fbs","Big Ten","38","14,7,7,10","0.9693239033222198","1424","1489","3.129880083297679","","",""
"401309836","2021","1","regular","2021-09-04T01:00:00.000Z","false","true","false","false","44153","3726","Folsom Field","38","Colorado","fbs","Pac-12","35","0,14,7,14","0.9940341114997864","","","2458","Northern Colorado","fcs","Big Sky","7","0,0,7,0","0.005965888500213623","","","2.26236284724015","","",""
"401287889","2021","1","regular","2021-09-04T16:00:00.000Z","false","true","true","false","28668","3687","AT&T Stadium","2306","Kansas State","fbs","Big 12","24","7,7,0,10","0.9948632121086121","1447","1497","24","Stanford","fbs","Pac-12","7","0,0,0,7","0.0051367878913879395","1491","1441","2.1956336524053146","","",""
"401287894","2021","1","regular","2021-09-04T16:00:00.000Z","false","true","false","false","42206","3835","Memorial Stadium (Norman, OK)","201","Oklahoma","fbs","Big 12","40","14,23,3,0","0.5274852514266968","1875","1869","2655","Tulane","fbs","American Athletic","35","14,0,8,13","0.4725147485733032","1597","1603","3.8291469065617183","","",""
"401286188","2021","1","regular","2021-09-04T16:00:00.000Z","false","true","false","false","18782","3892","Pratt & Whitney Stadium","41","UConn","fbs","FBS Independents","28","14,7,7,0","0.05654682219028473","","","107","Holy Cross","fcs","Patriot","38","7,17,7,7","0.9434531778097153","","","5.0237871459362555","","",""
"401309601","2021","1","regular","2021-09-04T16:00:00.000Z","false","true","false","false","18280","4246","Center Parc Stadium","2247","Georgia State","fbs","Sun Belt","10","0,7,3,0","0.027129225432872772","1410","1334","349","Army","fbs","FBS Independents","43","14,13,6,10","0.9728707745671272","1549","1625","2.2460658355283263","","",""
"401282772","2021","1","regular","2021-09-04T16:00:00.000Z","false","true","false","false","109295","3558","Michigan Stadium","130","Michigan","fbs","Big Ten","47","10,17,6,14","0.9986865417930266","1591","1672","2711","Western Michigan","fbs","Mid-American","14","7,0,0,7","0.0013134582069733725","1510","1429","2.3235980123","","",""
"401282609","2021","1","regular","2021-09-04T16:00:00.000Z","false","true","false","false","28991","3615","Alumni Stadium (Chestnut Hill, MA)","103","Boston College","fbs","ACC","51","7,20,3,21","0.9971348643302917","","","2142","Colgate","fcs","Patriot","0","0,0,0,0","0.002865135669708252","","","1.6102584753761335","","",""
"401281947","2021","1","regular","2021-09-04T16:00:00.000Z","false","true","false","false","47693","3683","Kroger Field","96","Kentucky","fbs","SEC","45","14,14,3,14","0.9882475733757019","1550","1593","2433","UL Monroe","fbs","Sun Belt","10","7,0,0,3","0.011752426624298096","1101","1058","3.0198836771605118","","",""
"401327913","2021","1","regular","2021-09-04T16:00:00.000Z","false","true","false","false","85938","3834","Memorial Stadium (Lincoln, NE)","158","Nebraska","fbs","Big Ten","52","7,17,14,14","0.9670659303665161","","","2230","Fordham","fcs","Patriot","7","0,7,0,0","0.03293406963348389","","","4.393220703178948","","",""
"401282822","2021","1","regular","2021-09-04T16:00:00.000Z","false","true","false","false","52519","6577","SHI Stadium","164","Rutgers","fbs","Big Ten","61","12,14,14,21","0.9959211945533752","1393","1523","218","Temple","fbs","American Athletic","14","0,7,7,0","0.004078805446624756","1304","1174","2.9472315197037955","","",""
"401282815","2021","1","regular","2021-09-04T16:00:00.000Z","false","true","false","true","76832","347","Camp Randall Stadium","275","Wisconsin","fbs","Big Ten","10","0,0,7,3","0.29977816343307495","1745","1728","213","Penn State","fbs","Big Ten","16","0,0,7,9","0.700221836566925","1668","1685","6.098828973931181","","",""
"401310861","2021","1","regular","2021-09-04T18:00:00.000Z","false","true","false","false","30012","3713","Falcon Stadium","2005","Air Force","fbs","Mountain West","35","14,14,0,7","0.9974328875541687","","","322","Lafayette","fcs","Patriot","14","0,7,7,0","0.002567112445831299","","","2.2530840535659586","","",""
"401309838","2021","1","regular","2021-09-04T18:00:00.000Z","false","true","false","false","43276","3626","Autzen Stadium","2483","Oregon","fbs","Pac-12","31","14,7,0,10","0.9036715030670166","1698","1700","278","Fresno State","fbs","Mountain West","24","0,13,8,3","0.0963284969329834","1566","1564","5.8910889528578","","",""
"401281943","2021","1","regular","2021-09-04T18:00:00.000Z","false","true","false","false","64065","3887","Razorback Stadium","8","Arkansas","fbs","SEC","38","7,0,10,21","0.9906022601032428","1417","1470","242","Rice","fbs","Conference USA","17","0,10,7,0","0.009397739896757185","1447","1394","2.100219017","","",""
"401282174","2021","1","regular","2021-09-04T19:30:00.000Z","false","true","false","false","30131","3852","Navy-Marine Corps Memorial Stadium","2426","Navy","fbs","American Athletic","7","0,0,0,7","0.010904180817306042","1380","1275","276","Marshall","fbs","Conference USA","49","14,7,7,21","0.989095819182694","1535","1640","2.809413929304519","","",""
"401282723","2021","1","regular","2021-09-04T19:30:00.000Z","false","true","false","true","68166","3793","Kinnick Stadium","2294","Iowa","fbs","Big Ten","34","14,17,0,3","1","1805","1860","84","Indiana","fbs","Big Ten","6","3,0,3,0","0","1650","1595","1.9642174572909612","","",""
"401282764","2021","1","regular","2021-09-04T19:30:00.000Z","false","true","false","false","43811","3665","SECU Stadium","120","Maryland","fbs","Big Ten","30","17,3,0,10","0.8327641487121582","1380","1396","277","West Virginia","fbs","Big 12","24","14,7,0,3","0.1672358512878418","1549","1533","7.262745499367038","","",""
"401281942","2021","1","regular","2021-09-04T19:30:00.000Z","false","true","true","false","71829","5348","Mercedes-Benz Stadium","2390","Miami","fbs","ACC","13","0,3,10,0","0.030625443905591965","1607","1585","333","Alabama","fbs","SEC","44","10,17,14,3","0.969374556094408","2099","2121","2.396895593342712","","",""
"401300996","2021","1","regular","2021-09-04T19:30:00.000Z","false","true","false","false","37978","3854","Nippert Stadium","2132","Cincinnati","fbs","American Athletic","49","21,14,0,14","0.9878895282745361","1784","1837","193","Miami (OH)","fbs","Mid-American","14","0,0,0,14","0.012110471725463867","1426","1373","1.8564851949946661","","",""
"401281950","2021","1","regular","2021-09-04T20:00:00.000Z","false","true","false","false","46237","3838","Memorial Stadium","142","Missouri","fbs","SEC","34","7,10,7,10","0.4070395231246948","1503","1515","2117","Central Michigan","fbs","Mid-American","24","7,7,0,10","0.5929604768753052","1438","1426","6.573887748164912","","",""
"401282612","2021","1","regular","2021-09-04T20:00:00.000Z","false","true","false","false","41486","3752","Acrisure Stadium","221","Pittsburgh","fbs","ACC","51","13,10,14,14","0.9897003769874573","1543","1609","113","Massachusetts","fbs","FBS Independents","7","0,0,0,7","0.010299623012542725","1061","995","1.2532948851585386","","",""
"401281949","2021","1","regular","2021-09-04T20:00:00.000Z","false","true","false","false","44669","3693","Davis Wade Stadium","344","Mississippi State","fbs","SEC","35","14,0,0,21","0.7886652946472168","1513","1508","2348","Louisiana Tech","fbs","Conference USA","34","7,14,10,3","0.2113347053527832","1337","1342","6.472330865168355","","",""
"401310697","2021","1","regular","2021-09-04T20:00:00.000Z","false","true","false","false","27007","3984","War Memorial Stadium","2751","Wyoming","fbs","Mountain West","19","0,3,0,16","0.8382484912872314","","","147","Montana State","fcs","Big Sky","16","7,0,0,9","0.16175150871276855","","","8.338571772189633","","",""
"401287892","2021","1","regular","2021-09-04T20:30:00.000Z","false","true","false","false","91113","3910","DKR-Texas Memorial Stadium","251","Texas","fbs","Big 12","38","7,7,14,10","0.9950394630432129","1767","1801","309","Louisiana","fbs","Sun Belt","18","3,3,6,6","0.004960536956787109","1645","1611","3.753469843420719","","",""
"401287887","2021","1","regular","2021-09-04T20:30:00.000Z","false","true","false","false","61500","3772","Jack Trice Stadium","66","Iowa State","fbs","Big 12","16","3,10,0,3","0.8366526961326599","","","2460","Northern Iowa","fcs","MVFC","10","7,3,0,0","0.1633473038673401","","","4.8163938600711145","","",""
"401309842","2021","1","regular","2021-09-04T21:00:00.000Z","false","true","false","false","54398","477","Los Angeles Memorial Coliseum","30","USC","fbs","Pac-12","30","10,3,0,17","0.9805272817611694","1628","1672","23","San José State","fbs","Mountain West","7","0,0,7,0","0.019472718238830566","1513","1469","3.586651748272372","","",""
"401309600","2021","1","regular","2021-09-04T22:00:00.000Z","false","true","false","false","15089","3608","Allen E. Paulson Stadium","290","Georgia Southern","fbs","Sun Belt","30","3,17,0,10","0.9840057645094854","","","2241","Gardner-Webb","fcs","Big South","25","6,0,6,13","0.015994235490514597","","","6.2367293608","","",""
"401286294","2021","1","regular","2021-09-04T22:00:00.000Z","false","true","false","false","15834","3992","Williams Stadium (VA)","2335","Liberty","fbs","FBS Independents","48","14,6,14,14","0.9905969500541687","","","2097","Campbell","fcs","Big South","7","0,7,0,0","0.009403049945831299","","","2.7883285248552117","","",""
"401282611","2021","1","regular","2021-09-04T23:00:00.000Z","false","true","false","false","23904","3876","Peden Stadium","195","Ohio","fbs","Mid-American","9","0,6,0,3","0","1564","1489","183","Syracuse","fbs","ACC","29","9,3,10,7","1","1358","1433","3.5677739505712784","","",""
"401281944","2021","1","regular","2021-09-04T23:00:00.000Z","false","true","false","false","83821","3785","Jordan-Hare Stadium","2","Auburn","fbs","SEC","60","13,24,16,7","0.9946691989898682","1665","1740","2006","Akron","fbs","Mid-American","10","0,0,0,10","0.005330801010131836","1103","1028","2.2321424313819764","","",""
"401287886","2021","1","regular","2021-09-04T23:00:00.000Z","false","true","true","false","43478","3891","NRG Stadium","248","Houston","fbs","American Athletic","21","14,7,0,0","0.008427472785115242","1495","1457","2641","Texas Tech","fbs","Big 12","38","0,7,17,14","0.9915725272148848","1455","1493","4.540295539955657","","",""
"401309602","2021","1","regular","2021-09-04T23:00:00.000Z","false","true","false","false","22399","3975","Veterans Memorial Stadium (AL)","2653","Troy","fbs","Sun Belt","55","14,20,14,7","0.9923451542854309","","","2582","Southern","fcs","SWAC","3","0,3,0,0","0.007654845714569092","","","2.397748706101107","","",""
"401300997","2021","1","regular","2021-09-04T23:00:00.000Z","false","true","false","false","30263","3805","Simmons Bank Liberty Stadium","235","Memphis","fbs","American Athletic","42","10,19,6,7","0.9934972524642944","","","2447","Nicholls","fcs","Southland","17","7,0,7,3","0.006502747535705566","","","2.8359229066683445","","",""
"401309543","2021","1","regular","2021-09-04T23:00:00.000Z","false","true","false","false","21783","3739","Glass Bowl","2649","Toledo","fbs","Mid-American","49","14,14,14,7","0.9834089875221252","","","2450","Norfolk State","fcs","MEAC","10","7,0,0,3","0.016591012477874756","","","1.653662276631363","","",""
"401287893","2021","1","regular","2021-09-04T23:00:00.000Z","false","true","false","false","26573","3644","Bobcat Stadium (TX)","326","Texas State","fbs","Sun Belt","20","3,7,3,7","0.0044317711144685745","1269","1271","239","Baylor","fbs","Big 12","29","7,7,10,5","0.9955682288855314","1525","1523","5.011460298409117","","",""
"401281951","2021","1","regular","2021-09-04T23:00:00.000Z","false","true","false","false","64868","3994","Williams-Brice Stadium","2579","South Carolina","fbs","SEC","46","15,14,3,14","0.9938032031059265","","","2197","Eastern Illinois","fcs","OVC","0","0,0,0,0","0.006196796894073486","","","2.4133477777887404","","",""
"401287890","2021","1","regular","2021-09-04T23:00:00.000Z","false","true","false","false","50807","3646","Boone Pickens Stadium","197","Oklahoma State","fbs","Big 12","23","6,14,0,3","0.9621832966804504","","","2623","Missouri State","fcs","MVFC","16","0,3,6,7","0.03781670331954956","","","3.8643293230024027","","",""
"401300998","2021","1","regular","2021-09-04T23:00:00.000Z","false","true","false","false","23373","3735","Gerald J. Ford Stadium","2567","SMU","fbs","American Athletic","56","7,28,14,7","0.9889106154441833","","","2000","Abilene Christian","fcs","Western Athletic","9","0,3,6,0","0.01108938455581665","","","2.293249411696958","","",""
"401282819","2021","1","regular","2021-09-04T23:00:00.000Z","false","true","false","false","53656","3907","Ross-Ade Stadium","2509","Purdue","fbs","Big Ten","30","7,6,3,14","0.9961960911750793","1470","1483","204","Oregon State","fbs","Pac-12","21","7,0,0,14","0.0038039088249206543","1449","1436","6.140468576868769","","",""
"401282173","2021","1","regular","2021-09-04T23:00:00.000Z","false","true","false","false","15017","3725","Johnny ""Red"" Floyd Stadium","2393","Middle Tennessee","fbs","Conference USA","50","0,21,7,22","0.9851493835449219","","","2405","Monmouth","fcs","Big South","15","0,7,8,0","0.014850616455078125","","","3.6185022853778617","","",""
"401309598","2021","1","regular","2021-09-04T23:00:00.000Z","false","true","false","false","15662","3625","Centennial Bank Stadium","2032","Arkansas State","fbs","Sun Belt","40","3,3,14,20","0.9980010986328125","","","2110","Central Arkansas","fcs","AWC","21","7,0,7,7","0.0019989013671875","","","6.0025813980520315","","",""
"401281945","2021","1","regular","2021-09-04T23:30:00.000Z","false","true","false","false","86840","3634","Ben Hill Griffin Stadium","57","Florida","fbs","SEC","35","14,0,7,14","0.9720608592033386","1700","1730","2226","Florida Atlantic","fbs","Conference USA","14","0,0,0,14","0.027939140796661377","1505","1475","2.6972401662320946","","",""
"401282613","2021","1","regular","2021-09-04T23:30:00.000Z","false","true","false","false","42982","3923","Scott Stadium","258","Virginia","fbs","ACC","43","3,14,12,14","0.9918588995933533","","","2729","William & Mary","fcs","CAA","0","0,0,0,0","0.008141100406646729","","","3.0861525710406976","","",""
"401281946","2021","1","regular","2021-09-04T23:30:00.000Z","false","true","true","false","74187","3628","Bank of America Stadium","228","Clemson","fbs","ACC","3","0,0,0,3","0.1754070669412613","1942","1924","61","Georgia","fbs","SEC","10","0,7,3,0","0.8245929330587387","1800","1818","4.485090584945466","","",""
"401282610","2021","1","regular","2021-09-04T23:30:00.000Z","false","true","false","false","33651","721","Bobby Dodd Stadium","59","Georgia Tech","fbs","ACC","21","0,7,0,14","0.24565750360488892","1370","1366","2459","Northern Illinois","fbs","Mid-American","22","7,7,0,8","0.7543424963951111","1304","1308","5.880829567877172","","",""
"401282175","2021","1","regular","2021-09-04T23:30:00.000Z","false","true","false","false","18716","3825","DATCU Stadium","249","North Texas","fbs","Conference USA","44","7,17,17,3","0.9949985146522522","","","2466","Northwestern State","fcs","Southland","14","0,14,0,0","0.005001485347747803","","","4.5524079897726875","","",""
"401282179","2021","1","regular","2021-09-04T23:30:00.000Z","false","true","false","false","33906","3832","Memorial Stadium (Champaign, IL)","356","Illinois","fbs","Big Ten","30","0,14,3,13","0.07725225121139008","1411","1400","2636","UTSA","fbs","Conference USA","37","7,13,3,14","0.9227477487886099","1445","1456","6.8133547384","","",""
"401309839","2021","1","regular","2021-09-05T00:00:00.000Z","false","true","false","false","64053","3765","Husky Stadium","264","Washington","fbs","Pac-12","7","7,0,0,0","0.07956656068563461","","","149","Montana","fcs","Big Sky","13","3,0,0,10","0.9204334393143654","","","5.148364078789795","","",""
"401287891","2021","1","regular","2021-09-05T00:00:00.000Z","false","true","false","false","35377","3616","Amon G. Carter Stadium","2628","TCU","fbs","Big 12","45","21,14,3,7","0.9989678282960271","","","2184","Duquesne","fcs","NEC","3","0,0,3,0","0.0010321717039728506","","","1.0543226137","","",""
"401282054","2021","1","regular","2021-09-05T00:00:00.000Z","false","true","false","false","22029","3973","FirstBank Stadium","238","Vanderbilt","fbs","SEC","3","3,0,0,0","0.00904837902635336","","","2193","East Tennessee State","fcs","Southern","23","0,10,3,10","0.9909516209736466","","","3.531814318862481","","",""
"401282053","2021","1","regular","2021-09-05T00:00:00.000Z","false","true","false","false","97339","3795","Kyle Field","245","Texas A&M","fbs","SEC","41","10,0,17,14","0.8716515898704529","1745","1792","2309","Kent State","fbs","Mid-American","10","3,0,0,7","0.12834841012954712","1441","1394","3.2104958308841245","","",""
"401282177","2021","1","regular","2021-09-05T00:00:00.000Z","false","true","false","false","20156","6526","Hancock Whitney Stadium","6","South Alabama","fbs","Sun Belt","31","0,14,10,7","0.8320919275283813","1266","1337","2572","Southern Miss","fbs","Conference USA","7","7,0,0,0","0.16790807247161865","1360","1289","21.5355699358","","",""
"401281948","2021","1","regular","2021-09-05T00:30:00.000Z","false","true","false","false","68123","1056","Rose Bowl","26","UCLA","fbs","Pac-12","38","0,14,10,14","0.9477595686912537","1605","1630","99","LSU","fbs","SEC","27","0,10,10,7","0.05224043130874634","1671","1646","4.972530823711199","","",""
"401282178","2021","1","regular","2021-09-05T01:00:00.000Z","false","true","false","false","14554","3946","Sun Bowl","2638","UTEP","fbs","Conference USA","38","10,0,7,21","0.9708432634648745","","","2065","Bethune-Cookman","fcs","SWAC","28","0,0,14,14","0.029156736535125516","","","3.874066424","","",""
"401310699","2021","1","regular","2021-09-05T02:30:00.000Z","false","true","false","false","10116","3932","Qualcomm Stadium","21","San Diego State","fbs","Mountain West","28","0,0,21,7","0.9506216485313049","1578","1582","166","New Mexico State","fbs","FBS Independents","10","3,7,0,0","0.04937835146869507","1182","1178","1.553380121","","",""
"401309841","2021","1","regular","2021-09-05T02:30:00.000Z","false","true","true","false","54541","6501","Allegiant Stadium","12","Arizona","fbs","Pac-12","16","0,3,10,3","0.10644733905792236","1278","1304","252","BYU","fbs","FBS Independents","24","0,14,7,3","0.8935526609420776","1837","1811","4.241152664258548","","",""
"401309837","2021","1","regular","2021-09-05T02:30:00.000Z","false","true","false","false","35117","3831","California Memorial Stadium","25","California","fbs","Pac-12","17","14,0,0,3","0.07520213723182678","1461","1454","2440","Nevada","fbs","Mountain West","22","0,13,9,0","0.9247978627681732","1488","1495","5.617530331704218","","",""
"401309840","2021","1","regular","2021-09-05T03:00:00.000Z","false","true","false","false","24944","3820","Gesa Field","265","Washington State","fbs","Pac-12","23","0,6,14,3","0.4648120403289795","1511","1494","328","Utah State","fbs","Mountain West","26","3,2,6,15","0.5351879596710205","1319","1336","6.4202333491023325","","",""
"401310698","2021","1","regular","2021-09-05T03:59:00.000Z","false","true","false","false","0","7220","Clarence T.C. Ching Athletics Complex","62","Hawai'i","fbs","Mountain West","49","28,7,7,7","1","","","2502","Portland State","fcs","Big Sky","35","0,7,21,7","0","","","2.5028806402467363","","",""
"401282614","2021","1","regular","2021-09-05T23:30:00.000Z","false","true","false","true","68316","3697","Doak Campbell Stadium","52","Florida State","fbs","ACC","38","7,7,6,18,0","0.17231470346450806","1355","1374","87","Notre Dame","fbs","FBS Independents","41","7,10,21,0,3","0.8276852965354919","1783","1764","8.889110510418366","","",""
"401282055","2021","1","regular","2021-09-07T00:00:00.000Z","false","true","true","false","30709","5348","Mercedes-Benz Stadium","145","Ole Miss","fbs","SEC","43","9,17,3,14","1","1576","1626","97","Louisville","fbs","ACC","24","0,0,10,14","0","1559","1509","2.410165973806598","","",""
"401287896","2021","2","regular","2021-09-10T23:30:00.000Z","false","true","false","false","17697","3654","Brooks Stadium (SC)","324","Coastal Carolina","fbs","Sun Belt","49","7,21,7,14","0.9917499423027039","1636","1655","2305","Kansas","fbs","Big 12","22","9,6,7,0","0.008250057697296143","1161","1142","3.914765164937815","","",""
"401282616","2021","2","regular","2021-09-11T00:00:00.000Z","false","true","false","false","18091","3982","Wallace Wade Stadium","150","Duke","fbs","ACC","45","0,21,21,3","1","","","2448","North Carolina A&T","fcs","Big South","17","7,7,3,0","0","","","4.558477775626316","","",""
"401282191","2021","2","regular","2021-09-11T01:30:00.000Z","false","true","false","false","35518","3653","Albertsons Stadium","68","Boise State","fbs","Mountain West","54","10,31,10,3","0.9846087694168091","1599","1679","2638","UTEP","fbs","Conference USA","13","3,10,0,0","0.015391230583190918","1301","1221","2.707109719222527","","",""
"401310701","2021","2","regular","2021-09-11T02:20:00.000Z","false","true","false","false","18124","3905","Maverik Stadium","328","Utah State","fbs","Mountain West","48","7,13,7,21","0.9585834741592407","","","155","North Dakota","fcs","MVFC","24","21,0,3,0","0.04141652584075928","","","6.769084528202982","","",""
"401282624","2021","2","regular","2021-09-11T15:00:00.000Z","false","true","false","false","36036","3923","Scott Stadium","258","Virginia","fbs","ACC","42","14,7,14,7","0.9849898815155029","1509","1569","356","Illinois","fbs","Big Ten","14","0,7,7,0","0.01501011848449707","1400","1340","3.135228115316247","","",""
"401282193","2021","2","regular","2021-09-11T15:30:00.000Z","false","true","false","false","25989","3841","Michie Stadium","349","Army","fbs","FBS Independents","38","0,21,7,10","0.977781355381012","1625","1623","98","Western Kentucky","fbs","Conference USA","35","0,14,0,21","0.022218644618988037","1399","1401","4.065313765424711","","",""
"401309545","2021","2","regular","2021-09-11T15:30:00.000Z","false","true","false","false","16785","3696","Dix Stadium","2309","Kent State","fbs","Mid-American","60","22,17,14,7","0.9921887516975403","","","2678","VMI","fcs","Southern","10","0,0,3,7","0.007811248302459717","","","2.2978190861187158","","",""
"401282618","2021","2","regular","2021-09-11T16:00:00.000Z","false","true","false","false","35195","721","Bobby Dodd Stadium","59","Georgia Tech","fbs","ACC","45","14,10,7,14","0.9915831685066223","","","338","Kennesaw State","fcs","Big South","17","0,3,0,14","0.008416831493377686","","","2.7091180827864276","","",""
"401282066","2021","2","regular","2021-09-11T16:00:00.000Z","false","true","false","false","82203","3853","Neyland Stadium","2633","Tennessee","fbs","SEC","34","10,10,7,7","0.0961083248257637","1524","1517","221","Pittsburgh","fbs","ACC","41","0,27,7,7","0.9038916751742363","1609","1616","7.008362719104246","","",""
"401282625","2021","2","regular","2021-09-11T16:00:00.000Z","false","true","false","false","21896","3630","Allegacy Federal Credit Union Stadium","154","Wake Forest","fbs","ACC","41","7,17,17,0","0.9847996830940247","","","2450","Norfolk State","fcs","MEAC","16","3,6,0,7","0.015200316905975342","","","2.7407736325415124","","",""
"401282783","2021","2","regular","2021-09-11T16:00:00.000Z","false","true","false","false","70103","3936","Spartan Stadium","127","Michigan State","fbs","Big Ten","42","14,21,7,0","0.9940789341926575","","","2754","Youngstown State","fcs","MVFC","14","0,7,7,0","0.005921065807342529","","","2.785049499265225","","",""
"401282804","2021","2","regular","2021-09-11T16:00:00.000Z","false","true","false","false","26181","3911","Ryan Field","77","Northwestern","fbs","Big Ten","24","14,0,3,7","1","","","282","Indiana State","fcs","MVFC","6","0,0,0,6","0","","","2.0869391912818616","","",""
"401282065","2021","2","regular","2021-09-11T16:00:00.000Z","false","true","false","false","40816","3699","Dowdy-Ficklen Stadium","151","East Carolina","fbs","American Athletic","17","7,7,0,3","0.3083703815937042","1396","1391","2579","South Carolina","fbs","SEC","20","0,7,7,6","0.6916296184062958","1390","1395","4.243254220937977","","",""
"401282809","2021","2","regular","2021-09-11T16:00:00.000Z","false","true","false","false","100482","3861","Ohio Stadium","194","Ohio State","fbs","Big Ten","28","0,7,7,14","0.26656585931777954","1908","1878","2483","Oregon","fbs","Pac-12","35","0,14,14,7","0.7334341406822205","1700","1730","5.8623214824063234","","",""
"401287899","2021","2","regular","2021-09-11T16:00:00.000Z","false","true","false","false","52127","3646","Boone Pickens Stadium","197","Oklahoma State","fbs","Big 12","28","0,7,0,21","0.24334540455091583","1661","1661","202","Tulsa","fbs","American Athletic","23","0,7,7,9","0.7566545954490842","1525","1525","7.4554893227","","",""
"401282790","2021","2","regular","2021-09-11T16:00:00.000Z","false","true","false","false","43372","3953","Huntington Bank Stadium","135","Minnesota","fbs","Big Ten","31","7,14,0,10","0.9867231845855713","1582","1579","193","Miami (OH)","fbs","Mid-American","26","0,3,10,13","0.013276815414428711","1373","1376","4.135984503178776","","",""
"401282058","2021","2","regular","2021-09-11T16:00:00.000Z","false","true","false","false","82745","3785","Jordan-Hare Stadium","2","Auburn","fbs","SEC","62","6,14,35,7","0.9839659929275513","","","2011","Alabama State","fcs","SWAC","0","0,0,0,0","0.01603400707244873","","","2.27978355171505","","",""
"401301000","2021","2","regular","2021-09-11T17:00:00.000Z","false","true","false","false","2100","3803","Legion Field","2655","Tulane","fbs","American Athletic","69","17,35,7,10","0.9989713520341198","","","2415","Morgan State","fcs","MEAC","20","0,7,7,6","0.0010286479658802028","","","1.026608413","","Game moved to Birmingham, AL",""
"401282059","2021","2","regular","2021-09-11T17:00:00.000Z","false","true","false","false","64692","3886","Raymond James Stadium","58","South Florida","fbs","American Athletic","20","3,0,10,7","0.05942206457257271","1146","1149","57","Florida","fbs","SEC","42","14,21,0,7","0.9405779354274273","1730","1727","3.3324836784110783","","",""
"401309547","2021","2","regular","2021-09-11T17:30:00.000Z","false","true","false","false","11334","3764","Huskie Stadium","2459","Northern Illinois","fbs","Mid-American","43","3,7,12,21","0","1308","1313","2751","Wyoming","fbs","Mountain West","50","14,14,14,8","1","1556","1551","6.184763609765745","","",""
"401282622","2021","2","regular","2021-09-11T18:00:00.000Z","false","true","false","false","31941","1964","JMA Wireless Dome","183","Syracuse","fbs","ACC","7","0,0,7,0","0.117934949696064","1433","1420","164","Rutgers","fbs","Big Ten","17","0,0,14,3","0.882065050303936","1523","1536","5.356153609601778","","",""
"401309753","2021","2","regular","2021-09-11T18:00:00.000Z","false","true","false","false","19411","3876","Peden Stadium","195","Ohio","fbs","Mid-American","26","13,0,0,13","0.15885248417645007","","","2184","Duquesne","fcs","NEC","28","8,3,7,10","0.84114751582355","","","4.6146237525","","",""
"401282186","2021","2","regular","2021-09-11T18:00:00.000Z","false","true","false","false","53680","3799","Lane Stadium","259","Virginia Tech","fbs","ACC","35","7,7,14,7","0.9845645427703857","1556","1581","2393","Middle Tennessee","fbs","Conference USA","14","0,7,0,7","0.015435457229614258","1315","1290","3.9884998763314927","","",""
"401282705","2021","2","regular","2021-09-11T18:30:00.000Z","false","true","false","false","62009","3855","Notre Dame Stadium","87","Notre Dame","fbs","FBS Independents","32","7,7,0,18","0.7971721887588501","1764","1761","2649","Toledo","fbs","Mid-American","29","6,10,0,13","0.2028278112411499","1443","1446","7.502910755939788","","",""
"401282820","2021","2","regular","2021-09-11T19:00:00.000Z","false","true","false","false","14187","3892","Pratt & Whitney Stadium","41","UConn","fbs","FBS Independents","0","0,0,0,0","0.024541232734918594","1122","1022","2509","Purdue","fbs","Big Ten","49","7,28,14,0","0.9754587672650814","1483","1583","2.7211980761687613","","",""
"401309548","2021","2","regular","2021-09-11T19:00:00.000Z","false","true","false","false","16128","3786","Kelly/Shorts Stadium","2117","Central Michigan","fbs","Mid-American","45","7,21,14,3","0.9926179647445679","","","2523","Robert Morris","fcs","Big South","0","0,0,0,0","0.007382035255432129","","","6.603193509760098","","",""
"401282060","2021","2","regular","2021-09-11T19:30:00.000Z","false","true","false","false","92746","3917","Sanford Stadium","61","Georgia","fbs","SEC","56","21,14,14,7","0.999957263469696","1818","1925","5","UAB","fbs","Conference USA","7","0,0,0,7","0.00004273653030395508","1521","1414","1.7971079683311575","","",""
"401301002","2021","2","regular","2021-09-11T19:30:00.000Z","false","true","false","false","33498","3854","Nippert Stadium","2132","Cincinnati","fbs","American Athletic","42","0,7,14,21","0.9922709465026855","","","93","Murray State","fcs","OVC","7","0,7,0,0","0.007729053497314453","","","4.214180384765399","","",""
"401287900","2021","2","regular","2021-09-11T19:30:00.000Z","false","true","false","false","38631","3616","Amon G. Carter Stadium","2628","TCU","fbs","Big 12","34","0,14,7,13","0.6920354962348938","1646","1644","25","California","fbs","Pac-12","32","6,13,0,13","0.3079645037651062","1454","1456","6.875151531954074","","",""
"401282067","2021","2","regular","2021-09-11T19:30:00.000Z","false","true","true","false","61203","3937","Sports Authority Field at Mile High","38","Colorado","fbs","Pac-12","7","7,0,0,0","0.36721092462539673","1446","1460","245","Texas A&M","fbs","SEC","10","0,3,0,7","0.6327890753746033","1792","1778","4.317762930165778","","",""
"401282623","2021","2","regular","2021-09-11T19:30:00.000Z","false","true","false","false","12118","3985","Warren McGuirk Alumni Stadium","113","Massachusetts","fbs","FBS Independents","28","0,0,21,7","0.01544471550732851","995","1002","103","Boston College","fbs","ACC","45","14,0,21,10","0.9845552844926715","1503","1496","3.462519224402593","","",""
"401282816","2021","2","regular","2021-09-11T19:30:00.000Z","false","true","false","false","105323","3632","Beaver Stadium","213","Penn State","fbs","Big Ten","44","14,10,10,10","0.9915308356285095","1685","1753","2050","Ball State","fbs","Mid-American","13","0,6,0,7","0.008469164371490479","1559","1491","2.971691371310474","","",""
"401301004","2021","2","regular","2021-09-11T19:30:00.000Z","false","true","false","false","36997","3852","Navy-Marine Corps Memorial Stadium","2426","Navy","fbs","American Athletic","3","0,3,0,0","0.11057934910058975","1275","1260","2005","Air Force","fbs","Mountain West","23","0,7,7,9","0.8894206508994102","1617","1632","3.924411020566475","","",""
"401282797","2021","2","regular","2021-09-11T19:30:00.000Z","false","true","false","false","85663","3834","Memorial Stadium (Lincoln, NE)","158","Nebraska","fbs","Big Ten","28","0,14,0,14","0.9863311052322388","1484","1567","2084","Buffalo","fbs","Mid-American","3","0,0,3,0","0.01366889476776123","1645","1562","3.2439883550931023","","",""
"401300999","2021","2","regular","2021-09-11T19:30:00.000Z","false","true","false","false","14474","3768","InfoCision Stadium","2006","Akron","fbs","Mid-American","24","14,3,0,7","0","1028","991","218","Temple","fbs","American Athletic","45","7,17,14,7","1","1174","1211","4.8510655348286775","","",""
"401282183","2021","2","regular","2021-09-11T19:30:00.000Z","false","true","false","false","17736","3715","FAU Stadium","2226","Florida Atlantic","fbs","Conference USA","38","0,10,21,7","0.9915601015090942","1475","1575","290","Georgia Southern","fbs","Sun Belt","6","6,0,0,0","0.008439898490905762","1570","1470","10.639612233294272","","",""
"401309546","2021","2","regular","2021-09-11T20:00:00.000Z","false","true","false","false","15105","3700","Doyt L. Perry Stadium","189","Bowling Green","fbs","Mid-American","19","8,0,11,0","0.11221523582935333","1006","1020","6","South Alabama","fbs","Sun Belt","22","0,6,6,10","0.8877847641706467","1337","1323","9.583663484344187","","",""
"401282056","2021","2","regular","2021-09-11T20:00:00.000Z","false","true","false","false","95396","3657","Bryant-Denny Stadium","333","Alabama","fbs","SEC","48","14,17,14,3","0.9575651288032532","","","2382","Mercer","fcs","Southern","14","0,0,7,7","0.042434871196746826","","","2.622960419944605","","",""
"401282754","2021","2","regular","2021-09-11T20:30:00.000Z","false","true","false","false","61500","3772","Jack Trice Stadium","66","Iowa State","fbs","Big 12","17","3,7,0,7","0.20130328834056854","1791","1776","2294","Iowa","fbs","Big Ten","27","0,14,10,3","0.7986967116594315","1860","1875","4.335318371407774","","",""
"401287902","2021","2","regular","2021-09-11T21:00:00.000Z","false","true","false","false","50911","3842","Milan Puskar Stadium","277","West Virginia","fbs","Big 12","66","21,17,21,7","0.9930822253227234","","","2341","Long Island University","fcs","NEC","0","0,0,0,0","0.006917774677276611","","","2.3465191253246","","",""
"401309544","2021","2","regular","2021-09-11T21:00:00.000Z","false","true","false","false","18122","3980","Waldo Stadium","2711","Western Michigan","fbs","Mid-American","28","7,7,14,0","0.9983890056610107","","","2287","Illinois State","fcs","MVFC","0","0,0,0,0","0.0016109943389892578","","","1.8684213226058468","","",""
"401282615","2021","2","regular","2021-09-11T21:00:00.000Z","false","true","false","false","78609","3836","Memorial Stadium (Clemson, SC)","228","Clemson","fbs","ACC","49","28,7,14,0","0.9950092434883118","","","2569","South Carolina State","fcs","MEAC","3","0,3,0,0","0.004990756511688232","","","1.7809457941316955","","",""
"401282192","2021","2","regular","2021-09-11T22:00:00.000Z","false","true","false","false","16229","3604","Alamodome","2636","UTSA","fbs","Conference USA","54","13,21,10,10","0.9987679721335753","","","2320","Lamar","fcs","Western Athletic","0","0,0,0,0","0.0012320278664247342","","","1.0809029117","","",""
"401282181","2021","2","regular","2021-09-11T22:00:00.000Z","false","true","false","false","12274","4418","Jerry Richardson Stadium","2429","Charlotte","fbs","Conference USA","38","14,14,7,3","0.986316442489624","","","2241","Gardner-Webb","fcs","Big South","10","3,7,0,0","0.013683557510375977","","","6.536146422918478","","",""
"401309845","2021","2","regular","2021-09-11T22:00:00.000Z","false","true","false","false","22651","3820","Gesa Field","265","Washington State","fbs","Pac-12","44","7,23,7,7","0.9881191253662109","","","2502","Portland State","fcs","Big Sky","24","0,10,0,14","0.011880874633789062","","","3.078813876528927","","",""
"401282185","2021","2","regular","2021-09-11T22:30:00.000Z","false","true","false","false","24521","3775","Joan C. Edwards Stadium","276","Marshall","fbs","Conference USA","44","6,24,7,7","0.9989288317312901","","","2428","North Carolina Central","fcs","MEAC","10","0,7,0,3","0.001071168268709899","","","1.1339690495","","",""
"401301001","2021","2","regular","2021-09-11T22:30:00.000Z","false","true","false","false","38443","3652","FBC Mortgage Stadium","2116","UCF","fbs","American Athletic","63","14,21,21,7","0.9852887988090515","","","2065","Bethune-Cookman","fcs","SWAC","14","7,0,7,0","0.014711201190948486","","","3.2285793668660263","","",""
"401282189","2021","2","regular","2021-09-11T22:30:00.000Z","false","true","false","false","26253","3895","Rice Stadium","242","Rice","fbs","Conference USA","7","0,7,0,0","0.013599350117146969","1394","1293","248","Houston","fbs","American Athletic","44","17,0,14,13","0.986400649882853","1457","1558","2.986905212713956","","",""
"401282057","2021","2","regular","2021-09-11T23:00:00.000Z","false","true","false","false","74531","3887","Razorback Stadium","8","Arkansas","fbs","SEC","40","3,13,17,7","0.9894846081733704","1470","1550","251","Texas","fbs","Big 12","21","0,0,7,14","0.010515391826629639","1801","1721","2.628875431193062","","",""
"401282825","2021","2","regular","2021-09-11T23:00:00.000Z","false","true","false","false","70967","347","Camp Randall Stadium","275","Wisconsin","fbs","Big Ten","34","7,17,3,7","0.9941401481628418","1728","1763","2199","Eastern Michigan","fbs","Mid-American","7","0,0,0,7","0.005859851837158203","1421","1386","2.7816854756975755","","",""
"401282182","2021","2","regular","2021-09-11T23:00:00.000Z","false","true","false","false","0","218","FIU Stadium","2229","Florida International","fbs","Conference USA","17","0,7,10,0,0","0.34556347272529353","1375","1356","326","Texas State","fbs","Sun Belt","23","7,3,0,7,6","0.6544365272747065","1271","1290","8.9715160123","","",""
"401286295","2021","2","regular","2021-09-11T23:00:00.000Z","false","true","false","false","24714","3975","Veterans Memorial Stadium (AL)","2653","Troy","fbs","Sun Belt","13","7,0,0,6","0.10461734980344772","1461","1454","2335","Liberty","fbs","FBS Independents","21","7,7,0,7","0.8953826501965523","1563","1570","3.851153499794183","","",""
"401310700","2021","2","regular","2021-09-11T23:00:00.000Z","false","true","false","false","28470","3971","University Stadium (NM)","167","New Mexico","fbs","Mountain West","34","14,10,3,7","1","1309","1315","166","New Mexico State","fbs","FBS Independents","25","3,17,2,3","0","1178","1172","6.108316136226217","","",""
"401282620","2021","2","regular","2021-09-11T23:00:00.000Z","false","true","false","false","45877","3948","Hard Rock Stadium","2390","Miami","fbs","ACC","25","9,3,7,6","0.830805242061615","1585","1587","2026","App State","fbs","Sun Belt","23","7,7,3,6","0.169194757938385","1666","1664","6.960534939362402","","",""
"401301003","2021","2","regular","2021-09-11T23:00:00.000Z","false","true","false","false","19501","3625","Centennial Bank Stadium","2032","Arkansas State","fbs","Sun Belt","50","10,13,7,20","0.04411071293996945","1370","1374","235","Memphis","fbs","American Athletic","55","20,14,7,14","0.9558892870600305","1555","1551","5.0877763648","","",""
"401282064","2021","2","regular","2021-09-11T23:00:00.000Z","false","true","false","false","45834","3693","Davis Wade Stadium","344","Mississippi State","fbs","SEC","24","7,7,7,3","0.9708942770957947","1508","1541","152","NC State","fbs","ACC","10","0,3,0,7","0.029105722904205322","1565","1532","3.477714748607289","","",""
"401282188","2021","2","regular","2021-09-11T23:00:00.000Z","false","true","false","false","18363","3918","S.B. Ballard Stadium","295","Old Dominion","fbs","Conference USA","47","10,24,7,6","0.9932125806808472","","","2261","Hampton","fcs","Big South","7","0,0,7,0","0.006787419319152832","","","2.3779995400153613","","",""
"401282190","2021","2","regular","2021-09-11T23:00:00.000Z","false","true","false","false","25235","3815","M. M. Roberts Stadium","2572","Southern Miss","fbs","Conference USA","37","7,3,10,17","0.9974781274795532","","","2755","Grambling","fcs","SWAC","0","0,0,0,0","0.0025218725204467773","","","2.8986446267713846","","",""
"401287901","2021","2","regular","2021-09-11T23:00:00.000Z","false","true","false","false","55271","3784","Jones AT&T Stadium","2641","Texas Tech","fbs","Big 12","28","7,0,14,7","0.9719123840332031","","","2617","Stephen F. Austin","fcs","Western Athletic","22","7,6,0,9","0.028087615966796875","","","5.987815071836626","","",""
"401282187","2021","2","regular","2021-09-11T23:00:00.000Z","false","true","false","false","29121","3735","Gerald J. Ford Stadium","2567","SMU","fbs","American Athletic","35","0,7,14,14","0.982081413269043","1521","1553","249","North Texas","fbs","Conference USA","12","3,3,6,0","0.01791858673095703","1295","1263","5.337475175744159","","",""
"401287895","2021","2","regular","2021-09-11T23:00:00.000Z","false","true","false","false","42461","4727","McLane Stadium","239","Baylor","fbs","Big 12","66","21,21,10,14","0.9946147799491882","","","2640","Texas Southern","fcs","SWAC","7","0,0,0,7","0.005385220050811768","","","2.0814959655972203","","",""
"401287897","2021","2","regular","2021-09-11T23:00:00.000Z","false","true","false","false","47628","3636","Bill Snyder Family Stadium","2306","Kansas State","fbs","Big 12","31","14,7,3,7","0.9136130809783936","","","79","Southern Illinois","fcs","MVFC","23","0,23,0,0","0.08638691902160645","","","5.562026397723576","","",""
"401282619","2021","2","regular","2021-09-11T23:00:00.000Z","false","true","false","false","39673","3873","L&N Federal Credit Union Stadium","97","Louisville","fbs","ACC","30","7,13,7,3","0.9792569875717163","","","2198","Eastern Kentucky","fcs","AWC","3","0,3,0,0","0.02074301242828369","","","2.5522559457939606","","",""
"401282184","2021","2","regular","2021-09-11T23:00:00.000Z","false","true","false","false","15328","3776","Joe Aillet Stadium","2348","Louisiana Tech","fbs","Conference USA","45","14,10,14,7","0.6302589774131775","","","2545","SE Louisiana","fcs","Southland","42","7,14,14,7","0.3697410225868225","","","9.664964159226681","","",""
"401287898","2021","2","regular","2021-09-11T23:00:00.000Z","false","true","false","false","83538","3835","Memorial Stadium (Norman, OK)","201","Oklahoma","fbs","Big 12","76","17,28,17,14","0.9897788166999817","","","2717","Western Carolina","fcs","Southern","0","0,0,0,0","0.01022118330001831","","","2.2809678916932468","","",""
"401309603","2021","2","regular","2021-09-11T23:00:00.000Z","false","true","false","false","25417","3666","Cajun Field","309","Louisiana","fbs","Sun Belt","27","10,7,7,3","0.19792954623699188","","","2447","Nicholls","fcs","Southland","24","7,3,0,14","0.8020704537630081","","","4.958377761409978","","",""
"401282724","2021","2","regular","2021-09-11T23:30:00.000Z","false","true","false","false","47417","3830","Memorial Stadium (Bloomington, IN)","84","Indiana","fbs","Big Ten","56","21,14,7,14","1","","","70","Idaho","fcs","Big Sky","14","0,7,7,0","0","","","2.042666780913603","","",""
"401286207","2021","2","regular","2021-09-11T23:30:00.000Z","false","true","false","false","31612","3665","SECU Stadium","120","Maryland","fbs","Big Ten","62","14,24,14,10","0.9893914461135864","","","47","Howard","fcs","MEAC","0","0,0,0,0","0.010608553886413574","","","2.0644511367290455","","",""
"401282621","2021","2","regular","2021-09-11T23:30:00.000Z","false","true","false","false","50500","3787","Kenan Stadium","153","North Carolina","fbs","ACC","59","14,10,21,14","0.9919071197509766","1704","1778","2247","Georgia State","fbs","Sun Belt","17","3,7,0,7","0.008092880249023438","1334","1260","2.7412686414395298","","",""
"401282063","2021","2","regular","2021-09-11T23:30:00.000Z","false","true","false","false","47848","3974","Vaught-Hemingway Stadium","145","Ole Miss","fbs","SEC","54","14,23,14,3","0.9875286817550659","","","2046","Austin Peay","fcs","OVC","17","0,7,3,7","0.012471318244934082","","","3.005612823380715","","",""
"401282061","2021","2","regular","2021-09-11T23:30:00.000Z","false","true","false","true","58437","3683","Kroger Field","96","Kentucky","fbs","SEC","35","14,7,7,7","0.8419424891471863","1593","1598","142","Missouri","fbs","SEC","28","7,7,7,7","0.15805751085281372","1515","1510","4.319444483313481","","",""
"401282773","2021","2","regular","2021-09-12T00:00:00.000Z","false","true","false","false","108345","3558","Michigan Stadium","130","Michigan","fbs","Big Ten","31","3,7,7,14","0.9931784272193909","1672","1719","264","Washington","fbs","Pac-12","10","0,0,3,7","0.006821572780609131","1649","1602","3.440573971818052","","",""
"401282062","2021","2","regular","2021-09-12T00:00:00.000Z","false","true","false","false","94220","3958","Tiger Stadium (LA)","99","LSU","fbs","SEC","34","7,10,7,10","0.9771784543991089","","","2377","McNeese","fcs","Southland","7","0,0,0,7","0.022821545600891113","","","2.591354377863734","","",""
"401282617","2021","2","regular","2021-09-12T00:00:00.000Z","false","true","false","false","60198","3697","Doak Campbell Stadium","52","Florida State","fbs","ACC","17","0,14,3,0","0.5619112849235535","","","55","Jacksonville State","fcs","AWC","20","0,7,0,13","0.43808871507644653","","","6.071829964224447","","",""
"401282068","2021","2","regular","2021-09-12T02:00:00.000Z","false","true","false","false","27233","5388","Canvas Stadium","36","Colorado State","fbs","Mountain West","21","7,7,0,7","0.6516972780227661","1396","1381","238","Vanderbilt","fbs","SEC","24","0,7,14,3","0.3483027219772339","1225","1240","5.9624447109688505","","",""
"401310702","2021","2","regular","2021-09-12T02:00:00.000Z","false","true","false","false","30119","3660","Valley Children's Stadium","278","Fresno State","fbs","Mountain West","63","7,28,21,7","0.9916983842849731","","","13","Cal Poly","fcs","Big Sky","10","0,10,0,0","0.008301615715026855","","","2.5692936368497152","","",""
"401309846","2021","2","regular","2021-09-12T02:00:00.000Z","false","true","false","false","39097","3619","Arizona Stadium","12","Arizona","fbs","Pac-12","14","7,0,0,7","0","1304","1272","21","San Diego State","fbs","Mountain West","38","21,14,3,0","1","1582","1614","2.7193003705306182","","",""
"401309848","2021","2","regular","2021-09-12T02:15:00.000Z","false","true","false","false","63470","3801","LaVell Edwards Stadium","252","BYU","fbs","FBS Independents","26","3,13,7,3","0.9854463934898376","1811","1814","254","Utah","fbs","Pac-12","17","0,7,0,10","0.014553606510162354","1639","1636","3.426970498009316","","",""
"401309847","2021","2","regular","2021-09-12T02:30:00.000Z","false","true","false","false","42918","3947","Mountain America Stadium","9","Arizona State","fbs","Pac-12","37","0,14,7,16","0.9814861416816711","1643","1670","2439","UNLV","fbs","Mountain West","10","3,7,0,0","0.018513858318328857","1256","1229","4.270448865044736","","",""
"401309843","2021","2","regular","2021-09-12T02:30:00.000Z","false","true","false","true","56945","477","Los Angeles Memorial Coliseum","30","USC","fbs","Pac-12","28","0,10,3,15","0.009713439887453743","1672","1616","24","Stanford","fbs","Pac-12","42","7,14,14,7","0.9902865601125462","1441","1497","3.501533379","","",""
"401310703","2021","2","regular","2021-09-12T02:30:00.000Z","false","true","false","false","23965","3816","Mackay Stadium","2440","Nevada","fbs","Mountain West","49","14,7,7,21","0.8961992263793945","","","304","Idaho State","fcs","Big Sky","10","7,0,3,0","0.10380077362060547","","","3.7267363634620714","","",""
"401309844","2021","2","regular","2021-09-12T03:00:00.000Z","false","true","false","false","27701","3893","Reser Stadium","204","Oregon State","fbs","Pac-12","45","21,3,7,14","0.9790586829185486","1436","1471","62","Hawai'i","fbs","Mountain West","27","0,7,13,7","0.020941317081451416","1378","1343","3.040893774757546","","",""
"401309606","2021","3","regular","2021-09-17T00:00:00.000Z","false","true","false","false","17709","3666","Cajun Field","309","Louisiana","fbs","Sun Belt","49","7,14,7,21","0.9888331890106201","1611","1693","195","Ohio","fbs","Mid-American","14","0,7,7,0","0.011166810989379883","1489","1407","2.512953667759525","","",""
"401282626","2021","3","regular","2021-09-17T23:30:00.000Z","false","true","false","false","39022","3873","L&N Federal Credit Union Stadium","97","Louisville","fbs","ACC","42","7,14,7,14","0.34063321352005005","1509","1527","2116","UCF","fbs","American Athletic","35","7,7,7,14","0.65936678647995","1651","1633","7.785218921961424","","",""
"401282715","2021","3","regular","2021-09-18T01:00:00.000Z","false","true","false","true","37168","3832","Memorial Stadium (Champaign, IL)","356","Illinois","fbs","Big Ten","17","0,3,7,7","0.20808998344600016","1340","1339","120","Maryland","fbs","Big Ten","20","0,3,7,10","0.7919100165539998","1396","1397","7.0158796456","","",""
"401282073","2021","3","regular","2021-09-18T16:00:00.000Z","false","true","false","false","55214","3683","Kroger Field","96","Kentucky","fbs","SEC","28","7,7,0,14","0.28788191080093384","","","236","Chattanooga","fcs","Southern","23","7,3,3,10","0.7121180891990662","","","5.99135619653702","","",""
"401282629","2021","3","regular","2021-09-18T16:00:00.000Z","false","true","false","false","46427","3948","Hard Rock Stadium","2390","Miami","fbs","ACC","17","0,7,7,3","0.03384312614798546","1587","1522","127","Michigan State","fbs","Big Ten","38","0,10,7,21","0.9661568738520145","1489","1554","5.8916402346323125","","",""
"401282774","2021","3","regular","2021-09-18T16:00:00.000Z","false","true","false","false","106263","3558","Michigan Stadium","130","Michigan","fbs","Big Ten","63","14,21,28,0","0.9973110556602478","1719","1824","2459","Northern Illinois","fbs","Mid-American","10","3,0,0,7","0.0026889443397521973","1313","1208","1.9366560636653125","","",""
"401309552","2021","3","regular","2021-09-18T16:00:00.000Z","false","true","false","false","16739","3965","UB Stadium","2084","Buffalo","fbs","Mid-American","25","14,0,3,8","0.4134328443139034","1562","1563","324","Coastal Carolina","fbs","Sun Belt","28","7,7,7,7","0.5865671556860965","1655","1654","3.7731121888","","",""
"401282798","2021","3","regular","2021-09-18T16:00:00.000Z","false","true","false","false","84659","3835","Memorial Stadium (Norman, OK)","201","Oklahoma","fbs","Big 12","23","7,0,9,7","0.8784641027450562","1869","1863","158","Nebraska","fbs","Big Ten","16","3,0,6,7","0.12153589725494385","1567","1573","4.0830120200941415","","",""
"401286189","2021","3","regular","2021-09-18T16:00:00.000Z","false","true","false","false","25030","3841","Michie Stadium","349","Army","fbs","FBS Independents","52","14,28,7,3","0.9944940805435181","1623","1639","41","UConn","fbs","FBS Independents","21","0,0,14,7","0.005505919456481934","1022","1006","1.4431079723242255","","",""
"401282634","2021","3","regular","2021-09-18T16:00:00.000Z","false","true","false","false","25290","3806","Lincoln Financial Field","218","Temple","fbs","American Athletic","3","0,0,0,3","0.006760033778846264","1211","1177","103","Boston College","fbs","ACC","28","14,7,0,7","0.9932399662211537","1496","1530","2.672253531815154","","",""
"401282636","2021","3","regular","2021-09-18T16:00:00.000Z","false","true","false","false","60022","3842","Milan Puskar Stadium","277","West Virginia","fbs","Big 12","27","14,10,3,0","0.5062881708145142","1533","1543","259","Virginia Tech","fbs","ACC","21","7,0,7,7","0.49371182918548584","1581","1571","4.422013369778332","","",""
"401282725","2021","3","regular","2021-09-18T16:00:00.000Z","false","true","false","false","52656","3830","Memorial Stadium (Bloomington, IN)","84","Indiana","fbs","Big Ten","24","7,7,10,0","0.13901245594024658","1595","1586","2132","Cincinnati","fbs","American Athletic","38","0,10,13,15","0.8609875440597534","1837","1846","6.7221726802302","","",""
"401282078","2021","3","regular","2021-09-18T16:00:00.000Z","false","true","false","false","80053","3853","Neyland Stadium","2633","Tennessee","fbs","SEC","56","14,14,21,7","0.9922066926956177","","","2635","Tennessee Tech","fcs","OVC","0","0,0,0,0","0.007793307304382324","","","2.1754204743500436","","",""
"401282633","2021","3","regular","2021-09-18T16:00:00.000Z","false","true","false","false","30156","1964","JMA Wireless Dome","183","Syracuse","fbs","ACC","62","21,24,10,7","0.9989650869352081","","","399","UAlbany","fcs","CAA","24","10,0,0,14","0.0010349130647918647","","","1.4271645067","","",""
"401282079","2021","3","regular","2021-09-18T16:00:00.000Z","false","true","false","false","84748","3795","Kyle Field","245","Texas A&M","fbs","SEC","34","14,10,10,0","0.9779608845710754","1778","1817","167","New Mexico","fbs","Mountain West","0","0,0,0,0","0.02203911542892456","1315","1276","2.06625670663161","","",""
"401282077","2021","3","regular","2021-09-18T16:00:00.000Z","false","true","false","false","46598","3838","Memorial Stadium","142","Missouri","fbs","SEC","59","21,17,14,7","1","","","2546","Southeast Missouri State","fcs","OVC","28","0,0,7,21","0","","","1.8801769553955576","","",""
"401282632","2021","3","regular","2021-09-18T16:00:00.000Z","false","true","false","false","40581","3752","Acrisure Stadium","221","Pittsburgh","fbs","ACC","41","7,20,7,7","0","1616","1600","2711","Western Michigan","fbs","Mid-American","44","14,13,7,10","1","1429","1445","9.975971640083243","","",""
"401282791","2021","3","regular","2021-09-18T17:00:00.000Z","false","true","false","false","47482","3726","Folsom Field","38","Colorado","fbs","Pac-12","0","0,0,0,0","0.006067940033972263","1460","1391","135","Minnesota","fbs","Big Ten","30","0,13,7,10","0.9939320599660277","1579","1648","3.2888202463270266","","",""
"401287905","2021","3","regular","2021-09-18T18:00:00.000Z","false","true","false","false","48768","3636","Bill Snyder Family Stadium","2306","Kansas State","fbs","Big 12","38","7,10,0,21","0.9948325753211975","1497","1547","2440","Nevada","fbs","Mountain West","17","7,0,10,0","0.00516742467880249","1495","1445","3.890738999736723","","",""
"401282706","2021","3","regular","2021-09-18T18:30:00.000Z","false","true","false","false","74341","3855","Notre Dame Stadium","87","Notre Dame","fbs","FBS Independents","27","0,10,7,10","0.9601534605026245","1761","1774","2509","Purdue","fbs","Big Ten","13","3,0,10,0","0.03984653949737549","1583","1570","4.200824252216013","","",""
"401282755","2021","3","regular","2021-09-18T19:30:00.000Z","false","true","false","false","61932","3793","Kinnick Stadium","2294","Iowa","fbs","Big Ten","30","9,7,7,7","0.9795780777931213","1875","1883","2309","Kent State","fbs","Mid-American","7","7,0,0,0","0.020421922206878662","1394","1386","3.655177274380536","","",""
"401309852","2021","3","regular","2021-09-18T19:30:00.000Z","false","true","false","true","24714","3820","Gesa Field","265","Washington State","fbs","Pac-12","14","7,7,0,0","0.31881648302078247","1494","1422","30","USC","fbs","Pac-12","45","0,7,28,10","0.6811835169792175","1616","1688","4.092034911837738","","",""
"401282071","2021","3","regular","2021-09-18T19:30:00.000Z","false","true","false","true","90887","3634","Ben Hill Griffin Stadium","57","Florida","fbs","SEC","29","3,6,14,6","0.5034713745117188","1727","1744","333","Alabama","fbs","SEC","31","21,0,7,3","0.49652862548828125","2121","2104","6.102875966958864","","",""
"401282627","2021","3","regular","2021-09-18T19:30:00.000Z","false","true","false","true","81500","3836","Memorial Stadium (Clemson, SC)","228","Clemson","fbs","ACC","14","7,0,0,7","0.7563668489456177","1924","1907","59","Georgia Tech","fbs","ACC","8","0,3,0,5","0.24363315105438232","1366","1383","3.7541482587231867","","",""
"401282810","2021","3","regular","2021-09-18T19:30:00.000Z","false","true","false","false","76540","3861","Ohio Stadium","194","Ohio State","fbs","Big Ten","41","3,10,14,14","0.9932148456573486","1878","1893","202","Tulsa","fbs","American Athletic","20","3,3,7,7","0.006785154342651367","1525","1510","3.980296110774102","","",""
"401309550","2021","3","regular","2021-09-18T19:30:00.000Z","false","true","false","false","8779","3768","InfoCision Stadium","2006","Akron","fbs","Mid-American","35","7,7,0,21","0.9940140247344971","","","2803","Bryant","fcs","NEC","14","0,7,7,0","0.00598597526550293","","","3.3163464334009585","","",""
"401282823","2021","3","regular","2021-09-18T19:30:00.000Z","false","true","false","false","40129","6577","SHI Stadium","164","Rutgers","fbs","Big Ten","45","7,28,3,7","0.9566060304641724","","","48","Delaware","fcs","CAA","13","0,10,3,0","0.04339396953582764","","","3.3107203370694984","","",""
"401282635","2021","3","regular","2021-09-18T19:30:00.000Z","false","true","false","true","29564","3630","Allegacy Federal Credit Union Stadium","154","Wake Forest","fbs","ACC","35","14,13,8,0","0.9292699098587036","1580","1609","52","Florida State","fbs","ACC","14","7,7,0,0","0.07073009014129639","1374","1345","2.7853109567492953","","",""
"401282199","2021","3","regular","2021-09-18T19:30:00.000Z","false","true","false","false","15326","3776","Joe Aillet Stadium","2348","Louisiana Tech","fbs","Conference USA","37","7,7,14,9","0.05243222415447235","1342","1350","2567","SMU","fbs","American Athletic","39","7,9,17,6","0.9475677758455276","1553","1545","7.717048170103746","","",""
"401287904","2021","3","regular","2021-09-18T19:30:00.000Z","false","true","false","true","23218","3833","Memorial Stadium","2305","Kansas","fbs","Big 12","7","0,7,0,0","0","1142","1080","239","Baylor","fbs","Big 12","45","7,7,14,17","1","1523","1585","3.139113978375937","","",""
"401286300","2021","3","regular","2021-09-18T19:30:00.000Z","false","true","false","false","7012","3985","Warren McGuirk Alumni Stadium","113","Massachusetts","fbs","FBS Independents","28","0,7,7,14","0.019611919298768044","1002","1005","2199","Eastern Michigan","fbs","Mid-American","42","14,7,7,14","0.980388080701232","1386","1383","2.883469066020502","","",""
"401309604","2021","3","regular","2021-09-18T19:30:00.000Z","false","true","false","false","30224","3792","Kidd Brewer Stadium","2026","App State","fbs","Sun Belt","44","7,6,14,17","0.9922709465026855","","","2210","Elon","fcs","CAA","10","3,0,7,0","0.007729053497314453","","","3.045046656424871","","",""
"401309851","2021","3","regular","2021-09-18T19:30:00.000Z","false","true","false","false","26797","3893","Reser Stadium","204","Oregon State","fbs","Pac-12","42","14,14,14,0","0.994583010673523","","","70","Idaho","fcs","Big Sky","0","0,0,0,0","0.005416989326477051","","","2.019397334777088","","",""
"401308843","2021","3","regular","2021-09-18T19:30:00.000Z","false","true","false","false","12036","3996","Yager Stadium","193","Miami (OH)","fbs","Mid-American","42","7,14,14,7","0.9989458765649915","","","2341","Long Island University","fcs","NEC","7","0,7,0,0","0.001054123435008547","","","3.6461537147","","",""
"401282069","2021","3","regular","2021-09-18T20:00:00.000Z","false","true","false","false","66311","3887","Razorback Stadium","8","Arkansas","fbs","SEC","45","14,10,14,7","0.9671581387519836","1550","1638","290","Georgia Southern","fbs","Sun Belt","10","0,10,0,0","0.03284186124801636","1470","1382","2.232235261037365","","",""
"401309549","2021","3","regular","2021-09-18T20:00:00.000Z","false","true","false","false","23467","3984","War Memorial Stadium","2751","Wyoming","fbs","Mountain West","45","10,21,0,14","0.9870392084121704","1551","1634","2050","Ball State","fbs","Mid-American","12","0,0,6,6","0.01296079158782959","1491","1408","2.7085903861307616","","",""
"401282076","2021","3","regular","2021-09-18T20:00:00.000Z","false","true","false","false","43461","3805","Simmons Bank Liberty Stadium","235","Memphis","fbs","American Athletic","31","7,0,7,17","0.3999474048614502","1551","1552","344","Mississippi State","fbs","SEC","29","3,14,0,12","0.6000525951385498","1541","1540","7.511869001193241","","",""
"401282628","2021","3","regular","2021-09-18T20:00:00.000Z","false","true","false","false","12323","3982","Wallace Wade Stadium","150","Duke","fbs","ACC","30","21,9,0,0","0.9025517702102661","1295","1322","77","Northwestern","fbs","Big Ten","23","0,7,13,3","0.09744822978973389","1574","1547","3.0975740947249597","","",""
"401309553","2021","3","regular","2021-09-18T20:00:00.000Z","false","true","false","false","21365","3739","Glass Bowl","2649","Toledo","fbs","Mid-American","6","0,3,3,0","0.04694050922989845","1446","1401","36","Colorado State","fbs","Mountain West","22","3,0,10,9","0.9530594907701015","1381","1426","6.258243058286573","","",""
"401309849","2021","3","regular","2021-09-18T20:00:00.000Z","false","true","false","false","31982","3831","California Memorial Stadium","25","California","fbs","Pac-12","42","14,7,14,7","0.649036705493927","","","16","Sacramento State","fcs","Big Sky","30","6,0,14,10","0.350963294506073","","","3.1818536666342987","","",""
"401309605","2021","3","regular","2021-09-18T20:15:00.000Z","false","true","false","false","58772","3765","Husky Stadium","264","Washington","fbs","Pac-12","52","14,14,7,17","0.9858822226524353","1602","1719","2032","Arkansas State","fbs","Sun Belt","3","0,0,3,0","0.014117777347564697","1374","1257","2.7921487880613327","","",""
"401309551","2021","3","regular","2021-09-18T21:00:00.000Z","false","true","false","false","20097","3700","Doyt L. Perry Stadium","189","Bowling Green","fbs","Mid-American","27","7,3,10,7","1","","","93","Murray State","fcs","OVC","10","0,10,0,0","0","","","8.247576770376595","","",""
"401282200","2021","3","regular","2021-09-18T22:00:00.000Z","false","true","false","false","24833","3775","Joan C. Edwards Stadium","276","Marshall","fbs","Conference USA","38","10,14,14,0","0.724416196346283","1640","1616","151","East Carolina","fbs","American Athletic","42","7,14,0,21","0.27558380365371704","1391","1415","6.423767617766192","","",""
"401282198","2021","3","regular","2021-09-18T22:00:00.000Z","false","true","false","false","17132","3715","FAU Stadium","2226","Florida Atlantic","fbs","Conference USA","45","7,7,14,17","0.9879465699195862","","","2230","Fordham","fcs","Patriot","14","0,7,0,7","0.012053430080413818","","","3.9421648223992514","","",""
"401282194","2021","3","regular","2021-09-18T22:00:00.000Z","false","true","false","true","16202","3604","Alamodome","2636","UTSA","fbs","Conference USA","27","7,3,7,10","0.9662418365478516","1456","1470","2393","Middle Tennessee","fbs","Conference USA","13","0,0,0,13","0.03375816345214844","1290","1276","3.789390926037638","","",""
"401282201","2021","3","regular","2021-09-18T22:00:00.000Z","false","true","false","false","18471","3992","Williams Stadium (VA)","2335","Liberty","fbs","FBS Independents","45","14,14,14,3","0.9868233799934387","1570","1606","295","Old Dominion","fbs","Conference USA","17","3,14,0,0","0.01317662000656128","1242","1206","2.7964078869969407","","",""
"401282196","2021","3","regular","2021-09-18T23:00:00.000Z","false","true","false","false","12978","4246","Center Parc Stadium","2247","Georgia State","fbs","Sun Belt","20","0,7,6,7","0.9937252402305603","1260","1288","2429","Charlotte","fbs","Conference USA","9","0,7,2,0","0.006274759769439697","1366","1338","5.910114937899169","","",""
"401309856","2021","3","regular","2021-09-18T23:00:00.000Z","false","true","false","false","11090","3932","Qualcomm Stadium","21","San Diego State","fbs","Mountain West","33","3,7,14,0,7,0,2","0.7913902401924133","1614","1615","254","Utah","fbs","Pac-12","31","7,3,0,14,7,0,0","0.20860975980758667","1636","1635","5.889984059142665","","",""
"401301006","2021","3","regular","2021-09-18T23:00:00.000Z","false","true","false","false","29475","3886","Raymond James Stadium","58","South Florida","fbs","American Athletic","38","10,14,7,7","1","","","50","Florida A&M","fcs","SWAC","17","3,0,7,7","0","","","3.4775510358266923","","",""
"401282072","2021","3","regular","2021-09-18T23:00:00.000Z","false","true","false","true","92746","3917","Sanford Stadium","61","Georgia","fbs","SEC","40","14,12,14,0","0.981583297252655","1925","1938","2579","South Carolina","fbs","SEC","13","6,0,0,7","0.01841670274734497","1395","1382","2.6187482976688363","","",""
"401282203","2021","3","regular","2021-09-18T23:00:00.000Z","false","true","false","false","24242","3815","M. M. Roberts Stadium","2572","Southern Miss","fbs","Conference USA","9","3,0,0,6","0.05990362912416458","1289","1278","2653","Troy","fbs","Sun Belt","21","0,0,14,7","0.9400963708758354","1454","1465","5.033759961834446","","",""
"401301005","2021","3","regular","2021-09-18T23:00:00.000Z","false","true","false","false","22998","4728","TDECU Stadium","248","Houston","fbs","American Athletic","45","7,14,21,3","0.9934048056602478","","","2755","Grambling","fcs","SWAC","0","0,0,0,0","0.006595194339752197","","","2.1366616283779787","","",""
"401309609","2021","3","regular","2021-09-18T23:00:00.000Z","false","true","false","false","16107","3644","Bobcat Stadium (TX)","326","Texas State","fbs","Sun Belt","34","7,10,7,10","0.14475835859775543","","","2916","Incarnate Word","fcs","Southland","42","14,0,14,14","0.8552416414022446","","","7.768980808961905","","",""
"401282197","2021","3","regular","2021-09-18T23:00:00.000Z","false","true","false","false","50118","3784","Jones AT&T Stadium","2641","Texas Tech","fbs","Big 12","54","7,28,9,10","0.9989492630252097","1493","1566","2229","Florida International","fbs","Conference USA","21","7,7,7,0","0.0010507369747903006","1356","1283","2.5410941775","","",""
"401282631","2021","3","regular","2021-09-18T23:30:00.000Z","false","true","false","true","50500","3787","Kenan Stadium","153","North Carolina","fbs","ACC","59","21,3,21,14","0.9313146471977234","1778","1804","258","Virginia","fbs","ACC","39","7,21,3,8","0.06868535280227661","1569","1543","4.840580724934762","","",""
"401282074","2021","3","regular","2021-09-18T23:30:00.000Z","false","true","false","false","92547","3958","Tiger Stadium (LA)","99","LSU","fbs","SEC","49","21,14,7,7","0.9678676724433899","1646","1694","2117","Central Michigan","fbs","Mid-American","21","7,0,7,7","0.03213232755661011","1426","1378","2.1119531041865236","","",""
"401282630","2021","3","regular","2021-09-18T23:30:00.000Z","false","true","false","false","56919","3670","Carter-Finley Stadium","152","NC State","fbs","ACC","45","10,28,7,0","0.9885954856872559","","","231","Furman","fcs","Southern","7","0,0,7,0","0.01140451431274414","","","2.359731322695085","","",""
"401310704","2021","3","regular","2021-09-18T23:30:00.000Z","false","true","false","true","20264","3713","Falcon Stadium","2005","Air Force","fbs","Mountain West","45","10,14,14,7","0.6847099661827087","1632","1604","328","Utah State","fbs","Mountain West","49","7,6,21,15","0.31529003381729126","1336","1364","7.166294507858023","","",""
"401282070","2021","3","regular","2021-09-18T23:30:00.000Z","false","true","false","false","109958","3632","Beaver Stadium","213","Penn State","fbs","Big Ten","28","7,7,7,7","0.7280185222625732","1753","1764","2","Auburn","fbs","SEC","20","3,7,7,3","0.27198147773742676","1740","1729","5.11116768724217","","",""
"401282195","2021","3","regular","2021-09-18T23:30:00.000Z","false","true","false","true","17731","3825","DATCU Stadium","249","North Texas","fbs","Conference USA","6","0,0,0,6","0.007033464498817921","1263","1185","5","UAB","fbs","Conference USA","40","17,13,3,7","0.9929665355011821","1414","1492","2.911600721684601","","",""
"401309850","2021","3","regular","2021-09-18T23:30:00.000Z","false","true","false","false","42782","3626","Autzen Stadium","2483","Oregon","fbs","Pac-12","48","10,7,14,17","0.9820699095726013","","","2619","Stony Brook","fcs","CAA","7","7,0,0,0","0.01793009042739868","","","2.8247477633131393","","",""
"401309607","2021","3","regular","2021-09-19T00:00:00.000Z","false","true","false","false","21720","3817","Malone Stadium","2433","UL Monroe","fbs","Sun Belt","12","3,0,3,6","0.6699304224637153","","","2296","Jackson State","fcs","SWAC","7","0,7,0,0","0.33006957753628474","","","7.9911902847","","",""
"401319455","2021","3","regular","2021-09-19T00:00:00.000Z","false","true","false","false","11823","3601","Aggie Memorial Stadium","166","New Mexico State","fbs","FBS Independents","43","15,21,7,0","0.9922531843185425","","","2569","South Carolina State","fcs","MEAC","35","0,13,7,15","0.0077468156814575195","","","2.854556788749985","","",""
"401309608","2021","3","regular","2021-09-19T00:00:00.000Z","false","true","false","false","15204","6526","Hancock Whitney Stadium","6","South Alabama","fbs","Sun Belt","28","7,0,21,0","0.9587263464927673","","","2016","Alcorn State","fcs","SWAC","21","0,14,0,7","0.041273653507232666","","","5.059044510388754","","",""
"401282080","2021","3","regular","2021-09-19T00:00:00.000Z","false","true","false","false","21124","3973","FirstBank Stadium","238","Vanderbilt","fbs","SEC","23","7,7,3,6","0.009553718380630016","1240","1222","24","Stanford","fbs","Pac-12","41","14,13,7,7","0.99044628161937","1497","1515","4.927740943761852","","",""
"401282202","2021","3","regular","2021-09-19T00:00:00.000Z","false","true","false","false","91979","3910","DKR-Texas Memorial Stadium","251","Texas","fbs","Big 12","58","16,28,14,0","0.9989601962987479","1721","1840","242","Rice","fbs","Conference USA","0","0,0,0,0","0.0010398037012521177","1293","1174","1.2588635656","","",""
"401282075","2021","3","regular","2021-09-19T00:00:00.000Z","false","true","false","false","54198","3974","Vaught-Hemingway Stadium","145","Ole Miss","fbs","SEC","61","19,21,21,0","0.9977260828018188","1626","1739","2655","Tulane","fbs","American Athletic","21","7,14,0,0","0.0022739171981811523","1603","1490","3.623665197696429","","",""
"401287903","2021","3","regular","2021-09-19T01:00:00.000Z","false","true","false","false","36702","3653","Albertsons Stadium","68","Boise State","fbs","Mountain West","20","10,10,0,0","0.1415814608335495","1679","1677","197","Oklahoma State","fbs","Big 12","21","7,14,0,0","0.8584185391664505","1661","1663","5.260957726603136","","",""
"401309853","2021","3","regular","2021-09-19T02:00:00.000Z","false","true","false","false","33481","3619","Arizona Stadium","12","Arizona","fbs","Pac-12","19","10,3,0,6","0.38475579023361206","","","2464","Northern Arizona","fcs","Big Sky","21","0,7,7,7","0.6152442097663879","","","5.0589498827191575","","",""
"401309854","2021","3","regular","2021-09-19T02:15:00.000Z","false","true","false","false","61570","3801","LaVell Edwards Stadium","252","BYU","fbs","FBS Independents","27","7,14,0,6","0.5816260576248169","1814","1821","9","Arizona State","fbs","Pac-12","17","7,0,10,0","0.4183739423751831","1670","1663","4.4741136256877825","","",""
"401287906","2021","3","regular","2021-09-19T02:30:00.000Z","false","true","false","false","35193","6501","Allegiant Stadium","2439","UNLV","fbs","Mountain West","3","0,0,3,0","0.005004494916647673","1229","1166","66","Iowa State","fbs","Big 12","48","7,17,14,10","0.9949955050833523","1776","1839","2.0900948963352035","","",""
"401309855","2021","3","regular","2021-09-19T02:45:00.000Z","false","true","false","false","50698","1056","Rose Bowl","26","UCLA","fbs","Pac-12","37","7,3,7,20","0.55039381980896","1630","1621","278","Fresno State","fbs","Mountain West","40","6,17,3,14","0.44960618019104004","1564","1573","8.465962172831427","","",""
"401310705","2021","3","regular","2021-09-19T04:30:00.000Z","false","true","false","true","0","3610","Aloha Stadium","62","Hawai'i","fbs","Mountain West","13","7,0,6,0","0.7099155187606812","1343","1345","23","San José State","fbs","Mountain West","17","0,14,0,3","0.29008448123931885","1469","1467","6.692199153514273","","",""
"401282208","2021","4","regular","2021-09-23T23:30:00.000Z","false","true","false","false","28377","3792","Kidd Brewer Stadium","2026","App State","fbs","Sun Belt","31","7,14,0,10","0.3792229890823364","1664","1663","276","Marshall","fbs","Conference USA","30","6,14,10,0","0.6207770109176636","1616","1617","7.019752390497451","","",""
"401282204","2021","4","regular","2021-09-24T22:30:00.000Z","false","true","false","true","11076","4418","Jerry Richardson Stadium","2429","Charlotte","fbs","Conference USA","42","14,0,14,14","0.9394171190407301","1338","1338","2393","Middle Tennessee","fbs","Conference USA","39","7,10,7,15","0.06058288095926989","1276","1276","7.6733507814","","",""
"401282638","2021","4","regular","2021-09-24T23:00:00.000Z","false","true","false","true","38699","3923","Scott Stadium","258","Virginia","fbs","ACC","17","0,3,14,0","0","1543","1500","154","Wake Forest","fbs","ACC","37","10,10,14,3","1","1609","1652","4.401093148436345","","",""
"401282637","2021","4","regular","2021-09-25T00:00:00.000Z","false","true","false","false","29942","1964","JMA Wireless Dome","183","Syracuse","fbs","ACC","24","0,14,7,3","0.513002336025238","1420","1424","2335","Liberty","fbs","FBS Independents","21","0,7,7,7","0.48699766397476196","1606","1602","4.764061323648545","","",""
"401310707","2021","4","regular","2021-09-25T02:00:00.000Z","false","true","false","true","35093","3660","Valley Children's Stadium","278","Fresno State","fbs","Mountain West","38","0,9,13,16","0.9803592562675476","1573","1562","2439","UNLV","fbs","Mountain West","30","14,0,7,9","0.019640743732452393","1166","1177","5.819349588192564","","",""
"401301010","2021","4","regular","2021-09-25T16:00:00.000Z","false","true","false","false","20179","3806","Lincoln Financial Field","218","Temple","fbs","American Athletic","41","0,17,17,7","0.9922716021537781","","","2681","Wagner","fcs","NEC","7","7,0,0,0","0.007728397846221924","","","3.105834380347276","","",""
"401282645","2021","4","regular","2021-09-25T16:00:00.000Z","false","true","false","false","53174","3799","Lane Stadium","259","Virginia Tech","fbs","ACC","21","7,7,7,0","0.3462632894515991","","","257","Richmond","fcs","CAA","10","0,7,3,0","0.6537367105484009","","","3.348041078164483","","",""
"401282086","2021","4","regular","2021-09-25T16:00:00.000Z","false","true","false","false","44500","3615","Alumni Stadium (Chestnut Hill, MA)","103","Boston College","fbs","ACC","41","7,10,10,7,7","0.7673340439796448","1530","1538","142","Missouri","fbs","SEC","34","14,3,0,17,0","0.23266595602035522","1510","1502","8.879270030476956","","",""
"401282206","2021","4","regular","2021-09-25T16:00:00.000Z","false","true","false","false","18382","3786","Kelly/Shorts Stadium","2117","Central Michigan","fbs","Mid-American","31","0,10,0,21","0.6956149935722351","1378","1378","2229","Florida International","fbs","Conference USA","27","0,14,13,0","0.3043850064277649","1283","1283","7.595723608347036","","",""
"401282817","2021","4","regular","2021-09-25T16:00:00.000Z","false","true","false","false","105790","3632","Beaver Stadium","213","Penn State","fbs","Big Ten","38","7,10,14,7","0.9997571110725403","","","222","Villanova","fcs","CAA","17","3,0,0,14","0.0002428889274597168","","","3.0622877491269653","","",""
"401282644","2021","4","regular","2021-09-25T16:00:00.000Z","false","true","false","false","41048","3752","Acrisure Stadium","221","Pittsburgh","fbs","ACC","77","28,21,21,7","0.9880452752113342","","","160","New Hampshire","fcs","CAA","7","0,7,0,0","0.011954724788665771","","","2.3471453606342503","","",""
"401282792","2021","4","regular","2021-09-25T16:00:00.000Z","false","true","false","false","46236","3953","Huntington Bank Stadium","135","Minnesota","fbs","Big Ten","10","3,0,7,0","0.8693893551826477","1648","1592","189","Bowling Green","fbs","Mid-American","14","0,7,7,0","0.1306106448173523","1020","1076","5.985729504947827","","",""
"401282805","2021","4","regular","2021-09-25T16:00:00.000Z","false","true","false","false","27129","3911","Ryan Field","77","Northwestern","fbs","Big Ten","35","14,3,0,18","0.9981052875518799","1547","1607","195","Ohio","fbs","Mid-American","6","0,0,0,6","0.0018947124481201172","1407","1347","2.6560420732955707","","",""
"401282088","2021","4","regular","2021-09-25T16:00:00.000Z","false","true","false","true","32178","3973","FirstBank Stadium","238","Vanderbilt","fbs","SEC","0","0,0,0,0","0.0049030412919819355","1222","1127","61","Georgia","fbs","SEC","62","35,3,17,7","0.9950969587080181","1938","2033","2.5633720992295324","","",""
"401282707","2021","4","regular","2021-09-25T16:00:00.000Z","false","true","true","false","59571","3933","Soldier Field","275","Wisconsin","fbs","Big Ten","13","3,0,7,3","0.10479681193828583","1763","1696","87","Notre Dame","fbs","FBS Independents","41","0,10,0,31","0.8952031880617142","1774","1841","5.994969032071364","","",""
"401287911","2021","4","regular","2021-09-25T16:00:00.000Z","false","true","false","true","98349","3910","DKR-Texas Memorial Stadium","251","Texas","fbs","Big 12","70","14,28,21,7","0.9982383251190186","1840","1903","2641","Texas Tech","fbs","Big 12","35","0,14,14,7","0.0017616748809814453","1566","1503","3.0226649763427487","","",""
"401282085","2021","4","regular","2021-09-25T16:00:00.000Z","false","true","false","true","50298","3693","Davis Wade Stadium","344","Mississippi State","fbs","SEC","25","0,3,7,15","0.22551627457141876","1540","1545","99","LSU","fbs","SEC","28","7,0,14,7","0.7744837254285812","1694","1689","5.2759389582217775","","",""
"401287910","2021","4","regular","2021-09-25T16:00:00.000Z","false","true","false","false","46672","3616","Amon G. Carter Stadium","2628","TCU","fbs","Big 12","34","14,7,6,7","0.541076123714447","1644","1620","2567","SMU","fbs","American Athletic","42","14,7,14,7","0.458923876285553","1545","1569","6.209326869278215","","",""
"401308834","2021","4","regular","2021-09-25T16:00:00.000Z","false","true","false","false","24045","3841","Michie Stadium","349","Army","fbs","FBS Independents","23","7,10,0,6","0.9935384392738342","1639","1651","193","Miami (OH)","fbs","Mid-American","10","0,3,0,7","0.0064615607261657715","1376","1364","2.2152306590209054","","",""
"401310706","2021","4","regular","2021-09-25T16:00:00.000Z","false","true","false","true","23715","3905","Maverik Stadium","328","Utah State","fbs","Mountain West","3","0,0,0,3","0.06156604364514351","1364","1336","68","Boise State","fbs","Mountain West","27","10,0,7,10","0.9384339563548565","1677","1705","4.053373670115333","","",""
"401282642","2021","4","regular","2021-09-25T16:30:00.000Z","false","true","false","false","44019","3948","Hard Rock Stadium","2390","Miami","fbs","ACC","69","21,28,13,7","0.9924238920211792","","","2115","Central Connecticut","fcs","NEC","0","0,0,0,0","0.007576107978820801","","","1.5594749617787957","","",""
"401286301","2021","4","regular","2021-09-25T17:00:00.000Z","false","true","false","false","15261","3654","Brooks Stadium (SC)","324","Coastal Carolina","fbs","Sun Belt","53","13,23,14,3","0.9989683453651663","1654","1718","113","Massachusetts","fbs","FBS Independents","3","0,0,0,3","0.0010316546348336786","1005","941","1.050490396","","",""
"401309555","2021","4","regular","2021-09-25T18:00:00.000Z","false","true","false","true","14902","3919","Scheumann Stadium","2050","Ball State","fbs","Mid-American","12","6,3,0,3","0.09929764270782471","1408","1387","2649","Toledo","fbs","Mid-American","22","7,7,0,8","0.9007023572921753","1401","1422","5.576798217839938","","",""
"401309554","2021","4","regular","2021-09-25T18:00:00.000Z","false","true","false","false","12317","3980","Waldo Stadium","2711","Western Michigan","fbs","Mid-American","23","13,7,0,3","1","1445","1494","23","San José State","fbs","Mountain West","3","3,0,0,0","0","1467","1418","2.619792662651298","","",""
"401309557","2021","4","regular","2021-09-25T18:00:00.000Z","false","true","false","false","14253","3912","Rynearson Stadium","2199","Eastern Michigan","fbs","Mid-American","59","14,14,10,21","1","1383","1479","326","Texas State","fbs","Sun Belt","21","7,7,7,0","0","1290","1194","3.582472490416003","","",""
"401309556","2021","4","regular","2021-09-25T18:30:00.000Z","false","true","false","false","10076","3764","Huskie Stadium","2459","Northern Illinois","fbs","Mid-American","41","7,14,3,17","0.9820166230201721","","","311","Maine","fcs","CAA","14","7,7,0,0","0.01798337697982788","","","3.5669626541916823","","",""
"401309861","2021","4","regular","2021-09-25T18:30:00.000Z","false","true","false","true","51483","587","Rice-Eccles Stadium","254","Utah","fbs","Pac-12","24","0,7,3,14","0.9906033873558044","1635","1639","265","Washington State","fbs","Pac-12","13","0,6,7,0","0.009396612644195557","1422","1418","6.696880208773035","","",""
"401282756","2021","4","regular","2021-09-25T19:30:00.000Z","false","true","false","false","65456","3793","Kinnick Stadium","2294","Iowa","fbs","Big Ten","24","0,7,14,3","0.8019399642944336","1883","1870","36","Colorado State","fbs","Mountain West","14","0,14,0,0","0.1980600357055664","1426","1439","5.76574385845396","","",""
"401282716","2021","4","regular","2021-09-25T19:30:00.000Z","false","true","false","true","52840","3907","Ross-Ade Stadium","2509","Purdue","fbs","Big Ten","13","6,0,0,7","0.5785006284713745","1570","1566","356","Illinois","fbs","Big Ten","9","0,3,3,3","0.4214993715286255","1339","1343","5.598778468196925","","",""
"401282213","2021","4","regular","2021-09-25T19:30:00.000Z","false","true","false","false","29264","3805","Simmons Bank Liberty Stadium","235","Memphis","fbs","American Athletic","28","21,0,7,0","0.4311213493347168","1552","1542","2636","UTSA","fbs","Conference USA","31","0,7,7,17","0.5688786506652832","1470","1480","5.612515214891128","","",""
"401282775","2021","4","regular","2021-09-25T19:30:00.000Z","false","true","false","true","106943","3558","Michigan Stadium","130","Michigan","fbs","Big Ten","20","7,13,0,0","1","1824","1818","164","Rutgers","fbs","Big Ten","13","3,0,7,3","0","1536","1542","3.2028082925657366","","",""
"401282640","2021","4","regular","2021-09-25T19:30:00.000Z","false","true","false","true","50964","3697","Doak Campbell Stadium","52","Florida State","fbs","ACC","23","0,13,7,3","0.04663829505443573","1345","1344","97","Louisville","fbs","ACC","31","17,14,0,0","0.9533617049455643","1527","1528","4.822697753302973","","",""
"401310709","2021","4","regular","2021-09-25T19:30:00.000Z","false","true","false","false","7619","538","StubHub Center","21","San Diego State","fbs","Mountain West","48","7,14,24,3","0.9654004573822021","","","119","Towson","fcs","CAA","21","7,7,0,7","0.03459954261779785","","","4.196799937650711","","",""
"401282643","2021","4","regular","2021-09-25T19:30:00.000Z","false","true","false","true","56919","3670","Carter-Finley Stadium","152","NC State","fbs","ACC","27","7,0,7,0,7,6","0.9025352597236633","1532","1560","228","Clemson","fbs","ACC","21","7,0,0,7,7,0","0.09746474027633667","1907","1879","8.491995286989763","","",""
"401287907","2021","4","regular","2021-09-25T19:30:00.000Z","false","true","false","true","42539","4727","McLane Stadium","239","Baylor","fbs","Big 12","31","7,14,7,3","0.706059992313385","1585","1589","66","Iowa State","fbs","Big 12","29","7,6,10,6","0.293940007686615","1839","1835","6.156616819900773","","",""
"401282082","2021","4","regular","2021-09-25T19:30:00.000Z","false","true","true","true","57992","3687","AT&T Stadium","8","Arkansas","fbs","SEC","20","10,7,0,3","0.959143340587616","1638","1677","245","Texas A&M","fbs","SEC","10","0,3,7,0","0.04085665941238403","1817","1778","2.919541597512384","","",""
"401286190","2021","4","regular","2021-09-25T19:30:00.000Z","false","true","false","false","12538","3892","Pratt & Whitney Stadium","41","UConn","fbs","FBS Independents","22","10,3,0,9","0.020043255761265755","1006","1033","2751","Wyoming","fbs","Mountain West","24","0,3,7,14","0.9799567442387342","1634","1607","4.984847772925179","","",""
"401282765","2021","4","regular","2021-09-25T19:30:00.000Z","false","true","false","false","30117","3665","SECU Stadium","120","Maryland","fbs","Big Ten","37","7,17,13,0","0.981545627117157","1397","1446","2309","Kent State","fbs","Mid-American","16","6,3,0,7","0.018454372882843018","1386","1337","3.4331374914517174","","",""
"401282639","2021","4","regular","2021-09-25T20:00:00.000Z","false","true","false","false","19128","3982","Wallace Wade Stadium","150","Duke","fbs","ACC","52","7,14,21,10","0.9442391395568848","1322","1342","2305","Kansas","fbs","Big 12","33","3,21,3,6","0.055760860443115234","1080","1060","5.58991567899916","","",""
"401282083","2021","4","regular","2021-09-25T20:00:00.000Z","false","true","false","false","86650","3785","Jordan-Hare Stadium","2","Auburn","fbs","SEC","34","6,6,7,15","0.7453088760375977","1729","1717","2247","Georgia State","fbs","Sun Belt","24","3,21,0,0","0.25469112396240234","1288","1300","6.926616906176043","","",""
"401301011","2021","4","regular","2021-09-25T21:00:00.000Z","false","true","false","false","14881","3674","Chapman Stadium","202","Tulsa","fbs","American Athletic","41","7,17,14,3","0.9987132814921362","1510","1506","2032","Arkansas State","fbs","Sun Belt","34","14,0,17,3","0.001286718507863771","1257","1261","4.4930064604","","",""
"401301007","2021","4","regular","2021-09-25T22:00:00.000Z","false","true","false","false","39218","3699","Dowdy-Ficklen Stadium","151","East Carolina","fbs","American Athletic","31","0,24,7,0","0.5229820013046265","","","2127","Charleston Southern","fcs","Big South","28","14,0,0,14","0.47701799869537354","","","4.711350026931695","","",""
"401309610","2021","4","regular","2021-09-25T22:00:00.000Z","false","true","false","true","17522","3608","Allen E. Paulson Stadium","290","Georgia Southern","fbs","Sun Belt","20","7,6,0,7","0.6262696981430054","1382","1390","309","Louisiana","fbs","Sun Belt","28","0,14,14,0","0.37373030185699463","1693","1685","5.512452507737965","","",""
"401309858","2021","4","regular","2021-09-25T22:00:00.000Z","false","true","false","true","47236","3940","Stanford Stadium","24","Stanford","fbs","Pac-12","24","0,7,7,10","0.061677289505365225","1515","1501","26","UCLA","fbs","Pac-12","35","14,7,0,14","0.9383227104946348","1621","1635","4.6617783538","","",""
"401282209","2021","4","regular","2021-09-25T22:00:00.000Z","false","true","false","false","18197","3918","S.B. Ballard Stadium","295","Old Dominion","fbs","Conference USA","34","7,0,14,13","0.4165046513080597","1206","1221","2084","Buffalo","fbs","Mid-American","35","7,28,0,0","0.5834953486919403","1563","1548","5.031330545404385","","",""
"401282210","2021","4","regular","2021-09-25T22:30:00.000Z","false","true","false","false","18326","3895","Rice Stadium","242","Rice","fbs","Conference USA","48","14,6,14,14","1","","","2640","Texas Southern","fcs","SWAC","34","0,6,7,21","0","","","2.4238096532363667","","",""
"401282084","2021","4","regular","2021-09-25T23:00:00.000Z","false","true","false","true","88478","3634","Ben Hill Griffin Stadium","57","Florida","fbs","SEC","38","10,7,14,7","1","1744","1779","2633","Tennessee","fbs","SEC","14","7,7,0,0","0","1517","1482","4.499267607749175","","",""
"401282205","2021","4","regular","2021-09-25T23:00:00.000Z","false","true","false","true","15488","3776","Joe Aillet Stadium","2348","Louisiana Tech","fbs","Conference USA","24","14,10,0,0","1","1350","1351","249","North Texas","fbs","Conference USA","17","0,7,0,10","0","1185","1184","2.808222802056738","","",""
"401282087","2021","4","regular","2021-09-25T23:00:00.000Z","false","true","false","true","77559","3994","Williams-Brice Stadium","2579","South Carolina","fbs","SEC","10","0,0,7,3","0.1861615777015686","1382","1387","96","Kentucky","fbs","SEC","16","7,3,3,3","0.8138384222984314","1598","1593","4.949914017775569","","",""
"401282784","2021","4","regular","2021-09-25T23:00:00.000Z","false","true","false","true","70332","3936","Spartan Stadium","127","Michigan State","fbs","Big Ten","23","0,13,0,7,3","0.5602991580963135","1554","1555","158","Nebraska","fbs","Big Ten","20","0,10,3,7,0","0.4397008419036865","1573","1572","6.568055788307866","","",""
"401287909","2021","4","regular","2021-09-25T23:00:00.000Z","false","true","false","true","51444","3646","Boone Pickens Stadium","197","Oklahoma State","fbs","Big 12","31","21,10,0,0","0.9720150828361511","1663","1674","2306","Kansas State","fbs","Big 12","20","10,3,7,0","0.027984917163848877","1547","1536","3.0374337660544484","","",""
"401301008","2021","4","regular","2021-09-25T23:00:00.000Z","false","true","false","true","25054","4728","TDECU Stadium","248","Houston","fbs","American Athletic","28","7,0,7,14","0.9980470538139343","1558","1553","2426","Navy","fbs","American Athletic","20","7,10,0,3","0.0019529461860656738","1260","1265","4.705596900001431","","",""
"401282081","2021","4","regular","2021-09-25T23:30:00.000Z","false","true","false","false","100077","3657","Bryant-Denny Stadium","333","Alabama","fbs","SEC","63","21,21,7,14","0.9960084557533264","2104","2145","2572","Southern Miss","fbs","Conference USA","14","0,7,0,7","0.003991544246673584","1278","1237","1.80722172163553","","",""
"401287908","2021","4","regular","2021-09-25T23:30:00.000Z","false","true","false","true","84353","3835","Memorial Stadium (Norman, OK)","201","Oklahoma","fbs","Big 12","16","7,0,3,6","0.7274698615074158","1863","1860","277","West Virginia","fbs","Big 12","13","7,3,3,0","0.27253013849258423","1543","1546","5.87871219672933","","",""
"401282811","2021","4","regular","2021-09-25T23:30:00.000Z","false","true","false","false","95178","3861","Ohio Stadium","194","Ohio State","fbs","Big Ten","59","14,24,14,7","0.9851008653640747","1893","1934","2006","Akron","fbs","Mid-American","7","7,0,0,0","0.014899134635925293","991","950","3.5655789068721484","","",""
"401282641","2021","4","regular","2021-09-25T23:30:00.000Z","false","true","true","true","37450","5348","Mercedes-Benz Stadium","59","Georgia Tech","fbs","ACC","45","0,13,14,18","1","1383","1503","153","North Carolina","fbs","ACC","22","7,0,7,8","0","1804","1684","4.229955878165115","","",""
"401282207","2021","4","regular","2021-09-26T00:00:00.000Z","false","true","false","false","19763","3713","Falcon Stadium","2005","Air Force","fbs","Mountain West","31","14,10,7,0","0.9978662133216858","1604","1660","2226","Florida Atlantic","fbs","Conference USA","7","0,7,0,0","0.002133786678314209","1575","1519","1.8770496330148783","","",""
"401282211","2021","4","regular","2021-09-26T00:00:00.000Z","false","true","false","false","16023","4729","Yulman Stadium","2655","Tulane","fbs","American Athletic","21","0,14,0,7","0.006795130670070648","1490","1477","5","UAB","fbs","Conference USA","28","7,14,7,0","0.9932048693299294","1492","1505","4.184731000623921","","",""
"401309611","2021","4","regular","2021-09-26T00:00:00.000Z","false","true","false","true","12766","3817","Malone Stadium","2433","UL Monroe","fbs","Sun Belt","29","7,3,10,9","0.9559217095375061","1058","1122","2653","Troy","fbs","Sun Belt","16","0,3,7,6","0.044078290462493896","1465","1401","3.0870771080971","","",""
"401282214","2021","4","regular","2021-09-26T00:00:00.000Z","false","true","false","false","25171","3796","Houchens Industries-L.T. Smith Stadium","98","Western Kentucky","fbs","Conference USA","31","0,14,10,7","0.5604697465896606","1401","1408","84","Indiana","fbs","Big Ten","33","14,9,3,7","0.43953025341033936","1586","1579","6.176150893942768","","",""
"401310708","2021","4","regular","2021-09-26T00:00:00.000Z","false","true","false","false","13932","3601","Aggie Memorial Stadium","166","New Mexico State","fbs","FBS Independents","21","3,10,0,8","0.0042155347764492035","1172","1140","62","Hawai'i","fbs","Mountain West","41","10,7,7,17","0.9957844652235508","1345","1377","6.410557675776439","","",""
"401282212","2021","4","regular","2021-09-26T01:00:00.000Z","false","true","false","false","15069","3946","Sun Bowl","2638","UTEP","fbs","Conference USA","20","0,3,14,3","0.9139948487281799","1221","1234","167","New Mexico","fbs","Mountain West","13","7,6,0,0","0.08600515127182007","1276","1263","4.722031084737151","","",""
"401309857","2021","4","regular","2021-09-26T01:30:00.000Z","false","true","false","true","60104","3765","Husky Stadium","264","Washington","fbs","Pac-12","31","7,14,3,0,7","0.6124690175056458","1719","1714","25","California","fbs","Pac-12","24","7,3,7,7,0","0.38753098249435425","1456","1461","5.966520596852121","","",""
"401301009","2021","4","regular","2021-09-26T02:15:00.000Z","false","true","false","false","60217","3801","LaVell Edwards Stadium","252","BYU","fbs","FBS Independents","35","21,7,7,0","0.9780120849609375","1821","1797","58","South Florida","fbs","American Athletic","27","0,6,14,7","0.0219879150390625","1149","1173","1.8900972732630712","","",""
"401309859","2021","4","regular","2021-09-26T02:30:00.000Z","false","true","false","true","50024","3626","Autzen Stadium","2483","Oregon","fbs","Pac-12","41","17,7,0,17","0.9945515990257263","1730","1738","12","Arizona","fbs","Pac-12","19","7,3,9,0","0.005448400974273682","1272","1264","3.872257345045719","","",""
"401309860","2021","4","regular","2021-09-26T02:30:00.000Z","false","true","false","true","51564","477","Los Angeles Memorial Coliseum","30","USC","fbs","Pac-12","27","7,10,0,10","0.010917704552412033","1688","1619","204","Oregon State","fbs","Pac-12","45","7,14,14,10","0.989082295447588","1471","1540","5.811973673752435","","",""
"401309862","2021","4","regular","2021-09-26T02:30:00.000Z","false","true","false","true","44803","3947","Mountain America Stadium","9","Arizona State","fbs","Pac-12","35","7,7,7,14","0.9977307555891679","1663","1688","38","Colorado","fbs","Pac-12","13","0,3,7,3","0.002269244410832094","1391","1366","2.9006721867","","",""
"401282646","2021","5","regular","2021-09-30T23:30:00.000Z","false","true","false","true","37269","3948","Hard Rock Stadium","2390","Miami","fbs","ACC","28","0,7,14,7","0.6919751167297363","1522","1518","258","Virginia","fbs","ACC","30","9,7,11,3","0.30802488327026367","1500","1504","6.5391008272659334","","",""
"401301012","2021","5","regular","2021-10-01T23:30:00.000Z","false","true","false","true","15890","3674","Chapman Stadium","202","Tulsa","fbs","American Athletic","10","0,3,0,7","0.0032408263068646193","1506","1410","248","Houston","fbs","American Athletic","45","14,14,7,10","0.9967591736931354","1553","1649","3.0885914587528704","","",""
"401282759","2021","5","regular","2021-10-02T00:00:00.000Z","false","true","false","true","45527","3665","SECU Stadium","120","Maryland","fbs","Big Ten","14","7,0,7,0","0.024550842121243477","1446","1392","2294","Iowa","fbs","Big Ten","51","3,31,10,7","0.9754491578787565","1870","1924","3.373758090729742","","",""
"401309912","2021","5","regular","2021-10-02T01:00:00.000Z","false","true","false","false","25240","3905","Maverik Stadium","328","Utah State","fbs","Mountain West","20","3,10,0,7","0.017604537308216095","1336","1345","252","BYU","fbs","FBS Independents","34","10,14,0,10","0.9823954626917839","1797","1788","4.17533455318814","","",""
"401282090","2021","5","regular","2021-10-02T16:00:00.000Z","false","true","false","true","92746","3917","Sanford Stadium","61","Georgia","fbs","SEC","37","21,3,3,10","0.9967981788460936","2033","2093","8","Arkansas","fbs","SEC","0","0,0,0,0","0.0032018211539064367","1677","1617","1.4536321771","","",""
"401282093","2021","5","regular","2021-10-02T16:00:00.000Z","false","true","false","true","45655","3838","Memorial Stadium","142","Missouri","fbs","SEC","24","3,7,7,7","0.0027594342827796936","1502","1386","2633","Tennessee","fbs","SEC","62","28,17,10,7","0.9972405657172203","1482","1598","3.0925286521415387","","",""
"401282219","2021","5","regular","2021-10-02T16:00:00.000Z","false","true","false","false","30559","3832","Memorial Stadium (Champaign, IL)","356","Illinois","fbs","Big Ten","24","3,7,14,0","0.9703368544578552","1343","1360","2429","Charlotte","fbs","Conference USA","14","7,7,0,0","0.029663145542144775","1338","1321","4.406535411258381","","",""
"401287915","2021","5","regular","2021-10-02T16:00:00.000Z","false","true","false","true","43337","3616","Amon G. Carter Stadium","2628","TCU","fbs","Big 12","27","14,3,3,7","0.5470786094665527","1620","1630","251","Texas","fbs","Big 12","32","13,10,3,6","0.45292139053344727","1903","1893","6.5750622079594505","","",""
"401286302","2021","5","regular","2021-10-02T16:00:00.000Z","false","true","false","false","9456","3985","Warren McGuirk Alumni Stadium","113","Massachusetts","fbs","FBS Independents","7","0,0,0,7","0.010098212398588657","941","891","2649","Toledo","fbs","Mid-American","45","7,24,7,7","0.9899017876014113","1422","1472","3.5234069729378024","","",""
"401282650","2021","5","regular","2021-10-02T16:00:00.000Z","false","true","false","true","45812","3787","Kenan Stadium","153","North Carolina","fbs","ACC","38","7,17,0,14","0.9221514463424683","1684","1727","150","Duke","fbs","ACC","7","0,0,7,0","0.07784855365753174","1342","1299","2.8045308946703615","","",""
"401309561","2021","5","regular","2021-10-02T16:00:00.000Z","false","true","false","true","17344","3965","UB Stadium","2084","Buffalo","fbs","Mid-American","17","7,0,3,7","0.0952180027961731","1548","1531","2711","Western Michigan","fbs","Mid-American","24","7,0,0,17","0.9047819972038269","1494","1511","5.397331786624729","","",""
"401282649","2021","5","regular","2021-10-02T16:00:00.000Z","false","true","false","true","36383","721","Bobby Dodd Stadium","59","Georgia Tech","fbs","ACC","21","7,7,7,0","0.014136905781924725","1503","1428","221","Pittsburgh","fbs","ACC","52","21,21,7,3","0.9858630942180753","1600","1675","3.3831256405340815","","",""
"401282776","2021","5","regular","2021-10-02T16:00:00.000Z","false","true","false","true","74855","347","Camp Randall Stadium","275","Wisconsin","fbs","Big Ten","17","0,10,0,7","0","1696","1656","130","Michigan","fbs","Big Ten","38","7,6,7,18","1","1818","1858","4.008210733844665","","",""
"401301015","2021","5","regular","2021-10-02T16:00:00.000Z","false","true","false","true","28573","3806","Lincoln Financial Field","218","Temple","fbs","American Athletic","34","0,17,7,10","0.7814165949821472","1177","1183","235","Memphis","fbs","American Athletic","31","3,14,6,8","0.21858340501785278","1542","1536","5.893969753465575","","",""
"401282793","2021","5","regular","2021-10-02T16:00:00.000Z","false","true","false","true","51111","3907","Ross-Ade Stadium","2509","Purdue","fbs","Big Ten","13","3,10,0,0","0.0498960018157959","1566","1555","135","Minnesota","fbs","Big Ten","20","7,3,7,3","0.9501039981842041","1592","1603","5.706476472890103","","",""
"401282651","2021","5","regular","2021-10-02T16:30:00.000Z","false","true","false","true","29077","3630","Allegacy Federal Credit Union Stadium","154","Wake Forest","fbs","ACC","37","10,10,7,10","0.1341511309146881","1652","1651","97","Louisville","fbs","ACC","34","10,7,0,17","0.8658488690853119","1528","1529","6.9812762330224984","","",""
"401309867","2021","5","regular","2021-10-02T18:00:00.000Z","false","true","false","true","48197","3726","Folsom Field","38","Colorado","fbs","Pac-12","14","0,7,7,0","0.03243047371506691","1366","1334","30","USC","fbs","Pac-12","37","10,10,10,7","0.9675695262849331","1619","1651","2.7328844706543727","","",""
"401309612","2021","5","regular","2021-10-02T18:00:00.000Z","false","true","false","true","14258","4246","Center Parc Stadium","2247","Georgia State","fbs","Sun Belt","16","0,6,3,7","0.0034158104099333286","1300","1263","2026","App State","fbs","Sun Belt","45","7,7,17,14","0.9965841895900667","1663","1700","3.9694566285668005","","",""
"401309558","2021","5","regular","2021-10-02T18:30:00.000Z","false","true","false","true","10034","3764","Huskie Stadium","2459","Northern Illinois","fbs","Mid-American","27","10,7,7,3","0.8149216771125793","1208","1234","2199","Eastern Michigan","fbs","Mid-American","20","0,3,14,3","0.18507832288742065","1479","1453","3.5060153011034285","","",""
"401309614","2021","5","regular","2021-10-02T18:30:00.000Z","false","true","false","true","18674","3654","Brooks Stadium (SC)","324","Coastal Carolina","fbs","Sun Belt","59","14,24,0,21","0.9918212890625","1718","1798","2433","UL Monroe","fbs","Sun Belt","6","3,0,3,0","0.0081787109375","1122","1042","2.5055492176102","","",""
"401282708","2021","5","regular","2021-10-02T18:30:00.000Z","false","true","false","false","77622","3855","Notre Dame Stadium","87","Notre Dame","fbs","FBS Independents","13","0,0,7,6","0.008437310345470905","1841","1818","2132","Cincinnati","fbs","American Athletic","24","0,17,0,7","0.9915626896545291","1846","1869","4.652250438099277","","",""
"401309560","2021","5","regular","2021-10-02T19:30:00.000Z","false","true","false","true","12616","3768","InfoCision Stadium","2006","Akron","fbs","Mid-American","17","0,10,7,0","0.04441637545824051","950","925","195","Ohio","fbs","Mid-American","34","3,7,7,17","0.9555836245417595","1347","1372","8.661386960112784","","",""
"401310711","2021","5","regular","2021-10-02T19:30:00.000Z","false","true","false","true","37426","3653","Albertsons Stadium","68","Boise State","fbs","Mountain West","31","14,7,3,7","0.22243468463420868","1705","1660","2440","Nevada","fbs","Mountain West","41","10,10,18,3","0.7775653153657913","1445","1490","6.923548504800152","","",""
"401301014","2021","5","regular","2021-10-02T19:30:00.000Z","false","true","false","true","33475","3699","Dowdy-Ficklen Stadium","151","East Carolina","fbs","American Athletic","52","17,14,0,21","0.9880566596984863","1415","1479","2655","Tulane","fbs","American Athletic","29","0,7,16,6","0.011943340301513672","1477","1413","2.8452497742511236","","",""
"401309562","2021","5","regular","2021-10-02T19:30:00.000Z","false","true","false","true","20537","3696","Dix Stadium","2309","Kent State","fbs","Mid-American","27","10,3,7,7","0.984591543674469","1337","1333","189","Bowling Green","fbs","Mid-American","20","3,3,14,0","0.015408456325531006","1076","1080","6.100971067043505","","",""
"401282648","2021","5","regular","2021-10-02T19:30:00.000Z","false","true","false","true","56609","3697","Doak Campbell Stadium","52","Florida State","fbs","ACC","33","3,13,7,10","0.6438421607017517","1344","1346","183","Syracuse","fbs","ACC","30","0,13,7,10","0.3561578392982483","1424","1422","6.982840914968506","","",""
"401309864","2021","5","regular","2021-10-02T19:30:00.000Z","false","true","false","true","31610","3940","Stanford Stadium","24","Stanford","fbs","Pac-12","31","10,7,0,7,7","0.33095553517341614","1501","1525","2483","Oregon","fbs","Pac-12","24","0,7,10,7,0","0.6690444648265839","1738","1714","7.616003496586627","","",""
"401287916","2021","5","regular","2021-10-02T19:30:00.000Z","false","true","false","true","54090","3842","Milan Puskar Stadium","277","West Virginia","fbs","Big 12","20","0,0,17,3","0.6970955729484558","1546","1539","2641","Texas Tech","fbs","Big 12","23","14,3,0,6","0.3029044270515442","1503","1510","4.715875437911092","","",""
"401282813","2021","5","regular","2021-10-02T19:30:00.000Z","false","true","false","true","51006","6577","SHI Stadium","164","Rutgers","fbs","Big Ten","13","6,0,0,7","0.017752312123775482","1542","1478","194","Ohio State","fbs","Big Ten","52","24,21,7,0","0.9822476878762245","1934","1998","2.904576268846435","","",""
"401287913","2021","5","regular","2021-10-02T19:30:00.000Z","false","true","false","true","47690","3636","Bill Snyder Family Stadium","2306","Kansas State","fbs","Big 12","31","7,3,7,14","0.023268844932317734","1536","1548","201","Oklahoma","fbs","Big 12","37","3,10,14,10","0.9767311550676823","1860","1848","4.248821254988353","","",""
"401308835","2021","5","regular","2021-10-02T19:30:00.000Z","false","true","false","true","15065","3996","Yager Stadium","193","Miami (OH)","fbs","Mid-American","28","14,0,0,14","0.9864682244224011","1371","1391","2117","Central Michigan","fbs","Mid-American","17","0,7,3,7","0.013531775577598881","1378","1358","7.7067243306","","",""
"401301013","2021","5","regular","2021-10-02T19:30:00.000Z","false","true","false","true","30871","3852","Navy-Marine Corps Memorial Stadium","2426","Navy","fbs","American Athletic","34","7,10,0,17","0.6148289442062378","1265","1280","2116","UCF","fbs","American Athletic","30","13,10,7,0","0.3851710557937622","1633","1618","5.845628669324199","","",""
"401282094","2021","5","regular","2021-10-02T19:30:00.000Z","false","true","false","false","60866","3994","Williams-Brice Stadium","2579","South Carolina","fbs","SEC","23","3,14,3,3","0.8884419798851013","1387","1402","2653","Troy","fbs","Sun Belt","14","0,7,7,0","0.11155802011489868","1401","1386","4.654088559869282","","",""
"401282089","2021","5","regular","2021-10-02T19:30:00.000Z","false","true","false","true","100077","3657","Bryant-Denny Stadium","333","Alabama","fbs","SEC","42","7,21,7,7","0.9938032031059265","2145","2155","145","Ole Miss","fbs","SEC","21","0,0,7,14","0.006196796894073486","1739","1729","2.0907173927255798","","",""
"401282215","2021","5","regular","2021-10-02T19:30:00.000Z","false","true","false","true","24726","3715","FAU Stadium","2226","Florida Atlantic","fbs","Conference USA","58","7,27,10,14","0.9921409487724304","1519","1593","2229","Florida International","fbs","Conference USA","21","7,14,0,0","0.00785905122756958","1283","1209","3.5812656454512886","","",""
"401309613","2021","5","regular","2021-10-02T20:00:00.000Z","false","true","false","true","16377","3608","Allen E. Paulson Stadium","290","Georgia Southern","fbs","Sun Belt","59","10,21,14,14","1","1390","1442","2032","Arkansas State","fbs","Sun Belt","33","3,16,0,14","0","1261","1209","5.464160337134768","","",""
"401301016","2021","5","regular","2021-10-02T20:00:00.000Z","false","true","false","true","23355","3735","Gerald J. Ford Stadium","2567","SMU","fbs","American Athletic","41","10,7,10,14","0.7216699562827772","1569","1587","58","South Florida","fbs","American Athletic","17","0,3,14,0","0.2783300437172228","1173","1155","2.0083850669","","",""
"401309559","2021","5","regular","2021-10-02T21:00:00.000Z","false","true","false","false","13713","3919","Scheumann Stadium","2050","Ball State","fbs","Mid-American","28","21,0,0,7","0.7645657062530518","1387","1432","349","Army","fbs","FBS Independents","16","0,14,0,2","0.23543429374694824","1644","1599","3.350754023139888","","",""
"401309863","2021","5","regular","2021-10-02T21:30:00.000Z","false","true","false","true","40286","3831","California Memorial Stadium","25","California","fbs","Pac-12","6","6,0,0,0","0.12059413641691208","1461","1422","265","Washington State","fbs","Pac-12","21","14,0,7,0","0.8794058635830879","1418","1457","4.0387164640082105","","",""
"401282220","2021","5","regular","2021-10-02T22:00:00.000Z","false","true","false","false","51064","3670","Carter-Finley Stadium","152","NC State","fbs","ACC","34","7,6,14,7","0.8596886992454529","1560","1558","2348","Louisiana Tech","fbs","Conference USA","27","0,10,3,14","0.14031130075454712","1351","1353","5.222148895194387","","",""
"401282222","2021","5","regular","2021-10-02T22:00:00.000Z","false","true","false","false","20154","3604","Alamodome","2636","UTSA","fbs","Conference USA","24","7,10,7,0","1","1480","1474","2439","UNLV","fbs","Mountain West","17","7,3,0,7","0","1177","1183","4.244878069167649","","",""
"401282091","2021","5","regular","2021-10-02T22:00:00.000Z","false","true","false","true","61632","3683","Kroger Field","96","Kentucky","fbs","SEC","20","7,0,6,7","0.4020591378211975","1593","1614","57","Florida","fbs","SEC","13","7,3,0,3","0.5979408621788025","1779","1758","4.759949970862686","","",""
"401282218","2021","5","regular","2021-10-02T22:30:00.000Z","false","true","false","true","16031","3895","Rice Stadium","242","Rice","fbs","Conference USA","24","7,3,14,0","0.8480093479156494","1174","1182","2572","Southern Miss","fbs","Conference USA","19","7,0,7,5","0.15199065208435059","1237","1229","3.8292955684912755","","",""
"401310710","2021","5","regular","2021-10-02T22:30:00.000Z","false","true","false","true","13158","3971","University Stadium (NM)","167","New Mexico","fbs","Mountain West","10","0,0,7,3","0","1263","1233","2005","Air Force","fbs","Mountain West","38","7,17,7,7","1","1660","1690","2.5287978978651817","","",""
"401287912","2021","5","regular","2021-10-02T23:00:00.000Z","false","true","false","true","60446","3772","Jack Trice Stadium","66","Iowa State","fbs","Big 12","59","28,10,14,7","0.9896026253700256","1835","1890","2305","Kansas","fbs","Big 12","7","0,0,7,0","0.010397374629974365","1060","1005","1.583726498906468","","",""
"401282095","2021","5","regular","2021-10-02T23:00:00.000Z","false","true","false","true","87973","3795","Kyle Field","245","Texas A&M","fbs","SEC","22","7,6,6,3","0.11656820774078369","1778","1755","344","Mississippi State","fbs","SEC","26","10,7,7,2","0.8834317922592163","1545","1568","5.831789528075907","","",""
"401287914","2021","5","regular","2021-10-02T23:00:00.000Z","false","true","false","true","52144","3646","Boone Pickens Stadium","197","Oklahoma State","fbs","Big 12","24","7,7,0,10","0.9115240573883057","1674","1685","239","Baylor","fbs","Big 12","14","0,0,7,7","0.08847594261169434","1589","1578","3.9412306686890117","","",""
"401282216","2021","5","regular","2021-10-02T23:00:00.000Z","false","true","false","true","15806","3725","Johnny ""Red"" Floyd Stadium","2393","Middle Tennessee","fbs","Conference USA","34","7,21,6,0","0.8624752759933472","1276","1302","276","Marshall","fbs","Conference USA","28","0,14,0,14","0.13752472400665283","1617","1591","4.249249784340826","","",""
"401282221","2021","5","regular","2021-10-02T23:00:00.000Z","false","true","false","false","37167","3803","Legion Field","5","UAB","fbs","Conference USA","12","3,0,0,9","0.007554169744253159","1505","1443","2335","Liberty","fbs","FBS Independents","36","0,3,21,12","0.9924458302557468","1602","1664","3.913611335684677","","",""
"401282223","2021","5","regular","2021-10-02T23:30:00.000Z","false","true","false","false","70075","3936","Spartan Stadium","127","Michigan State","fbs","Big Ten","48","21,21,3,3","0.9959781169891357","1555","1579","98","Western Kentucky","fbs","Conference USA","31","10,6,0,15","0.004021883010864258","1408","1384","2.8631501085857862","","",""
"401282729","2021","5","regular","2021-10-02T23:30:00.000Z","false","true","false","true","105951","3632","Beaver Stadium","213","Penn State","fbs","Big Ten","24","7,7,7,3","0.8400415182113647","1764","1804","84","Indiana","fbs","Big Ten","0","0,0,0,0","0.15995848178863525","1579","1539","2.600612616212702","","",""
"401282647","2021","5","regular","2021-10-02T23:30:00.000Z","false","true","false","true","79159","3836","Memorial Stadium (Clemson, SC)","228","Clemson","fbs","ACC","19","7,6,3,3","0.8734171390533447","1879","1871","103","Boston College","fbs","ACC","13","3,3,7,0","0.12658286094665527","1538","1546","5.180905166474817","","",""
"401282800","2021","5","regular","2021-10-02T23:30:00.000Z","false","true","false","true","87364","3834","Memorial Stadium (Lincoln, NE)","158","Nebraska","fbs","Big Ten","56","21,14,14,7","0.9952332377433777","1572","1729","77","Northwestern","fbs","Big Ten","7","7,0,0,0","0.0047667622566223145","1607","1450","1.9822567344788415","","",""
"401282096","2021","5","regular","2021-10-02T23:30:00.000Z","false","true","false","false","21218","3973","FirstBank Stadium","238","Vanderbilt","fbs","SEC","30","3,14,0,13","0.5740585923194885","1127","1126","41","UConn","fbs","FBS Independents","28","6,10,0,12","0.4259414076805115","1033","1034","6.328346246953514","","",""
"401309615","2021","5","regular","2021-10-03T00:00:00.000Z","false","true","false","true","16764","6526","Hancock Whitney Stadium","6","South Alabama","fbs","Sun Belt","18","0,6,6,6","0.39277878403663635","1323","1339","309","Louisiana","fbs","Sun Belt","20","14,6,0,0","0.6072212159633636","1685","1669","4.0140947666184115","","",""
"401309865","2021","5","regular","2021-10-03T01:00:00.000Z","false","true","false","true","33733","3893","Reser Stadium","204","Oregon State","fbs","Pac-12","27","0,14,3,10","0.8505238890647888","1540","1543","264","Washington","fbs","Pac-12","24","7,3,0,14","0.14947611093521118","1714","1711","5.518557032839313","","",""
"401282092","2021","5","regular","2021-10-03T01:00:00.000Z","false","true","false","true","97717","3958","Tiger Stadium (LA)","99","LSU","fbs","SEC","19","7,6,6,0","0.1583421528339386","1689","1682","2","Auburn","fbs","SEC","24","0,10,0,14","0.8416578471660614","1717","1724","5.099539100226461","","",""
"401282217","2021","5","regular","2021-10-03T01:00:00.000Z","false","true","false","true","11025","3946","Sun Bowl","2638","UTEP","fbs","Conference USA","28","3,14,3,8","1","1234","1243","295","Old Dominion","fbs","Conference USA","21","0,7,14,0","0","1221","1212","10.288452408669878","","",""
"401310713","2021","5","regular","2021-10-03T02:30:00.000Z","false","true","false","false","15803","3935","CEFCU Stadium","23","San José State","fbs","Mountain West","37","7,17,6,7","1","1418","1412","166","New Mexico State","fbs","FBS Independents","31","0,14,7,10","0","1140","1146","5.1389239832336235","","",""
"401309866","2021","5","regular","2021-10-03T02:30:00.000Z","false","true","false","true","40522","1056","Rose Bowl","26","UCLA","fbs","Pac-12","23","3,20,0,0","0","1635","1594","9","Arizona State","fbs","Pac-12","42","3,21,8,10","1","1688","1729","5.211418935508228","","",""
"401310712","2021","5","regular","2021-10-03T03:00:00.000Z","false","true","false","true","0","3610","Aloha Stadium","62","Hawai'i","fbs","Mountain West","27","10,0,0,17","0.7242692112922668","1377","1381","278","Fresno State","fbs","Mountain West","24","7,7,10,0","0.27573078870773315","1562","1558","6.260028281667773","","",""
"401309616","2021","6","regular","2021-10-07T23:30:00.000Z","false","true","false","true","12086","3625","Centennial Bank Stadium","2032","Arkansas State","fbs","Sun Belt","20","0,0,14,6","0.0048139505088329315","1209","1188","324","Coastal Carolina","fbs","Sun Belt","52","10,14,14,14","0.9951860494911671","1798","1819","3.205736918493545","","",""
"401301017","2021","6","regular","2021-10-07T23:30:00.000Z","false","true","false","true","15026","4729","Yulman Stadium","2655","Tulane","fbs","American Athletic","22","0,15,7,0","0.006591775920242071","1413","1393","248","Houston","fbs","American Athletic","40","14,3,9,14","0.9934082240797579","1649","1669","6.732787790547412","","",""
"401282224","2021","6","regular","2021-10-08T23:00:00.000Z","false","true","false","true","0","218","FIU Stadium","2229","Florida International","fbs","Conference USA","33","3,3,7,20","0.5387741923332214","1209","1193","2429","Charlotte","fbs","Conference USA","45","7,10,14,14","0.46122580766677856","1321","1337","4.880213561624627","","",""
"401301018","2021","6","regular","2021-10-08T23:00:00.000Z","false","true","false","true","37978","3854","Nippert Stadium","2132","Cincinnati","fbs","American Athletic","52","10,7,28,7","0.9878727197647095","1869","1926","218","Temple","fbs","American Athletic","3","0,3,0,0","0.012127280235290527","1183","1126","2.431632847046461","","",""
"401309868","2021","6","regular","2021-10-09T02:30:00.000Z","false","true","false","true","46192","3947","Mountain America Stadium","9","Arizona State","fbs","Pac-12","28","14,7,7,0","0.9481622576713562","1729","1750","24","Stanford","fbs","Pac-12","10","7,0,3,0","0.0518377423286438","1525","1504","3.381349426291057","","",""
"401309566","2021","6","regular","2021-10-09T16:00:00.000Z","false","true","false","true","17797","3700","Doyt L. Perry Stadium","189","Bowling Green","fbs","Mid-American","20","10,3,0,7","0.09239397197961807","1080","1031","2006","Akron","fbs","Mid-American","35","0,7,21,7","0.9076060280203819","948","997","3.695379040074056","","",""
"401287917","2021","6","regular","2021-10-09T16:00:00.000Z","false","true","false","true","43569","4727","McLane Stadium","239","Baylor","fbs","Big 12","45","21,7,14,3","0.9836505055427551","1578","1637","277","West Virginia","fbs","Big 12","20","7,3,3,7","0.016349494457244873","1539","1480","3.028100442968153","","",""
"401282102","2021","6","regular","2021-10-09T16:00:00.000Z","false","true","false","true","89437","3853","Neyland Stadium","2633","Tennessee","fbs","SEC","45","28,10,0,7","0.9915475845336914","1598","1639","2579","South Carolina","fbs","SEC","20","0,7,7,6","0.008452415466308594","1402","1361","2.313325567934286","","",""
"401287918","2021","6","regular","2021-10-09T16:00:00.000Z","false","true","true","true","92100","499","Cotton Bowl","251","Texas","fbs","Big 12","48","28,10,3,7","0.32244235277175903","1893","1882","201","Oklahoma","fbs","Big 12","55","7,13,10,25","0.677557647228241","1848","1859","5.30270208885192","","",""
"401282100","2021","6","regular","2021-10-09T16:00:00.000Z","false","true","false","true","60256","3974","Vaught-Hemingway Stadium","145","Ole Miss","fbs","SEC","52","0,21,10,21","0.7322954535484314","1729","1726","8","Arkansas","fbs","SEC","51","7,7,17,20","0.2677045464515686","1617","1620","9.38448686455236","","",""
"401309564","2021","6","regular","2021-10-09T16:00:00.000Z","false","true","false","true","21284","3739","Glass Bowl","2649","Toledo","fbs","Mid-American","20","0,14,0,6","0","1472","1455","2459","Northern Illinois","fbs","Mid-American","22","3,13,0,6","1","1234","1251","7.354177863050964","","",""
"401282769","2021","6","regular","2021-10-09T16:00:00.000Z","false","true","false","true","99277","3861","Ohio Stadium","194","Ohio State","fbs","Big Ten","66","14,21,21,10","0.9865632057189941","1998","2064","120","Maryland","fbs","Big Ten","17","3,7,7,0","0.01343679428100586","1392","1326","2.8058661611498024","","",""
"401282098","2021","6","regular","2021-10-09T16:00:00.000Z","false","true","false","true","86258","3634","Ben Hill Griffin Stadium","57","Florida","fbs","SEC","42","14,7,21,0","0.9889724850654602","1758","1801","238","Vanderbilt","fbs","SEC","0","0,0,0,0","0.011027514934539795","1126","1083","2.336610577658037","","",""
"401282788","2021","6","regular","2021-10-09T16:00:00.000Z","false","true","false","true","41117","6577","SHI Stadium","164","Rutgers","fbs","Big Ten","13","7,6,0,0","0.0947553813457489","1478","1445","127","Michigan State","fbs","Big Ten","31","7,14,7,3","0.9052446186542511","1579","1612","6.481506953085287","","",""
"401282652","2021","6","regular","2021-10-09T16:30:00.000Z","false","true","false","true","11849","3982","Wallace Wade Stadium","150","Duke","fbs","ACC","27","7,7,3,10","0.6948156952857971","1299","1301","59","Georgia Tech","fbs","ACC","31","14,3,7,7","0.3051843047142029","1428","1426","7.005342335830625","","",""
"401282226","2021","6","regular","2021-10-09T18:00:00.000Z","false","true","false","true","24172","3775","Joan C. Edwards Stadium","276","Marshall","fbs","Conference USA","20","3,3,0,7,7","0.620317280292511","1591","1581","295","Old Dominion","fbs","Conference USA","13","7,3,0,3,0","0.379682719707489","1212","1222","11.501172103259536","","",""
"401282653","2021","6","regular","2021-10-09T19:00:00.000Z","false","true","false","true","40320","3873","L&N Federal Credit Union Stadium","97","Louisville","fbs","ACC","33","10,0,20,3","0.9928069114685059","1529","1527","258","Virginia","fbs","ACC","34","10,3,0,21","0.007193088531494141","1504","1506","7.816130315192738","","",""
"401301021","2021","6","regular","2021-10-09T19:30:00.000Z","false","true","false","true","28563","3852","Navy-Marine Corps Memorial Stadium","2426","Navy","fbs","American Athletic","24","7,14,3,0","0.03662152215838432","1280","1289","2567","SMU","fbs","American Athletic","31","7,14,3,7","0.9633784778416157","1587","1578","5.460399815427503","","",""
"401309563","2021","6","regular","2021-10-09T19:30:00.000Z","false","true","false","true","11403","3980","Waldo Stadium","2711","Western Michigan","fbs","Mid-American","20","14,3,3,0","0.006522593554109335","1511","1434","2050","Ball State","fbs","Mid-American","45","7,10,7,21","0.9934774064458907","1432","1509","5.4301427542777505","","",""
"401282718","2021","6","regular","2021-10-09T19:30:00.000Z","false","true","false","true","40168","3832","Memorial Stadium (Champaign, IL)","356","Illinois","fbs","Big Ten","0","0,0,0,0","0","1360","1330","275","Wisconsin","fbs","Big Ten","24","3,7,14,0","1","1656","1686","2.611843037006649","","",""
"401309913","2021","6","regular","2021-10-09T19:30:00.000Z","false","true","false","false","63470","3801","LaVell Edwards Stadium","252","BYU","fbs","FBS Independents","17","10,0,0,7","0.042789116501808167","1788","1759","68","Boise State","fbs","Mountain West","26","3,17,3,3","0.9572108834981918","1660","1689","3.679794735507199","","",""
"401308836","2021","6","regular","2021-10-09T19:30:00.000Z","false","true","false","true","15664","3912","Rynearson Stadium","2199","Eastern Michigan","fbs","Mid-American","13","0,10,3,0","0.5846415758132935","1453","1452","193","Miami (OH)","fbs","Mid-American","12","6,0,3,3","0.41535842418670654","1391","1392","4.966361274037908","","",""
"401282655","2021","6","regular","2021-10-09T19:30:00.000Z","false","true","false","true","38554","1964","JMA Wireless Dome","183","Syracuse","fbs","ACC","37","7,14,6,7,3","0.3454491198062897","1422","1431","154","Wake Forest","fbs","ACC","40","3,14,9,8,6","0.6545508801937103","1651","1642","7.464984617778469","","",""
"401282654","2021","6","regular","2021-10-09T19:30:00.000Z","false","true","false","true","44805","3787","Kenan Stadium","153","North Carolina","fbs","ACC","25","10,0,7,8","0.03360419347882271","1727","1669","52","Florida State","fbs","ACC","35","0,21,14,0","0.9663958065211773","1346","1404","4.071394221631198","","",""
"401282229","2021","6","regular","2021-10-09T19:30:00.000Z","false","true","false","false","19935","3992","Williams Stadium (VA)","2335","Liberty","fbs","FBS Independents","41","14,10,10,7","0.9510554671287537","1654","1688","2393","Middle Tennessee","fbs","Conference USA","13","0,7,6,0","0.04894453287124634","1302","1268","2.6997868054083476","","",""
"401310715","2021","6","regular","2021-10-09T19:30:00.000Z","false","true","false","true","34780","5388","Canvas Stadium","36","Colorado State","fbs","Mountain West","32","10,6,10,6","0.9642606973648071","1439","1477","23","San José State","fbs","Mountain West","14","0,7,0,7","0.03573930263519287","1412","1374","2.717368750812874","","",""
"401282097","2021","6","regular","2021-10-09T19:30:00.000Z","false","true","false","true","87451","3785","Jordan-Hare Stadium","2","Auburn","fbs","SEC","10","3,0,7,0","0.0001408485695719719","1724","1702","61","Georgia","fbs","SEC","34","3,14,7,10","0.999859151430428","2093","2115","3.3961879033624545","","",""
"401309567","2021","6","regular","2021-10-09T19:30:00.000Z","false","true","false","true","20928","3876","Peden Stadium","195","Ohio","fbs","Mid-American","27","3,7,9,8","0.4492526948451996","1349","1345","2117","Central Michigan","fbs","Mid-American","30","7,6,7,10","0.5507473051548004","1358","1362","6.048841701088649","","",""
"401282225","2021","6","regular","2021-10-09T19:30:00.000Z","false","true","false","true","25191","3803","Legion Field","5","UAB","fbs","Conference USA","31","14,10,7,0","0.9642314910888672","1453","1504","2226","Florida Atlantic","fbs","Conference USA","14","7,7,0,0","0.03576850891113281","1593","1542","3.770768714689598","","",""
"401286191","2021","6","regular","2021-10-09T19:30:00.000Z","false","true","false","false","12765","3985","Warren McGuirk Alumni Stadium","113","Massachusetts","fbs","FBS Independents","27","7,0,3,17","0.9579690098762512","891","932","41","UConn","fbs","FBS Independents","13","10,0,0,3","0.04203099012374878","1034","993","4.839773613080834","","",""
"401282758","2021","6","regular","2021-10-09T20:00:00.000Z","false","true","false","true","69250","3793","Kinnick Stadium","2294","Iowa","fbs","Big Ten","23","3,7,3,10","0.9669857621192932","1924","1923","213","Penn State","fbs","Big Ten","20","14,3,3,0","0.03301423788070679","1804","1805","5.677953063255466","","",""
"401282101","2021","6","regular","2021-10-09T20:00:00.000Z","false","true","false","false","46985","3838","Memorial Stadium","142","Missouri","fbs","SEC","48","14,17,0,17","0.27316561505275616","1386","1395","249","North Texas","fbs","Conference USA","35","0,7,7,21","0.7268343849472438","1184","1175","2.041524156","","",""
"401309869","2021","6","regular","2021-10-09T20:00:00.000Z","false","true","false","true","24157","3820","Gesa Field","265","Washington State","fbs","Pac-12","31","0,3,14,14","0.9233936667442322","1457","1472","204","Oregon State","fbs","Pac-12","24","0,10,7,7","0.07660633325576782","1543","1528","6.688496026024745","","",""
"401301019","2021","6","regular","2021-10-09T22:00:00.000Z","false","true","false","true","41649","3652","FBC Mortgage Stadium","2116","UCF","fbs","American Athletic","20","0,3,7,10","0.46506866812705994","1618","1617","151","East Carolina","fbs","American Athletic","16","0,3,10,3","0.5349313318729401","1479","1480","6.560427205055729","","",""
"401309619","2021","6","regular","2021-10-09T23:00:00.000Z","false","true","false","true","16223","3644","Bobcat Stadium (TX)","326","Texas State","fbs","Sun Belt","33","7,0,3,14,7,0,0,2","0.12124069551071395","1194","1196","6","South Alabama","fbs","Sun Belt","31","0,17,0,7,7,0,0,0","0.8787593044892861","1339","1337","6.510622158","","",""
"401310714","2021","6","regular","2021-10-09T23:00:00.000Z","false","true","false","true","24832","3713","Falcon Stadium","2005","Air Force","fbs","Mountain West","24","7,7,7,3","1","1690","1701","2751","Wyoming","fbs","Mountain West","14","0,14,0,0","0","1607","1596","3.5306056444116396","","",""
"401282227","2021","6","regular","2021-10-09T23:00:00.000Z","false","true","false","true","26049","3815","M. M. Roberts Stadium","2572","Southern Miss","fbs","Conference USA","13","7,0,0,6","0.20258072018623352","1229","1201","2638","UTEP","fbs","Conference USA","26","7,7,7,5","0.7974192798137665","1243","1271","4.2926625791072","","",""
"401287919","2021","6","regular","2021-10-09T23:00:00.000Z","false","true","false","true","55821","3784","Jones AT&T Stadium","2641","Texas Tech","fbs","Big 12","31","7,3,14,7","0.002619112143293023","1510","1470","2628","TCU","fbs","Big 12","52","14,21,10,7","0.997380887856707","1630","1670","2.95309319682094","","",""
"401309565","2021","6","regular","2021-10-09T23:00:00.000Z","false","true","false","true","12105","3696","Dix Stadium","2309","Kent State","fbs","Mid-American","48","14,17,3,14","1","1333","1365","2084","Buffalo","fbs","Mid-American","38","0,10,28,0","0","1531","1499","5.783527374585114","","",""
"401309617","2021","6","regular","2021-10-09T23:00:00.000Z","false","true","false","true","25424","3975","Veterans Memorial Stadium (AL)","2653","Troy","fbs","Sun Belt","27","10,7,7,3","0.9053365588188171","1386","1388","290","Georgia Southern","fbs","Sun Belt","24","0,3,15,6","0.09466344118118286","1442","1440","5.951065311843663","","",""
"401282228","2021","6","regular","2021-10-09T23:00:00.000Z","false","true","false","true","15243","3796","Houchens Industries-L.T. Smith Stadium","98","Western Kentucky","fbs","Conference USA","46","10,14,13,9","0.07191437482833862","1384","1380","2636","UTSA","fbs","Conference USA","52","14,14,14,10","0.9280856251716614","1474","1478","8.390565969922262","","",""
"401282656","2021","6","regular","2021-10-09T23:30:00.000Z","false","true","false","true","65632","3799","Lane Stadium","259","Virginia Tech","fbs","ACC","29","7,6,9,7","0.1523182988166809","1571","1581","87","Notre Dame","fbs","FBS Independents","32","0,14,7,11","0.8476817011833191","1818","1808","6.852112237853527","","",""
"401282099","2021","6","regular","2021-10-09T23:30:00.000Z","false","true","false","true","61690","3683","Kroger Field","96","Kentucky","fbs","SEC","42","7,7,14,14","0.3756642938710676","1614","1671","99","LSU","fbs","SEC","21","0,0,7,14","0.6243357061289324","1682","1625","3.1627484081","","",""
"401282778","2021","6","regular","2021-10-09T23:30:00.000Z","false","true","false","true","87380","3834","Memorial Stadium (Lincoln, NE)","158","Nebraska","fbs","Big Ten","29","0,0,22,7","0.20925553143024445","1729","1732","130","Michigan","fbs","Big Ten","32","0,13,6,13","0.7907444685697556","1858","1855","7.072645412303543","","",""
"401309618","2021","6","regular","2021-10-10T00:00:00.000Z","false","true","false","true","9913","3817","Malone Stadium","2433","UL Monroe","fbs","Sun Belt","21","7,0,7,7","0.005563100799918175","1042","973","2247","Georgia State","fbs","Sun Belt","55","7,21,14,13","0.9944368992000818","1263","1332","3.7634260086690383","","",""
"401309871","2021","6","regular","2021-10-10T00:00:00.000Z","false","true","false","true","54088","477","Los Angeles Memorial Coliseum","30","USC","fbs","Pac-12","26","3,7,0,16","0","1651","1612","254","Utah","fbs","Pac-12","42","7,14,14,7","1","1639","1678","4.411357849529338","","",""
"401282103","2021","6","regular","2021-10-10T00:00:00.000Z","false","true","false","true","106815","3795","Kyle Field","245","Texas A&M","fbs","SEC","41","17,7,7,10","0.9284989237785339","1755","1762","333","Alabama","fbs","SEC","38","7,3,14,14","0.07150107622146606","2155","2148","6.625810617467178","","",""
"401301020","2021","6","regular","2021-10-10T01:00:00.000Z","false","true","false","true","17593","3674","Chapman Stadium","202","Tulsa","fbs","American Athletic","35","7,7,7,14","0.9484239816665649","1410","1424","235","Memphis","fbs","American Athletic","29","0,13,0,16","0.05157601833343506","1536","1522","6.970869690842307","","",""
"401310716","2021","6","regular","2021-10-10T01:00:00.000Z","false","true","false","true","8387","3932","Qualcomm Stadium","21","San Diego State","fbs","Mountain West","31","7,10,7,7","0.9963431358337402","1615","1635","167","New Mexico","fbs","Mountain West","7","0,0,7,0","0.0036568641662597656","1233","1213","2.6239941641244013","","",""
"401310717","2021","6","regular","2021-10-10T02:30:00.000Z","false","true","false","false","21448","3816","Mackay Stadium","2440","Nevada","fbs","Mountain West","55","3,28,21,3","0.9901279807090759","1490","1522","166","New Mexico State","fbs","FBS Independents","28","7,0,0,21","0.009872019290924072","1146","1114","3.833235447493515","","",""
"401309870","2021","6","regular","2021-10-10T02:30:00.000Z","false","true","false","true","43258","3619","Arizona Stadium","12","Arizona","fbs","Pac-12","16","3,10,3,0","0.01654835045337677","1264","1253","26","UCLA","fbs","Pac-12","34","7,7,10,10","0.9834516495466232","1594","1605","5.491710633229416","","",""
"401309620","2021","7","regular","2021-10-12T23:30:00.000Z","false","true","false","true","20066","3666","Cajun Field","309","Louisiana","fbs","Sun Belt","41","20,0,7,14","0.9701871275901794","1669","1746","2026","App State","fbs","Sun Belt","13","3,3,7,0","0.029812872409820557","1700","1623","2.360891908044406","","",""
"401301022","2021","7","regular","2021-10-14T23:30:00.000Z","false","true","false","true","30042","3805","Simmons Bank Liberty Stadium","235","Memphis","fbs","American Athletic","35","14,14,7,0","0.9992684125900269","1522","1540","2426","Navy","fbs","American Athletic","17","7,3,7,0","0.0007315874099731445","1289","1271","2.8850109801674715","","",""
"401309621","2021","7","regular","2021-10-14T23:30:00.000Z","false","true","false","true","16089","6526","Hancock Whitney Stadium","6","South Alabama","fbs","Sun Belt","41","10,21,7,3","0.9876339435577393","1337","1420","290","Georgia Southern","fbs","Sun Belt","14","0,8,3,3","0.012366056442260742","1440","1357","1.9503750472800012","","",""
"401282657","2021","7","regular","2021-10-15T23:00:00.000Z","false","true","false","true","36670","1964","JMA Wireless Dome","183","Syracuse","fbs","ACC","14","0,7,0,7","0.2437461018562317","1431","1451","228","Clemson","fbs","ACC","17","0,14,0,3","0.7562538981437683","1871","1851","6.153136967539042","","",""
"401282231","2021","7","regular","2021-10-15T23:00:00.000Z","false","true","false","true","13123","3825","DATCU Stadium","249","North Texas","fbs","Conference USA","21","0,7,0,14","0","1175","1146","276","Marshall","fbs","Conference USA","49","14,28,0,7","1","1581","1610","2.78976746066227","","",""
"401309872","2021","7","regular","2021-10-16T02:30:00.000Z","false","true","false","true","50008","3626","Autzen Stadium","2483","Oregon","fbs","Pac-12","24","3,7,0,14","0.9221039414405823","1714","1708","25","California","fbs","Pac-12","17","7,0,3,7","0.07789605855941772","1422","1428","6.800936431789567","","",""
"401310723","2021","7","regular","2021-10-16T02:30:00.000Z","false","true","false","true","17177","3935","CEFCU Stadium","23","San José State","fbs","Mountain West","13","0,3,0,3,7,0","0.620246171951294","1374","1382","21","San Diego State","fbs","Mountain West","19","0,6,0,0,7,6","0.37975382804870605","1635","1627","6.211036713676649","","",""
"401309571","2021","7","regular","2021-10-16T16:00:00.000Z","false","true","false","true","12909","3965","UB Stadium","2084","Buffalo","fbs","Mid-American","27","0,10,0,17","0.5446860790252686","1499","1495","195","Ohio","fbs","Mid-American","26","21,0,5,0","0.45531392097473145","1345","1349","5.356507402267385","","",""
"401282731","2021","7","regular","2021-10-16T16:00:00.000Z","false","true","false","true","50571","3830","Memorial Stadium (Bloomington, IN)","84","Indiana","fbs","Big Ten","15","3,6,0,6","0.13986915349960327","1539","1536","127","Michigan State","fbs","Big Ten","20","7,0,10,3","0.8601308465003967","1612","1615","5.909875751253271","","",""
"401286192","2021","7","regular","2021-10-16T16:00:00.000Z","false","true","false","false","18596","3892","Pratt & Whitney Stadium","41","UConn","fbs","FBS Independents","21","0,14,7,0","0.8798007965087891","839","","43","Yale","fcs","Ivy","15","0,0,9,6","0.12019920349121094","1789","","5.06692945262099","","",""
"401282106","2021","7","regular","2021-10-16T16:00:00.000Z","false","true","false","true","96012","3958","Tiger Stadium (LA)","99","LSU","fbs","SEC","49","0,21,14,14","0.9957795143127441","1625","1645","57","Florida","fbs","SEC","42","6,7,22,7","0.004220485687255859","1801","1781","6.264043771350922","","",""
"401301024","2021","7","regular","2021-10-16T16:00:00.000Z","false","true","false","true","21767","3886","Raymond James Stadium","58","South Florida","fbs","American Athletic","31","3,21,7,0","0.021385032683610916","1155","1166","202","Tulsa","fbs","American Athletic","32","3,17,0,12","0.9786149673163891","1424","1413","5.818753933665336","","",""
"401282807","2021","7","regular","2021-10-16T16:00:00.000Z","false","true","false","true","30218","3911","Ryan Field","77","Northwestern","fbs","Big Ten","21","7,7,0,7","0.9341790676116943","1450","1478","164","Rutgers","fbs","Big Ten","7","0,7,0,0","0.06582093238830566","1445","1417","4.215525842529457","","",""
"401282796","2021","7","regular","2021-10-16T16:00:00.000Z","false","true","false","true","45436","3953","Huntington Bank Stadium","135","Minnesota","fbs","Big Ten","30","7,14,0,9","0.74921053647995","1603","1620","158","Nebraska","fbs","Big Ten","23","3,6,7,7","0.25078946352005005","1732","1715","3.8271339197901635","","",""
"401301023","2021","7","regular","2021-10-16T16:00:00.000Z","false","true","false","true","37978","3854","Nippert Stadium","2132","Cincinnati","fbs","American Athletic","56","14,21,7,14","0.9956607222557068","1926","1985","2116","UCF","fbs","American Athletic","21","0,7,7,7","0.004339277744293213","1617","1558","2.2282874677417444","","",""
"401282104","2021","7","regular","2021-10-16T16:00:00.000Z","false","true","false","true","73370","3887","Razorback Stadium","8","Arkansas","fbs","SEC","23","3,7,13,0","0.03941720351576805","1620","1593","2","Auburn","fbs","SEC","38","7,7,14,10","0.960582796484232","1702","1729","5.839296354788078","","",""
"401287924","2021","7","regular","2021-10-16T16:00:00.000Z","false","true","false","true","99916","3910","DKR-Texas Memorial Stadium","251","Texas","fbs","Big 12","24","10,7,7,0","0","1882","1849","197","Oklahoma State","fbs","Big 12","32","3,10,3,16","1","1685","1718","5.054154515164063","","",""
"401282108","2021","7","regular","2021-10-16T16:00:00.000Z","false","true","false","true","48139","3838","Memorial Stadium","142","Missouri","fbs","SEC","14","0,7,7,0","0","1395","1380","245","Texas A&M","fbs","SEC","35","21,7,7,0","1","1762","1777","3.435236495937284","","",""
"401282660","2021","7","regular","2021-10-16T16:30:00.000Z","false","true","false","true","38489","3923","Scott Stadium","258","Virginia","fbs","ACC","48","10,24,7,7","0.9729267358779907","1506","1622","150","Duke","fbs","ACC","0","0,0,0,0","0.027073264122009277","1301","1185","2.89707417427464","","",""
"401309568","2021","7","regular","2021-10-16T18:00:00.000Z","false","true","false","true","15258","3912","Rynearson Stadium","2199","Eastern Michigan","fbs","Mid-American","31","0,14,3,14","0","1452","1443","2050","Ball State","fbs","Mid-American","38","14,3,7,14","1","1509","1518","5.111414836287334","","",""
"401308837","2021","7","regular","2021-10-16T18:30:00.000Z","false","true","false","true","11042","3996","Yager Stadium","193","Miami (OH)","fbs","Mid-American","34","14,7,13,0","0.9929795861244202","1392","1387","2006","Akron","fbs","Mid-American","21","0,7,0,14","0.007020413875579834","997","1002","2.647091822209134","","",""
"401309622","2021","7","regular","2021-10-16T19:00:00.000Z","false","true","false","true","15083","3644","Bobcat Stadium (TX)","326","Texas State","fbs","Sun Belt","28","7,7,14,0","0.019641555845737457","1196","1203","2653","Troy","fbs","Sun Belt","31","10,7,7,7","0.9803584441542625","1388","1381","6.303658729057667","","",""
"401310721","2021","7","regular","2021-10-16T19:30:00.000Z","false","true","false","true","20002","3984","War Memorial Stadium","2751","Wyoming","fbs","Mountain West","0","0,0,0,0","0.034580670297145844","1596","1551","278","Fresno State","fbs","Mountain West","17","7,0,7,3","0.9654193297028542","1558","1603","3.4481348153903446","","",""
"401282659","2021","7","regular","2021-10-16T19:30:00.000Z","false","true","false","true","50500","3787","Kenan Stadium","153","North Carolina","fbs","ACC","45","14,17,7,7","0.8698864579200745","1669","1668","2390","Miami","fbs","ACC","42","10,7,17,8","0.13011354207992554","1518","1519","5.522506510130352","","",""
"401282760","2021","7","regular","2021-10-16T19:30:00.000Z","false","true","false","true","69250","3793","Kinnick Stadium","2294","Iowa","fbs","Big Ten","7","0,7,0,0","0.06134410947561264","1923","1839","2509","Purdue","fbs","Big Ten","24","7,7,3,7","0.9386558905243874","1555","1639","4.641174288885004","","",""
"401309875","2021","7","regular","2021-10-16T19:30:00.000Z","false","true","false","true","49806","3726","Folsom Field","38","Colorado","fbs","Pac-12","34","3,3,21,7","0.9281487464904785","1334","1418","12","Arizona","fbs","Pac-12","0","0,0,0,0","0.07185125350952148","1253","1169","3.4899913005984664","","",""
"401309570","2021","7","regular","2021-10-16T19:30:00.000Z","false","true","false","true","7854","3764","Huskie Stadium","2459","Northern Illinois","fbs","Mid-American","34","0,21,10,3","0.647021472454071","1251","1250","189","Bowling Green","fbs","Mid-American","26","7,6,3,10","0.35297852754592896","1031","1032","3.5534344291673907","","",""
"401309572","2021","7","regular","2021-10-16T19:30:00.000Z","false","true","false","true","18716","3980","Waldo Stadium","2711","Western Michigan","fbs","Mid-American","64","17,6,27,14","1","1434","1516","2309","Kent State","fbs","Mid-American","31","7,10,6,8","0","1365","1283","3.8805218732076114","","",""
"401282234","2021","7","regular","2021-10-16T19:30:00.000Z","false","true","false","true","21514","3815","M. M. Roberts Stadium","2572","Southern Miss","fbs","Conference USA","0","0,0,0,0","0.006935775279998779","1201","1142","5","UAB","fbs","Conference USA","34","3,28,3,0","0.9930642247200012","1504","1563","2.434211238378041","","",""
"401282105","2021","7","regular","2021-10-16T19:30:00.000Z","false","true","false","true","92746","3917","Sanford Stadium","61","Georgia","fbs","SEC","30","0,14,10,6","0.9986784656131316","2115","2114","96","Kentucky","fbs","SEC","13","0,7,0,6","0.0013215343868684393","1671","1672","2.0607480725","","",""
"401287920","2021","7","regular","2021-10-16T19:30:00.000Z","false","true","false","false","48016","4727","McLane Stadium","239","Baylor","fbs","Big 12","38","3,14,14,7","0.8497503995895386","1637","1676","252","BYU","fbs","FBS Independents","24","0,7,7,10","0.15024960041046143","1759","1720","3.7057646330895926","","",""
"401309569","2021","7","regular","2021-10-16T19:30:00.000Z","false","true","false","true","20112","3786","Kelly/Shorts Stadium","2117","Central Michigan","fbs","Mid-American","26","7,10,3,3,3","0.7084998488426208","1362","1364","2649","Toledo","fbs","Mid-American","23","0,3,7,13,0","0.29150015115737915","1455","1453","4.568753631466009","","",""
"401282232","2021","7","regular","2021-10-16T19:30:00.000Z","false","true","false","true","16418","3918","S.B. Ballard Stadium","295","Old Dominion","fbs","Conference USA","20","0,3,3,14","0.1817222386598587","1222","1180","98","Western Kentucky","fbs","Conference USA","43","14,16,3,10","0.8182777613401413","1380","1422","2.9738104342969613","","",""
"401282661","2021","7","regular","2021-10-16T19:30:00.000Z","false","true","false","true","58314","3799","Lane Stadium","259","Virginia Tech","fbs","ACC","7","0,0,7,0","0.021087821573019028","1581","1538","221","Pittsburgh","fbs","ACC","28","7,14,7,0","0.978912178426981","1675","1718","3.2872730543392614","","",""
"401287921","2021","7","regular","2021-10-16T20:00:00.000Z","false","true","false","true","25106","3833","Memorial Stadium","2305","Kansas","fbs","Big 12","14","0,0,0,14","0.008683262392878532","1005","984","2641","Texas Tech","fbs","Big 12","41","7,17,14,3","0.9913167376071215","1470","1491","2.594852948690685","","",""
"401282109","2021","7","regular","2021-10-16T20:00:00.000Z","false","true","false","true","64695","3994","Williams-Brice Stadium","2579","South Carolina","fbs","SEC","21","14,0,0,7","0.9521074295043945","1361","1353","238","Vanderbilt","fbs","SEC","20","3,7,7,3","0.04789257049560547","1083","1091","5.881663972406484","","",""
"401282233","2021","7","regular","2021-10-16T22:00:00.000Z","false","true","false","true","27515","3604","Alamodome","2636","UTSA","fbs","Conference USA","45","17,14,14,0","0.9925881624221802","1478","1571","242","Rice","fbs","Conference USA","0","0,0,0,0","0.007411837577819824","1182","1089","1.8334890144252347","","",""
"401310720","2021","7","regular","2021-10-16T23:00:00.000Z","false","true","false","true","21322","6501","Allegiant Stadium","2439","UNLV","fbs","Mountain West","24","17,0,7,0","0.20523321628570557","1183","1187","328","Utah State","fbs","Mountain West","28","7,7,7,7","0.7947667837142944","1345","1341","7.199492525916677","","",""
"401282107","2021","7","regular","2021-10-16T23:00:00.000Z","false","true","false","true","53796","3693","Davis Wade Stadium","344","Mississippi State","fbs","SEC","9","3,3,3,0","0.01566266268491745","1568","1524","333","Alabama","fbs","SEC","49","14,7,14,14","0.9843373373150826","2148","2192","3.221373374683194","","",""
"401286296","2021","7","regular","2021-10-16T23:00:00.000Z","false","true","false","false","11546","3817","Malone Stadium","2433","UL Monroe","fbs","Sun Belt","31","0,0,28,3","0.4842410087585449","973","985","2335","Liberty","fbs","FBS Independents","28","0,14,0,14","0.5157589912414551","1688","1676","6.677474861158576","","",""
"401310719","2021","7","regular","2021-10-16T23:00:00.000Z","false","true","false","true","15403","3971","University Stadium (NM)","167","New Mexico","fbs","Mountain West","7","0,7,0,0","0","1213","1165","36","Colorado State","fbs","Mountain West","36","7,6,10,13","1","1477","1525","3.7118469596471124","","",""
"401282110","2021","7","regular","2021-10-16T23:30:00.000Z","false","true","false","true","102455","3853","Neyland Stadium","2633","Tennessee","fbs","SEC","26","9,3,7,7","0.29022812843322754","1639","1636","145","Ole Miss","fbs","SEC","31","10,14,7,0","0.7097718715667725","1726","1729","7.129944658636153","","",""
"401282658","2021","7","regular","2021-10-16T23:30:00.000Z","false","true","false","true","40349","3615","Alumni Stadium (Chestnut Hill, MA)","103","Boston College","fbs","ACC","7","7,0,0,0","0.01727917231619358","1546","1477","152","NC State","fbs","ACC","33","7,3,21,2","0.9827208276838064","1558","1627","3.870242390943178","","",""
"401287923","2021","7","regular","2021-10-16T23:30:00.000Z","false","true","false","true","84391","3835","Memorial Stadium (Norman, OK)","201","Oklahoma","fbs","Big 12","52","14,10,21,7","0.8608482480049133","1859","1889","2628","TCU","fbs","Big 12","31","7,7,10,7","0.13915175199508667","1670","1640","3.7648956107753477","","",""
"401309873","2021","7","regular","2021-10-16T23:30:00.000Z","false","true","false","true","26171","3820","Gesa Field","265","Washington State","fbs","Pac-12","34","0,20,7,7","0.8518602848052979","1472","1473","24","Stanford","fbs","Pac-12","31","13,3,0,15","0.14813971519470215","1504","1503","6.739182497858492","","",""
"401287922","2021","7","regular","2021-10-16T23:30:00.000Z","false","true","false","true","48363","3636","Bill Snyder Family Stadium","2306","Kansas State","fbs","Big 12","20","7,0,0,13","0.19160199165344238","1548","1549","66","Iowa State","fbs","Big 12","33","10,10,7,6","0.8083980083465576","1890","1889","3.7718848966678475","","",""
"401282826","2021","7","regular","2021-10-17T00:00:00.000Z","false","true","false","false","76314","347","Camp Randall Stadium","275","Wisconsin","fbs","Big Ten","20","0,13,0,7","0.6019602850022837","1686","1689","349","Army","fbs","FBS Independents","14","0,0,0,14","0.3980397149977163","1599","1596","3.0416957142","","",""
"401309874","2021","7","regular","2021-10-17T00:30:00.000Z","false","true","false","true","62266","3765","Husky Stadium","264","Washington","fbs","Pac-12","17","3,7,7,0","0.04294449836015701","1711","1689","26","UCLA","fbs","Pac-12","24","7,10,0,7","0.957055501639843","1605","1627","5.455384949743541","","",""
"401310718","2021","7","regular","2021-10-17T01:00:00.000Z","false","true","false","true","34446","3653","Albertsons Stadium","68","Boise State","fbs","Mountain West","17","7,7,0,3","0.10847465693950653","1689","1677","2005","Air Force","fbs","Mountain West","24","7,14,0,3","0.8915253430604935","1701","1713","5.402063801092739","","",""
"401282230","2021","7","regular","2021-10-17T01:00:00.000Z","false","true","false","true","18468","3946","Sun Bowl","2638","UTEP","fbs","Conference USA","19","14,2,3,0","0.9535694718360901","1271","1313","2348","Louisiana Tech","fbs","Conference USA","3","0,3,0,0","0.04643052816390991","1353","1311","2.618320418833951","","",""
"401309876","2021","7","regular","2021-10-17T02:00:00.000Z","false","true","false","true","51724","587","Rice-Eccles Stadium","254","Utah","fbs","Pac-12","35","7,0,14,14","0.8173395395278931","1678","1713","9","Arizona State","fbs","Pac-12","21","7,14,0,0","0.18266046047210693","1750","1715","5.644700249819693","","",""
"401310722","2021","7","regular","2021-10-17T02:30:00.000Z","false","true","false","true","22098","3816","Mackay Stadium","2440","Nevada","fbs","Mountain West","34","3,17,14,0","0.9885627627372742","1522","1546","62","Hawai'i","fbs","Mountain West","17","7,10,0,0","0.01143723726272583","1381","1357","4.979161926620162","","",""
"401309623","2021","8","regular","2021-10-20T23:30:00.000Z","false","true","false","true","31061","3792","Kidd Brewer Stadium","2026","App State","fbs","Sun Belt","30","0,14,13,3","0.42525219917297363","1623","1627","324","Coastal Carolina","fbs","Sun Belt","27","14,6,7,0","0.5747478008270264","1819","1815","5.792524209236504","","",""
"401282235","2021","8","regular","2021-10-21T23:30:00.000Z","false","true","false","true","13017","4418","Jerry Richardson Stadium","2429","Charlotte","fbs","Conference USA","9","3,6,0,0","0.003471621312201023","1337","1282","2226","Florida Atlantic","fbs","Conference USA","38","0,7,21,10","0.996528378687799","1542","1597","4.992666422355423","","",""
"401309624","2021","8","regular","2021-10-21T23:30:00.000Z","false","true","false","true","7138","3625","Centennial Bank Stadium","2032","Arkansas State","fbs","Sun Belt","27","0,10,17,0","0.3961390256881714","1188","1211","309","Louisiana","fbs","Sun Belt","28","0,14,14,0","0.6038609743118286","1746","1723","6.5141460661065285","","",""
"401301025","2021","8","regular","2021-10-21T23:30:00.000Z","false","true","false","true","22843","3735","Gerald J. Ford Stadium","2567","SMU","fbs","American Athletic","55","17,14,7,17","0.9925737380981445","1578","1633","2655","Tulane","fbs","American Athletic","26","7,0,12,7","0.007426261901855469","1393","1338","3.2114160431794514","","",""
"401310729","2021","8","regular","2021-10-22T03:00:00.000Z","false","true","false","true","19318","6501","Allegiant Stadium","2439","UNLV","fbs","Mountain West","20","7,10,3,0","0.7046671509742737","1187","1188","23","San José State","fbs","Mountain West","27","3,10,0,14","0.2953328490257263","1382","1381","5.449932913987225","","",""
"401282239","2021","8","regular","2021-10-22T22:00:00.000Z","false","true","false","false","10698","3892","Pratt & Whitney Stadium","41","UConn","fbs","FBS Independents","13","0,13,0,0","0.007173330523073673","993","940","2393","Middle Tennessee","fbs","Conference USA","44","3,21,10,10","0.9928266694769263","1268","1321","4.258947723233292","","",""
"401301026","2021","8","regular","2021-10-22T23:00:00.000Z","false","true","false","true","39328","3652","FBC Mortgage Stadium","2116","UCF","fbs","American Athletic","24","14,0,7,3","0.9985050559043884","1558","1594","235","Memphis","fbs","American Athletic","7","0,7,0,0","0.0014949440956115723","1540","1504","2.855227420365633","","",""
"401310725","2021","8","regular","2021-10-23T01:30:00.000Z","false","true","false","true","21423","3905","Maverik Stadium","328","Utah State","fbs","Mountain West","26","0,20,3,3","0.21604250371456146","1341","1344","36","Colorado State","fbs","Mountain West","24","0,14,0,10","0.7839574962854385","1525","1522","7.147736409548543","","",""
"401309877","2021","8","regular","2021-10-23T02:30:00.000Z","false","true","false","true","30880","3619","Arizona Stadium","12","Arizona","fbs","Pac-12","16","3,10,3,0","0.17536062002182007","1169","1193","264","Washington","fbs","Pac-12","21","0,0,7,14","0.8246393799781799","1689","1665","4.620058239881134","","",""
"401282779","2021","8","regular","2021-10-23T16:00:00.000Z","false","true","false","true","109449","3558","Michigan Stadium","130","Michigan","fbs","Big Ten","33","0,10,17,6","0.9994195699691772","1855","1881","77","Northwestern","fbs","Big Ten","7","0,7,0,0","0.0005804300308227539","1478","1452","3.199875013297567","","",""
"401301027","2021","8","regular","2021-10-23T16:00:00.000Z","false","true","false","true","32004","3852","Navy-Marine Corps Memorial Stadium","2426","Navy","fbs","American Athletic","20","7,3,0,10","0.10085491836071014","1271","1305","2132","Cincinnati","fbs","American Athletic","27","7,6,14,0","0.8991450816392899","1985","1951","5.631362700464159","","",""
"401282717","2021","8","regular","2021-10-23T16:00:00.000Z","false","true","false","true","105001","3632","Beaver Stadium","213","Penn State","fbs","Big Ten","18","7,3,0,0,3,3,0,0,0,0,0,2,0","0.30362293124198914","1805","1773","356","Illinois","fbs","Big Ten","20","0,7,0,3,3,3,0,0,0,0,0,2,2","0.6963770687580109","1330","1362","8.768579004601676","","",""
"401287928","2021","8","regular","2021-10-23T16:00:00.000Z","false","true","false","true","52874","3784","Jones AT&T Stadium","2641","Texas Tech","fbs","Big 12","24","14,10,0,0","0.019978290423750877","1491","1493","2306","Kansas State","fbs","Big 12","25","0,10,9,6","0.9800217095762491","1549","1547","4.395913274247964","","",""
"401282663","2021","8","regular","2021-10-23T16:00:00.000Z","false","true","false","false","51915","3697","Doak Campbell Stadium","52","Florida State","fbs","ACC","59","10,28,14,7","1","1404","1510","113","Massachusetts","fbs","FBS Independents","3","3,0,0,0","0","932","826","3.283578386096678","","",""
"401282662","2021","8","regular","2021-10-23T16:00:00.000Z","false","true","false","false","38019","3841","Michie Stadium","349","Army","fbs","FBS Independents","56","7,14,14,21","0.14869508147239685","1596","1568","154","Wake Forest","fbs","ACC","70","14,14,21,21","0.8513049185276031","1642","1670","6.896970135629018","","",""
"401287926","2021","8","regular","2021-10-23T16:00:00.000Z","false","true","false","true","26321","3833","Memorial Stadium","2305","Kansas","fbs","Big 12","23","7,3,7,6","0.14577968418598175","984","1027","201","Oklahoma","fbs","Big 12","35","0,0,14,21","0.8542203158140182","1889","1846","5.048694401722993","","",""
"401309577","2021","8","regular","2021-10-23T16:00:00.000Z","false","true","false","true","15232","3786","Kelly/Shorts Stadium","2117","Central Michigan","fbs","Mid-American","38","14,14,7,3","0.26027071475982666","1364","1357","2459","Northern Illinois","fbs","Mid-American","39","7,11,11,10","0.7397292852401733","1250","1257","5.83420637208186","","",""
"401309574","2021","8","regular","2021-10-23T16:00:00.000Z","false","true","false","true","10875","3700","Doyt L. Perry Stadium","189","Bowling Green","fbs","Mid-American","24","3,7,7,7","0.10808265746263532","1032","995","2199","Eastern Michigan","fbs","Mid-American","55","0,24,21,10","0.8919173425373647","1443","1480","4.3215701316","","",""
"401282112","2021","8","regular","2021-10-23T16:00:00.000Z","false","true","false","false","42576","3983","War Memorial Stadium (AR)","8","Arkansas","fbs","SEC","45","17,28,0,0","0.9905608296394348","1487","","2029","Arkansas-Pine Bluff","fcs","SWAC","3","0,0,0,3","0.009439170360565186","","","2.489755291797159","","",""
"401282668","2021","8","regular","2021-10-23T16:30:00.000Z","false","true","false","true","57941","3799","Lane Stadium","259","Virginia Tech","fbs","ACC","36","7,12,7,10","0.3056894838809967","1538","1523","183","Syracuse","fbs","ACC","41","7,6,7,21","0.6943105161190033","1451","1466","7.5361245475820064","","",""
"401309576","2021","8","regular","2021-10-23T17:00:00.000Z","false","true","false","true","15854","3876","Peden Stadium","195","Ohio","fbs","Mid-American","27","0,7,10,10","0.32125571370124817","1349","1331","2309","Kent State","fbs","Mid-American","34","10,7,14,3","0.6787442862987518","1283","1301","5.0873665423122265","","",""
"401309625","2021","8","regular","2021-10-23T18:00:00.000Z","false","true","false","true","16779","4246","Center Parc Stadium","2247","Georgia State","fbs","Sun Belt","28","7,7,7,7","0.9754834175109863","1332","1344","326","Texas State","fbs","Sun Belt","16","6,7,3,0","0.024516582489013672","1203","1191","4.90986708790032","","",""
"401282821","2021","8","regular","2021-10-23T19:00:00.000Z","false","true","false","true","61320","3907","Ross-Ade Stadium","2509","Purdue","fbs","Big Ten","13","0,13,0,0","0","1639","1603","275","Wisconsin","fbs","Big Ten","30","7,6,7,10","1","1689","1725","5.623048916936611","","",""
"401282238","2021","8","regular","2021-10-23T19:30:00.000Z","false","true","false","true","24845","3803","Legion Field","5","UAB","fbs","Conference USA","24","14,0,7,3","0.016393624246120453","1563","1512","242","Rice","fbs","Conference USA","30","13,7,7,3","0.9836063757538795","1089","1140","5.781536530776262","","",""
"401287925","2021","8","regular","2021-10-23T19:30:00.000Z","false","true","false","true","61500","3772","Jack Trice Stadium","66","Iowa State","fbs","Big 12","24","0,7,10,7","0.2477215826511383","1889","1888","197","Oklahoma State","fbs","Big 12","21","7,7,0,7","0.7522784173488617","1718","1719","5.75109748144559","","",""
"401282767","2021","8","regular","2021-10-23T19:30:00.000Z","false","true","false","true","41011","3953","Huntington Bank Stadium","135","Minnesota","fbs","Big Ten","34","3,14,14,3","0.9934418797492981","1620","1633","120","Maryland","fbs","Big Ten","16","3,7,0,6","0.006558120250701904","1326","1313","3.346274774065268","","",""
"401282113","2021","8","regular","2021-10-23T19:30:00.000Z","false","true","false","true","64523","3974","Vaught-Hemingway Stadium","145","Ole Miss","fbs","SEC","31","0,17,14,0","0.9876816272735596","1729","1750","99","LSU","fbs","SEC","17","7,0,0,10","0.01231837272644043","1645","1624","3.9313413706832354","","",""
"401309573","2021","8","regular","2021-10-23T19:30:00.000Z","false","true","false","true","19906","3739","Glass Bowl","2649","Toledo","fbs","Mid-American","34","3,10,21,0","0.9606059193611145","1453","1503","2711","Western Michigan","fbs","Mid-American","15","0,15,0,0","0.0393940806388855","1516","1466","5.242647625632659","","",""
"401309575","2021","8","regular","2021-10-23T19:30:00.000Z","false","true","false","true","8635","3768","InfoCision Stadium","2006","Akron","fbs","Mid-American","10","0,10,0,0","0.0191657617688179","1002","962","2084","Buffalo","fbs","Mid-American","45","3,21,21,0","0.9808342382311821","1495","1535","5.185282203225784","","",""
"401309881","2021","8","regular","2021-10-23T19:30:00.000Z","false","true","false","false","22541","3820","Gesa Field","265","Washington State","fbs","Pac-12","19","7,0,6,6","0.22368115186691284","1473","1483","252","BYU","fbs","FBS Independents","21","7,0,7,7","0.7763188481330872","1720","1710","5.179695571160512","","",""
"401309879","2021","8","regular","2021-10-23T19:30:00.000Z","false","true","false","true","55675","1056","Rose Bowl","26","UCLA","fbs","Pac-12","31","14,3,0,14","0.571086585521698","1627","1627","2483","Oregon","fbs","Pac-12","34","0,14,13,7","0.428913414478302","1708","1708","6.202284062272409","","",""
"401308838","2021","8","regular","2021-10-23T19:30:00.000Z","false","true","false","true","15703","3919","Scheumann Stadium","2050","Ball State","fbs","Mid-American","17","7,3,7,0","0.2052524834871292","1518","1494","193","Miami (OH)","fbs","Mid-American","24","10,6,0,8","0.7947475165128708","1387","1411","6.108199570309461","","",""
"401309878","2021","8","regular","2021-10-23T19:30:00.000Z","false","true","false","true","36264","3831","California Memorial Stadium","25","California","fbs","Pac-12","26","10,13,0,3","0.9899625778198242","1428","1483","38","Colorado","fbs","Pac-12","3","0,3,0,0","0.010037422180175781","1418","1363","2.789016637771065","","",""
"401282666","2021","8","regular","2021-10-23T19:30:00.000Z","false","true","false","true","60594","3752","Acrisure Stadium","221","Pittsburgh","fbs","ACC","27","0,14,10,3","0.91115802526474","1718","1745","228","Clemson","fbs","ACC","17","7,0,3,7","0.08884197473526001","1851","1824","3.9214095988426894","","",""
"401310726","2021","8","regular","2021-10-23T19:30:00.000Z","false","true","false","true","20133","3984","War Memorial Stadium","2751","Wyoming","fbs","Mountain West","3","0,3,0,0","0.029899541288614273","1551","1488","167","New Mexico","fbs","Mountain West","14","7,7,0,0","0.9701004587113857","1165","1228","3.5313298338994534","","",""
"401282115","2021","8","regular","2021-10-23T20:00:00.000Z","false","true","false","true","22036","3973","FirstBank Stadium","238","Vanderbilt","fbs","SEC","6","0,3,3,0","0.07534022629261017","1091","1032","344","Mississippi State","fbs","SEC","45","10,14,7,14","0.9246597737073898","1524","1583","2.8584978894706747","","",""
"401282240","2021","8","regular","2021-10-23T20:00:00.000Z","false","true","false","false","13454","3825","DATCU Stadium","249","North Texas","fbs","Conference USA","26","7,13,6,0","0.8948625326156616","1146","1168","2335","Liberty","fbs","FBS Independents","35","0,14,14,7","0.10513746738433838","1676","1654","5.692196051347671","","",""
"401282664","2021","8","regular","2021-10-23T20:00:00.000Z","false","true","false","true","38202","3873","L&N Federal Credit Union Stadium","97","Louisville","fbs","ACC","28","7,14,0,7","0.9952327013015747","1527","1551","103","Boston College","fbs","ACC","14","7,0,0,7","0.004767298698425293","1477","1453","3.61114648553872","","",""
"401301028","2021","8","regular","2021-10-23T20:00:00.000Z","false","true","false","true","22925","4728","TDECU Stadium","248","Houston","fbs","American Athletic","31","17,7,0,0,7","0.8640035390853882","1669","1668","151","East Carolina","fbs","American Athletic","24","10,0,0,14,0","0.13599646091461182","1480","1481","6.450189853307558","","",""
"401310727","2021","8","regular","2021-10-23T23:00:00.000Z","false","true","false","true","33012","3660","Valley Children's Stadium","278","Fresno State","fbs","Mountain West","34","7,7,14,6","0.35291364789009094","1603","1603","2440","Nevada","fbs","Mountain West","32","3,7,6,16","0.6470863521099091","1546","1546","5.650559908428515","","",""
"401301029","2021","8","regular","2021-10-23T23:00:00.000Z","false","true","false","true","25430","3886","Raymond James Stadium","58","South Florida","fbs","American Athletic","34","0,17,10,7","1","1166","1209","218","Temple","fbs","American Athletic","14","0,7,7,0","0","1126","1083","3.754994563199627","","",""
"401282237","2021","8","regular","2021-10-23T23:00:00.000Z","false","true","false","true","18314","3776","Joe Aillet Stadium","2348","Louisiana Tech","fbs","Conference USA","16","10,0,0,6","0.03908894583582878","1311","1262","2636","UTSA","fbs","Conference USA","45","7,14,7,17","0.9609110541641712","1571","1620","5.891754160806371","","",""
"401282111","2021","8","regular","2021-10-23T23:00:00.000Z","false","true","false","true","100077","3657","Bryant-Denny Stadium","333","Alabama","fbs","SEC","52","7,14,3,28","0.9860982298851013","2192","2205","2633","Tennessee","fbs","SEC","24","14,0,3,7","0.013901770114898682","1636","1623","4.951091949416542","","",""
"401282236","2021","8","regular","2021-10-23T23:00:00.000Z","false","true","false","true","","218","FIU Stadium","2229","Florida International","fbs","Conference USA","19","6,6,0,7","0.006508560910879603","1193","1180","98","Western Kentucky","fbs","Conference USA","34","0,17,7,10","0.9934914390891204","1422","1435","2.9601173491","","",""
"401310724","2021","8","regular","2021-10-23T23:00:00.000Z","false","true","false","true","23887","3713","Falcon Stadium","2005","Air Force","fbs","Mountain West","14","0,0,7,7","0","1713","1696","21","San Diego State","fbs","Mountain West","20","3,10,7,0","1","1627","1644","3.4629162286335884","","",""
"401309626","2021","8","regular","2021-10-23T23:00:00.000Z","false","true","false","true","11723","3817","Malone Stadium","2433","UL Monroe","fbs","Sun Belt","41","7,17,14,3","0.9915730357170105","985","1038","6","South Alabama","fbs","Sun Belt","31","7,10,14,0","0.008426964282989502","1420","1367","5.5380640541554405","","",""
"401309880","2021","8","regular","2021-10-23T23:30:00.000Z","false","true","false","true","30203","3893","Reser Stadium","204","Oregon State","fbs","Pac-12","42","7,7,21,7","0.9550470113754272","1528","1552","254","Utah","fbs","Pac-12","34","14,10,7,3","0.044952988624572754","1713","1689","5.946440290519519","","",""
"401282709","2021","8","regular","2021-10-23T23:30:00.000Z","false","true","false","false","77622","3855","Notre Dame Stadium","87","Notre Dame","fbs","FBS Independents","31","7,10,7,7","0.9238286018371582","1808","1822","30","USC","fbs","Pac-12","16","0,3,0,13","0.0761713981628418","1612","1598","2.9645641230911006","","",""
"401287927","2021","8","regular","2021-10-23T23:30:00.000Z","false","true","false","true","37288","3616","Amon G. Carter Stadium","2628","TCU","fbs","Big 12","17","7,10,0,0","0.06903497874736786","1640","1598","277","West Virginia","fbs","Big 12","29","10,10,3,6","0.9309650212526321","1480","1522","5.284184195601835","","",""
"401282730","2021","8","regular","2021-10-23T23:30:00.000Z","false","true","false","true","52656","3830","Memorial Stadium (Bloomington, IN)","84","Indiana","fbs","Big Ten","7","7,0,0,0","0.0034576987382024527","1536","1464","194","Ohio State","fbs","Big Ten","54","14,30,7,3","0.9965423012617975","2064","2136","2.9543817161100994","","",""
"401282665","2021","8","regular","2021-10-23T23:30:00.000Z","false","true","false","true","43293","3948","Hard Rock Stadium","2390","Miami","fbs","ACC","31","7,7,10,7","0.870055615901947","1519","1523","152","NC State","fbs","ACC","30","3,14,3,10","0.12994438409805298","1627","1623","6.681645214097043","","",""
"401282667","2021","8","regular","2021-10-23T23:30:00.000Z","false","true","false","true","45837","3923","Scott Stadium","258","Virginia","fbs","ACC","48","7,17,17,7","0.8680263161659241","1622","1622","59","Georgia Tech","fbs","ACC","40","13,3,8,16","0.13197368383407593","1426","1426","4.651559104670063","","",""
"401282114","2021","8","regular","2021-10-23T23:30:00.000Z","false","true","false","true","103889","3795","Kyle Field","245","Texas A&M","fbs","SEC","44","14,17,10,3","0.9924936294555664","1777","1809","2579","South Carolina","fbs","SEC","14","0,0,0,14","0.007506370544433594","1353","1321","2.5601123199637774","","",""
"401310728","2021","8","regular","2021-10-24T03:59:00.000Z","false","true","false","false","1000","3610","Aloha Stadium","62","Hawai'i","fbs","Mountain West","48","10,14,10,14","0.991405189037323","1357","1365","166","New Mexico State","fbs","FBS Independents","34","3,10,14,7","0.008594810962677002","1114","1106","4.300877561562857","","",""
"401301033","2021","9","regular","2021-10-28T23:30:00.000Z","false","true","false","true","32015","3699","Dowdy-Ficklen Stadium","151","East Carolina","fbs","American Athletic","29","0,6,13,10","0.9693949818611145","1481","1489","58","South Florida","fbs","American Athletic","14","0,14,0,0","0.030605018138885498","1209","1201","4.647576529163018","","",""
"401309627","2021","9","regular","2021-10-28T23:30:00.000Z","false","true","false","true","11689","3654","Brooks Stadium (SC)","324","Coastal Carolina","fbs","Sun Belt","35","7,14,7,7","0.9485071301460266","1815","1802","2653","Troy","fbs","Sun Belt","28","7,7,7,7","0.05149286985397339","1381","1394","4.268357929490516","","",""
"401301030","2021","9","regular","2021-10-29T23:30:00.000Z","false","true","false","true","16279","3674","Chapman Stadium","202","Tulsa","fbs","American Athletic","17","0,3,7,7","0.20045948028564453","1413","1402","2426","Navy","fbs","American Athletic","20","0,3,7,10","0.7995405197143555","1305","1316","5.592650551335084","","",""
"401310734","2021","9","regular","2021-10-30T02:00:00.000Z","false","true","false","true","28960","3816","Mackay Stadium","2440","Nevada","fbs","Mountain West","51","10,10,21,10","0.9944214224815369","1546","1587","2439","UNLV","fbs","Mountain West","20","0,0,7,13","0.005578577518463135","1188","1147","1.6975672455722133","","",""
"401286297","2021","9","regular","2021-10-30T16:00:00.000Z","false","true","false","false","16577","3992","Williams Stadium (VA)","2335","Liberty","fbs","FBS Independents","62","21,20,7,14","0.989964485168457","1654","1684","113","Massachusetts","fbs","FBS Independents","17","3,0,7,7","0.010035514831542969","826","796","2.430539731456801","","",""
"401282777","2021","9","regular","2021-10-30T16:00:00.000Z","false","true","false","true","76549","3936","Spartan Stadium","127","Michigan State","fbs","Big Ten","37","0,14,8,15","0.5188539624214172","1615","1626","130","Michigan","fbs","Big Ten","33","10,13,7,3","0.48114603757858276","1881","1870","8.044866192088275","","",""
"401282726","2021","9","regular","2021-10-30T16:00:00.000Z","false","true","false","true","32308","3665","SECU Stadium","120","Maryland","fbs","Big Ten","38","14,0,14,10","0.489163339138031","1313","1316","84","Indiana","fbs","Big Ten","35","0,10,7,18","0.510836660861969","1464","1461","5.552109455852431","","",""
"401282763","2021","9","regular","2021-10-30T16:00:00.000Z","false","true","false","true","74209","347","Camp Randall Stadium","275","Wisconsin","fbs","Big Ten","27","7,13,0,7","1","1725","1784","2294","Iowa","fbs","Big Ten","7","0,0,7,0","0","1839","1780","2.495619123378253","","",""
"401309578","2021","9","regular","2021-10-30T16:00:00.000Z","false","true","false","true","13163","3965","UB Stadium","2084","Buffalo","fbs","Mid-American","44","0,10,13,21","0.022423161193728447","1535","1450","189","Bowling Green","fbs","Mid-American","56","14,14,0,28","0.9775768388062716","995","1080","10.59894763193481","","",""
"401282674","2021","9","regular","2021-10-30T16:00:00.000Z","false","true","false","true","46977","3752","Acrisure Stadium","221","Pittsburgh","fbs","ACC","34","10,7,14,3","0.5327795147895813","1745","1723","2390","Miami","fbs","ACC","38","21,10,7,0","0.4672204852104187","1523","1545","7.351178687496485","","",""
"401301031","2021","9","regular","2021-10-30T16:00:00.000Z","false","true","false","true","19595","3806","Lincoln Financial Field","218","Temple","fbs","American Athletic","7","0,0,0,7","0.0030495275277644396","1083","1025","2116","UCF","fbs","American Athletic","49","7,14,21,7","0.9969504724722356","1594","1652","3.704466927824194","","",""
"401309631","2021","9","regular","2021-10-30T16:00:00.000Z","false","true","false","true","28794","3666","Cajun Field","309","Louisiana","fbs","Sun Belt","45","0,17,18,10","0.9893006086349487","1723","1786","326","Texas State","fbs","Sun Belt","0","0,0,0,0","0.01069939136505127","1191","1128","2.883070643077169","","",""
"401282719","2021","9","regular","2021-10-30T16:00:00.000Z","false","true","false","true","36942","3832","Memorial Stadium (Champaign, IL)","356","Illinois","fbs","Big Ten","14","0,14,0,0","0.8190875585359639","1362","1355","164","Rutgers","fbs","Big Ten","20","7,3,0,10","0.18091244146403607","1417","1424","6.3118475972","","",""
"401282671","2021","9","regular","2021-10-30T16:00:00.000Z","false","true","false","true","35543","721","Bobby Dodd Stadium","59","Georgia Tech","fbs","ACC","17","7,0,10,0","0.013739733956754208","1426","1416","259","Virginia Tech","fbs","ACC","26","14,6,3,3","0.9862602660432458","1523","1533","5.070685772784474","","",""
"401301032","2021","9","regular","2021-10-30T16:00:00.000Z","false","true","false","true","17012","4729","Yulman Stadium","2655","Tulane","fbs","American Athletic","12","0,12,0,0","0.05317463353276253","1338","1350","2132","Cincinnati","fbs","American Athletic","31","7,7,7,10","0.9468253664672375","1951","1939","4.212864802090111","","",""
"401287929","2021","9","regular","2021-10-30T16:00:00.000Z","false","true","false","true","45834","4727","McLane Stadium","239","Baylor","fbs","Big 12","31","10,0,7,14","0.8215550184249878","1676","1696","251","Texas","fbs","Big 12","24","14,0,7,3","0.1784449815750122","1849","1829","7.471754321120702","","",""
"401282246","2021","9","regular","2021-10-30T18:00:00.000Z","false","true","false","true","17354","3895","Rice Stadium","242","Rice","fbs","Conference USA","24","0,3,7,14,0","0.48643551652443234","1140","1131","249","North Texas","fbs","Conference USA","30","3,7,7,7,6","0.5135644834755677","1168","1177","7.5481047701","","",""
"401287933","2021","9","regular","2021-10-30T18:00:00.000Z","false","true","false","true","45613","3842","Milan Puskar Stadium","277","West Virginia","fbs","Big 12","38","14,3,7,14","0.4533877670764923","1522","1554","66","Iowa State","fbs","Big 12","31","14,3,14,0","0.5466122329235077","1888","1856","6.3245471615882245","","",""
"401310731","2021","9","regular","2021-10-30T19:00:00.000Z","false","true","false","true","19219","3905","Maverik Stadium","328","Utah State","fbs","Mountain West","51","14,6,21,10","0.9907729029655457","1344","1393","62","Hawai'i","fbs","Mountain West","31","0,10,15,6","0.009227097034454346","1365","1316","3.209649471724513","","",""
"401309885","2021","9","regular","2021-10-30T19:00:00.000Z","false","true","false","true","46136","3947","Mountain America Stadium","9","Arizona State","fbs","Pac-12","21","0,7,0,14","0.8708311319351196","1715","1662","265","Washington State","fbs","Pac-12","34","14,14,0,6","0.12916886806488037","1483","1536","3.1581044826262117","","",""
"401282119","2021","9","regular","2021-10-30T19:00:00.000Z","false","true","false","true","19821","3973","FirstBank Stadium","238","Vanderbilt","fbs","SEC","28","7,7,7,7","0.007892520166933537","1032","1041","142","Missouri","fbs","SEC","37","10,7,7,13","0.9921074798330665","1380","1371","6.285214289502207","","",""
"401282675","2021","9","regular","2021-10-30T19:30:00.000Z","false","true","false","true","32022","1964","JMA Wireless Dome","183","Syracuse","fbs","ACC","21","0,0,21,0","0.7343232035636902","1466","1496","103","Boston College","fbs","ACC","6","0,3,3,0","0.2656767964363098","1453","1423","4.473389981634797","","",""
"401282801","2021","9","regular","2021-10-30T19:30:00.000Z","false","true","false","true","85902","3834","Memorial Stadium (Lincoln, NE)","158","Nebraska","fbs","Big Ten","23","7,10,0,6","0.05962764471769333","1715","1698","2509","Purdue","fbs","Big Ten","28","0,14,7,7","0.9403723552823067","1603","1620","5.6544501577577595","","",""
"401287931","2021","9","regular","2021-10-30T19:30:00.000Z","false","true","false","true","82732","3835","Memorial Stadium (Norman, OK)","201","Oklahoma","fbs","Big 12","52","14,14,10,14","0.9015293121337891","1846","1888","2641","Texas Tech","fbs","Big 12","21","7,0,7,7","0.09847068786621094","1493","1451","3.231011095027742","","",""
"401309884","2021","9","regular","2021-10-30T19:30:00.000Z","false","true","false","true","51449","3626","Autzen Stadium","2483","Oregon","fbs","Pac-12","52","14,17,14,7","0.6478659510612488","1708","1729","38","Colorado","fbs","Pac-12","29","0,14,0,15","0.3521340489387512","1363","1342","2.2275172978889617","","",""
"401282795","2021","9","regular","2021-10-30T19:30:00.000Z","false","true","false","true","28158","3911","Ryan Field","77","Northwestern","fbs","Big Ten","14","0,7,0,7","0.003586641512811184","1452","1400","135","Minnesota","fbs","Big Ten","41","13,7,0,21","0.9964133584871888","1633","1685","2.7867800543073895","","",""
"401282245","2021","9","regular","2021-10-30T19:30:00.000Z","false","true","false","true","10721","3725","Johnny ""Red"" Floyd Stadium","2393","Middle Tennessee","fbs","Conference USA","35","14,7,14,0","0.9640638828277588","1321","1364","2572","Southern Miss","fbs","Conference USA","10","7,0,3,0","0.03593611717224121","1142","1099","4.7826359728192145","","",""
"401309628","2021","9","regular","2021-10-30T19:30:00.000Z","false","true","false","true","29321","3792","Kidd Brewer Stadium","2026","App State","fbs","Sun Belt","59","21,28,3,7","0.9876875281333923","1627","1645","2433","UL Monroe","fbs","Sun Belt","28","0,7,14,7","0.012312471866607666","1038","1020","2.644745030328252","","",""
"401282670","2021","9","regular","2021-10-30T19:30:00.000Z","false","true","false","true","79097","3836","Memorial Stadium (Clemson, SC)","228","Clemson","fbs","ACC","30","3,14,0,13","0.8936799764633179","1824","1820","52","Florida State","fbs","ACC","20","6,7,0,7","0.10632002353668213","1510","1514","7.074296335590851","","",""
"401287930","2021","9","regular","2021-10-30T19:30:00.000Z","false","true","false","true","44339","3636","Bill Snyder Family Stadium","2306","Kansas State","fbs","Big 12","31","7,14,0,10","0.8365688920021057","1547","1596","2628","TCU","fbs","Big 12","12","0,5,0,7","0.1634311079978943","1598","1549","6.78389812938559","","",""
"401282242","2021","9","regular","2021-10-30T19:30:00.000Z","false","true","false","true","18466","3775","Joan C. Edwards Stadium","276","Marshall","fbs","Conference USA","38","3,21,7,7","0.9938032031059265","1610","1664","2229","Florida International","fbs","Conference USA","0","0,0,0,0","0.006196796894073486","1180","1126","7.959012796392974","","",""
"401282117","2021","9","regular","2021-10-30T19:30:00.000Z","false","true","true","true","76141","3712","EverBank Stadium","57","Florida","fbs","SEC","7","0,0,0,7","0.02079680934548378","1781","1753","61","Georgia","fbs","SEC","34","0,24,3,7","0.9792031906545162","2114","2142","3.3181287975105316","","",""
"401282244","2021","9","regular","2021-10-30T19:30:00.000Z","false","true","false","true","13309","3918","S.B. Ballard Stadium","295","Old Dominion","fbs","Conference USA","23","0,10,7,6","0.3983205258846283","1180","1182","2348","Louisiana Tech","fbs","Conference USA","20","0,10,3,7","0.6016794741153717","1262","1260","6.4232556152751","","",""
"401282241","2021","9","regular","2021-10-30T20:00:00.000Z","false","true","false","true","16763","3796","Houchens Industries-L.T. Smith Stadium","98","Western Kentucky","fbs","Conference USA","45","14,14,7,10","1","1435","1503","2429","Charlotte","fbs","Conference USA","13","3,10,0,0","0","1282","1214","2.772280867471409","","",""
"401310732","2021","9","regular","2021-10-30T20:00:00.000Z","false","true","false","true","13042","3935","CEFCU Stadium","23","San José State","fbs","Mountain West","27","0,17,10,0","0.9899566769599915","1381","1394","2751","Wyoming","fbs","Mountain West","21","0,7,7,7","0.010043323040008545","1488","1475","3.6330044412367535","","",""
"401282676","2021","9","regular","2021-10-30T20:00:00.000Z","false","true","false","true","31613","3630","Allegacy Federal Credit Union Stadium","154","Wake Forest","fbs","ACC","45","14,14,10,7","0.9949489235877991","1670","1718","150","Duke","fbs","ACC","7","0,0,0,7","0.005051076412200928","1185","1137","2.087569225195334","","",""
"401309629","2021","9","regular","2021-10-30T21:00:00.000Z","false","true","false","true","15043","6526","Hancock Whitney Stadium","6","South Alabama","fbs","Sun Belt","31","14,14,0,3","0.9404849410057068","1367","1392","2032","Arkansas State","fbs","Sun Belt","13","0,7,3,3","0.05951505899429321","1211","1186","2.0866777155302896","","",""
"401282243","2021","9","regular","2021-10-30T22:00:00.000Z","false","true","false","true","16432","3715","FAU Stadium","2226","Florida Atlantic","fbs","Conference USA","28","7,7,7,7","1","1597","1594","2638","UTEP","fbs","Conference USA","25","3,7,0,15","0","1313","1316","4.059486150741433","","",""
"401309630","2021","9","regular","2021-10-30T22:00:00.000Z","false","true","false","true","17843","3608","Allen E. Paulson Stadium","290","Georgia Southern","fbs","Sun Belt","14","0,7,0,7","0.37513232812149255","1357","1343","2247","Georgia State","fbs","Sun Belt","21","0,0,7,14","0.6248676718785074","1344","1358","7.3126667436","","",""
"401309886","2021","9","regular","2021-10-30T23:00:00.000Z","false","true","false","true","52435","477","Los Angeles Memorial Coliseum","30","USC","fbs","Pac-12","41","14,21,3,3","0.5156561860596481","1598","1587","12","Arizona","fbs","Pac-12","34","7,7,7,13","0.48434381394035186","1193","1204","3.1725935566","","",""
"401309882","2021","9","regular","2021-10-30T23:00:00.000Z","false","true","false","true","38572","3831","California Memorial Stadium","25","California","fbs","Pac-12","39","10,7,14,8","0.9598874449729919","1483","1517","204","Oregon State","fbs","Pac-12","25","0,10,7,8","0.04011255502700806","1552","1518","3.4286127448106423","","",""
"401310730","2021","9","regular","2021-10-30T23:00:00.000Z","false","true","false","true","25221","5388","Canvas Stadium","36","Colorado State","fbs","Mountain West","19","13,3,3,0","0.21022383868694305","1522","1517","68","Boise State","fbs","Mountain West","28","0,7,14,7","0.789776161313057","1677","1682","5.0871448253381955","","",""
"401287932","2021","9","regular","2021-10-30T23:00:00.000Z","false","true","false","true","55026","3646","Boone Pickens Stadium","197","Oklahoma State","fbs","Big 12","55","17,21,7,10","0.9885396361351013","1719","1784","2305","Kansas","fbs","Big 12","3","0,0,3,0","0.011460363864898682","1027","962","2.4333804466423983","","",""
"401282118","2021","9","regular","2021-10-30T23:00:00.000Z","false","true","false","true","49487","3693","Davis Wade Stadium","344","Mississippi State","fbs","SEC","31","0,14,17,0","0.9827691316604614","1583","1619","96","Kentucky","fbs","SEC","17","7,3,0,7","0.017230868339538574","1672","1636","3.6110927794787058","","",""
"401282116","2021","9","regular","2021-10-30T23:00:00.000Z","false","true","false","true","87451","3785","Jordan-Hare Stadium","2","Auburn","fbs","SEC","31","14,14,0,3","0.9924926161766052","1729","1750","145","Ole Miss","fbs","SEC","20","3,14,3,0","0.007507383823394775","1750","1729","3.2216504597970808","","",""
"401301034","2021","9","regular","2021-10-30T23:00:00.000Z","false","true","false","true","25676","4728","TDECU Stadium","248","Houston","fbs","American Athletic","44","17,6,7,14","0.7882640361785889","1668","1676","2567","SMU","fbs","American Athletic","37","7,13,14,3","0.21173596382141113","1633","1625","6.977415045468163","","",""
"401282673","2021","9","regular","2021-10-30T23:30:00.000Z","false","true","false","true","71018","3855","Notre Dame Stadium","87","Notre Dame","fbs","FBS Independents","44","7,10,14,13","1","1822","1828","153","North Carolina","fbs","ACC","34","0,13,14,7","0","1668","1662","5.033248447156641","","",""
"401282672","2021","9","regular","2021-10-30T23:30:00.000Z","false","true","false","true","53123","3670","Carter-Finley Stadium","152","NC State","fbs","ACC","28","7,0,0,21","0.9892049431800842","1623","1648","97","Louisville","fbs","ACC","13","7,0,3,3","0.010795056819915771","1551","1526","5.760073431836093","","",""
"401282814","2021","9","regular","2021-10-30T23:30:00.000Z","false","true","false","true","102951","3861","Ohio Stadium","194","Ohio State","fbs","Big Ten","33","3,14,10,6","0.8945848941802979","2136","2128","213","Penn State","fbs","Big Ten","24","7,3,14,0","0.10541510581970215","1773","1781","7.219061829658703","","",""
"401309887","2021","9","regular","2021-10-31T02:00:00.000Z","false","true","false","true","51922","587","Rice-Eccles Stadium","254","Utah","fbs","Pac-12","44","7,21,0,16","0.9792890548706055","1689","1729","26","UCLA","fbs","Pac-12","24","3,7,7,7","0.02071094512939453","1627","1587","3.580684320016818","","",""
"401282669","2021","9","regular","2021-10-31T02:15:00.000Z","false","true","false","false","57685","3801","LaVell Edwards Stadium","252","BYU","fbs","FBS Independents","66","21,17,7,21","1","1710","1739","258","Virginia","fbs","ACC","49","7,35,7,0","0","1622","1593","6.409486264581228","","",""
"401310733","2021","9","regular","2021-10-31T02:30:00.000Z","false","true","false","true","11034","3932","Qualcomm Stadium","21","San Diego State","fbs","Mountain West","20","0,7,6,7","0.07808681577444077","1644","1620","278","Fresno State","fbs","Mountain West","30","7,13,3,7","0.9219131842255592","1603","1627","5.002713553939754","","",""
"401309883","2021","9","regular","2021-10-31T02:30:00.000Z","false","true","false","true","28014","3940","Stanford Stadium","24","Stanford","fbs","Pac-12","13","3,0,0,10","0.07503102719783783","1503","1502","264","Washington","fbs","Pac-12","20","0,9,3,8","0.9249689728021622","1665","1666","5.5002978304338965","","",""
"401309579","2021","10","regular","2021-11-02T23:00:00.000Z","false","true","false","true","7683","3768","InfoCision Stadium","2006","Akron","fbs","Mid-American","25","3,7,0,15","0.255580872297287","962","986","2050","Ball State","fbs","Mid-American","31","7,14,7,3","0.744419127702713","1494","1470","7.415115837178956","","",""
"401308839","2021","10","regular","2021-11-02T23:30:00.000Z","false","true","false","true","15940","3876","Peden Stadium","195","Ohio","fbs","Mid-American","35","7,7,14,7","0.8195162415504456","1331","1333","193","Miami (OH)","fbs","Mid-American","33","0,0,13,20","0.18048375844955444","1411","1409","4.9207793463481835","","",""
"401309580","2021","10","regular","2021-11-02T23:30:00.000Z","false","true","false","true","14997","3739","Glass Bowl","2649","Toledo","fbs","Mid-American","49","14,14,8,13","0.3627522885799408","1503","1497","2199","Eastern Michigan","fbs","Mid-American","52","14,10,21,7","0.6372477114200592","1480","1486","7.530519751055444","","",""
"401309582","2021","10","regular","2021-11-03T23:00:00.000Z","false","true","false","true","6076","3696","Dix Stadium","2309","Kent State","fbs","Mid-American","52","0,31,14,7","0.7467958095127297","1301","1304","2459","Northern Illinois","fbs","Mid-American","47","7,14,6,20","0.2532041904872703","1257","1254","6.7358126342","","",""
"401309581","2021","10","regular","2021-11-03T23:00:00.000Z","false","true","false","true","13137","3980","Waldo Stadium","2711","Western Michigan","fbs","Mid-American","30","7,7,10,6","0.004956671968102455","1466","1429","2117","Central Michigan","fbs","Mid-American","42","0,21,7,14","0.9950433280318975","1357","1394","6.426159171326723","","",""
"401309632","2021","10","regular","2021-11-04T23:30:00.000Z","false","true","false","true","16007","3666","Cajun Field","309","Louisiana","fbs","Sun Belt","21","0,0,7,14","0.7008325457572937","1786","1777","2247","Georgia State","fbs","Sun Belt","17","3,0,7,7","0.2991674542427063","1358","1367","6.68921776722967","","",""
"401282677","2021","10","regular","2021-11-05T23:30:00.000Z","false","true","false","true","35637","3615","Alumni Stadium (Chestnut Hill, MA)","103","Boston College","fbs","ACC","17","7,3,7,0","0.9352967739105225","1423","1461","259","Virginia Tech","fbs","ACC","3","0,0,3,0","0.06470322608947754","1533","1495","1.8988243466296464","","",""
"401309888","2021","10","regular","2021-11-06T02:30:00.000Z","false","true","false","true","26410","3940","Stanford Stadium","24","Stanford","fbs","Pac-12","7","0,0,7,0","0.006799525581300259","1502","1396","254","Utah","fbs","Pac-12","52","14,24,0,14","0.9932004744186997","1729","1835","2.0970468430177793","","",""
"401310253","2021","10","regular","2021-11-06T15:30:00.000Z","false","true","true","false","32537","4258","Dignity Health Sports Park","2005","Air Force","fbs","Mountain West","14","0,0,3,11,0","0.07351993024349213","1696","1679","349","Army","fbs","FBS Independents","21","0,0,14,0,7","0.9264800697565079","1568","1585","6.274958994999823","","",""
"401282678","2021","10","regular","2021-11-06T16:00:00.000Z","false","true","false","true","20693","3982","Wallace Wade Stadium","150","Duke","fbs","ACC","29","12,7,3,7","0.035720374435186386","1137","1133","221","Pittsburgh","fbs","ACC","54","7,23,14,10","0.9642796255648136","1723","1727","6.228378562384071","","",""
"401287935","2021","10","regular","2021-11-06T16:00:00.000Z","false","true","false","true","30611","3833","Memorial Stadium","2305","Kansas","fbs","Big 12","10","3,0,7,0","0.10573284327983856","962","963","2306","Kansas State","fbs","Big 12","35","14,7,7,7","0.8942671567201614","1596","1595","2.712025408454503","","",""
"401282682","2021","10","regular","2021-11-06T16:00:00.000Z","false","true","false","true","50500","3787","Kenan Stadium","153","North Carolina","fbs","ACC","58","14,10,10,24","0.9947359561920166","1662","1664","154","Wake Forest","fbs","ACC","55","10,21,17,7","0.0052640438079833984","1718","1716","8.735014443129664","","",""
"401282124","2021","10","regular","2021-11-06T16:00:00.000Z","false","true","false","false","53235","3974","Vaught-Hemingway Stadium","145","Ole Miss","fbs","SEC","27","10,14,3,0","0.9633749723434448","1729","1751","2335","Liberty","fbs","FBS Independents","14","0,0,14,0","0.036625027656555176","1684","1662","2.8915232493020016","","",""
"401301039","2021","10","regular","2021-11-06T16:00:00.000Z","false","true","false","true","30191","3805","Simmons Bank Liberty Stadium","235","Memphis","fbs","American Athletic","28","0,7,14,7","0.5814194679260254","1504","1507","2567","SMU","fbs","American Athletic","25","0,10,0,15","0.4185805320739746","1625","1622","6.3202055033396585","","",""
"401282720","2021","10","regular","2021-11-06T16:00:00.000Z","false","true","false","true","46382","3953","Huntington Bank Stadium","135","Minnesota","fbs","Big Ten","6","0,0,0,6","0.04770136624574661","1685","1640","356","Illinois","fbs","Big Ten","14","7,7,0,0","0.9522986337542534","1355","1400","3.4131110317906628","","",""
"401282250","2021","10","regular","2021-11-06T16:00:00.000Z","false","true","false","true","21261","7221","Protective Stadium","5","UAB","fbs","Conference USA","52","7,17,7,21","0.9625585079193115","1512","1519","2348","Louisiana Tech","fbs","Conference USA","38","7,14,0,17","0.03744149208068848","1260","1253","5.801123170017349","","",""
"401282799","2021","10","regular","2021-11-06T16:00:00.000Z","false","true","false","true","84426","3834","Memorial Stadium (Lincoln, NE)","158","Nebraska","fbs","Big Ten","17","0,10,7,0","0.2416291981935501","1698","1713","194","Ohio State","fbs","Big Ten","26","0,17,6,3","0.7583708018064499","2128","2113","6.520722714044425","","",""
"401282122","2021","10","regular","2021-11-06T16:00:00.000Z","false","true","false","true","92746","3917","Sanford Stadium","61","Georgia","fbs","SEC","43","7,19,14,3","0.9974786043167114","2142","2157","142","Missouri","fbs","SEC","6","3,0,0,3","0.0025213956832885742","1371","1356","3.0367589685872765","","",""
"401282681","2021","10","regular","2021-11-06T16:30:00.000Z","false","true","false","true","48161","3948","Hard Rock Stadium","2390","Miami","fbs","ACC","33","14,3,7,9","1","1545","1544","59","Georgia Tech","fbs","ACC","30","7,14,7,2","0","1416","1417","7.558010022009853","","",""
"401309633","2021","10","regular","2021-11-06T18:00:00.000Z","false","true","false","true","9762","3625","Centennial Bank Stadium","2032","Arkansas State","fbs","Sun Belt","14","0,14,0,0","0","1186","1145","2026","App State","fbs","Sun Belt","48","14,10,14,10","1","1645","1686","3.5224686754407495","","",""
"401309889","2021","10","regular","2021-11-06T19:00:00.000Z","false","true","false","true","30677","3619","Arizona Stadium","12","Arizona","fbs","Pac-12","10","0,0,3,7","0.9678276181221008","1204","1233","25","California","fbs","Pac-12","3","0,0,3,0","0.03217238187789917","1517","1488","5.4749021338799855","","",""
"401309635","2021","10","regular","2021-11-06T19:00:00.000Z","false","true","false","true","16237","3644","Bobcat Stadium (TX)","326","Texas State","fbs","Sun Belt","27","10,10,0,7","0.9786873459815979","1128","1133","2433","UL Monroe","fbs","Sun Belt","19","6,10,3,0","0.0213126540184021","1020","1015","5.791082614637854","","",""
"401301035","2021","10","regular","2021-11-06T19:00:00.000Z","false","true","false","true","32817","3699","Dowdy-Ficklen Stadium","151","East Carolina","fbs","American Athletic","45","7,14,14,10","0.9967740178108215","1489","1551","218","Temple","fbs","American Athletic","3","0,0,0,3","0.003225982189178467","1025","963","2.7807684758060502","","",""
"401282252","2021","10","regular","2021-11-06T19:00:00.000Z","false","true","false","true","22478","3815","M. M. Roberts Stadium","2572","Southern Miss","fbs","Conference USA","14","14,0,0,0","0.027248194441199303","1099","1045","249","North Texas","fbs","Conference USA","38","0,7,21,10","0.9727518055588007","1177","1231","3.8145264677452553","","",""
"401282251","2021","10","regular","2021-11-06T19:30:00.000Z","false","true","false","true","15022","3796","Houchens Industries-L.T. Smith Stadium","98","Western Kentucky","fbs","Conference USA","48","21,10,17,0","0.8576526641845703","1503","1557","2393","Middle Tennessee","fbs","Conference USA","21","7,7,0,7","0.1423473358154297","1364","1310","3.3304106136246787","","",""
"401282126","2021","10","regular","2021-11-06T19:30:00.000Z","false","true","false","true","109835","3795","Kyle Field","245","Texas A&M","fbs","SEC","20","3,0,3,14","0.8814953565597534","1809","1841","2","Auburn","fbs","SEC","3","3,0,0,0","0.11850464344024658","1750","1718","3.8012772582251753","","",""
"401282710","2021","10","regular","2021-11-06T19:30:00.000Z","false","true","false","false","77096","3855","Notre Dame Stadium","87","Notre Dame","fbs","FBS Independents","34","0,17,0,17","0.9741895794868469","1828","1845","2426","Navy","fbs","American Athletic","6","3,0,3,0","0.025810420513153076","1316","1299","3.7991004949714724","","",""
"401286303","2021","10","regular","2021-11-06T19:30:00.000Z","false","true","false","false","7284","3985","Warren McGuirk Alumni Stadium","113","Massachusetts","fbs","FBS Independents","22","6,10,0,6","0.024720150977373123","528","","227","Rhode Island","fcs","CAA","35","7,14,14,0","0.9752798490226269","","","4.612224998238866","","",""
"401282768","2021","10","regular","2021-11-06T19:30:00.000Z","false","true","false","true","46924","3665","SECU Stadium","120","Maryland","fbs","Big Ten","14","0,6,0,8","0.09527565538883209","1316","1319","213","Penn State","fbs","Big Ten","31","7,0,7,17","0.9047243446111679","1781","1778","6.226575571956617","","",""
"401282247","2021","10","regular","2021-11-06T19:30:00.000Z","false","true","false","true","16050","4418","Jerry Richardson Stadium","2429","Charlotte","fbs","Conference USA","31","7,7,0,10,7","0.5492691993713379","1214","1219","242","Rice","fbs","Conference USA","24","0,7,10,7,0","0.4507308006286621","1131","1126","5.4509835229703665","","",""
"401287936","2021","10","regular","2021-11-06T19:30:00.000Z","false","true","false","true","40338","3616","Amon G. Carter Stadium","2628","TCU","fbs","Big 12","30","7,9,7,7","0.940302312374115","1549","1551","239","Baylor","fbs","Big 12","28","7,7,7,7","0.05969768762588501","1696","1694","7.507219064834842","","",""
"401282824","2021","10","regular","2021-11-06T19:30:00.000Z","false","true","false","true","40280","6577","SHI Stadium","164","Rutgers","fbs","Big Ten","3","3,0,0,0","0","1424","1323","275","Wisconsin","fbs","Big Ten","52","7,24,21,0","1","1784","1885","3.7289306637224864","","",""
"401287937","2021","10","regular","2021-11-06T19:30:00.000Z","false","true","false","true","50109","3842","Milan Puskar Stadium","277","West Virginia","fbs","Big 12","3","3,0,0,0","0.05272833630442619","1554","1525","197","Oklahoma State","fbs","Big 12","24","0,10,7,7","0.9472716636955738","1784","1813","3.6780271710408696","","",""
"401309914","2021","10","regular","2021-11-06T19:30:00.000Z","false","true","false","false","63470","3801","LaVell Edwards Stadium","252","BYU","fbs","FBS Independents","59","21,21,7,10","0.9755420684814453","1863","","304","Idaho State","fcs","Big Sky","14","0,7,7,0","0.024457931518554688","1003","","2.039415611280742","","",""
"401310736","2021","10","regular","2021-11-06T19:30:00.000Z","false","true","false","true","24926","3984","War Memorial Stadium","2751","Wyoming","fbs","Mountain West","31","7,10,7,7","0.7871448993682861","1475","1507","36","Colorado State","fbs","Mountain West","17","7,3,0,7","0.21285510063171387","1517","1485","3.564138186945148","","",""
"401309636","2021","10","regular","2021-11-06T19:30:00.000Z","false","true","false","true","26211","3975","Veterans Memorial Stadium (AL)","2653","Troy","fbs","Sun Belt","31","10,21,0,0","0.9821416139602661","1394","1403","6","South Alabama","fbs","Sun Belt","24","7,7,7,3","0.017858386039733887","1392","1383","2.998967371351367","","",""
"401301037","2021","10","regular","2021-11-06T19:30:00.000Z","false","true","false","true","37978","3854","Nippert Stadium","2132","Cincinnati","fbs","American Athletic","28","14,0,14,0","0.526213526725769","1939","1921","202","Tulsa","fbs","American Athletic","20","0,12,0,8","0.47378647327423096","1402","1420","4.0000571176921325","","",""
"401282787","2021","10","regular","2021-11-06T19:30:00.000Z","false","true","false","true","57748","3907","Ross-Ade Stadium","2509","Purdue","fbs","Big Ten","40","7,14,10,9","0.9554100632667542","1620","1640","127","Michigan State","fbs","Big Ten","29","7,7,7,8","0.04458993673324585","1626","1606","4.564331491677628","","",""
"401282121","2021","10","regular","2021-11-06T20:00:00.000Z","false","true","false","true","68818","3887","Razorback Stadium","8","Arkansas","fbs","SEC","31","10,3,3,15","0.8752366900444031","1593","1594","344","Mississippi State","fbs","SEC","28","0,7,7,14","0.12476330995559692","1619","1618","6.651133609738058","","",""
"401301036","2021","10","regular","2021-11-06T20:00:00.000Z","false","true","false","true","41030","3652","FBC Mortgage Stadium","2116","UCF","fbs","American Athletic","14","7,0,0,7","0.551811158657074","1652","1646","2655","Tulane","fbs","American Athletic","10","0,0,10,0","0.448188841342926","1350","1356","5.889613102939047","","",""
"401310738","2021","10","regular","2021-11-06T20:00:00.000Z","false","true","false","false","7802","3601","Aggie Memorial Stadium","166","New Mexico State","fbs","FBS Independents","13","10,3,0,0","0.06195012852549553","1106","1081","328","Utah State","fbs","Mountain West","35","0,7,21,7","0.9380498714745045","1393","1418","3.821772671850081","","",""
"401282679","2021","10","regular","2021-11-06T20:00:00.000Z","false","true","false","true","50835","3697","Doak Campbell Stadium","52","Florida State","fbs","ACC","14","0,0,14,0","0","1514","1495","152","NC State","fbs","ACC","28","7,7,7,7","1","1648","1667","4.752809930105325","","",""
"401309634","2021","10","regular","2021-11-06T22:00:00.000Z","false","true","false","true","12875","3608","Allen E. Paulson Stadium","290","Georgia Southern","fbs","Sun Belt","8","0,0,0,8","0.0282023623585701","1343","1339","324","Coastal Carolina","fbs","Sun Belt","28","0,21,7,0","0.9717976376414299","1802","1806","4.396674885908265","","",""
"401282249","2021","10","regular","2021-11-06T22:00:00.000Z","false","true","false","true","21803","3715","FAU Stadium","2226","Florida Atlantic","fbs","Conference USA","13","10,3,0,0","0.4992768466472626","1594","1566","276","Marshall","fbs","Conference USA","28","7,14,7,0","0.5007231533527374","1664","1692","11.139504181512134","","",""
"401282248","2021","10","regular","2021-11-06T23:00:00.000Z","false","true","false","true","","218","FIU Stadium","2229","Florida International","fbs","Conference USA","24","10,0,7,7","0.038848891854286194","1126","1072","295","Old Dominion","fbs","Conference USA","47","24,0,6,17","0.9611511081457138","1182","1236","4.471076772332571","","",""
"401310735","2021","10","regular","2021-11-06T23:00:00.000Z","false","true","false","true","41031","3660","Valley Children's Stadium","278","Fresno State","fbs","Mountain West","14","0,7,0,7","0.011719964444637299","1627","1563","68","Boise State","fbs","Mountain West","40","10,6,7,17","0.9882800355553627","1682","1746","4.150989181464974","","",""
"401282120","2021","10","regular","2021-11-06T23:00:00.000Z","false","true","false","true","100077","3657","Bryant-Denny Stadium","333","Alabama","fbs","SEC","20","0,14,6,0","0.9829197525978088","2205","2187","99","LSU","fbs","SEC","14","7,0,7,0","0.017080247402191162","1624","1642","5.830416676426499","","",""
"401310737","2021","10","regular","2021-11-06T23:00:00.000Z","false","true","false","true","14007","3971","University Stadium (NM)","167","New Mexico","fbs","Mountain West","17","7,10,0,0","0.11076661944389343","1228","1188","2439","UNLV","fbs","Mountain West","31","7,14,3,7","0.8892333805561066","1147","1187","4.582718276228791","","",""
"401282757","2021","10","regular","2021-11-06T23:00:00.000Z","false","true","false","true","38141","3911","Ryan Field","77","Northwestern","fbs","Big Ten","12","0,3,3,6","0.04273536056280136","1400","1416","2294","Iowa","fbs","Big Ten","17","7,7,3,0","0.9572646394371986","1780","1764","4.23820654145557","","",""
"401309891","2021","10","regular","2021-11-06T23:00:00.000Z","false","true","false","true","47984","3726","Folsom Field","38","Colorado","fbs","Pac-12","37","10,3,7,7,10","0.9714718461036682","1342","1345","204","Oregon State","fbs","Pac-12","34","0,10,7,10,7","0.028528153896331787","1518","1515","7.804819589094047","","",""
"401282123","2021","10","regular","2021-11-06T23:00:00.000Z","false","true","false","true","61690","3683","Kroger Field","96","Kentucky","fbs","SEC","42","7,14,14,7","0.09850450605154037","1636","1631","2633","Tennessee","fbs","SEC","45","14,10,14,7","0.9014954939484596","1623","1628","9.512597635947527","","",""
"401282125","2021","10","regular","2021-11-06T23:30:00.000Z","false","true","false","true","70131","3994","Williams-Brice Stadium","2579","South Carolina","fbs","SEC","40","10,20,10,0","1","1321","1432","57","Florida","fbs","SEC","17","7,3,0,7","0","1753","1642","3.5025018020354612","","",""
"401301038","2021","10","regular","2021-11-06T23:30:00.000Z","false","true","false","true","28667","3886","Raymond James Stadium","58","South Florida","fbs","American Athletic","42","14,14,7,7","0.052489787340164185","1201","1215","248","Houston","fbs","American Athletic","54","9,17,21,7","0.9475102126598358","1676","1662","6.993766420036894","","",""
"401282680","2021","10","regular","2021-11-06T23:30:00.000Z","false","true","false","true","51729","3873","L&N Federal Credit Union Stadium","97","Louisville","fbs","ACC","24","14,3,7,0","0.24639621376991272","1526","1536","228","Clemson","fbs","ACC","30","7,10,0,13","0.7536037862300873","1820","1810","6.524650430135862","","",""
"401287934","2021","10","regular","2021-11-06T23:30:00.000Z","false","true","false","true","61500","3772","Jack Trice Stadium","66","Iowa State","fbs","Big 12","30","3,0,21,6","0.9742076992988586","1856","1909","251","Texas","fbs","Big 12","7","0,7,0,0","0.025792300701141357","1829","1776","4.03724577084716","","",""
"401282727","2021","10","regular","2021-11-06T23:30:00.000Z","false","true","false","true","109890","3558","Michigan Stadium","130","Michigan","fbs","Big Ten","29","3,14,6,6","0.9835936427116394","1870","1882","84","Indiana","fbs","Big Ten","7","0,7,0,0","0.016406357288360596","1461","1449","3.2052110127218407","","",""
"401309890","2021","10","regular","2021-11-06T23:30:00.000Z","false","true","false","true","63193","3765","Husky Stadium","264","Washington","fbs","Pac-12","16","9,0,0,7","0.1259971559047699","1666","1651","2483","Oregon","fbs","Pac-12","26","3,7,7,9","0.8740028440952301","1729","1744","4.772858307148877","","",""
"401310740","2021","10","regular","2021-11-07T02:00:00.000Z","false","true","false","true","17770","3816","Mackay Stadium","2440","Nevada","fbs","Mountain West","27","7,0,10,10","0.2572839856147766","1587","1586","23","San José State","fbs","Mountain West","24","7,0,7,10","0.7427160143852234","1394","1395","7.692403803073358","","",""
"401282253","2021","10","regular","2021-11-07T02:15:00.000Z","false","true","false","true","31658","3946","Sun Bowl","2638","UTEP","fbs","Conference USA","23","6,3,7,7","0.18300224840641022","1316","1295","2636","UTSA","fbs","Conference USA","44","16,14,7,7","0.8169977515935898","1620","1641","3.118289994083806","","",""
"401309892","2021","10","regular","2021-11-07T02:30:00.000Z","false","true","false","true","53926","3947","Mountain America Stadium","9","Arizona State","fbs","Pac-12","31","7,7,3,14","0.9612120389938354","1662","1687","30","USC","fbs","Pac-12","16","0,10,6,0","0.03878796100616455","1587","1562","4.705496416929404","","",""
"401310739","2021","10","regular","2021-11-07T03:00:00.000Z","false","true","false","true","6239","7220","Clarence T.C. Ching Athletics Complex","62","Hawai'i","fbs","Mountain West","10","7,0,0,3","0","1316","1325","21","San Diego State","fbs","Mountain West","17","7,7,0,3","1","1620","1611","5.012121093976124","","",""
"401309584","2021","11","regular","2021-11-10T00:00:00.000Z","false","true","false","true","8443","3980","Waldo Stadium","2711","Western Michigan","fbs","Mid-American","45","7,17,7,14","0.9979770912588009","1429","1418","2006","Akron","fbs","Mid-American","40","7,7,10,16","0.0020229087411991475","986","997","4.498832763","","",""
"401308840","2021","11","regular","2021-11-10T00:00:00.000Z","false","true","false","true","10069","3996","Yager Stadium","193","Miami (OH)","fbs","Mid-American","45","10,14,14,7","0.9956027865409851","1409","1484","2084","Buffalo","fbs","Mid-American","18","7,3,0,8","0.004397213459014893","1450","1375","3.7241644706547885","","",""
"401309583","2021","11","regular","2021-11-10T01:00:00.000Z","false","true","false","true","13636","3912","Rynearson Stadium","2199","Eastern Michigan","fbs","Mid-American","26","7,6,7,6","0.03537674993276596","1486","1457","195","Ohio","fbs","Mid-American","34","14,6,7,7","0.964623250067234","1333","1362","5.150001747633108","","",""
"401309585","2021","11","regular","2021-11-11T00:00:00.000Z","false","true","false","true","18349","3700","Doyt L. Perry Stadium","189","Bowling Green","fbs","Mid-American","17","7,3,0,7","0.0015075283590704203","1080","1040","2649","Toledo","fbs","Mid-American","49","14,21,7,7","0.9984924716409296","1497","1537","3.6979378547397768","","",""
"401309587","2021","11","regular","2021-11-11T00:00:00.000Z","false","true","false","true","7894","3764","Huskie Stadium","2459","Northern Illinois","fbs","Mid-American","30","0,17,3,10","0.7240268588066101","1254","1261","2050","Ball State","fbs","Mid-American","29","10,7,9,3","0.2759731411933899","1470","1463","6.951000615044609","","",""
"401309586","2021","11","regular","2021-11-11T01:00:00.000Z","false","true","false","true","9213","3786","Kelly/Shorts Stadium","2117","Central Michigan","fbs","Mid-American","54","0,26,14,14","0.9632850289344788","1394","1444","2309","Kent State","fbs","Mid-American","30","14,3,13,0","0.03671497106552124","1304","1254","4.963663443028272","","",""
"401282683","2021","11","regular","2021-11-12T00:30:00.000Z","false","true","false","true","41687","3752","Acrisure Stadium","221","Pittsburgh","fbs","ACC","30","17,6,0,0,7","0.828497588634491","1727","1733","153","North Carolina","fbs","ACC","23","0,7,6,10,0","0.17150241136550903","1664","1658","4.729836501663724","","",""
"401301040","2021","11","regular","2021-11-12T23:00:00.000Z","false","true","false","true","30780","3886","Raymond James Stadium","58","South Florida","fbs","American Athletic","28","7,0,14,7","0.07261313498020172","1215","1238","2132","Cincinnati","fbs","American Athletic","45","7,17,7,14","0.9273868650197983","1921","1898","4.397337354006763","","",""
"401310742","2021","11","regular","2021-11-13T02:00:00.000Z","false","true","false","true","35454","3653","Albertsons Stadium","68","Boise State","fbs","Mountain West","23","7,3,3,10","0.8166273236274719","1746","1747","2751","Wyoming","fbs","Mountain West","13","0,7,0,6","0.18337267637252808","1507","1506","3.4726570180897065","","",""
"401282127","2021","11","regular","2021-11-13T17:00:00.000Z","false","true","false","false","97011","3657","Bryant-Denny Stadium","333","Alabama","fbs","SEC","59","14,35,0,10","0.9917270541191101","2187","2216","166","New Mexico State","fbs","FBS Independents","3","3,0,0,0","0.008272945880889893","1081","1052","2.2620826111879104","","",""
"401282129","2021","11","regular","2021-11-13T17:00:00.000Z","false","true","false","false","70098","3634","Ben Hill Griffin Stadium","57","Florida","fbs","SEC","70","14,21,21,14","0.9818193316459656","1775","","2535","Samford","fcs","Southern","52","21,21,0,10","0.018180668354034424","1066","","7.155585712983897","","",""
"401282806","2021","11","regular","2021-11-13T17:00:00.000Z","false","true","false","true","73194","347","Camp Randall Stadium","275","Wisconsin","fbs","Big Ten","35","0,21,14,0","0.9926139116287231","1885","1907","77","Northwestern","fbs","Big Ten","7","0,0,0,7","0.0073860883712768555","1416","1394","2.4373457141587798","","",""
"401282780","2021","11","regular","2021-11-13T17:00:00.000Z","false","true","false","true","109534","3632","Beaver Stadium","213","Penn State","fbs","Big Ten","17","3,3,0,11","0.15066981315612793","1778","1778","130","Michigan","fbs","Big Ten","21","0,7,7,7","0.8493301868438721","1882","1882","6.758735168509564","","",""
"401310254","2021","11","regular","2021-11-13T17:00:00.000Z","false","true","false","false","26887","3841","Michie Stadium","349","Army","fbs","FBS Independents","63","21,21,7,14","0.9912005066871643","1659","","2083","Bucknell","fcs","Patriot","10","0,0,10,0","0.008799493312835693","969","","1.6919868172300396","","",""
"401286304","2021","11","regular","2021-11-13T17:00:00.000Z","false","true","false","false","5331","3985","Warren McGuirk Alumni Stadium","113","Massachusetts","fbs","FBS Independents","10","10,0,0,0","0","528","","311","Maine","fcs","CAA","35","0,14,7,14","1","1441","","3.881521380526876","","",""
"401301041","2021","11","regular","2021-11-13T17:00:00.000Z","false","true","false","true","23175","3735","Gerald J. Ford Stadium","2567","SMU","fbs","American Athletic","55","21,17,7,10","0.9863168597221375","1622","1695","2116","UCF","fbs","American Athletic","28","14,0,7,7","0.013683140277862549","1646","1573","3.873918870740435","","",""
"401287939","2021","11","regular","2021-11-13T17:00:00.000Z","false","true","false","true","43932","3636","Bill Snyder Family Stadium","2306","Kansas State","fbs","Big 12","34","14,3,7,10","0.9944409728050232","1595","1626","277","West Virginia","fbs","Big 12","17","0,3,7,7","0.005559027194976807","1525","1494","2.588874156348813","","",""
"401282128","2021","11","regular","2021-11-13T17:00:00.000Z","false","true","false","true","87451","3785","Jordan-Hare Stadium","2","Auburn","fbs","SEC","34","14,14,0,6","0.11253149062395096","1718","1691","344","Mississippi State","fbs","SEC","43","3,7,13,20","0.887468509376049","1618","1645","5.631625340338542","","",""
"401287938","2021","11","regular","2021-11-13T17:00:00.000Z","false","true","false","true","46782","4727","McLane Stadium","239","Baylor","fbs","Big 12","27","0,7,3,17","0.9334504008293152","1694","1737","201","Oklahoma","fbs","Big 12","14","0,7,0,7","0.06654959917068481","1888","1845","6.893019796120175","","",""
"401301042","2021","11","regular","2021-11-13T17:00:00.000Z","false","true","false","true","28431","3805","Simmons Bank Liberty Stadium","235","Memphis","fbs","American Athletic","29","7,6,7,3,6","0.6602899432182312","1507","1508","151","East Carolina","fbs","American Athletic","30","7,9,0,7,7","0.3397100567817688","1551","1550","7.218895739634329","","",""
"401301043","2021","11","regular","2021-11-13T17:00:00.000Z","false","true","false","true","18440","3806","Lincoln Financial Field","218","Temple","fbs","American Athletic","8","0,0,0,8","0","963","961","248","Houston","fbs","American Athletic","37","7,3,14,13","1","1662","1664","3.195293308833646","","",""
"401282728","2021","11","regular","2021-11-13T17:00:00.000Z","false","true","false","true","40171","3830","Memorial Stadium (Bloomington, IN)","84","Indiana","fbs","Big Ten","3","0,3,0,0","0.015133149921894073","1449","1328","164","Rutgers","fbs","Big Ten","38","14,3,14,7","0.9848668500781059","1323","1444","3.6516935686322283","","",""
"401282687","2021","11","regular","2021-11-13T17:00:00.000Z","false","true","false","true","43797","3873","L&N Federal Credit Union Stadium","97","Louisville","fbs","ACC","41","14,21,3,3","0.992982804775238","1536","1640","183","Syracuse","fbs","ACC","3","3,0,0,0","0.007017195224761963","1496","1392","2.208891544589331","","",""
"401282684","2021","11","regular","2021-11-13T17:00:00.000Z","false","true","false","false","77522","3836","Memorial Stadium (Clemson, SC)","228","Clemson","fbs","ACC","44","10,20,7,7","0.9769669771194458","1810","1815","41","UConn","fbs","FBS Independents","7","7,0,0,0","0.0230330228805542","940","935","3.7032719387661377","","",""
"401309639","2021","11","regular","2021-11-13T19:00:00.000Z","false","true","false","true","16744","3654","Brooks Stadium (SC)","324","Coastal Carolina","fbs","Sun Belt","40","14,9,3,14","0.07383382320404053","1806","1776","2247","Georgia State","fbs","Sun Belt","42","14,14,0,14","0.9261661767959595","1367","1397","6.8946821187186575","","",""
"401282259","2021","11","regular","2021-11-13T19:00:00.000Z","false","true","false","true","17883","3895","Rice Stadium","242","Rice","fbs","Conference USA","21","0,0,7,14","0.010098663158714771","1126","1117","98","Western Kentucky","fbs","Conference USA","42","7,21,0,14","0.9899013368412852","1557","1566","6.4185637409447605","","",""
"401309896","2021","11","regular","2021-11-13T19:00:00.000Z","false","true","false","true","32008","3619","Arizona Stadium","12","Arizona","fbs","Pac-12","29","14,3,3,9","0.014985141344368458","1233","1259","254","Utah","fbs","Pac-12","38","7,14,10,7","0.9850148586556315","1835","1809","5.659652600935837","","",""
"401309637","2021","11","regular","2021-11-13T19:30:00.000Z","false","true","false","true","29348","3792","Kidd Brewer Stadium","2026","App State","fbs","Sun Belt","31","14,0,3,14","1","1686","1714","6","South Alabama","fbs","Sun Belt","7","0,7,0,0","0","1383","1355","3.2552428186588465","","",""
"401309640","2021","11","regular","2021-11-13T20:00:00.000Z","false","true","false","true","15896","3644","Bobcat Stadium (TX)","326","Texas State","fbs","Sun Belt","30","0,17,7,6","0.07354065030813217","1133","1133","290","Georgia Southern","fbs","Sun Belt","38","3,14,14,7","0.9264593496918678","1339","1339","6.819576052799745","","",""
"401282762","2021","11","regular","2021-11-13T20:30:00.000Z","false","true","false","true","69250","3793","Kinnick Stadium","2294","Iowa","fbs","Big Ten","27","3,7,7,10","0.844882071018219","1764","1764","135","Minnesota","fbs","Big Ten","22","3,10,3,6","0.155117928981781","1640","1640","5.603198331151785","","",""
"401282260","2021","11","regular","2021-11-13T20:30:00.000Z","false","true","false","true","30105","3604","Alamodome","2636","UTSA","fbs","Conference USA","27","0,10,7,10","0.5685579180717468","1641","1620","2572","Southern Miss","fbs","Conference USA","17","0,10,7,0","0.4314420819282532","1045","1066","5.709941655358778","","",""
"401282255","2021","11","regular","2021-11-13T20:30:00.000Z","false","true","false","true","10606","3725","Johnny ""Red"" Floyd Stadium","2393","Middle Tennessee","fbs","Conference USA","50","7,27,9,7","0.9983117954703544","1310","1394","2229","Florida International","fbs","Conference USA","10","3,0,0,7","0.001688204529645576","1072","988","2.0124593381","","",""
"401282685","2021","11","regular","2021-11-13T20:30:00.000Z","false","true","false","true","71917","3697","Doak Campbell Stadium","52","Florida State","fbs","ACC","31","14,6,0,11","0.8432913422584534","1495","1497","2390","Miami","fbs","ACC","28","0,7,7,14","0.15670865774154663","1544","1542","5.787790839385197","","",""
"401282812","2021","11","regular","2021-11-13T20:30:00.000Z","false","true","false","true","101009","3861","Ohio Stadium","194","Ohio State","fbs","Big Ten","59","21,24,7,7","0.9524154663085938","2113","2134","2509","Purdue","fbs","Big Ten","31","7,10,14,0","0.04758453369140625","1640","1619","2.8280110180486546","","",""
"401282256","2021","11","regular","2021-11-13T20:30:00.000Z","false","true","false","true","13634","3918","S.B. Ballard Stadium","295","Old Dominion","fbs","Conference USA","30","2,9,6,13","0.917828381061554","1236","1296","2226","Florida Atlantic","fbs","Conference USA","16","3,0,7,6","0.08217161893844604","1566","1506","5.412045262985594","","",""
"401309641","2021","11","regular","2021-11-13T20:30:00.000Z","false","true","false","true","24738","3975","Veterans Memorial Stadium (AL)","2653","Troy","fbs","Sun Belt","21","10,3,0,8","0.36095476150512695","1403","1405","309","Louisiana","fbs","Sun Belt","35","14,0,14,7","0.639045238494873","1777","1775","5.842528586028723","","",""
"401282257","2021","11","regular","2021-11-13T20:30:00.000Z","false","true","false","true","19329","3775","Joan C. Edwards Stadium","276","Marshall","fbs","Conference USA","14","0,7,7,0","0.02047532983124256","1692","1665","5","UAB","fbs","Conference USA","21","14,0,7,0","0.9795246701687574","1519","1546","5.320264496266862","","",""
"401282689","2021","11","regular","2021-11-13T20:30:00.000Z","false","true","false","true","56730","3799","Lane Stadium","259","Virginia Tech","fbs","ACC","48","7,10,10,21","0.9922021627426147","1495","1536","150","Duke","fbs","ACC","17","0,3,7,7","0.007797837257385254","1133","1092","3.0331222244999196","","",""
"401287942","2021","11","regular","2021-11-13T20:30:00.000Z","false","true","false","true","47158","3784","Jones AT&T Stadium","2641","Texas Tech","fbs","Big 12","41","14,17,0,10","0.8326563835144043","1451","1459","66","Iowa State","fbs","Big 12","38","7,7,7,17","0.1673436164855957","1909","1901","5.38318279970788","","",""
"401282686","2021","11","regular","2021-11-13T20:30:00.000Z","false","true","false","true","31511","721","Bobby Dodd Stadium","59","Georgia Tech","fbs","ACC","30","14,7,3,6","0.028798934072256088","1417","1397","103","Boston College","fbs","ACC","41","7,21,0,13","0.9712010659277439","1461","1481","5.66569621231378","","",""
"401282254","2021","11","regular","2021-11-13T20:30:00.000Z","false","true","false","true","14068","3776","Joe Aillet Stadium","2348","Louisiana Tech","fbs","Conference USA","42","7,7,14,14","0.8393425941467285","1253","1268","2429","Charlotte","fbs","Conference USA","32","0,7,10,15","0.16065740585327148","1219","1204","4.170542665318897","","",""
"401282133","2021","11","regular","2021-11-13T20:30:00.000Z","false","true","false","true","100074","3853","Neyland Stadium","2633","Tennessee","fbs","SEC","17","10,0,0,7","0.01974518597126007","1628","1621","61","Georgia","fbs","SEC","41","7,17,3,14","0.9802548140287399","2157","2164","3.9231246965805364","","",""
"401301044","2021","11","regular","2021-11-13T21:00:00.000Z","false","true","false","true","22784","4729","Yulman Stadium","2655","Tulane","fbs","American Athletic","13","0,3,0,10,0","0.6710584759712219","1356","1348","202","Tulsa","fbs","American Athletic","20","10,3,0,0,7","0.3289415240287781","1420","1428","5.848752183254053","","",""
"401282771","2021","11","regular","2021-11-13T21:00:00.000Z","false","true","false","true","67437","3936","Spartan Stadium","127","Michigan State","fbs","Big Ten","40","13,14,7,6","0.9840332269668579","1606","1622","120","Maryland","fbs","Big Ten","21","7,7,7,0","0.01596677303314209","1319","1303","3.5805063638512826","","",""
"401310745","2021","11","regular","2021-11-13T21:00:00.000Z","false","true","false","true","19623","6501","Allegiant Stadium","2439","UNLV","fbs","Mountain West","27","7,3,10,7","0.8099921941757202","1187","1228","62","Hawai'i","fbs","Mountain West","13","10,0,0,3","0.19000780582427979","1325","1284","4.56302609211426","","",""
"401282258","2021","11","regular","2021-11-13T21:00:00.000Z","false","true","false","true","20056","3825","DATCU Stadium","249","North Texas","fbs","Conference USA","20","0,3,14,3","0.714531421661377","1231","1233","2638","UTEP","fbs","Conference USA","17","0,7,0,10","0.28546857833862305","1295","1293","5.547544324452775","","",""
"401282132","2021","11","regular","2021-11-13T21:00:00.000Z","false","true","false","true","44092","3838","Memorial Stadium","142","Missouri","fbs","SEC","31","0,17,7,7","0.6962832808494568","1356","1358","2579","South Carolina","fbs","SEC","28","7,7,0,14","0.3037167191505432","1432","1430","5.256637635812313","","",""
"401309638","2021","11","regular","2021-11-13T22:00:00.000Z","false","true","false","true","12010","3817","Malone Stadium","2433","UL Monroe","fbs","Sun Belt","24","0,7,17,0","0.7458394765853882","1015","1018","2032","Arkansas State","fbs","Sun Belt","27","7,3,7,10","0.2541605234146118","1145","1142","6.771571182096639","","",""
"401309894","2021","11","regular","2021-11-13T22:30:00.000Z","false","true","false","true","35129","3893","Reser Stadium","204","Oregon State","fbs","Pac-12","35","7,7,14,7","0.9906949400901794","1515","1552","24","Stanford","fbs","Pac-12","14","0,0,7,7","0.009305059909820557","1396","1359","1.9153661279468712","","",""
"401282131","2021","11","regular","2021-11-14T00:00:00.000Z","false","true","false","true","64425","3974","Vaught-Hemingway Stadium","145","Ole Miss","fbs","SEC","29","10,5,0,14","0.9997894763946533","1751","1775","245","Texas A&M","fbs","SEC","19","0,0,10,9","0.0002105236053466797","1841","1817","4.359841943687781","","",""
"401310743","2021","11","regular","2021-11-14T00:00:00.000Z","false","true","false","true","35020","3660","Valley Children's Stadium","278","Fresno State","fbs","Mountain West","34","7,17,10,0","0.9935966730117798","1563","1591","167","New Mexico","fbs","Mountain West","7","0,0,7,0","0.006403326988220215","1188","1160","1.9834363216462676","","",""
"401310741","2021","11","regular","2021-11-14T00:00:00.000Z","false","true","false","true","25550","5388","Canvas Stadium","36","Colorado State","fbs","Mountain West","21","7,7,7,0","0.2088930606842041","1485","1471","2005","Air Force","fbs","Mountain West","35","21,0,14,0","0.7911069393157959","1679","1693","4.005430122329485","","",""
"401282134","2021","11","regular","2021-11-14T00:00:00.000Z","false","true","false","true","25798","3973","FirstBank Stadium","238","Vanderbilt","fbs","SEC","17","3,0,8,6","0","1041","1055","96","Kentucky","fbs","SEC","34","7,24,0,3","1","1631","1617","2.8291977662461982","","",""
"401309897","2021","11","regular","2021-11-14T00:00:00.000Z","false","true","false","true","57858","3765","Husky Stadium","264","Washington","fbs","Pac-12","30","14,3,7,6","0.1075340285897255","1651","1645","9","Arizona State","fbs","Pac-12","35","0,7,7,21","0.8924659714102745","1687","1693","4.668627041758386","","",""
"401282690","2021","11","regular","2021-11-14T00:30:00.000Z","false","true","false","true","34503","3630","Allegacy Federal Credit Union Stadium","154","Wake Forest","fbs","ACC","45","7,17,7,14","0.645646333694458","1716","1716","152","NC State","fbs","ACC","42","6,14,7,15","0.354353666305542","1667","1667","6.877695842478994","","",""
"401282688","2021","11","regular","2021-11-14T00:30:00.000Z","false","true","false","true","48584","3923","Scott Stadium","258","Virginia","fbs","ACC","3","0,0,0,3","0.00536467507481575","1593","1555","87","Notre Dame","fbs","FBS Independents","28","7,14,7,0","0.9946353249251842","1845","1883","2.837054890416666","","",""
"401282130","2021","11","regular","2021-11-14T00:30:00.000Z","false","true","false","true","98772","3958","Tiger Stadium (LA)","99","LSU","fbs","SEC","13","3,7,0,3,0","0.38094833493232727","1642","1635","8","Arkansas","fbs","SEC","16","3,0,10,0,3","0.6190516650676727","1594","1601","5.319897263245899","","",""
"401287941","2021","11","regular","2021-11-14T00:30:00.000Z","false","true","false","true","95202","3910","DKR-Texas Memorial Stadium","251","Texas","fbs","Big 12","56","0,14,21,14,7","0.9358081817626953","1776","1725","2305","Kansas","fbs","Big 12","57","14,21,7,7,8","0.06419181823730469","963","1014","6.632681134082384","","",""
"401287940","2021","11","regular","2021-11-14T01:00:00.000Z","false","true","false","true","54549","3646","Boone Pickens Stadium","197","Oklahoma State","fbs","Big 12","63","7,21,14,21","0.9989097250319154","1813","1914","2628","TCU","fbs","Big 12","17","3,0,0,14","0.0010902749680845591","1551","1450","2.4802551326","","",""
"401309898","2021","11","regular","2021-11-14T02:00:00.000Z","false","true","false","true","36573","1056","Rose Bowl","26","UCLA","fbs","Pac-12","44","0,10,20,14","0.9776813387870789","1587","1621","38","Colorado","fbs","Pac-12","20","7,13,0,0","0.022318661212921143","1345","1311","5.231103789362368","","",""
"401310746","2021","11","regular","2021-11-14T03:30:00.000Z","false","true","false","true","11821","538","StubHub Center","21","San Diego State","fbs","Mountain West","23","7,3,7,6","0.7250577211380005","1611","1611","2440","Nevada","fbs","Mountain West","21","0,7,7,7","0.2749422788619995","1586","1586","6.348703260224099","","",""
"401310744","2021","11","regular","2021-11-14T03:30:00.000Z","false","true","false","true","15135","3935","CEFCU Stadium","23","San José State","fbs","Mountain West","17","7,7,3,0","0.021881984546780586","1395","1310","328","Utah State","fbs","Mountain West","48","0,24,7,17","0.9781180154532194","1418","1503","4.544927338147371","","",""
"401309895","2021","11","regular","2021-11-14T03:30:00.000Z","false","true","false","true","52327","3626","Autzen Stadium","2483","Oregon","fbs","Pac-12","38","14,0,10,14","0.985174298286438","1744","1755","265","Washington State","fbs","Pac-12","24","0,14,0,10","0.014825701713562012","1536","1525","3.5947710863886635","","",""
"401309589","2021","12","regular","2021-11-17T00:00:00.000Z","false","true","false","true","9716","3876","Peden Stadium","195","Ohio","fbs","Mid-American","23","0,6,3,14","0.04172299802303314","1362","1351","2649","Toledo","fbs","Mid-American","35","0,14,14,7","0.9582770019769669","1537","1548","5.448959217160935","","",""
"401309588","2021","12","regular","2021-11-17T00:30:00.000Z","false","true","false","true","15272","3912","Rynearson Stadium","2199","Eastern Michigan","fbs","Mid-American","22","0,6,10,6","0.6133794784545898","1457","1457","2711","Western Michigan","fbs","Mid-American","21","0,7,14,0","0.38662052154541016","1418","1418","6.29745725656391","","",""
"401308841","2021","12","regular","2021-11-17T01:00:00.000Z","false","true","false","true","10269","3996","Yager Stadium","193","Miami (OH)","fbs","Mid-American","34","6,14,14,0","0.9883719682693481","1484","1506","189","Bowling Green","fbs","Mid-American","7","7,0,0,0","0.011628031730651855","1040","1018","3.686385298044576","","",""
"401309591","2021","12","regular","2021-11-18T00:00:00.000Z","false","true","false","true","5602","3919","Scheumann Stadium","2050","Ball State","fbs","Mid-American","17","7,10,0,0","0.012299694120883942","1463","1410","2117","Central Michigan","fbs","Mid-American","37","7,21,6,3","0.9877003058791161","1444","1497","6.924610561108208","","",""
"401309590","2021","12","regular","2021-11-18T00:00:00.000Z","false","true","false","true","13097","3965","UB Stadium","2084","Buffalo","fbs","Mid-American","27","3,7,7,10,0","0.3356138693665142","1375","1355","2459","Northern Illinois","fbs","Mid-American","33","0,10,14,3,6","0.6643861306334857","1261","1281","7.641153381","","",""
"401282691","2021","12","regular","2021-11-19T00:30:00.000Z","false","true","false","true","8493","3982","Wallace Wade Stadium","150","Duke","fbs","ACC","22","3,6,7,6","0.018179677426815033","1092","1044","97","Louisville","fbs","ACC","62","14,21,13,14","0.981820322573185","1640","1688","3.052749027383685","","",""
"401282264","2021","12","regular","2021-11-20T01:00:00.000Z","false","true","false","true","10410","3776","Joe Aillet Stadium","2348","Louisiana Tech","fbs","Conference USA","19","3,6,0,10","0.12659810483455658","1268","1208","2572","Southern Miss","fbs","Conference USA","35","7,14,0,14","0.8734018951654434","1066","1126","3.352414660216141","","",""
"401310747","2021","12","regular","2021-11-20T02:00:00.000Z","false","true","false","true","15206","3816","Mackay Stadium","2440","Nevada","fbs","Mountain West","39","3,0,7,14,7,8,0","0.06080658361315727","1586","1589","2005","Air Force","fbs","Mountain West","41","0,17,7,0,7,8,2","0.9391934163868427","1693","1690","6.3456983805786855","","",""
"401309899","2021","12","regular","2021-11-20T02:00:00.000Z","false","true","false","true","22541","3820","Gesa Field","265","Washington State","fbs","Pac-12","44","7,14,16,7","0.9951371550559998","1525","1562","12","Arizona","fbs","Pac-12","18","0,7,3,8","0.004862844944000244","1259","1222","3.0969672640387405","","",""
"401301045","2021","12","regular","2021-11-20T02:00:00.000Z","false","true","false","true","28712","4728","TDECU Stadium","248","Houston","fbs","American Athletic","31","0,21,0,10","0.9841183423995972","1664","1689","235","Memphis","fbs","American Athletic","13","0,3,7,3","0.015881657600402832","1508","1483","3.688239492193057","","",""
"401310751","2021","12","regular","2021-11-20T04:30:00.000Z","false","true","false","true","16713","6501","Allegiant Stadium","2439","UNLV","fbs","Mountain West","20","3,7,10,0","0.030661936849355698","1228","1241","21","San Diego State","fbs","Mountain West","28","7,14,0,7","0.9693380631506443","1611","1598","5.422379635395413","","",""
"401286305","2021","12","regular","2021-11-20T17:00:00.000Z","false","true","false","false","23610","3841","Michie Stadium","349","Army","fbs","FBS Independents","33","8,11,0,14","0.8531534075737","1585","1557","113","Massachusetts","fbs","FBS Independents","17","3,7,0,7","0.14684659242630005","796","824","3.4643307339661806","","",""
"401282808","2021","12","regular","2021-11-20T17:00:00.000Z","false","true","true","true","31500","4250","Wrigley Field","77","Northwestern","fbs","Big Ten","14","0,7,7,0","0","1394","1380","2509","Purdue","fbs","Big Ten","32","0,13,13,6","1","1619","1633","4.759003960037107","","",""
"401282137","2021","12","regular","2021-11-20T17:00:00.000Z","false","true","false","false","47749","3683","Kroger Field","96","Kentucky","fbs","SEC","56","21,14,14,7","0.9931016564369202","1617","1662","166","New Mexico State","fbs","FBS Independents","16","7,9,0,0","0.006898343563079834","1052","1007","3.4265327153634266","","",""
"401282786","2021","12","regular","2021-11-20T17:00:00.000Z","false","true","false","true","101858","3861","Ohio Stadium","194","Ohio State","fbs","Big Ten","56","21,28,0,7","0.9819503426551819","2134","2212","127","Michigan State","fbs","Big Ten","7","0,0,0,7","0.018049657344818115","1622","1544","1.980251417552212","","",""
"401282692","2021","12","regular","2021-11-20T17:00:00.000Z","false","true","false","true","33363","3615","Alumni Stadium (Chestnut Hill, MA)","103","Boston College","fbs","ACC","23","0,3,7,13","0.2081654965877533","1481","1477","52","Florida State","fbs","ACC","26","7,12,7,0","0.7918345034122467","1497","1501","4.908271720017538","","",""
"401282696","2021","12","regular","2021-11-20T17:00:00.000Z","false","true","false","false","43011","3787","Kenan Stadium","153","North Carolina","fbs","ACC","34","10,10,14,0","0.8998373746871948","1736","","2747","Wofford","fcs","Southern","14","0,7,0,7","0.10016262531280518","933","","2.602900327745911","","",""
"401282818","2021","12","regular","2021-11-20T17:00:00.000Z","false","true","false","true","106038","3632","Beaver Stadium","213","Penn State","fbs","Big Ten","28","0,7,14,7","1","1778","1813","164","Rutgers","fbs","Big Ten","0","0,0,0,0","0","1444","1409","3.8014613191914837","","",""
"401282693","2021","12","regular","2021-11-20T17:00:00.000Z","false","true","false","true","81048","3836","Memorial Stadium (Clemson, SC)","228","Clemson","fbs","ACC","48","10,7,21,10","0.9949294328689575","1815","1855","154","Wake Forest","fbs","ACC","27","0,10,3,14","0.0050705671310424805","1716","1676","3.5088853401109796","","",""
"401309592","2021","12","regular","2021-11-20T17:00:00.000Z","false","true","false","true","8879","3768","InfoCision Stadium","2006","Akron","fbs","Mid-American","0","0,0,0,0","0","997","919","2309","Kent State","fbs","Mid-American","38","7,22,3,6","1","1254","1332","2.436341658966769","","",""
"401282263","2021","12","regular","2021-11-20T17:00:00.000Z","false","true","false","true","10477","3796","Houchens Industries-L.T. Smith Stadium","98","Western Kentucky","fbs","Conference USA","52","14,17,7,14","0.998173177242279","1566","1656","2226","Florida Atlantic","fbs","Conference USA","17","3,7,7,0","0.0018268227577209473","1506","1416","2.406352219325472","","",""
"401301048","2021","12","regular","2021-11-20T17:00:00.000Z","false","true","false","true","14496","4729","Yulman Stadium","2655","Tulane","fbs","American Athletic","45","28,7,7,3","0.9894322156906128","1348","1418","58","South Florida","fbs","American Athletic","14","7,0,0,7","0.010567784309387207","1238","1168","2.773731764558718","","",""
"401282144","2021","12","regular","2021-11-20T17:00:00.000Z","false","true","false","false","98251","3795","Kyle Field","245","Texas A&M","fbs","SEC","52","21,17,7,7","0.9922637343406677","1931","","2504","Prairie View A&M","fcs","SWAC","3","0,0,3,0","0.007736265659332275","1170","","1.6247444416584416","","",""
"401282136","2021","12","regular","2021-11-20T17:00:00.000Z","false","true","false","false","92746","3917","Sanford Stadium","61","Georgia","fbs","SEC","56","28,21,7,0","0.9935417771339417","2415","","2127","Charleston Southern","fcs","Big South","7","0,0,7,0","0.00645822286605835","","","2.913674109303816","","",""
"401287944","2021","12","regular","2021-11-20T17:00:00.000Z","false","true","false","true","82685","3835","Memorial Stadium (Norman, OK)","201","Oklahoma","fbs","Big 12","28","7,7,7,7","0.9502975940704346","1845","1858","66","Iowa State","fbs","Big 12","21","7,0,0,14","0.04970240592956543","1901","1888","8.759740098717725","","",""
"401287947","2021","12","regular","2021-11-20T17:00:00.000Z","false","true","false","true","48755","3842","Milan Puskar Stadium","277","West Virginia","fbs","Big 12","31","7,14,7,3","0.9234976768493652","1494","1521","251","Texas","fbs","Big 12","23","0,10,7,6","0.07650232315063477","1725","1698","3.32660865714656","","",""
"401282140","2021","12","regular","2021-11-20T17:00:00.000Z","false","true","false","false","46770","3693","Davis Wade Stadium","344","Mississippi State","fbs","SEC","55","21,14,14,6","0.980708658695221","1624","","2634","Tennessee State","fcs","OVC","10","0,0,0,10","0.019291341304779053","1654","","1.9418672352648607","","",""
"401309644","2021","12","regular","2021-11-20T18:00:00.000Z","false","true","false","true","10386","3654","Brooks Stadium (SC)","324","Coastal Carolina","fbs","Sun Belt","35","7,7,14,7","0.9899380207061768","1776","1756","326","Texas State","fbs","Sun Belt","21","0,14,7,0","0.010061979293823242","1133","1153","4.3075455436627434","","",""
"401309643","2021","12","regular","2021-11-20T19:00:00.000Z","false","true","false","true","14273","4246","Center Parc Stadium","2247","Georgia State","fbs","Sun Belt","28","7,7,0,14","0.9988976755108503","1397","1394","2032","Arkansas State","fbs","Sun Belt","20","3,10,0,7","0.0011023244891497086","1142","1145","5.772662204","","",""
"401282721","2021","12","regular","2021-11-20T19:00:00.000Z","false","true","false","true","64132","3793","Kinnick Stadium","2294","Iowa","fbs","Big Ten","33","7,10,3,13","0.9668797850608826","1764","1757","356","Illinois","fbs","Big Ten","23","10,3,3,7","0.03312021493911743","1400","1407","4.4428873966128615","","",""
"401282697","2021","12","regular","2021-11-20T19:30:00.000Z","false","true","false","true","70011","3855","Notre Dame Stadium","87","Notre Dame","fbs","FBS Independents","55","24,21,10,0","0.9989677324080912","1883","1984","59","Georgia Tech","fbs","ACC","0","0,0,0,0","0.0010322675919087754","1397","1296","1.4554111747","","",""
"401309903","2021","12","regular","2021-11-20T20:00:00.000Z","false","true","false","true","41284","3726","Folsom Field","38","Colorado","fbs","Pac-12","20","10,0,0,10","0.7540216445922852","1311","1317","264","Washington","fbs","Pac-12","17","0,10,0,7","0.24597835540771484","1645","1639","5.5133720391600445","","",""
"401282267","2021","12","regular","2021-11-20T20:30:00.000Z","false","true","false","true","35147","3604","Alamodome","2636","UTSA","fbs","Conference USA","34","7,10,10,7","0.1851469725370407","1620","1620","5","UAB","fbs","Conference USA","31","14,10,0,7","0.8148530274629593","1546","1546","8.378710369970978","","",""
"401282803","2021","12","regular","2021-11-20T20:30:00.000Z","false","true","false","true","67888","347","Camp Randall Stadium","275","Wisconsin","fbs","Big Ten","35","14,0,14,7","0.9667778015136719","1907","1906","158","Nebraska","fbs","Big Ten","28","7,7,7,7","0.033222198486328125","1713","1714","5.983846144166333","","",""
"401282135","2021","12","regular","2021-11-20T20:30:00.000Z","false","true","false","true","98323","3657","Bryant-Denny Stadium","333","Alabama","fbs","SEC","42","3,21,10,8","0.8818047046661377","2216","2195","8","Arkansas","fbs","SEC","35","0,14,7,14","0.1181952953338623","1601","1622","5.094136219940495","","",""
"401301046","2021","12","regular","2021-11-20T20:30:00.000Z","false","true","false","true","37978","3854","Nippert Stadium","2132","Cincinnati","fbs","American Athletic","48","14,13,14,7","0.9868219494819641","1898","1967","2567","SMU","fbs","American Athletic","14","0,0,0,14","0.013178050518035889","1695","1626","1.9443362498824257","","",""
"401282770","2021","12","regular","2021-11-20T20:30:00.000Z","false","true","false","true","36181","3665","SECU Stadium","120","Maryland","fbs","Big Ten","18","0,3,15,0","0.007035155780613422","1303","1256","130","Michigan","fbs","Big Ten","59","14,10,28,7","0.9929648442193866","1882","1929","3.0831452415339884","","",""
"401282265","2021","12","regular","2021-11-20T20:30:00.000Z","false","true","false","true","9606","3725","Johnny ""Red"" Floyd Stadium","2393","Middle Tennessee","fbs","Conference USA","17","7,3,0,7","0.26782578229904175","1394","1373","295","Old Dominion","fbs","Conference USA","24","7,3,0,14","0.7321742177009583","1296","1317","5.024907912783928","","",""
"401282732","2021","12","regular","2021-11-20T20:30:00.000Z","false","true","false","true","38079","3830","Memorial Stadium (Bloomington, IN)","84","Indiana","fbs","Big Ten","14","7,0,0,7","0.0035288911312818527","1328","1308","135","Minnesota","fbs","Big Ten","35","0,21,7,7","0.9964711088687181","1640","1660","2.837591175193805","","",""
"401282261","2021","12","regular","2021-11-20T20:30:00.000Z","false","true","false","true","13211","4418","Jerry Richardson Stadium","2429","Charlotte","fbs","Conference USA","28","7,7,0,14","0.0026433051098138094","1204","1198","276","Marshall","fbs","Conference USA","49","7,14,21,7","0.9973566948901862","1665","1671","4.196947040120877","","",""
"401309642","2021","12","regular","2021-11-20T20:30:00.000Z","false","true","false","true","18523","3975","Veterans Memorial Stadium (AL)","2653","Troy","fbs","Sun Belt","7","7,0,0,0","0.0034711339976638556","1405","1334","2026","App State","fbs","Sun Belt","45","3,7,21,14","0.9965288660023361","1714","1785","3.122853518698958","","",""
"401301047","2021","12","regular","2021-11-20T20:30:00.000Z","false","true","false","true","28001","3852","Navy-Marine Corps Memorial Stadium","2426","Navy","fbs","American Athletic","35","7,14,0,14","0.36835673451423645","1299","1309","151","East Carolina","fbs","American Athletic","38","14,10,0,14","0.6316432654857635","1550","1540","6.315095631524393","","",""
"401282698","2021","12","regular","2021-11-20T20:30:00.000Z","false","true","false","true","45183","3752","Acrisure Stadium","221","Pittsburgh","fbs","ACC","48","0,24,10,14","0.7205047011375427","1733","1738","258","Virginia","fbs","ACC","38","7,14,10,7","0.2794952988624573","1555","1550","7.30632650745905","","",""
"401287945","2021","12","regular","2021-11-20T21:00:00.000Z","false","true","false","true","35061","3616","Amon G. Carter Stadium","2628","TCU","fbs","Big 12","31","7,0,14,10","0.8098275661468506","1450","1446","2305","Kansas","fbs","Big 12","28","7,7,0,14","0.19017243385314941","1014","1018","5.652782751691039","","",""
"401282266","2021","12","regular","2021-11-20T21:00:00.000Z","false","true","false","true","10097","3946","Sun Bowl","2638","UTEP","fbs","Conference USA","38","7,7,10,14","0.9877612590789795","1293","1298","242","Rice","fbs","Conference USA","28","0,21,0,7","0.012238740921020508","1117","1112","5.858416481017736","","",""
"401286293","2021","12","regular","2021-11-20T21:00:00.000Z","false","true","false","false","37454","3652","FBC Mortgage Stadium","2116","UCF","fbs","American Athletic","49","21,14,0,14","0.9924783706665039","1573","1588","41","UConn","fbs","FBS Independents","17","0,14,0,3","0.007521629333496094","935","920","2.283266236076418","","",""
"401309645","2021","12","regular","2021-11-20T21:00:00.000Z","false","true","false","false","20862","3608","Allen E. Paulson Stadium","290","Georgia Southern","fbs","Sun Belt","17","3,14,0,0","0.04035371541976929","1339","1337","252","BYU","fbs","FBS Independents","34","7,13,7,7","0.9596462845802307","1739","1741","4.066290328208119","","",""
"401301049","2021","12","regular","2021-11-20T21:00:00.000Z","false","true","false","true","16731","3674","Chapman Stadium","202","Tulsa","fbs","American Athletic","44","10,17,7,10","0.9857465624809265","1428","1466","218","Temple","fbs","American Athletic","10","0,0,10,0","0.014253437519073486","961","923","2.8102543854454454","","",""
"401286298","2021","12","regular","2021-11-20T21:00:00.000Z","false","true","false","false","15564","3992","Williams Stadium (VA)","2335","Liberty","fbs","FBS Independents","14","0,7,7,0","0.042095642536878586","1662","1599","309","Louisiana","fbs","Sun Belt","42","7,14,7,14","0.9579043574631214","1775","1838","5.948425864065725","","",""
"401309904","2021","12","regular","2021-11-20T21:00:00.000Z","false","true","false","true","68152","477","Los Angeles Memorial Coliseum","30","USC","fbs","Pac-12","33","10,7,9,7","0","1562","1489","26","UCLA","fbs","Pac-12","62","7,21,14,20","1","1621","1694","4.731846414539005","","",""
"401282695","2021","12","regular","2021-11-20T21:00:00.000Z","false","true","false","true","54083","3670","Carter-Finley Stadium","152","NC State","fbs","ACC","41","0,28,10,3","0.9999529123306274","1667","1697","183","Syracuse","fbs","ACC","17","0,7,3,7","0.000047087669372558594","1392","1362","3.320992530002604","","",""
"401282141","2021","12","regular","2021-11-20T21:00:00.000Z","false","true","false","true","47818","3838","Memorial Stadium","142","Missouri","fbs","SEC","24","3,6,0,7,8","0.24475131364735478","1358","1366","57","Florida","fbs","SEC","23","3,3,7,3,7","0.7552486863526452","1642","1634","7.7351866518","","",""
"401287943","2021","12","regular","2021-11-20T22:30:00.000Z","false","true","false","true","43857","3636","Bill Snyder Family Stadium","2306","Kansas State","fbs","Big 12","10","0,7,3,0","0.09647195786237717","1626","1615","239","Baylor","fbs","Big 12","20","7,10,0,3","0.9035280421376228","1737","1748","4.3614117001512795","","",""
"401282142","2021","12","regular","2021-11-21T00:00:00.000Z","false","true","false","true","70299","3994","Williams-Brice Stadium","2579","South Carolina","fbs","SEC","21","0,14,7,0","0.927436888217926","1430","1441","2","Auburn","fbs","SEC","17","14,0,3,0","0.07256311178207397","1691","1680","4.917832033044904","","",""
"401309900","2021","12","regular","2021-11-21T00:00:00.000Z","false","true","false","true","49265","3940","Stanford Stadium","24","Stanford","fbs","Pac-12","11","0,3,0,8","0.07236909866333008","1359","1291","25","California","fbs","Pac-12","41","0,14,13,14","0.9276309013366699","1488","1556","3.157364488926361","","",""
"401282262","2021","12","regular","2021-11-21T00:00:00.000Z","false","true","false","true","","218","FIU Stadium","2229","Florida International","fbs","Conference USA","7","0,0,7,0","0.01168685220181942","988","895","249","North Texas","fbs","Conference USA","49","7,28,14,0","0.9883131477981806","1233","1326","4.911875154619117","","",""
"401282139","2021","12","regular","2021-11-21T00:30:00.000Z","false","true","false","true","50819","3974","Vaught-Hemingway Stadium","145","Ole Miss","fbs","SEC","31","10,14,0,7","0.9852136969566345","1775","1750","238","Vanderbilt","fbs","SEC","17","3,6,0,8","0.014786303043365479","1055","1080","2.712820249454637","","",""
"401282694","2021","12","regular","2021-11-21T00:30:00.000Z","false","true","false","true","40839","3948","Hard Rock Stadium","2390","Miami","fbs","ACC","38","14,14,3,7","0.6225100519705646","1542","1564","259","Virginia Tech","fbs","ACC","26","3,10,13,0","0.37748994802943536","1536","1514","4.414136346","","",""
"401309901","2021","12","regular","2021-11-21T00:30:00.000Z","false","true","false","true","52724","587","Rice-Eccles Stadium","254","Utah","fbs","Pac-12","38","7,21,7,3","0.9800751805305481","1809","1886","2483","Oregon","fbs","Pac-12","7","0,0,7,0","0.019924819469451904","1755","1678","2.713793722045423","","",""
"401282143","2021","12","regular","2021-11-21T00:30:00.000Z","false","true","false","false","75203","3853","Neyland Stadium","2633","Tennessee","fbs","SEC","60","14,21,14,11","0.9939804077148438","1621","1722","6","South Alabama","fbs","Sun Belt","14","0,7,0,7","0.00601959228515625","1355","1254","2.336053296315973","","",""
"401287946","2021","12","regular","2021-11-21T01:00:00.000Z","false","true","false","true","53169","3784","Jones AT&T Stadium","2641","Texas Tech","fbs","Big 12","0","0,0,0,0","0.006218171678483486","1459","1448","197","Oklahoma State","fbs","Big 12","23","3,10,3,7","0.9937818283215165","1914","1925","3.5969505555692693","","",""
"401310750","2021","12","regular","2021-11-21T01:00:00.000Z","false","true","false","true","20547","3905","Maverik Stadium","328","Utah State","fbs","Mountain West","17","14,3,0,0","0.00929769966751337","1503","1430","2751","Wyoming","fbs","Mountain West","44","14,10,17,3","0.9907023003324866","1506","1579","4.523061419907415","","",""
"401282138","2021","12","regular","2021-11-21T02:00:00.000Z","false","true","false","false","92790","3958","Tiger Stadium (LA)","99","LSU","fbs","SEC","27","7,10,7,3","0.7580521702766418","1635","1615","2433","UL Monroe","fbs","Sun Belt","14","0,7,0,7","0.24194782972335815","1018","1038","2.710105544654645","","",""
"401310748","2021","12","regular","2021-11-21T02:00:00.000Z","false","true","false","true","28542","3653","Albertsons Stadium","68","Boise State","fbs","Mountain West","37","10,14,6,7","0.949509859085083","1747","1781","167","New Mexico","fbs","Mountain West","0","0,0,0,0","0.05049014091491699","1160","1126","1.734351133442302","","",""
"401309902","2021","12","regular","2021-11-21T03:30:00.000Z","false","true","false","true","29579","3893","Reser Stadium","204","Oregon State","fbs","Pac-12","24","3,14,0,7","0.9447944164276123","1552","1593","9","Arizona State","fbs","Pac-12","10","0,0,3,7","0.055205583572387695","1693","1652","2.413499599176503","","",""
"401310749","2021","12","regular","2021-11-21T04:00:00.000Z","false","true","false","true","6575","7220","Clarence T.C. Ching Athletics Complex","62","Hawai'i","fbs","Mountain West","50","9,20,7,14","0.9313099980354309","1284","1297","36","Colorado State","fbs","Mountain West","45","7,3,7,28","0.06869000196456909","1471","1458","5.124375356507443","","",""
"401309593","2021","13","regular","2021-11-24T00:00:00.000Z","false","true","false","true","6112","3919","Scheumann Stadium","2050","Ball State","fbs","Mid-American","20","14,3,3,0","0.8846134543418884","1410","1442","2084","Buffalo","fbs","Mid-American","3","0,3,0,0","0.11538654565811157","1355","1323","2.9874664330200384","","",""
"401309594","2021","13","regular","2021-11-24T00:00:00.000Z","false","true","false","true","7156","3764","Huskie Stadium","2459","Northern Illinois","fbs","Mid-American","21","0,7,0,14","0.12058419734239578","1281","1243","2711","Western Michigan","fbs","Mid-American","42","7,21,7,7","0.8794158026576042","1418","1456","3.3304651636726645","","",""
"401310757","2021","13","regular","2021-11-25T20:30:00.000Z","false","true","false","true","15323","3935","CEFCU Stadium","23","San José State","fbs","Mountain West","9","3,6,0,0","0.007263856008648872","1310","1258","278","Fresno State","fbs","Mountain West","40","7,16,10,7","0.9927361439913511","1591","1643","3.7209074748911184","","",""
"401282151","2021","13","regular","2021-11-26T00:30:00.000Z","false","true","false","true","55601","3693","Davis Wade Stadium","344","Mississippi State","fbs","SEC","21","6,0,0,15","0.5257070660591125","1645","1633","145","Ole Miss","fbs","SEC","31","3,7,7,14","0.47429293394088745","1750","1762","4.8568881014999326","","",""
"401309595","2021","13","regular","2021-11-26T17:00:00.000Z","false","true","false","true","7708","3786","Kelly/Shorts Stadium","2117","Central Michigan","fbs","Mid-American","31","7,3,7,14","1","1497","1543","2199","Eastern Michigan","fbs","Mid-American","10","0,3,7,0","0","1457","1411","3.3374381017078227","","",""
"401309596","2021","13","regular","2021-11-26T17:00:00.000Z","false","true","false","true","9339","3700","Doyt L. Perry Stadium","189","Bowling Green","fbs","Mid-American","21","3,7,3,8","1","1018","1066","195","Ohio","fbs","Mid-American","10","0,10,0,0","0","1351","1303","4.408913485182074","","",""
"401310753","2021","13","regular","2021-11-26T17:00:00.000Z","false","true","false","true","11886","538","StubHub Center","21","San Diego State","fbs","Mountain West","27","3,10,14,0","0.9821943044662476","1598","1633","68","Boise State","fbs","Mountain West","16","7,9,0,0","0.01780569553375244","1781","1746","5.244314236532985","","",""
"401287952","2021","13","regular","2021-11-26T17:00:00.000Z","false","true","false","true","75072","3910","DKR-Texas Memorial Stadium","251","Texas","fbs","Big 12","22","7,9,3,3","0.9980252981185913","1698","1700","2306","Kansas State","fbs","Big 12","17","7,10,0,0","0.0019747018814086914","1615","1613","4.72082695115861","","",""
"401310755","2021","13","regular","2021-11-26T18:00:00.000Z","false","true","false","true","11046","3971","University Stadium (NM)","167","New Mexico","fbs","Mountain West","10","0,0,3,7","0.06954308599233627","1126","1094","328","Utah State","fbs","Mountain West","35","7,21,7,0","0.9304569140076637","1430","1462","3.027660970902353","","",""
"401282761","2021","13","regular","2021-11-26T18:30:00.000Z","false","true","false","true","86541","3834","Memorial Stadium (Lincoln, NE)","158","Nebraska","fbs","Big Ten","21","7,7,7,0","0.5599241852760315","1714","1704","2294","Iowa","fbs","Big Ten","28","0,6,3,19","0.4400758147239685","1757","1767","5.971349980690825","","",""
"401282274","2021","13","regular","2021-11-26T19:00:00.000Z","false","true","false","true","19683","7221","Protective Stadium","5","UAB","fbs","Conference USA","42","7,7,14,14","0.9209327697753906","1546","1561","2638","UTEP","fbs","Conference USA","25","7,10,8,0","0.07906723022460938","1298","1283","5.438883204603293","","",""
"401301051","2021","13","regular","2021-11-26T20:30:00.000Z","false","true","false","true","38014","3699","Dowdy-Ficklen Stadium","151","East Carolina","fbs","American Athletic","13","3,0,3,7","0","1540","1528","2132","Cincinnati","fbs","American Athletic","35","0,21,0,14","1","1967","1979","4.075099891443281","","",""
"401310752","2021","13","regular","2021-11-26T20:30:00.000Z","false","true","false","true","18226","3713","Falcon Stadium","2005","Air Force","fbs","Mountain West","48","14,10,17,7","","1690","1730","2439","UNLV","fbs","Mountain West","14","0,0,7,7","","1241","1201","1.6187969336","","",""
"401282145","2021","13","regular","2021-11-26T20:30:00.000Z","false","true","false","true","67320","3983","War Memorial Stadium (AR)","8","Arkansas","fbs","SEC","34","3,7,14,10","0.9946281313896179","1622","1636","142","Missouri","fbs","SEC","17","0,6,3,8","0.00537186861038208","1366","1352","4.689839772034318","","",""
"401301050","2021","13","regular","2021-11-26T20:30:00.000Z","false","true","false","true","41157","3652","FBC Mortgage Stadium","2116","UCF","fbs","American Athletic","17","7,7,0,3","0.18708310773900527","1588","1580","58","South Florida","fbs","American Athletic","13","7,0,6,0","0.8129168922609947","1168","1176","6.052207462","","",""
"401309648","2021","13","regular","2021-11-26T20:30:00.000Z","false","true","false","true","13242","6526","Hancock Whitney Stadium","6","South Alabama","fbs","Sun Belt","21","7,3,0,11,0","0.15309154987335205","1254","1277","324","Coastal Carolina","fbs","Sun Belt","27","0,0,7,14,6","0.846908450126648","1756","1733","6.137340142293443","","",""
"401309906","2021","13","regular","2021-11-26T21:00:00.000Z","false","true","false","true","51538","587","Rice-Eccles Stadium","254","Utah","fbs","Pac-12","28","0,14,14,0","0.9901204109191895","1886","1872","38","Colorado","fbs","Pac-12","13","3,3,7,0","0.009879589080810547","1317","1331","3.2397695840267753","","",""
"401287949","2021","13","regular","2021-11-26T21:30:00.000Z","false","true","false","true","57775","3772","Jack Trice Stadium","66","Iowa State","fbs","Big 12","48","3,14,10,21","0.9787537455558777","1888","1929","2628","TCU","fbs","Big 12","14","0,7,0,7","0.021246254444122314","1446","1405","2.3466266975366543","","",""
"401282699","2021","13","regular","2021-11-27T00:00:00.000Z","false","true","false","true","56919","3670","Carter-Finley Stadium","152","NC State","fbs","ACC","34","14,0,7,13","0.6465491652488708","1697","1699","153","North Carolina","fbs","ACC","30","0,10,14,6","0.35345083475112915","1658","1656","5.464625671222013","","",""
"401309905","2021","13","regular","2021-11-27T01:00:00.000Z","false","true","false","true","68077","3765","Husky Stadium","264","Washington","fbs","Pac-12","13","0,7,0,6","0.012404405511915684","1639","1555","265","Washington State","fbs","Pac-12","40","10,3,10,17","0.9875955944880843","1562","1646","3.696575735111654","","",""
"401282700","2021","13","regular","2021-11-27T17:00:00.000Z","false","true","false","true","25854","3615","Alumni Stadium (Chestnut Hill, MA)","103","Boston College","fbs","ACC","10","7,3,0,0","0.030178137123584747","1477","1415","154","Wake Forest","fbs","ACC","41","14,10,10,7","0.9698218628764153","1676","1738","2.9815617515898465","","",""
"401282147","2021","13","regular","2021-11-27T17:00:00.000Z","false","true","false","false","88491","3634","Ben Hill Griffin Stadium","57","Florida","fbs","SEC","24","7,0,10,7","0.9394040107727051","1634","1633","52","Florida State","fbs","ACC","21","0,7,0,14","0.06059598922729492","1501","1502","5.2200172469338515","","",""
"401301052","2021","13","regular","2021-11-27T17:00:00.000Z","false","true","false","false","12685","3892","Pratt & Whitney Stadium","41","UConn","fbs","FBS Independents","17","0,10,0,7","0.011638207361102104","920","926","248","Houston","fbs","American Athletic","45","7,14,17,7","0.9883617926388979","1689","1683","4.096282882918093","","",""
"401282148","2021","13","regular","2021-11-27T17:00:00.000Z","false","true","false","false","52806","721","Bobby Dodd Stadium","59","Georgia Tech","fbs","ACC","0","0,0,0,0","0.00379160069860518","1296","1270","61","Georgia","fbs","SEC","45","10,14,14,7","0.9962083993013948","2164","2190","1.8159141100053116","","",""
"401309597","2021","13","regular","2021-11-27T17:00:00.000Z","false","true","false","true","11282","3739","Glass Bowl","2649","Toledo","fbs","Mid-American","49","7,14,14,14","0.9983633756637573","1548","1572","2006","Akron","fbs","Mid-American","14","0,7,0,7","0.0016366243362426758","919","895","2.9333673649943","","",""
"401301054","2021","13","regular","2021-11-27T17:00:00.000Z","false","true","false","true","16708","3806","Lincoln Financial Field","218","Temple","fbs","American Athletic","14","0,7,7,0","0.007820446765355905","923","902","2426","Navy","fbs","American Athletic","38","7,10,7,14","0.9921795532346441","1309","1330","2.5156756585","","",""
"401287948","2021","13","regular","2021-11-27T17:00:00.000Z","false","true","false","true","43901","4727","McLane Stadium","239","Baylor","fbs","Big 12","27","10,7,0,10","0.432119756937027","1748","1745","2641","Texas Tech","fbs","Big 12","24","3,7,0,14","0.567880243062973","1448","1451","4.501595771914046","","",""
"401282766","2021","13","regular","2021-11-27T17:00:00.000Z","false","true","false","true","42729","6577","SHI Stadium","164","Rutgers","fbs","Big Ten","16","2,0,14,0","0.03561238572001457","1409","1326","120","Maryland","fbs","Big Ten","40","13,7,6,14","0.9643876142799854","1256","1339","3.1939528857823025","","",""
"401308842","2021","13","regular","2021-11-27T17:00:00.000Z","false","true","false","true","8387","3696","Dix Stadium","2309","Kent State","fbs","Mid-American","48","7,10,14,10,7","0.8682800531387329","1332","1338","193","Miami (OH)","fbs","Mid-American","47","6,10,7,18,6","0.1317199468612671","1506","1500","8.290827497622866","","",""
"401286299","2021","13","regular","2021-11-27T17:00:00.000Z","false","true","false","false","19269","3992","Williams Stadium (VA)","2335","Liberty","fbs","FBS Independents","16","0,3,13,0","0","1599","1560","349","Army","fbs","FBS Independents","31","10,14,7,0","1","1557","1596","4.22950185721995","","",""
"401282781","2021","13","regular","2021-11-27T17:00:00.000Z","false","true","false","true","111156","3558","Michigan Stadium","130","Michigan","fbs","Big Ten","42","7,7,14,14","0.9206859469413757","1929","1988","194","Ohio State","fbs","Big Ten","27","3,10,0,14","0.07931405305862427","2212","2153","3.770693516392464","","",""
"401282701","2021","13","regular","2021-11-27T17:30:00.000Z","false","true","false","true","17391","3982","Wallace Wade Stadium","150","Duke","fbs","ACC","10","10,0,0,0","0.01885778270661831","1044","1002","2390","Miami","fbs","ACC","47","10,20,17,0","0.9811422172933817","1564","1606","4.298150961761104","","",""
"401282271","2021","13","regular","2021-11-27T18:00:00.000Z","false","true","false","true","15832","3895","Rice Stadium","242","Rice","fbs","Conference USA","35","7,7,7,14","0.8620424270629883","1112","1118","2348","Louisiana Tech","fbs","Conference USA","31","10,0,14,7","0.13795757293701172","1208","1202","8.75314572237363","","",""
"401282268","2021","13","regular","2021-11-27T19:00:00.000Z","false","true","false","true","15874","3918","S.B. Ballard Stadium","295","Old Dominion","fbs","Conference USA","56","14,14,7,21","0.9901683330535889","1317","1357","2429","Charlotte","fbs","Conference USA","34","0,14,14,6","0.009831666946411133","1198","1158","4.829295467830632","","",""
"401309647","2021","13","regular","2021-11-27T19:00:00.000Z","false","true","false","true","3116","3625","Centennial Bank Stadium","2032","Arkansas State","fbs","Sun Belt","22","7,3,3,9","0.9143057480443916","1145","1143","326","Texas State","fbs","Sun Belt","24","14,3,7,0","0.08569425195560842","1153","1155","7.6002947691","","",""
"401309649","2021","13","regular","2021-11-27T19:00:00.000Z","false","true","false","true","13875","4246","Center Parc Stadium","2247","Georgia State","fbs","Sun Belt","37","7,10,13,7","0.9946879744529724","1394","1457","2653","Troy","fbs","Sun Belt","10","0,3,0,7","0.005312025547027588","1334","1271","2.787521980426296","","",""
"401282273","2021","13","regular","2021-11-27T19:00:00.000Z","false","true","false","true","16933","3825","DATCU Stadium","249","North Texas","fbs","Conference USA","45","17,14,14,0","0.9900568127632141","1326","1414","2636","UTSA","fbs","Conference USA","23","3,10,0,10","0.009943187236785889","1620","1532","3.0722148443906176","","",""
"401309646","2021","13","regular","2021-11-27T19:30:00.000Z","false","true","false","true","28005","3792","Kidd Brewer Stadium","2026","App State","fbs","Sun Belt","27","7,0,10,10","0.9894084930419922","1785","1799","290","Georgia Southern","fbs","Sun Belt","3","0,0,3,0","0.010591506958007812","1337","1323","3.339059838037676","","",""
"401286306","2021","13","regular","2021-11-27T20:00:00.000Z","false","true","false","false","6632","3601","Aggie Memorial Stadium","166","New Mexico State","fbs","FBS Independents","44","7,20,7,10","0.7924126982688904","1007","1027","113","Massachusetts","fbs","FBS Independents","27","0,13,14,0","0.20758730173110962","824","804","3.455395972058097","","",""
"401310756","2021","13","regular","2021-11-27T20:00:00.000Z","false","true","false","true","14213","3984","War Memorial Stadium","2751","Wyoming","fbs","Mountain West","14","0,7,7,0","0.005668738856911659","1579","1478","62","Hawai'i","fbs","Mountain West","38","14,17,0,7","0.9943312611430883","1297","1398","3.341781369444149","","",""
"401282269","2021","13","regular","2021-11-27T20:00:00.000Z","false","true","false","true","20041","3815","M. M. Roberts Stadium","2572","Southern Miss","fbs","Conference USA","37","21,0,3,13","0.9962197542190552","1126","1150","2229","Florida International","fbs","Conference USA","17","7,7,3,0","0.0037802457809448242","895","871","2.57589627273063","","",""
"401282785","2021","13","regular","2021-11-27T20:30:00.000Z","false","true","false","true","66312","3936","Spartan Stadium","127","Michigan State","fbs","Big Ten","30","14,3,6,7","0.6247025728225708","1544","1549","213","Penn State","fbs","Big Ten","27","7,7,6,7","0.3752974271774292","1813","1808","4.8757049567126485","","",""
"401282272","2021","13","regular","2021-11-27T20:30:00.000Z","false","true","false","true","19134","3775","Joan C. Edwards Stadium","276","Marshall","fbs","Conference USA","21","7,7,0,7","0.218968003988266","1671","1578","98","Western Kentucky","fbs","Conference USA","53","0,6,23,24","0.781031996011734","1656","1749","3.8754476568759855","","",""
"401309908","2021","13","regular","2021-11-27T20:30:00.000Z","false","true","false","true","56408","3626","Autzen Stadium","2483","Oregon","fbs","Pac-12","38","14,10,0,14","0.9934080976466638","1678","1687","204","Oregon State","fbs","Pac-12","29","3,0,6,20","0.0065919023533361765","1593","1584","2.5637623432","","",""
"401282146","2021","13","regular","2021-11-27T20:30:00.000Z","false","true","false","true","87451","3785","Jordan-Hare Stadium","2","Auburn","fbs","SEC","22","0,7,3,0,7,3,2,0","0.7277751564979553","1680","1702","333","Alabama","fbs","SEC","24","0,0,0,10,7,3,2,2","0.2722248435020447","2195","2173","8.647222018154936","","",""
"401282753","2021","13","regular","2021-11-27T20:30:00.000Z","false","true","false","true","61320","3907","Ross-Ade Stadium","2509","Purdue","fbs","Big Ten","44","7,10,14,13","0.979154109954834","1633","1696","84","Indiana","fbs","Big Ten","7","7,0,0,0","0.020845890045166016","1308","1245","2.82839809944335","","",""
"401282722","2021","13","regular","2021-11-27T20:30:00.000Z","false","true","false","true","27624","3832","Memorial Stadium (Champaign, IL)","356","Illinois","fbs","Big Ten","47","14,23,3,7","0.9925447702407837","1407","1495","77","Northwestern","fbs","Big Ten","14","0,7,0,7","0.007455229759216309","1380","1292","2.653721360151926","","",""
"401282153","2021","13","regular","2021-11-27T20:45:00.000Z","false","true","false","true","77349","3853","Neyland Stadium","2633","Tennessee","fbs","SEC","45","7,17,14,7","0.9821206331253052","1722","1718","238","Vanderbilt","fbs","SEC","21","0,7,6,8","0.017879366874694824","1080","1084","2.431684672328514","","",""
"401282703","2021","13","regular","2021-11-27T20:45:00.000Z","false","true","false","true","46445","3923","Scott Stadium","258","Virginia","fbs","ACC","24","14,7,3,0","0.08061440289020538","1550","1539","259","Virginia Tech","fbs","ACC","29","7,10,7,5","0.9193855971097946","1514","1525","6.009199996090371","","",""
"401309650","2021","13","regular","2021-11-27T21:00:00.000Z","false","true","false","true","18447","3666","Cajun Field","309","Louisiana","fbs","Sun Belt","21","14,0,7,0","0.9813544154167175","1838","1815","2433","UL Monroe","fbs","Sun Belt","16","3,7,0,6","0.01864558458328247","1038","1061","4.2724944839662875","","",""
"401301055","2021","13","regular","2021-11-27T21:00:00.000Z","false","true","false","true","17158","3735","Gerald J. Ford Stadium","2567","SMU","fbs","American Athletic","31","10,7,0,14","0.44301921129226685","1626","1611","202","Tulsa","fbs","American Athletic","34","0,14,14,6","0.5569807887077332","1466","1481","6.036869299680627","","",""
"401282794","2021","13","regular","2021-11-27T21:00:00.000Z","false","true","false","true","49736","3953","Huntington Bank Stadium","135","Minnesota","fbs","Big Ten","23","3,3,14,3","1","1660","1696","275","Wisconsin","fbs","Big Ten","13","0,10,3,0","0","1906","1870","4.085595885175032","","",""
"401309909","2021","13","regular","2021-11-27T21:00:00.000Z","false","true","false","true","52305","3947","Mountain America Stadium","9","Arizona State","fbs","Pac-12","38","7,7,17,7","0.9970427751541138","1652","1665","12","Arizona","fbs","Pac-12","15","3,6,6,0","0.0029572248458862305","1222","1209","4.637263623960684","","",""
"401282270","2021","13","regular","2021-11-28T00:00:00.000Z","false","true","false","true","15127","3715","FAU Stadium","2226","Florida Atlantic","fbs","Conference USA","17","7,7,3,0","0.3292233943939209","1416","1391","2393","Middle Tennessee","fbs","Conference USA","27","0,3,7,17","0.6707766056060791","1373","1398","7.31101135746342","","",""
"401282150","2021","13","regular","2021-11-28T00:00:00.000Z","false","true","false","true","91595","3958","Tiger Stadium (LA)","99","LSU","fbs","SEC","27","3,14,3,7","0.417819870610484","1615","1619","245","Texas A&M","fbs","SEC","24","0,7,3,14","0.582180129389516","1817","1813","7.70562312","","",""
"401287950","2021","13","regular","2021-11-28T00:00:00.000Z","false","true","false","true","23117","3833","Memorial Stadium","2305","Kansas","fbs","Big 12","28","6,7,8,7","0.05537045747041702","1018","1041","277","West Virginia","fbs","Big 12","34","7,14,10,3","0.944629542529583","1521","1498","6.24338993744554","","",""
"401282702","2021","13","regular","2021-11-28T00:30:00.000Z","false","true","false","true","27939","1964","JMA Wireless Dome","183","Syracuse","fbs","ACC","14","7,0,7,0","0.07000628113746643","1362","1358","221","Pittsburgh","fbs","ACC","31","0,14,14,3","0.9299937188625336","1738","1742","3.6831835488168694","","",""
"401287951","2021","13","regular","2021-11-28T00:30:00.000Z","false","true","false","true","54990","3646","Boone Pickens Stadium","197","Oklahoma State","fbs","Big 12","37","14,10,0,13","0.8186100125312805","1925","1926","201","Oklahoma","fbs","Big 12","33","7,17,9,0","0.18138998746871948","1858","1857","7.624007774832169","","",""
"401282152","2021","13","regular","2021-11-28T00:30:00.000Z","false","true","false","false","79897","3994","Williams-Brice Stadium","2579","South Carolina","fbs","SEC","0","0,0,0,0","0","1441","1407","228","Clemson","fbs","ACC","30","10,7,3,10","1","1855","1889","2.7188348871349053","","",""
"401301053","2021","13","regular","2021-11-28T00:30:00.000Z","false","true","false","true","27416","3805","Simmons Bank Liberty Stadium","235","Memphis","fbs","American Athletic","33","7,7,6,13","0.728233277797699","1483","1485","2655","Tulane","fbs","American Athletic","28","7,7,7,7","0.271766722202301","1418","1416","6.198627260050714","","",""
"401282149","2021","13","regular","2021-11-28T00:30:00.000Z","false","true","false","false","55018","3873","L&N Federal Credit Union Stadium","97","Louisville","fbs","ACC","21","7,0,0,14","0","1688","1597","96","Kentucky","fbs","SEC","52","14,10,14,14","1","1662","1753","3.13409814166477","","",""
"401282711","2021","13","regular","2021-11-28T01:00:00.000Z","false","true","false","false","31571","3940","Stanford Stadium","24","Stanford","fbs","Pac-12","14","0,0,7,7","0.1040797233581543","1291","1283","87","Notre Dame","fbs","FBS Independents","45","7,17,7,14","0.8959202766418457","1984","1992","2.388339130214","","",""
"401310754","2021","13","regular","2021-11-28T02:00:00.000Z","false","true","false","true","17465","5388","Canvas Stadium","36","Colorado State","fbs","Mountain West","10","0,0,7,3","0.009486744180321693","1458","1349","2440","Nevada","fbs","Mountain West","52","14,17,7,14","0.9905132558196783","1589","1698","2.7433237822754197","","",""
"401309910","2021","13","regular","2021-11-28T03:30:00.000Z","false","true","false","false","55926","477","Los Angeles Memorial Coliseum","30","USC","fbs","Pac-12","31","3,10,10,8","0.5942845940589905","1489","1498","252","BYU","fbs","FBS Independents","35","7,14,7,7","0.4057154059410095","1741","1732","6.807936517033994","","",""
"401309907","2021","13","regular","2021-11-28T03:30:00.000Z","false","true","false","true","36156","1056","Rose Bowl","26","UCLA","fbs","Pac-12","42","3,14,10,15","1","1694","1751","25","California","fbs","Pac-12","14","0,14,0,0","0","1556","1499","3.9968976627567496","","",""
"401282156","2021","14","regular","2021-12-04T00:00:00.000Z","false","true","false","true","41148","3604","Alamodome","2636","UTSA","fbs","Conference USA","49","14,14,14,7","0.9844005703926086","1532","1558","98","Western Kentucky","fbs","Conference USA","41","10,3,13,15","0.015599429607391357","1749","1723","3.8183264050881025","","",""
"401331159","2021","14","regular","2021-12-04T01:00:00.000Z","false","true","true","true","56511","6501","Allegiant Stadium","254","Utah","fbs","Pac-12","38","14,9,8,7","0.995627224445343","1872","1931","2483","Oregon","fbs","Pac-12","10","0,0,3,7","0.004372775554656982","1687","1628","1.8017077394778962","","",""
"401331160","2021","14","regular","2021-12-04T17:00:00.000Z","false","true","true","true","10317","3727","Ford Field","2459","Northern Illinois","fbs","Mid-American","41","10,7,7,17","0.9899792075157166","1243","1302","2309","Kent State","fbs","Mid-American","23","0,0,10,13","0.010020792484283447","1338","1279","2.6694163765735475","","",""
"401287953","2021","14","regular","2021-12-04T17:00:00.000Z","false","true","true","true","65771","3687","AT&T Stadium","197","Oklahoma State","fbs","Big 12","16","3,3,7,3","0.09686611592769623","1926","1911","239","Baylor","fbs","Big 12","21","7,14,0,0","0.9031338840723038","1745","1760","5.1822892242207645","","",""
"401310676","2021","14","regular","2021-12-04T20:00:00.000Z","false","true","false","true","13445","538","StubHub Center","21","San Diego State","fbs","Mountain West","13","0,3,3,7","0.10645918548107147","1633","1513","328","Utah State","fbs","Mountain West","46","0,14,15,17","0.8935408145189285","1462","1582","3.897659324623016","","",""
"401331161","2021","14","regular","2021-12-04T20:30:00.000Z","false","true","false","true","31014","3666","Cajun Field","309","Louisiana","fbs","Sun Belt","24","7,10,0,7","0.5377630591392517","1815","1826","2026","App State","fbs","Sun Belt","16","0,7,3,6","0.4622369408607483","1799","1788","3.455780409474853","","",""
"401282154","2021","14","regular","2021-12-04T21:00:00.000Z","false","true","true","true","78030","5348","Mercedes-Benz Stadium","333","Alabama","fbs","SEC","41","0,24,7,10","0.9886289238929749","2173","2220","61","Georgia","fbs","SEC","24","3,14,0,7","0.011371076107025146","2190","2143","4.56320839487174","","",""
"401331162","2021","14","regular","2021-12-04T21:00:00.000Z","false","true","false","true","37978","3854","Nippert Stadium","2132","Cincinnati","fbs","American Athletic","35","14,0,21,0","0.9974732995033264","1979","1985","248","Houston","fbs","American Athletic","20","10,3,0,7","0.002526700496673584","1683","1677","4.054079169333072","","",""
"401331447","2021","14","regular","2021-12-05T01:00:00.000Z","false","true","true","true","67183","3812","Lucas Oil Stadium","2294","Iowa","fbs","Big Ten","3","3,0,0,0","0.07292864471673965","1767","1690","130","Michigan","fbs","Big Ten","42","14,0,7,21","0.9270713552832603","1988","2065","2.8114373210620647","","",""
"401331163","2021","14","regular","2021-12-05T01:00:00.000Z","false","true","true","true","57856","3628","Bank of America Stadium","154","Wake Forest","fbs","ACC","21","21,0,0,0","0.047414880245923996","1738","1683","221","Pittsburgh","fbs","ACC","45","14,10,7,14","0.952585119754076","1742","1797","6.128011361473278","","",""
"401387250","2021","14","regular","2021-12-05T04:00:00.000Z","false","true","false","true","42076","3831","California Memorial Stadium","25","California","fbs","Pac-12","24","3,14,0,7","0.6009686589241028","1499","1516","30","USC","fbs","Pac-12","14","0,7,0,7","0.3990313410758972","1498","1481","4.908971156516113","","",""
"401301056","2021","15","regular","2021-12-11T20:00:00.000Z","false","true","false","false","82282","3839","MetLife Stadium","349","Army","fbs","FBS Independents","13","10,3,0,0","0.0048364757378505045","1596","1571","2426","Navy","fbs","American Athletic","17","7,0,7,3","0.9951635242621495","1330","1355","6.7996656896","","",""
