"Id","HomeTeam","HomeScore","AwayTeam","AwayScore","FormattedSpread","LineProvider","OverUnder","Spread","OpeningSpread","OpeningOverUnder","HomeMoneyline","AwayMoneyline"
"401282221","UAB","12","Liberty","36","UAB -3","consensus","49.5","-3","","","",""
"401282221","UAB","12","Liberty","36","UAB -3","teamrankings","49","-3","","","",""
"401282221","UAB","12","Liberty","36","UAB -3.0","Bovada","49","-3","-2","49.5","-135","115"
"401282221","UAB","12","Liberty","36","UAB -3","William Hill (New Jersey)","49","-3","","","",""
"401310752","Air Force","48","UNLV","14","Air Force -18.5","teamrankings","49.5","-18.5","","","",""
"401310752","Air Force","48","UNLV","14","Air Force -18.5","consensus","49.5","-18.5","","","",""
"401310752","Air Force","48","UNLV","14","Air Force -18.5","William Hill (New Jersey)","49.5","-18.5","","","",""
"401310752","Air Force","48","UNLV","14","Air Force -18.0","Bovada","49.5","-18","-18","49.5","-1000","625"
"401309910","USC","31","BYU","35","BYU -8.5","teamrankings","65.5","8.5","","","",""
"401309910","USC","31","BYU","35","BYU -8.5","consensus","65.5","8.5","","","",""
"401309910","USC","31","BYU","35","BYU -8.5","William Hill (New Jersey)","65.5","8.5","","","",""
"401309910","USC","31","BYU","35","BYU -7.0","Bovada","65","7","7","64.5","210","-250"
"401310756","Wyoming","14","Hawai'i","38","Wyoming -13","teamrankings","48.5","-13","","","",""
"401310756","Wyoming","14","Hawai'i","38","Wyoming -13","consensus","48.5","-13","","","",""
"401310756","Wyoming","14","Hawai'i","38","Wyoming -13","William Hill (New Jersey)","48.5","-13","","","",""
"401310756","Wyoming","14","Hawai'i","38","Wyoming -11.5","Bovada","48","-11.5","-10","47.5","-415","310"
"401310754","Colorado State","10","Nevada","52","Nevada -3","teamrankings","57.5","3","","","",""
"401310754","Colorado State","10","Nevada","52","Nevada -3","consensus","58","3","","","",""
"401310754","Colorado State","10","Nevada","52","Nevada -3","William Hill (New Jersey)","58","3","","","",""
"401310754","Colorado State","10","Nevada","52","Nevada -3.0","Bovada","57.5","3","6","55.5","155","-180"
"401309645","Georgia Southern","17","BYU","34","BYU -20","teamrankings","57","20","","","",""
"401309645","Georgia Southern","17","BYU","34","BYU -20","consensus","57.5","20","","","",""
"401309645","Georgia Southern","17","BYU","34","BYU -20","William Hill (New Jersey)","57","20","","","",""
"401309645","Georgia Southern","17","BYU","34","BYU -20.0","Bovada","57.5","20","20","57","750","-1400"
"401309592","Akron","0","Kent State","38","Kent State -13.5","teamrankings","72.5","13.5","","","",""
"401309592","Akron","0","Kent State","38","Kent State -13.5","consensus","72.5","13.5","","","",""
"401309592","Akron","0","Kent State","38","Kent State -13.5","William Hill (New Jersey)","72.5","13.5","","","",""
"401309592","Akron","0","Kent State","38","Kent State -14.0","Bovada","72","14","13","74","390","-545"
"401309644","Coastal Carolina","35","Texas State","21","Coastal Carolina -24.5","teamrankings","60.5","-24.5","","","",""
"401309644","Coastal Carolina","35","Texas State","21","Coastal Carolina -24.5","consensus","60","-24.5","","","",""
"401309644","Coastal Carolina","35","Texas State","21","Coastal Carolina -24.5","William Hill (New Jersey)","60","-24.5","","","",""
"401309644","Coastal Carolina","35","Texas State","21","Coastal Carolina -24.5","Bovada","60","-24.5","-21","59","-2200","1000"
"401309643","Georgia State","28","Arkansas State","20","Georgia State -15.5","teamrankings","66","-15.5","","","",""
"401309643","Georgia State","28","Arkansas State","20","Georgia State -15.5","consensus","65.5","-15.5","","","",""
"401309643","Georgia State","28","Arkansas State","20","Georgia State -15.5","William Hill (New Jersey)","66","-15.5","","","",""
"401309643","Georgia State","28","Arkansas State","20","Georgia State -16.0","Bovada","66","-16","-16","62.5","-800","525"
"401309642","Troy","7","App State","45","App State -10","teamrankings","51","10","","","",""
"401309642","Troy","7","App State","45","App State -9.5","consensus","51.5","9.5","","","",""
"401309642","Troy","7","App State","45","App State -10","William Hill (New Jersey)","51.5","10","","","",""
"401309642","Troy","7","App State","45","App State -10.0","Bovada","51.5","10","10","51.5","280","-360"
"401309900","Stanford","11","California","41","California -2.5","teamrankings","46","2.5","","","",""
"401309900","Stanford","11","California","41","California -2.5","consensus","46","2.5","","","",""
"401309900","Stanford","11","California","41","California -2.5","William Hill (New Jersey)","46","2.5","","","",""
"401309900","Stanford","11","California","41","California -2.5","Bovada","45.5","2.5","3.5","43.5","115","-135"
"401309906","Utah","28","Colorado","13","Utah -24","teamrankings","52.5","-24","","","",""
"401309906","Utah","28","Colorado","13","Utah -24","consensus","52.5","-24","","","",""
"401309906","Utah","28","Colorado","13","Utah -24","William Hill (New Jersey)","52.5","-24","","","",""
"401309906","Utah","28","Colorado","13","Utah -24.0","Bovada","52","-24","-24","52.5","-2500","1050"
"401282145","Arkansas","34","Missouri","17","Arkansas -14.5","teamrankings","63","-14.5","","","",""
"401282145","Arkansas","34","Missouri","17","Arkansas -14.5","consensus","63.5","-14.5","","","",""
"401282145","Arkansas","34","Missouri","17","Arkansas -14.5","William Hill (New Jersey)","63","-14.5","","","",""
"401282145","Arkansas","34","Missouri","17","Arkansas -14.5","Bovada","63.5","-14.5","-14.5","62.5","-655","445"
"401309596","Bowling Green","21","Ohio","10","Ohio -6","teamrankings","48","6","","","",""
"401309596","Bowling Green","21","Ohio","10","Ohio -6.5","consensus","48.5","6.5","","","",""
"401309596","Bowling Green","21","Ohio","10","Ohio -6","William Hill (New Jersey)","48.5","6","","","",""
"401309596","Bowling Green","21","Ohio","10","Ohio -6.5","Bovada","48.5","6.5","5.5","48.5","200","-240"
"401309648","South Alabama","21","Coastal Carolina","27","Coastal Carolina -14.5","teamrankings","55.5","14.5","","","",""
"401309648","South Alabama","21","Coastal Carolina","27","Coastal Carolina -15","consensus","55","15","","","",""
"401309648","South Alabama","21","Coastal Carolina","27","Coastal Carolina -15","William Hill (New Jersey)","55","15","","","",""
"401309648","South Alabama","21","Coastal Carolina","27","Coastal Carolina -15.0","Bovada","55","15","14.5","57","450","-665"
"401309905","Washington","13","Washington State","40","Washington -1","teamrankings","45","-1","","","",""
"401309905","Washington","13","Washington State","40","Washington State -1","consensus","45","1","","","",""
"401309905","Washington","13","Washington State","40","Washington State -1","William Hill (New Jersey)","45","1","","","",""
"401309905","Washington","13","Washington State","40","Washington State -1.0","Bovada","45","1","1.5","43.5","-105","-115"
"401282626","Louisville","42","UCF","35","UCF -7","teamrankings","67.5","7","","","",""
"401282626","Louisville","42","UCF","35","UCF -7.5","numberfire","68.5","7.5","","","",""
"401282626","Louisville","42","UCF","35","UCF -7","consensus","67.5","7","","","",""
"401282626","Louisville","42","UCF","35","UCF -7","William Hill (New Jersey)","67.5","7","","","",""
"401282626","Louisville","42","UCF","35","UCF -7.0","Bovada","67.5","7","7.5","67","210","-250"
"401282071","Florida","29","Alabama","31","Alabama -14","teamrankings","59.5","14","","","",""
"401282071","Florida","29","Alabama","31","Alabama -15.5","numberfire","58.5","15.5","","","",""
"401282071","Florida","29","Alabama","31","Alabama -14","consensus","60","14","","","",""
"401282071","Florida","29","Alabama","31","Alabama -14","William Hill (New Jersey)","60","14","","","",""
"401282071","Florida","29","Alabama","31","Alabama -14.5","Bovada","60.5","14.5","15.5","57.5","450","-665"
"401282072","Georgia","40","South Carolina","13","Georgia -31.5","teamrankings","47.5","-31.5","","","",""
"401282072","Georgia","40","South Carolina","13","Georgia -30.5","numberfire","48.5","-30.5","","","",""
"401282072","Georgia","40","South Carolina","13","Georgia -31.5","consensus","47.5","-31.5","","","",""
"401282072","Georgia","40","South Carolina","13","Georgia -31.5","William Hill (New Jersey)","47.5","-31.5","","","",""
"401282072","Georgia","40","South Carolina","13","Georgia -31.5","Bovada","47.5","-31.5","-30.5","48","",""
"401282070","Penn State","28","Auburn","20","Penn State -4","teamrankings","53","-4","","","",""
"401282070","Penn State","28","Auburn","20","Penn State -5.5","numberfire","52.5","-5.5","","","",""
"401282070","Penn State","28","Auburn","20","Penn State -4","consensus","52.5","-4","","","",""
"401282070","Penn State","28","Auburn","20","Penn State -4","William Hill (New Jersey)","53","-4","","","",""
"401282070","Penn State","28","Auburn","20","Penn State -5.0","Bovada","52.5","-5","-6.5","53","-195","165"
"401282069","Arkansas","45","Georgia Southern","10","Arkansas -23","teamrankings","53.5","-23","","","",""
"401282069","Arkansas","45","Georgia Southern","10","Arkansas -23.5","numberfire","52.5","-23.5","","","",""
"401282069","Arkansas","45","Georgia Southern","10","Arkansas -23","consensus","52.5","-23","","","",""
"401282069","Arkansas","45","Georgia Southern","10","Arkansas -23","William Hill (New Jersey)","53","-23","","","",""
"401282069","Arkansas","45","Georgia Southern","10","Arkansas -23.0","Bovada","52.5","-23","-23","52.5","-2500","1050"
"401309835","Arizona State","41","Southern Utah","14","Arizona State -44.5","consensus","56.5","-44.5","","","",""
"401309835","Arizona State","41","Southern Utah","14","Arizona State -44.5","William Hill (New Jersey)","56.5","-44.5","","","",""
"401309835","Arizona State","41","Southern Utah","14","Arizona State -45.5","Bovada","56.5","-45.5","-45","55","",""
"401310696","New Mexico","27","Houston Christian","17","New Mexico -25.5","consensus","66","-25.5","","","",""
"401310696","New Mexico","27","Houston Christian","17","New Mexico -25.5","William Hill (New Jersey)","66","-25.5","","","",""
"401310696","New Mexico","27","Houston Christian","17","New Mexico -25.5","Bovada","66.5","-25.5","-24.5","66.5","",""
"401310694","UNLV","33","Eastern Washington","35","Eastern Washington -2","consensus","66","2","","","",""
"401310694","UNLV","33","Eastern Washington","35","Eastern Washington -2","William Hill (New Jersey)","66","2","","","",""
"401310694","UNLV","33","Eastern Washington","35","Eastern Washington -2.0","Bovada","66","2","-1","67","110","-130"
"401310701","Utah State","48","North Dakota","24","Utah State -6.5","consensus","53.5","-6.5","","","",""
"401310701","Utah State","48","North Dakota","24","Utah State -6.5","William Hill (New Jersey)","54","-6.5","","","",""
"401310701","Utah State","48","North Dakota","24","Utah State -6.5","Bovada","54","-6.5","-7","53.5","-260","215"
"401309843","USC","28","Stanford","42","USC -17","teamrankings","53","-17","","","",""
"401309843","USC","28","Stanford","42","USC -17.5","numberfire","53.5","-17.5","","","",""
"401309843","USC","28","Stanford","42","USC -17.5","consensus","53.5","-17.5","","","",""
"401309843","USC","28","Stanford","42","USC -17.5","William Hill (New Jersey)","53.5","-17.5","","","",""
"401309843","USC","28","Stanford","42","USC -17.0","Bovada","53.5","-17","-17.5","51","-1000","600"
"401309848","BYU","26","Utah","17","Utah -7","teamrankings","50","7","","","",""
"401309848","BYU","26","Utah","17","Utah -7.5","numberfire","49.5","7.5","","","",""
"401309848","BYU","26","Utah","17","Utah -7","consensus","50.5","7","","","",""
"401309848","BYU","26","Utah","17","Utah -7","William Hill (New Jersey)","50.5","7","","","",""
"401309848","BYU","26","Utah","17","Utah -7.0","Bovada","49.5","7","7","47","230","-280"
"401309847","Arizona State","37","UNLV","10","Arizona State -34.5","teamrankings","55.5","-34.5","","","",""
"401309847","Arizona State","37","UNLV","10","Arizona State -34.5","numberfire","55.5","-34.5","","","",""
"401309847","Arizona State","37","UNLV","10","Arizona State -34.5","consensus","56","-34.5","","","",""
"401309847","Arizona State","37","UNLV","10","Arizona State -34.5","William Hill (New Jersey)","56","-34.5","","","",""
"401309847","Arizona State","37","UNLV","10","Arizona State -34.0","Bovada","54.5","-34","-33.5","54.5","",""
"401309845","Washington State","44","Portland State","24","Washington State -31","consensus","65.5","-31","","","",""
"401309845","Washington State","44","Portland State","24","Washington State -31","William Hill (New Jersey)","65.5","-31","","","",""
"401309845","Washington State","44","Portland State","24","Washington State -31.0","Bovada","66","-31","-31","65","",""
"401310700","New Mexico","34","New Mexico State","25","New Mexico -19.5","teamrankings","55.5","-19.5","","","",""
"401310700","New Mexico","34","New Mexico State","25","New Mexico -19.5","numberfire","55.5","-19.5","","","",""
"401310700","New Mexico","34","New Mexico State","25","New Mexico -19.5","consensus","55.5","-19.5","","","",""
"401310700","New Mexico","34","New Mexico State","25","New Mexico -19.5","William Hill (New Jersey)","55.5","-19.5","","","",""
"401310700","New Mexico","34","New Mexico State","25","New Mexico -19.5","Bovada","56","-19.5","-18.5","53","-1200","700"
"401309846","Arizona","14","San Diego State","38","Arizona -1.5","teamrankings","46","-1.5","","","",""
"401309846","Arizona","14","San Diego State","38","Arizona -1.5","numberfire","45.5","-1.5","","","",""
"401309846","Arizona","14","San Diego State","38","Arizona -1.5","consensus","46.5","-1.5","","","",""
"401309846","Arizona","14","San Diego State","38","Arizona -1.5","William Hill (New Jersey)","46.5","-1.5","","","",""
"401309846","Arizona","14","San Diego State","38","Arizona -1.5","Bovada","47","-1.5","","48","-130","110"
"401310702","Fresno State","63","Cal Poly","10","Fresno State -32.5","consensus","59.5","-32.5","","","",""
"401310702","Fresno State","63","Cal Poly","10","Fresno State -32.5","William Hill (New Jersey)","59.5","-32.5","","","",""
"401310702","Fresno State","63","Cal Poly","10","Fresno State -31.5","Bovada","58","-31.5","-31.5","58","",""
"401287887","Iowa State","16","Northern Iowa","10","Iowa State -28.5","consensus","50","-28.5","","","",""
"401287887","Iowa State","16","Northern Iowa","10","Iowa State -28.5","William Hill (New Jersey)","50","-28.5","","","",""
"401287887","Iowa State","16","Northern Iowa","10","Iowa State -29.0","Bovada","50","-29","-31.5","50","",""
"401309842","USC","30","San José State","7","USC -13.5","teamrankings","61","-13.5","","","",""
"401309842","USC","30","San José State","7","USC -14.5","numberfire","61.5","-14.5","","","",""
"401309842","USC","30","San José State","7","USC -14","consensus","61","-14","","","",""
"401309842","USC","30","San José State","7","USC -14","William Hill (New Jersey)","61","-14","","","",""
"401309842","USC","30","San José State","7","USC -14.0","Bovada","60","-14","-16.5","59.5","-700","450"
"401287892","Texas","38","Louisiana","18","Texas -8.5","teamrankings","58","-8.5","","","",""
"401287892","Texas","38","Louisiana","18","Texas -9.5","numberfire","58.5","-9.5","","","",""
"401287892","Texas","38","Louisiana","18","Texas -8.5","consensus","58","-8.5","","","",""
"401287892","Texas","38","Louisiana","18","Texas -8.5","William Hill (New Jersey)","58","-8.5","","","",""
"401287892","Texas","38","Louisiana","18","Texas -8.5","Bovada","58","-8.5","-12","59","-340","270"
"401282174","Navy","7","Marshall","49","Marshall -3.5","teamrankings","46.5","3.5","","","",""
"401282174","Navy","7","Marshall","49","Marshall -3.5","numberfire","46.5","3.5","","","",""
"401282174","Navy","7","Marshall","49","Marshall -3","consensus","46.5","3","","","",""
"401282174","Navy","7","Marshall","49","Marshall -3","William Hill (New Jersey)","46.5","3","","","",""
"401282174","Navy","7","Marshall","49","Marshall -3.0","Bovada","47","3","2.5","45.5","120","-140"
"401309913","BYU","17","Boise State","26","BYU -6","teamrankings","58","-6","","","",""
"401309913","BYU","17","Boise State","26","BYU -6","consensus","58","-6","","","",""
"401309913","BYU","17","Boise State","26","BYU -6","William Hill (New Jersey)","58","-6","","","",""
"401309913","BYU","17","Boise State","26","BYU -6.5","Bovada","57.5","-6.5","-3.5","56","-235","195"
"401309564","Toledo","20","Northern Illinois","22","Toledo -13","teamrankings","51.5","-13","","","",""
"401309564","Toledo","20","Northern Illinois","22","Toledo -13","consensus","51","-13","","","",""
"401309564","Toledo","20","Northern Illinois","22","Toledo -13","William Hill (New Jersey)","51","-13","","","",""
"401309564","Toledo","20","Northern Illinois","22","Toledo -13.0","Bovada","51","-13","-12.5","54.5","-520","375"
"401309566","Bowling Green","20","Akron","35","Bowling Green -14","teamrankings","46","-14","","","",""
"401309566","Bowling Green","20","Akron","35","Bowling Green -14","consensus","46","-14","","","",""
"401309566","Bowling Green","20","Akron","35","Bowling Green -14","William Hill (New Jersey)","46","-14","","","",""
"401309566","Bowling Green","20","Akron","35","Bowling Green -14.0","Bovada","46","-14","-13","45","-565","400"
"401309567","Ohio","27","Central Michigan","30","Central Michigan -5","teamrankings","58","5","","","",""
"401309567","Ohio","27","Central Michigan","30","Central Michigan -5","consensus","57.5","5","","","",""
"401309567","Ohio","27","Central Michigan","30","Central Michigan -5","William Hill (New Jersey)","57.5","5","","","",""
"401309567","Ohio","27","Central Michigan","30","Central Michigan -5.0","Bovada","57.5","5","5","55","175","-210"
"401310715","Colorado State","32","San José State","14","Colorado State -3.5","teamrankings","44","-3.5","","","",""
"401310715","Colorado State","32","San José State","14","Colorado State -3.5","consensus","44.5","-3.5","","","",""
"401310715","Colorado State","32","San José State","14","Colorado State -3.5","William Hill (New Jersey)","44.5","-3.5","","","",""
"401310715","Colorado State","32","San José State","14","Colorado State -3.5","Bovada","44.5","-3.5","-1","45.5","-165","140"
"401309869","Washington State","31","Oregon State","24","Oregon State -4","teamrankings","59","4","","","",""
"401309869","Washington State","31","Oregon State","24","Oregon State -4","consensus","59","4","","","",""
"401309869","Washington State","31","Oregon State","24","Oregon State -4","William Hill (New Jersey)","59","4","","","",""
"401309869","Washington State","31","Oregon State","24","Oregon State -4.0","Bovada","59","4","3","59","155","-180"
"401309565","Kent State","48","Buffalo","38","Kent State -7","teamrankings","66","-7","","","",""
"401309565","Kent State","48","Buffalo","38","Kent State -7","consensus","66","-7","","","",""
"401309565","Kent State","48","Buffalo","38","Kent State -7","William Hill (New Jersey)","66","-7","","","",""
"401309565","Kent State","48","Buffalo","38","Kent State -7.0","Bovada","66","-7","-5.5","61","-230","190"
"401309617","Troy","27","Georgia Southern","24","Troy -5.5","teamrankings","51","-5.5","","","",""
"401309617","Troy","27","Georgia Southern","24","Troy -5.5","consensus","50.5","-5.5","","","",""
"401309617","Troy","27","Georgia Southern","24","Troy -5.5","William Hill (New Jersey)","50.5","-5.5","","","",""
"401309617","Troy","27","Georgia Southern","24","Troy -5.5","Bovada","51","-5.5","-4","51","-220","180"
"401309619","Texas State","33","South Alabama","31","South Alabama -4","teamrankings","52.5","4","","","",""
"401309619","Texas State","33","South Alabama","31","South Alabama -4","consensus","52.5","4","","","",""
"401309619","Texas State","33","South Alabama","31","South Alabama -4","William Hill (New Jersey)","52.5","4","","","",""
"401309619","Texas State","33","South Alabama","31","South Alabama -4.0","Bovada","52","4","1","53","155","-180"
"401310714","Air Force","24","Wyoming","14","Air Force -5.5","teamrankings","46.5","-5.5","","","",""
"401310714","Air Force","24","Wyoming","14","Air Force -5.5","consensus","46.5","-5.5","","","",""
"401310714","Air Force","24","Wyoming","14","Air Force -5.5","William Hill (New Jersey)","46.5","-5.5","","","",""
"401310714","Air Force","24","Wyoming","14","Air Force -5.5","Bovada","46","-5.5","-4","49","-210","175"
"401309618","UL Monroe","21","Georgia State","55","Georgia State -16","teamrankings","49.5","16","","","",""
"401309618","UL Monroe","21","Georgia State","55","Georgia State -16","consensus","49.5","16","","","",""
"401309618","UL Monroe","21","Georgia State","55","Georgia State -16","William Hill (New Jersey)","49.5","16","","","",""
"401309618","UL Monroe","21","Georgia State","55","Georgia State -16.0","Bovada","49.5","16","14.5","53","500","-750"
"401309870","Arizona","16","UCLA","34","UCLA -16","teamrankings","60","16","","","",""
"401309870","Arizona","16","UCLA","34","UCLA -16","consensus","61","16","","","",""
"401309870","Arizona","16","UCLA","34","UCLA -16","William Hill (New Jersey)","61","16","","","",""
"401309870","Arizona","16","UCLA","34","UCLA -16.0","Bovada","60.5","16","16","61","525","-800"
"401310723","San José State","13","San Diego State","19","San Diego State -10","teamrankings","41","10","","","",""
"401310723","San José State","13","San Diego State","19","San Diego State -9.5","consensus","41","9.5","","","",""
"401310723","San José State","13","San Diego State","19","San Diego State -9.5","William Hill (New Jersey)","41","9.5","","","",""
"401310723","San José State","13","San Diego State","19","San Diego State -10.0","Bovada","41","10","8","43","280","-360"
"401309876","Utah","35","Arizona State","21","Utah -1","teamrankings","51","-1","","","",""
"401309876","Utah","35","Arizona State","21","Utah -1.5","consensus","51.5","-1.5","","","",""
"401309876","Utah","35","Arizona State","21","Utah -1.5","William Hill (New Jersey)","52.5","-1.5","","","",""
"401309876","Utah","35","Arizona State","21","Utah -1.5","Bovada","51","-1.5","1","51","-115","-105"
"401309571","Buffalo","27","Ohio","26","Buffalo -7.5","teamrankings","54.5","-7.5","","","",""
"401309571","Buffalo","27","Ohio","26","Buffalo -7.5","consensus","54.5","-7.5","","","",""
"401309571","Buffalo","27","Ohio","26","Buffalo -7.5","William Hill (New Jersey)","54.5","-7.5","","","",""
"401309571","Buffalo","27","Ohio","26","Buffalo -7.5","Bovada","54.5","-7.5","-10.5","55","-320","260"
"401309569","Central Michigan","26","Toledo","23","Toledo -5","teamrankings","53","5","","","",""
"401309569","Central Michigan","26","Toledo","23","Toledo -5","consensus","53","5","","","",""
"401309569","Central Michigan","26","Toledo","23","Toledo -5","William Hill (New Jersey)","53","5","","","",""
"401309569","Central Michigan","26","Toledo","23","Toledo -5.0","Bovada","53","5","6","51.5","170","-200"
"401309570","Northern Illinois","34","Bowling Green","26","Northern Illinois -9","teamrankings","44.5","-9","","","",""
"401309570","Northern Illinois","34","Bowling Green","26","Northern Illinois -9","consensus","45","-9","","","",""
"401309570","Northern Illinois","34","Bowling Green","26","Northern Illinois -9","William Hill (New Jersey)","44.5","-9","","","",""
"401309570","Northern Illinois","34","Bowling Green","26","Northern Illinois -9.0","Bovada","45","-9","-9.5","49","-350","275"
"401309572","Western Michigan","64","Kent State","31","Western Michigan -7","teamrankings","68.5","-7","","","",""
"401309572","Western Michigan","64","Kent State","31","Western Michigan -7","consensus","68.5","-7","","","",""
"401309572","Western Michigan","64","Kent State","31","Western Michigan -6.5","William Hill (New Jersey)","68.5","-6.5","","","",""
"401309572","Western Michigan","64","Kent State","31","Western Michigan -6.5","Bovada","68.5","-6.5","-7","63","-260","215"
"401309875","Colorado","34","Arizona","0","Colorado -6","teamrankings","47","-6","","","",""
"401309875","Colorado","34","Arizona","0","Colorado -6","consensus","46.5","-6","","","",""
"401309875","Colorado","34","Arizona","0","Colorado -6","William Hill (New Jersey)","46.5","-6","","","",""
"401309875","Colorado","34","Arizona","0","Colorado -6.0","Bovada","46.5","-6","-6","43.5","-235","195"
"401310721","Wyoming","0","Fresno State","17","Fresno State -3","teamrankings","53.5","3","","","",""
"401310721","Wyoming","0","Fresno State","17","Fresno State -3","consensus","53.5","3","","","",""
"401310721","Wyoming","0","Fresno State","17","Fresno State -3","William Hill (New Jersey)","53.5","3","","","",""
"401310721","Wyoming","0","Fresno State","17","Fresno State -3.0","Bovada","53.5","3","3.5","56","140","-165"
"401310719","New Mexico","7","Colorado State","36","Colorado State -13","teamrankings","44.5","13","","","",""
"401310719","New Mexico","7","Colorado State","36","Colorado State -13","consensus","45","13","","","",""
"401310719","New Mexico","7","Colorado State","36","Colorado State -13","William Hill (New Jersey)","44.5","13","","","",""
"401310719","New Mexico","7","Colorado State","36","Colorado State -11.5","Bovada","45.5","11.5","9.5","44","340","-460"
"401310720","UNLV","24","Utah State","28","Utah State -7.5","teamrankings","64","7.5","","","",""
"401310720","UNLV","24","Utah State","28","Utah State -7","consensus","64","7","","","",""
"401310720","UNLV","24","Utah State","28","Utah State -7.5","William Hill (New Jersey)","64","7.5","","","",""
"401310720","UNLV","24","Utah State","28","Utah State -7.0","Bovada","64","7","7.5","57.5","230","-280"
"401309873","Washington State","34","Stanford","31","Washington State -1","teamrankings","53","-1","","","",""
"401309873","Washington State","34","Stanford","31","Washington State -1","consensus","53","-1","","","",""
"401309873","Washington State","34","Stanford","31","Washington State -1","William Hill (New Jersey)","53","-1","","","",""
"401309873","Washington State","34","Stanford","31","Washington State -1.0","Bovada","53","-1","2.5","50.5","-115","-105"
"401309874","Washington","17","UCLA","24","Washington -1.5","teamrankings","55.5","-1.5","","","",""
"401309874","Washington","17","UCLA","24","Washington -1.5","consensus","55.5","-1.5","","","",""
"401309874","Washington","17","UCLA","24","Washington -1.5","William Hill (New Jersey)","55.5","-1.5","","","",""
"401309874","Washington","17","UCLA","24","Washington -1.5","Bovada","55","-1.5","-1","55","-120","105"
"401310718","Boise State","17","Air Force","24","Boise State -3","teamrankings","52","-3","","","",""
"401310718","Boise State","17","Air Force","24","Boise State -3","consensus","52","-3","","","",""
"401310718","Boise State","17","Air Force","24","Boise State -3","William Hill (New Jersey)","52","-3","","","",""
"401310718","Boise State","17","Air Force","24","Boise State -3.5","Bovada","52","-3.5","-6","50.5","-170","145"
"401310722","Nevada","34","Hawai'i","17","Nevada -14","teamrankings","61.5","-14","","","",""
"401310722","Nevada","34","Hawai'i","17","Nevada -14","consensus","61.5","-14","","","",""
"401310722","Nevada","34","Hawai'i","17","Nevada -14","William Hill (New Jersey)","61.5","-14","","","",""
"401310722","Nevada","34","Hawai'i","17","Nevada -14.5","Bovada","61.5","-14.5","-16","59.5","-645","440"
"401309623","App State","30","Coastal Carolina","27","Coastal Carolina -4.5","teamrankings","61","4.5","","","",""
"401309623","App State","30","Coastal Carolina","27","Coastal Carolina -4.5","consensus","60.5","4.5","","","",""
"401309623","App State","30","Coastal Carolina","27","Coastal Carolina -4.5","William Hill (New Jersey)","60.5","4.5","","","",""
"401309623","App State","30","Coastal Carolina","27","Coastal Carolina -5.0","Bovada","61","5","3.5","59.5","145","-170"
"401301025","SMU","55","Tulane","26","SMU -14","teamrankings","70.5","-14","","","",""
"401301025","SMU","55","Tulane","26","SMU -14","consensus","70.5","-14","","","",""
"401301025","SMU","55","Tulane","26","SMU -14","William Hill (New Jersey)","70.5","-14","","","",""
"401301025","SMU","55","Tulane","26","SMU -14.0","Bovada","70","-14","-14","70","-605","420"
"401309624","Arkansas State","27","Louisiana","28","Louisiana -17","teamrankings","70","17","","","",""
"401309624","Arkansas State","27","Louisiana","28","Louisiana -18","consensus","70","18","","","",""
"401309624","Arkansas State","27","Louisiana","28","Louisiana -18","William Hill (New Jersey)","70","18","","","",""
"401309624","Arkansas State","27","Louisiana","28","Louisiana -18.0","Bovada","70","18","17","67","625","-1000"
"401309614","Coastal Carolina","59","UL Monroe","6","Coastal Carolina -33.5","teamrankings","57.5","-33.5","","","",""
"401309614","Coastal Carolina","59","UL Monroe","6","Coastal Carolina -33.5","consensus","57.5","-33.5","","","",""
"401309614","Coastal Carolina","59","UL Monroe","6","Coastal Carolina -33.5","William Hill (New Jersey)","57.5","-33.5","","","",""
"401309614","Coastal Carolina","59","UL Monroe","6","Coastal Carolina -34.0","Bovada","57.5","-34","-33.5","58.5","",""
"401309612","Georgia State","16","App State","45","App State -10.5","teamrankings","54.5","10.5","","","",""
"401309612","Georgia State","16","App State","45","App State -10","consensus","54.5","10","","","",""
"401309612","Georgia State","16","App State","45","App State -10","William Hill (New Jersey)","54.5","10","","","",""
"401309612","Georgia State","16","App State","45","App State -10.0","Bovada","54","10","9.5","56","300","-395"
"401309613","Georgia Southern","59","Arkansas State","33","Georgia Southern -1.5","teamrankings","66.5","-1.5","","","",""
"401309613","Georgia Southern","59","Arkansas State","33","Georgia Southern -2","consensus","66","-2","","","",""
"401309613","Georgia Southern","59","Arkansas State","33","Georgia Southern -2","William Hill (New Jersey)","66.5","-2","","","",""
"401309613","Georgia Southern","59","Arkansas State","33","Georgia Southern -2.0","Bovada","66","-2","-3","45.5","-125","105"
"401309871","USC","26","Utah","42","USC -3","teamrankings","52.5","-3","","","",""
"401309871","USC","26","Utah","42","USC -3","consensus","52.5","-3","","","",""
"401309871","USC","26","Utah","42","USC -3","William Hill (New Jersey)","53","-3","","","",""
"401309871","USC","26","Utah","42","USC -3.0","Bovada","53","-3","-3.5","51.5","-150","130"
"401282770","Maryland","18","Michigan","59","Michigan -16","teamrankings","58.5","16","","","",""
"401282770","Maryland","18","Michigan","59","Michigan -15.5","consensus","57.5","15.5","","","",""
"401282770","Maryland","18","Michigan","59","Michigan -16","William Hill (New Jersey)","58","16","","","",""
"401282770","Maryland","18","Michigan","59","Michigan -16.0","Bovada","57.5","16","15","55","475","-700"
"401282262","Florida International","7","North Texas","49","North Texas -10","teamrankings","57","10","","","",""
"401282262","Florida International","7","North Texas","49","North Texas -10","consensus","57.5","10","","","",""
"401282262","Florida International","7","North Texas","49","North Texas -10","William Hill (New Jersey)","57","10","","","",""
"401282262","Florida International","7","North Texas","49","North Texas -10.5","Bovada","57.5","10.5","9.5","59","290","-380"
"401282721","Iowa","33","Illinois","23","Iowa -12","teamrankings","37.5","-12","","","",""
"401282721","Iowa","33","Illinois","23","Iowa -12","consensus","38.5","-12","","","",""
"401282721","Iowa","33","Illinois","23","Iowa -12","William Hill (New Jersey)","38.5","-12","","","",""
"401282721","Iowa","33","Illinois","23","Iowa -11.5","Bovada","38","-11.5","-12","37.5","-500","360"
"401282698","Pittsburgh","48","Virginia","38","Pittsburgh -12.5","teamrankings","69","-12.5","","","",""
"401282698","Pittsburgh","48","Virginia","38","Pittsburgh -13.5","consensus","66.5","-13.5","","","",""
"401282698","Pittsburgh","48","Virginia","38","Pittsburgh -12.5","William Hill (New Jersey)","68.5","-12.5","","","",""
"401282698","Pittsburgh","48","Virginia","38","Pittsburgh -15.5","Bovada","66","-15.5","-13.5","66.5","-625","430"
"401282695","NC State","41","Syracuse","17","NC State -11","teamrankings","49.5","-11","","","",""
"401282695","NC State","41","Syracuse","17","NC State -11.5","consensus","49.5","-11.5","","","",""
"401282695","NC State","41","Syracuse","17","NC State -11.5","William Hill (New Jersey)","49.5","-11.5","","","",""
"401282695","NC State","41","Syracuse","17","NC State -11.5","Bovada","49.5","-11.5","-11.5","50.5","-455","335"
"401282267","UTSA","34","UAB","31","UTSA -3.5","teamrankings","54","-3.5","","","",""
"401282267","UTSA","34","UAB","31","UTSA -4","consensus","53.5","-4","","","",""
"401282267","UTSA","34","UAB","31","UTSA -3.5","William Hill (New Jersey)","53.5","-3.5","","","",""
"401282267","UTSA","34","UAB","31","UTSA -4.0","Bovada","53.5","-4","-5.5","53","-200","170"
"401282264","Louisiana Tech","19","Southern Miss","35","Louisiana Tech -15.5","teamrankings","48.5","-15.5","","","",""
"401282264","Louisiana Tech","19","Southern Miss","35","Louisiana Tech -15.5","consensus","47.5","-15.5","","","",""
"401282264","Louisiana Tech","19","Southern Miss","35","Louisiana Tech -15.5","William Hill (New Jersey)","47.5","-15.5","","","",""
"401282264","Louisiana Tech","19","Southern Miss","35","Louisiana Tech -15.0","Bovada","47.5","-15","-17","51","-800","525"
"401282786","Ohio State","56","Michigan State","7","Ohio State -19.5","teamrankings","70.5","-19.5","","","",""
"401282786","Ohio State","56","Michigan State","7","Ohio State -19.5","consensus","70.5","-19.5","","","",""
"401282786","Ohio State","56","Michigan State","7","Ohio State -19.5","William Hill (New Jersey)","70","-19.5","","","",""
"401282786","Ohio State","56","Michigan State","7","Ohio State -19.0","Bovada","70.5","-19","-20","67.5","-1000","625"
"401282697","Notre Dame","55","Georgia Tech","0","Notre Dame -18","teamrankings","57.5","-18","","","",""
"401282697","Notre Dame","55","Georgia Tech","0","Notre Dame -17.5","consensus","58","-17.5","","","",""
"401282697","Notre Dame","55","Georgia Tech","0","Notre Dame -18","William Hill (New Jersey)","58","-18","","","",""
"401282697","Notre Dame","55","Georgia Tech","0","Notre Dame -18.0","Bovada","57.5","-18","-15.5","60","-900","575"
"401282693","Clemson","48","Wake Forest","27","Clemson -3.5","teamrankings","57","-3.5","","","",""
"401282693","Clemson","48","Wake Forest","27","Clemson -3.5","consensus","57","-3.5","","","",""
"401282693","Clemson","48","Wake Forest","27","Clemson -3.5","William Hill (New Jersey)","57","-3.5","","","",""
"401282693","Clemson","48","Wake Forest","27","Clemson -3.5","Bovada","57","-3.5","-4","55","-180","155"
"401282803","Wisconsin","35","Nebraska","28","Wisconsin -10","teamrankings","43.5","-10","","","",""
"401282803","Wisconsin","35","Nebraska","28","Wisconsin -10","consensus","43.5","-10","","","",""
"401282803","Wisconsin","35","Nebraska","28","Wisconsin -10","William Hill (New Jersey)","43.5","-10","","","",""
"401282803","Wisconsin","35","Nebraska","28","Wisconsin -9.5","Bovada","43.5","-9.5","-10","42","-395","300"
"401282144","Texas A&M","52","Prairie View A&M","3","Texas A&M -41.5","consensus","50","-41.5","","","",""
"401282144","Texas A&M","52","Prairie View A&M","3","Texas A&M -41.5","William Hill (New Jersey)","50","-41.5","","","",""
"401282144","Texas A&M","52","Prairie View A&M","3","Texas A&M -41.5","Bovada","50.5","-41.5","-41.5","50.5","",""
"401282263","Western Kentucky","52","Florida Atlantic","17","Western Kentucky -11.5","teamrankings","64","-11.5","","","",""
"401282263","Western Kentucky","52","Florida Atlantic","17","Western Kentucky -10.5","consensus","64","-10.5","","","",""
"401282263","Western Kentucky","52","Florida Atlantic","17","Western Kentucky -11.5","William Hill (New Jersey)","64","-11.5","","","",""
"401282263","Western Kentucky","52","Florida Atlantic","17","Western Kentucky -11.0","Bovada","64","-11","-10.5","64.5","-415","310"
"401282692","Boston College","23","Florida State","26","Boston College -3","teamrankings","55.5","-3","","","",""
"401282692","Boston College","23","Florida State","26","Boston College -3","consensus","55.5","-3","","","",""
"401282692","Boston College","23","Florida State","26","Boston College -3","William Hill (New Jersey)","55.5","-3","","","",""
"401282692","Boston College","23","Florida State","26","Boston College -3.0","Bovada","55.5","-3","-2.5","54","-130","110"
"401281946","Clemson","3","Georgia","10","Clemson -3","teamrankings","51.5","-3","","","",""
"401281946","Clemson","3","Georgia","10","Clemson -2.5","numberfire","51.5","-2.5","","","",""
"401281946","Clemson","3","Georgia","10","Clemson -2.5","consensus","51.5","-2.5","","","",""
"401281946","Clemson","3","Georgia","10","Clemson -2.5","William Hill (New Jersey)","51.5","-2.5","","","",""
"401281946","Clemson","3","Georgia","10","Clemson -2.5","Bovada","51.5","-2.5","-4.5","52","-145","125"
"401300998","SMU","56","Abilene Christian","9","SMU -32","consensus","66","-32","","","",""
"401300998","SMU","56","Abilene Christian","9","SMU -32","William Hill (New Jersey)","66","-32","","","",""
"401300998","SMU","56","Abilene Christian","9","SMU -32.0","Bovada","66","-32","-32","66","",""
"401309543","Toledo","49","Norfolk State","10","Toledo -39.5","consensus","56","-39.5","","","",""
"401309543","Toledo","49","Norfolk State","10","Toledo -39.5","William Hill (New Jersey)","56","-39.5","","","",""
"401309543","Toledo","49","Norfolk State","10","Toledo -39.5","Bovada","56","-39.5","-40","56","",""
"401281945","Florida","35","Florida Atlantic","14","Florida -23.5","teamrankings","51.5","-23.5","","","",""
"401281945","Florida","35","Florida Atlantic","14","Florida -23.5","numberfire","51.5","-23.5","","","",""
"401281945","Florida","35","Florida Atlantic","14","Florida -23.5","consensus","52","-23.5","","","",""
"401281945","Florida","35","Florida Atlantic","14","Florida -23.5","William Hill (New Jersey)","52","-23.5","","","",""
"401281945","Florida","35","Florida Atlantic","14","Florida -23.5","Bovada","52","-23.5","-25.5","53","-2300","1025"
"401281947","Kentucky","45","UL Monroe","10","Kentucky -31","teamrankings","54","-31","","","",""
"401281947","Kentucky","45","UL Monroe","10","Kentucky -31.5","numberfire","54.5","-31.5","","","",""
"401281947","Kentucky","45","UL Monroe","10","Kentucky -31","consensus","54","-31","","","",""
"401281947","Kentucky","45","UL Monroe","10","Kentucky -31","William Hill (New Jersey)","54","-31","","","",""
"401281947","Kentucky","45","UL Monroe","10","Kentucky -31.0","Bovada","54","-31","-28.5","54","",""
"401282609","Boston College","51","Colgate","0","Boston College -42.5","consensus","56.5","-42.5","","","",""
"401282609","Boston College","51","Colgate","0","Boston College -42.5","William Hill (New Jersey)","56.5","-42.5","","","",""
"401282609","Boston College","51","Colgate","0","Boston College -42.5","Bovada","56","-42.5","-45","56.5","",""
"401282772","Michigan","47","Western Michigan","14","Michigan -16.5","teamrankings","65.5","-16.5","","","",""
"401282772","Michigan","47","Western Michigan","14","Michigan -16.5","numberfire","65.5","-16.5","","","",""
"401282772","Michigan","47","Western Michigan","14","Michigan -16.5","consensus","65.5","-16.5","","","",""
"401282772","Michigan","47","Western Michigan","14","Michigan -16.5","William Hill (New Jersey)","65.5","-16.5","","","",""
"401282772","Michigan","47","Western Michigan","14","Michigan -16.5","Bovada","65.5","-16.5","-16.5","67","-1000","600"
"401310861","Air Force","35","Lafayette","14","Air Force -40.5","consensus","49.5","-40.5","","","",""
"401310861","Air Force","35","Lafayette","14","Air Force -40.5","William Hill (New Jersey)","49.5","-40.5","","","",""
"401310861","Air Force","35","Lafayette","14","Air Force -41.0","Bovada","49.5","-41","-41","50","",""
"401310697","Wyoming","19","Montana State","16","Wyoming -19","consensus","45","-19","","","",""
"401310697","Wyoming","19","Montana State","16","Wyoming -19","William Hill (New Jersey)","45","-19","","","",""
"401310697","Wyoming","19","Montana State","16","Wyoming -19.0","Bovada","45","-19","-19","45","",""
"401282611","Ohio","9","Syracuse","29","Ohio -2","teamrankings","55.5","-2","","","",""
"401282611","Ohio","9","Syracuse","29","Ohio -2.5","numberfire","55.5","-2.5","","","",""
"401282611","Ohio","9","Syracuse","29","Ohio -2","consensus","55.5","-2","","","",""
"401282611","Ohio","9","Syracuse","29","Ohio -2","William Hill (New Jersey)","55.5","-2","","","",""
"401282611","Ohio","9","Syracuse","29","Ohio -2.0","Bovada","55.5","-2","","56","-130","110"
"401282819","Purdue","30","Oregon State","21","Purdue -7","teamrankings","67","-7","","","",""
"401282819","Purdue","30","Oregon State","21","Purdue -7.5","numberfire","67.5","-7.5","","","",""
"401282819","Purdue","30","Oregon State","21","Purdue -7","consensus","68","-7","","","",""
"401282819","Purdue","30","Oregon State","21","Purdue -7","William Hill (New Jersey)","68","-7","","","",""
"401282819","Purdue","30","Oregon State","21","Purdue -7.0","Bovada","68.5","-7","-7","65","-280","230"
"401287886","Houston","21","Texas Tech","38","Houston -2.5","teamrankings","63","-2.5","","","",""
"401287886","Houston","21","Texas Tech","38","Houston -2.5","numberfire","63.5","-2.5","","","",""
"401287886","Houston","21","Texas Tech","38","Houston -2.5","consensus","63","-2.5","","","",""
"401287886","Houston","21","Texas Tech","38","Houston -2.5","William Hill (New Jersey)","63","-2.5","","","",""
"401287886","Houston","21","Texas Tech","38","Houston -2.5","Bovada","64","-2.5","4","65","-120","-105"
"401287893","Texas State","20","Baylor","29","Baylor -13.5","teamrankings","52.5","13.5","","","",""
"401287893","Texas State","20","Baylor","29","Baylor -13.5","numberfire","52.5","13.5","","","",""
"401287893","Texas State","20","Baylor","29","Baylor -13.5","consensus","52.5","13.5","","","",""
"401287893","Texas State","20","Baylor","29","Baylor -13.5","William Hill (New Jersey)","53","13.5","","","",""
"401287893","Texas State","20","Baylor","29","Baylor -14.0","Bovada","53","14","12","55.5","400","-600"
"401300997","Memphis","42","Nicholls","17","Memphis -22.5","consensus","68","-22.5","","","",""
"401300997","Memphis","42","Nicholls","17","Memphis -22.5","William Hill (New Jersey)","68","-22.5","","","",""
"401300997","Memphis","42","Nicholls","17","Memphis -23.5","Bovada","69.5","-23.5","-23.5","69","",""
"401309598","Arkansas State","40","Central Arkansas","21","Arkansas State -13.5","consensus","64","-13.5","","","",""
"401309598","Arkansas State","40","Central Arkansas","21","Arkansas State -13.5","William Hill (New Jersey)","64","-13.5","","","",""
"401309598","Arkansas State","40","Central Arkansas","21","Arkansas State -14.0","Bovada","64.5","-14","-13","64","",""
"401309602","Troy","55","Southern","3","Troy -25","consensus","55","-25","","","",""
"401309602","Troy","55","Southern","3","Troy -25","William Hill (New Jersey)","55","-25","","","",""
"401309602","Troy","55","Southern","3","Troy -25.0","Bovada","54","-25","-25","54","",""
"401282175","North Texas","44","Northwestern State","14","North Texas -20","consensus","66","-20","","","",""
"401282175","North Texas","44","Northwestern State","14","North Texas -20","William Hill (New Jersey)","66","-20","","","",""
"401282175","North Texas","44","Northwestern State","14","North Texas -20.5","Bovada","66","-20.5","-20","65","",""
"401282179","Illinois","30","UTSA","37","Illinois -4.5","teamrankings","52","-4.5","","","",""
"401282179","Illinois","30","UTSA","37","Illinois -4.5","numberfire","51.5","-4.5","","","",""
"401282179","Illinois","30","UTSA","37","Illinois -4.5","consensus","52","-4.5","","","",""
"401282179","Illinois","30","UTSA","37","Illinois -4.5","William Hill (New Jersey)","52","-4.5","","","",""
"401282179","Illinois","30","UTSA","37","Illinois -4.5","Bovada","51.5","-4.5","-6","53","-200","170"
"401309837","California","17","Nevada","22","California -2.5","teamrankings","52.5","-2.5","","","",""
"401309837","California","17","Nevada","22","California -2.5","numberfire","52.5","-2.5","","","",""
"401309837","California","17","Nevada","22","California -3","consensus","52.5","-3","","","",""
"401309837","California","17","Nevada","22","California -3","William Hill (New Jersey)","52.5","-3","","","",""
"401309837","California","17","Nevada","22","California -3.0","Bovada","52.5","-3","-3.5","52.5","-170","150"
"401282614","Florida State","38","Notre Dame","41","Notre Dame -7","teamrankings","53.5","7","","","",""
"401282614","Florida State","38","Notre Dame","41","Notre Dame -7.5","numberfire","53.5","7.5","","","",""
"401282614","Florida State","38","Notre Dame","41","Notre Dame -7.5","consensus","54","7.5","","","",""
"401282614","Florida State","38","Notre Dame","41","Notre Dame -7","William Hill (New Jersey)","53.5","7","","","",""
"401282614","Florida State","38","Notre Dame","41","Notre Dame -7.5","Bovada","53.5","7.5","10.5","55.5","240","-290"
"401282055","Ole Miss","43","Louisville","24","Ole Miss -9","teamrankings","74.5","-9","","","",""
"401282055","Ole Miss","43","Louisville","24","Ole Miss -8.5","numberfire","74.5","-8.5","","","",""
"401282055","Ole Miss","43","Louisville","24","Ole Miss -9","William Hill (New Jersey)","74","-9","","","",""
"401282055","Ole Miss","43","Louisville","24","Ole Miss -9","consensus","74.5","-9","","","",""
"401282055","Ole Miss","43","Louisville","24","Ole Miss -9","Bovada","74","-9","-7.5","75","-400","300"
"401301022","Memphis","35","Navy","17","Memphis -11","teamrankings","55.5","-11","","","",""
"401301022","Memphis","35","Navy","17","Memphis -11","consensus","55.5","-11","","","",""
"401301022","Memphis","35","Navy","17","Memphis -11","William Hill (New Jersey)","55.5","-11","","","",""
"401301022","Memphis","35","Navy","17","Memphis -10.5","Bovada","55.5","-10.5","-8.5","52.5","-395","300"
"401309621","South Alabama","41","Georgia Southern","14","South Alabama -2.5","teamrankings","49","-2.5","","","",""
"401309621","South Alabama","41","Georgia Southern","14","South Alabama -2.5","consensus","49.5","-2.5","","","",""
"401309621","South Alabama","41","Georgia Southern","14","South Alabama -2.5","William Hill (New Jersey)","49.5","-2.5","","","",""
"401309621","South Alabama","41","Georgia Southern","14","South Alabama -2.5","Bovada","49.5","-2.5","-3.5","50","-160","135"
"401282657","Syracuse","14","Clemson","17","Clemson -12.5","teamrankings","44","12.5","","","",""
"401282657","Syracuse","14","Clemson","17","Clemson -13.5","consensus","44","13.5","","","",""
"401282657","Syracuse","14","Clemson","17","Clemson -13.5","William Hill (New Jersey)","44","13.5","","","",""
"401282657","Syracuse","14","Clemson","17","Clemson -13.5","Bovada","43.5","13.5","14","45.5","400","-565"
"401301023","Cincinnati","56","UCF","21","Cincinnati -21.5","teamrankings","56","-21.5","","","",""
"401301023","Cincinnati","56","UCF","21","Cincinnati -21.5","consensus","56","-21.5","","","",""
"401301023","Cincinnati","56","UCF","21","Cincinnati -21.5","William Hill (New Jersey)","56","-21.5","","","",""
"401301023","Cincinnati","56","UCF","21","Cincinnati -22.5","Bovada","56","-22.5","-20","56","-1600","800"
"401287923","Oklahoma","52","TCU","31","Oklahoma -12.5","teamrankings","64.5","-12.5","","","",""
"401287923","Oklahoma","52","TCU","31","Oklahoma -12.5","consensus","64.5","-12.5","","","",""
"401287923","Oklahoma","52","TCU","31","Oklahoma -12.5","William Hill (New Jersey)","64.5","-12.5","","","",""
"401287923","Oklahoma","52","TCU","31","Oklahoma -13.5","Bovada","64","-13.5","-12","65.5","-565","400"
"401287924","Texas","24","Oklahoma State","32","Texas -3","teamrankings","61","-3","","","",""
"401287924","Texas","24","Oklahoma State","32","Texas -3.5","consensus","61","-3.5","","","",""
"401287924","Texas","24","Oklahoma State","32","Texas -3.5","William Hill (New Jersey)","61","-3.5","","","",""
"401287924","Texas","24","Oklahoma State","32","Texas -3.0","Bovada","61.5","-3","-5","60.5","-165","140"
"401287920","Baylor","38","BYU","24","Baylor -5.5","teamrankings","52.5","-5.5","","","",""
"401287920","Baylor","38","BYU","24","Baylor -5.5","consensus","52.5","-5.5","","","",""
"401287920","Baylor","38","BYU","24","Baylor -5.5","William Hill (New Jersey)","52.5","-5.5","","","",""
"401287920","Baylor","38","BYU","24","Baylor -5.0","Bovada","52","-5","-5","48","-210","175"
"401286192","UConn","21","Yale","15","Yale -3.5","consensus","46.5","3.5","","","",""
"401286192","UConn","21","Yale","15","Yale -4","William Hill (New Jersey)","46","4","","","",""
"401286192","UConn","21","Yale","15","Yale -3.5","Bovada","46.5","3.5","3","46.5","140","-165"
"401301024","South Florida","31","Tulsa","32","Tulsa -7.5","teamrankings","56","7.5","","","",""
"401301024","South Florida","31","Tulsa","32","Tulsa -7","consensus","55.5","7","","","",""
"401301024","South Florida","31","Tulsa","32","Tulsa -7","William Hill (New Jersey)","55.5","7","","","",""
"401301024","South Florida","31","Tulsa","32","Tulsa -7.0","Bovada","56","7","8.5","57","255","-310"
"401309568","Eastern Michigan","31","Ball State","38","Ball State -1.5","teamrankings","54.5","1.5","","","",""
"401309568","Eastern Michigan","31","Ball State","38","Ball State -1","consensus","55","1","","","",""
"401309568","Eastern Michigan","31","Ball State","38","Ball State -1","William Hill (New Jersey)","55","1","","","",""
"401309568","Eastern Michigan","31","Ball State","38","Ball State -1.0","Bovada","55","1","2.5","54.5","105","-120"
"401308837","Miami (OH)","34","Akron","21","Miami (OH) -20","teamrankings","51","-20","","","",""
"401308837","Miami (OH)","34","Akron","21","Miami (OH) -20","consensus","51","-20","","","",""
"401308837","Miami (OH)","34","Akron","21","Miami (OH) -20","William Hill (New Jersey)","51","-20","","","",""
"401308837","Miami (OH)","34","Akron","21","Miami (OH) -20.0","Bovada","51","-20","-20","52.5","-1200","700"
"401287921","Kansas","14","Texas Tech","41","Texas Tech -18.5","teamrankings","67.5","18.5","","","",""
"401287921","Kansas","14","Texas Tech","41","Texas Tech -18.5","consensus","68.5","18.5","","","",""
"401287921","Kansas","14","Texas Tech","41","Texas Tech -18.5","William Hill (New Jersey)","67.5","18.5","","","",""
"401287921","Kansas","14","Texas Tech","41","Texas Tech -18.5","Bovada","68.5","18.5","15.5","67","600","-950"
"401286296","UL Monroe","31","Liberty","28","Liberty -32.5","teamrankings","57","32.5","","","",""
"401286296","UL Monroe","31","Liberty","28","Liberty -32.5","consensus","56.5","32.5","","","",""
"401286296","UL Monroe","31","Liberty","28","Liberty -32.5","William Hill (New Jersey)","56.5","32.5","","","",""
"401286296","UL Monroe","31","Liberty","28","Liberty -33.0","Bovada","57.5","33","32","54.5","",""
"401282113","Ole Miss","31","LSU","17","Ole Miss -9","teamrankings","76.5","-9","","","",""
"401282113","Ole Miss","31","LSU","17","Ole Miss -9","consensus","77","-9","","","",""
"401282113","Ole Miss","31","LSU","17","Ole Miss -9","William Hill (New Jersey)","77","-9","","","",""
"401282113","Ole Miss","31","LSU","17","Ole Miss -9.0","Bovada","76.5","-9","-10.5","76","-330","265"
"401282236","Florida International","19","Western Kentucky","34","Western Kentucky -16.5","teamrankings","78","16.5","","","",""
"401282236","Florida International","19","Western Kentucky","34","Western Kentucky -16.5","consensus","77.5","16.5","","","",""
"401282236","Florida International","19","Western Kentucky","34","Western Kentucky -16.5","William Hill (New Jersey)","78","16.5","","","",""
"401282236","Florida International","19","Western Kentucky","34","Western Kentucky -16.0","Bovada","77","16","17","75.5","525","-800"
"401282709","Notre Dame","31","USC","16","Notre Dame -8","teamrankings","59.5","-8","","","",""
"401282709","Notre Dame","31","USC","16","Notre Dame -7.5","consensus","59.5","-7.5","","","",""
"401282709","Notre Dame","31","USC","16","Notre Dame -7.5","William Hill (New Jersey)","59.5","-7.5","","","",""
"401282709","Notre Dame","31","USC","16","Notre Dame -7.5","Bovada","59","-7.5","-6.5","57.5","-270","220"
"401282662","Army","56","Wake Forest","70","Wake Forest -3","teamrankings","53.5","3","","","",""
"401282662","Army","56","Wake Forest","70","Wake Forest -3","consensus","54","3","","","",""
"401282662","Army","56","Wake Forest","70","Wake Forest -3","William Hill (New Jersey)","53.5","3","","","",""
"401282662","Army","56","Wake Forest","70","Wake Forest -3.0","Bovada","54","3","3.5","52","135","-160"
"401282114","Texas A&M","44","South Carolina","14","Texas A&M -19","teamrankings","46","-19","","","",""
"401282114","Texas A&M","44","South Carolina","14","Texas A&M -19.5","consensus","46","-19.5","","","",""
"401282114","Texas A&M","44","South Carolina","14","Texas A&M -19.5","William Hill (New Jersey)","46","-19.5","","","",""
"401282114","Texas A&M","44","South Carolina","14","Texas A&M -19.5","Bovada","45.5","-19.5","-19.5","44.5","-1400","750"
"401282665","Miami","31","NC State","30","NC State -3.5","teamrankings","54.5","3.5","","","",""
"401282665","Miami","31","NC State","30","NC State -3.5","consensus","54.5","3.5","","","",""
"401282665","Miami","31","NC State","30","NC State -3.5","William Hill (New Jersey)","54.5","3.5","","","",""
"401282665","Miami","31","NC State","30","NC State -3.5","Bovada","53.5","3.5","3.5","53","140","-165"
"401282666","Pittsburgh","27","Clemson","17","Pittsburgh -3.5","consensus","47","-3.5","","","",""
"401282666","Pittsburgh","27","Clemson","17","Pittsburgh -3.5","William Hill (New Jersey)","47","-3.5","","","",""
"401282666","Pittsburgh","27","Clemson","17","Pittsburgh -3.5","teamrankings","47","-3.5","","","",""
"401282666","Pittsburgh","27","Clemson","17","Pittsburgh -3.5","Bovada","47","-3.5","-3","47","-160","135"
"401282237","Louisiana Tech","16","UTSA","45","UTSA -5.5","teamrankings","59.5","5.5","","","",""
"401282237","Louisiana Tech","16","UTSA","45","UTSA -5.5","consensus","59.5","5.5","","","",""
"401282237","Louisiana Tech","16","UTSA","45","UTSA -5.5","William Hill (New Jersey)","59.5","5.5","","","",""
"401282237","Louisiana Tech","16","UTSA","45","UTSA -6.0","Bovada","60","6","6","58.5","180","-220"
"401282821","Purdue","13","Wisconsin","30","Wisconsin -3.5","teamrankings","41","3.5","","","",""
"401282821","Purdue","13","Wisconsin","30","Wisconsin -3.5","consensus","41","3.5","","","",""
"401282821","Purdue","13","Wisconsin","30","Wisconsin -3.5","William Hill (New Jersey)","41","3.5","","","",""
"401282821","Purdue","13","Wisconsin","30","Wisconsin -3.5","Bovada","41","3.5","3","39","135","-160"
"401282112","Arkansas","45","Arkansas-Pine Bluff","3","Arkansas -50.5","consensus","59.5","-50.5","","","",""
"401282112","Arkansas","45","Arkansas-Pine Bluff","3","Arkansas -50.5","William Hill (New Jersey)","59.5","-50.5","","","",""
"401282663","Florida State","59","Massachusetts","3","Florida State -35","teamrankings","59","-35","","","",""
"401282663","Florida State","59","Massachusetts","3","Florida State -35.5","consensus","59","-35.5","","","",""
"401282663","Florida State","59","Massachusetts","3","Florida State -35","William Hill (New Jersey)","59","-35","","","",""
"401282663","Florida State","59","Massachusetts","3","Florida State -35.5","Bovada","59","-35.5","-35.5","61","",""
"401282668","Virginia Tech","36","Syracuse","41","Virginia Tech -3.5","teamrankings","45.5","-3.5","","","",""
"401282668","Virginia Tech","36","Syracuse","41","Virginia Tech -3.5","consensus","45.5","-3.5","","","",""
"401282668","Virginia Tech","36","Syracuse","41","Virginia Tech -3.5","William Hill (New Jersey)","45.5","-3.5","","","",""
"401282668","Virginia Tech","36","Syracuse","41","Virginia Tech -3.5","Bovada","45.5","-3.5","-4","46","-165","140"
"401282238","UAB","24","Rice","30","UAB -23.5","teamrankings","44.5","-23.5","","","",""
"401282238","UAB","24","Rice","30","UAB -23.5","consensus","44.5","-23.5","","","",""
"401282238","UAB","24","Rice","30","UAB -24","William Hill (New Jersey)","44.5","-24","","","",""
"401282238","UAB","24","Rice","30","UAB -24.0","Bovada","44.5","-24","-23","45","-2200","1000"
"401282767","Minnesota","34","Maryland","16","Minnesota -4","teamrankings","53","-4","","","",""
"401282767","Minnesota","34","Maryland","16","Minnesota -4","consensus","53","-4","","","",""
"401282767","Minnesota","34","Maryland","16","Minnesota -4","William Hill (New Jersey)","53","-4","","","",""
"401282767","Minnesota","34","Maryland","16","Minnesota -4.0","Bovada","52.5","-4","-5","54","-185","160"
"401310699","San Diego State","28","New Mexico State","10","San Diego State -31","teamrankings","51","-31","","","",""
"401310699","San Diego State","28","New Mexico State","10","San Diego State -31.5","numberfire","50.5","-31.5","","","",""
"401310699","San Diego State","28","New Mexico State","10","San Diego State -31","consensus","50.5","-31","","","",""
"401310699","San Diego State","28","New Mexico State","10","San Diego State -31.5","William Hill (New Jersey)","50.5","-31.5","","","",""
"401310699","San Diego State","28","New Mexico State","10","San Diego State -31.0","Bovada","50.5","-31","-28.5","50","",""
"401309840","Washington State","23","Utah State","26","Washington State -17.5","teamrankings","66.5","-17.5","","","",""
"401309840","Washington State","23","Utah State","26","Washington State -17.5","numberfire","66.5","-17.5","","","",""
"401309840","Washington State","23","Utah State","26","Washington State -17","consensus","66.5","-17","","","",""
"401309840","Washington State","23","Utah State","26","Washington State -17","William Hill (New Jersey)","66","-17","","","",""
"401309840","Washington State","23","Utah State","26","Washington State -17.5","Bovada","66.5","-17.5","-15.5","64.5","-1000","600"
"401282235","Charlotte","9","Florida Atlantic","38","Florida Atlantic -6.5","teamrankings","58","6.5","","","",""
"401282235","Charlotte","9","Florida Atlantic","38","Florida Atlantic -6.5","consensus","58","6.5","","","",""
"401282235","Charlotte","9","Florida Atlantic","38","Florida Atlantic -6.5","William Hill (New Jersey)","58","6.5","","","",""
"401282235","Charlotte","9","Florida Atlantic","38","Florida Atlantic -6.5","Bovada","58","6.5","5","55","230","-280"
"401282239","UConn","13","Middle Tennessee","44","Middle Tennessee -14","teamrankings","54","14","","","",""
"401282239","UConn","13","Middle Tennessee","44","Middle Tennessee -14","consensus","54","14","","","",""
"401282239","UConn","13","Middle Tennessee","44","Middle Tennessee -14","William Hill (New Jersey)","54","14","","","",""
"401282239","UConn","13","Middle Tennessee","44","Middle Tennessee -14.0","Bovada","54","14","15","54","475","-700"
"401301026","UCF","24","Memphis","7","UCF -1.5","teamrankings","63.5","-1.5","","","",""
"401301026","UCF","24","Memphis","7","UCF -1","consensus","63","-1","","","",""
"401301026","UCF","24","Memphis","7","UCF -1.5","William Hill (New Jersey)","63","-1.5","","","",""
"401301026","UCF","24","Memphis","7","Memphis -1.5","Bovada","66","1.5","-3","64","110","-130"
"401282186","Virginia Tech","35","Middle Tennessee","14","Virginia Tech -20","teamrankings","55","-20","","","",""
"401282186","Virginia Tech","35","Middle Tennessee","14","Virginia Tech -19.5","numberfire","54.5","-19.5","","","",""
"401282186","Virginia Tech","35","Middle Tennessee","14","Virginia Tech -20","consensus","54.5","-20","","","",""
"401282186","Virginia Tech","35","Middle Tennessee","14","Virginia Tech -20","William Hill (New Jersey)","54.5","-20","","","",""
"401282186","Virginia Tech","35","Middle Tennessee","14","Virginia Tech -20.0","Bovada","54.5","-20","-20","54.5","-1300","725"
"401282193","Army","38","Western Kentucky","35","Army -6","teamrankings","52","-6","","","",""
"401282193","Army","38","Western Kentucky","35","Army -6.5","numberfire","51.5","-6.5","","","",""
"401282193","Army","38","Western Kentucky","35","Army -6","consensus","52","-6","","","",""
"401282193","Army","38","Western Kentucky","35","Army -6","William Hill (New Jersey)","51.5","-6","","","",""
"401282193","Army","38","Western Kentucky","35","Army -6.0","Bovada","52","-6","-5","54.5","-230","190"
"401282183","Florida Atlantic","38","Georgia Southern","6","Florida Atlantic -6.5","teamrankings","48.5","-6.5","","","",""
"401282183","Florida Atlantic","38","Georgia Southern","6","Florida Atlantic -6.5","numberfire","48.5","-6.5","","","",""
"401282183","Florida Atlantic","38","Georgia Southern","6","Florida Atlantic -7","consensus","48.5","-7","","","",""
"401282183","Florida Atlantic","38","Georgia Southern","6","Florida Atlantic -7","William Hill (New Jersey)","48.5","-7","","","",""
"401282183","Florida Atlantic","38","Georgia Southern","6","Florida Atlantic -7.0","Bovada","48","-7","-7","48","-275","225"
"401282192","UTSA","54","Lamar","0","UTSA -38","consensus","65","-38","","","",""
"401282192","UTSA","54","Lamar","0","UTSA -40","William Hill (New Jersey)","65","-40","","","",""
"401282192","UTSA","54","Lamar","0","UTSA -38.0","Bovada","65","-38","-37.5","65","",""
"401282185","Marshall","44","North Carolina Central","10","Marshall -42.5","consensus","53.5","-42.5","","","",""
"401282185","Marshall","44","North Carolina Central","10","Marshall -43","William Hill (New Jersey)","53.5","-43","","","",""
"401282185","Marshall","44","North Carolina Central","10","Marshall -43.5","Bovada","51","-43.5","-43.5","50","",""
"401282189","Rice","7","Houston","44","Houston -7.5","teamrankings","50","7.5","","","",""
"401282189","Rice","7","Houston","44","Houston -7.5","numberfire","50.5","7.5","","","",""
"401282189","Rice","7","Houston","44","Houston -7.5","consensus","50.5","7.5","","","",""
"401282189","Rice","7","Houston","44","Houston -7.5","William Hill (New Jersey)","50.5","7.5","","","",""
"401282189","Rice","7","Houston","44","Houston -8.0","Bovada","51","8","9","54.5","260","-320"
"401282184","Louisiana Tech","45","SE Louisiana","42","Louisiana Tech -11.5","consensus","70.5","-11.5","","","",""
"401282184","Louisiana Tech","45","SE Louisiana","42","Louisiana Tech -11.5","William Hill (New Jersey)","70.5","-11.5","","","",""
"401282184","Louisiana Tech","45","SE Louisiana","42","Louisiana Tech -11.5","Bovada","70.5","-11.5","-11.5","70.5","",""
"401282187","SMU","35","North Texas","12","SMU -22.5","teamrankings","75.5","-22.5","","","",""
"401282187","SMU","35","North Texas","12","SMU -22.5","numberfire","75.5","-22.5","","","",""
"401282187","SMU","35","North Texas","12","SMU -22.5","consensus","73.5","-22.5","","","",""
"401282187","SMU","35","North Texas","12","SMU -22.5","William Hill (New Jersey)","75.5","-22.5","","","",""
"401282187","SMU","35","North Texas","12","SMU -22.5","Bovada","74","-22.5","-21.5","72.5","-1900","900"
"401282188","Old Dominion","47","Hampton","7","Old Dominion -21.5","consensus","55","-21.5","","","",""
"401282188","Old Dominion","47","Hampton","7","Old Dominion -21.5","William Hill (New Jersey)","55","-21.5","","","",""
"401282188","Old Dominion","47","Hampton","7","Old Dominion -20.5","Bovada","55","-20.5","-20","55","",""
"401282190","Southern Miss","37","Grambling","0","Southern Miss -23","consensus","47.5","-23","","","",""
"401282190","Southern Miss","37","Grambling","0","Southern Miss -23","William Hill (New Jersey)","48","-23","","","",""
"401282190","Southern Miss","37","Grambling","0","Southern Miss -23.5","Bovada","47.5","-23.5","-23.5","47.5","",""
"401301021","Navy","24","SMU","31","SMU -13.5","teamrankings","57","13.5","","","",""
"401301021","Navy","24","SMU","31","SMU -13.5","consensus","56.5","13.5","","","",""
"401301021","Navy","24","SMU","31","SMU -13.5","William Hill (New Jersey)","56.5","13.5","","","",""
"401301021","Navy","24","SMU","31","SMU -13.5","Bovada","56","13.5","14.5","57.5","395","-555"
"401310716","San Diego State","31","New Mexico","7","San Diego State -19.5","teamrankings","42.5","-19.5","","","",""
"401310716","San Diego State","31","New Mexico","7","San Diego State -19.5","consensus","42.5","-19.5","","","",""
"401310716","San Diego State","31","New Mexico","7","San Diego State -19.5","William Hill (New Jersey)","42.5","-19.5","","","",""
"401310716","San Diego State","31","New Mexico","7","San Diego State -19.5","Bovada","42.5","-19.5","-19","44.5","-1200","700"
"401308836","Eastern Michigan","13","Miami (OH)","12","Miami (OH) -2.5","teamrankings","58","2.5","","","",""
"401308836","Eastern Michigan","13","Miami (OH)","12","Miami (OH) -2.5","consensus","58.5","2.5","","","",""
"401308836","Eastern Michigan","13","Miami (OH)","12","Miami (OH) -2.5","William Hill (New Jersey)","58.5","2.5","","","",""
"401308836","Eastern Michigan","13","Miami (OH)","12","Miami (OH) -2.0","Bovada","58.5","2","1","55.5","110","-130"
"401309852","Washington State","14","USC","45","USC -7","teamrankings","61","7","","","",""
"401309852","Washington State","14","USC","45","USC -8.5","numberfire","62.5","8.5","","","",""
"401309852","Washington State","14","USC","45","USC -7","consensus","61","7","","","",""
"401309852","Washington State","14","USC","45","USC -7","William Hill (New Jersey)","61","7","","","",""
"401309852","Washington State","14","USC","45","USC -7.5","Bovada","62","7.5","9","63","250","-300"
"401309553","Toledo","6","Colorado State","22","Toledo -14.5","teamrankings","59","-14.5","","","",""
"401309553","Toledo","6","Colorado State","22","Toledo -14.5","numberfire","58.5","-14.5","","","",""
"401309553","Toledo","6","Colorado State","22","Toledo -14.5","consensus","59","-14.5","","","",""
"401309553","Toledo","6","Colorado State","22","Toledo -14.5","William Hill (New Jersey)","59","-14.5","","","",""
"401309553","Toledo","6","Colorado State","22","Toledo -14.5","Bovada","58.5","-14.5","-14","58.5","-700","475"
"401309605","Washington","52","Arkansas State","3","Washington -17.5","teamrankings","58.5","-17.5","","","",""
"401309605","Washington","52","Arkansas State","3","Washington -16.5","numberfire","58.5","-16.5","","","",""
"401309605","Washington","52","Arkansas State","3","Washington -17.5","consensus","58.5","-17.5","","","",""
"401309605","Washington","52","Arkansas State","3","Washington -17.5","William Hill (New Jersey)","58.5","-17.5","","","",""
"401309605","Washington","52","Arkansas State","3","Washington -17.0","Bovada","58.5","-17","-16.5","58.5","-900","575"
"401309609","Texas State","34","Incarnate Word","42","Texas State -10.5","consensus","70","-10.5","","","",""
"401309609","Texas State","34","Incarnate Word","42","Texas State -11","William Hill (New Jersey)","70","-11","","","",""
"401309609","Texas State","34","Incarnate Word","42","Texas State -11.0","Bovada","66","-11","-10.5","64.5","-435","325"
"401309607","UL Monroe","12","Jackson State","7","UL Monroe -4.5","consensus","52","-4.5","","","",""
"401309607","UL Monroe","12","Jackson State","7","UL Monroe -4.5","William Hill (New Jersey)","52","-4.5","","","",""
"401309607","UL Monroe","12","Jackson State","7","UL Monroe -4.5","Bovada","52.5","-4.5","-6","52.5","-200","170"
"401309608","South Alabama","28","Alcorn State","21","South Alabama -21.5","consensus","44.5","-21.5","","","",""
"401309608","South Alabama","28","Alcorn State","21","South Alabama -21.5","William Hill (New Jersey)","44.5","-21.5","","","",""
"401309608","South Alabama","28","Alcorn State","21","South Alabama -21.0","Bovada","44","-21","-21.5","44","",""
"401309853","Arizona","19","Northern Arizona","21","Arizona -26.5","consensus","53.5","-26.5","","","",""
"401309853","Arizona","19","Northern Arizona","21","Arizona -26.5","William Hill (New Jersey)","53","-26.5","","","",""
"401309853","Arizona","19","Northern Arizona","21","Arizona -26.5","Bovada","53.5","-26.5","-24.5","52","",""
"401309850","Oregon","48","Stony Brook","7","Oregon -42","consensus","54.5","-42","","","",""
"401309850","Oregon","48","Stony Brook","7","Oregon -42","William Hill (New Jersey)","54.5","-42","","","",""
"401309850","Oregon","48","Stony Brook","7","Oregon -41.5","Bovada","53.5","-41.5","-40.5","53","",""
"401309604","App State","44","Elon","10","App State -35.5","consensus","52.5","-35.5","","","",""
"401309604","App State","44","Elon","10","App State -35.5","William Hill (New Jersey)","52.5","-35.5","","","",""
"401309604","App State","44","Elon","10","App State -35.0","Bovada","52","-35","-35","51","",""
"401309849","California","42","Sacramento State","30","California -24.5","consensus","49","-24.5","","","",""
"401309849","California","42","Sacramento State","30","California -24","William Hill (New Jersey)","49","-24","","","",""
"401309849","California","42","Sacramento State","30","California -24.5","Bovada","49","-24.5","-24.5","49","",""
"401309606","Louisiana","49","Ohio","14","Louisiana -18.5","teamrankings","56.5","-18.5","","","",""
"401309606","Louisiana","49","Ohio","14","Louisiana -19.5","numberfire","57.5","-19.5","","","",""
"401309606","Louisiana","49","Ohio","14","Louisiana -19","William Hill (New Jersey)","56.5","-19","","","",""
"401309606","Louisiana","49","Ohio","14","Louisiana -19.0","Bovada","56.5","-19","-20","54.5","-1600","800"
"401309854","BYU","27","Arizona State","17","Arizona State -3.5","teamrankings","50.5","3.5","","","",""
"401309854","BYU","27","Arizona State","17","Arizona State -3.5","numberfire","51.5","3.5","","","",""
"401309854","BYU","27","Arizona State","17","Arizona State -3","consensus","50.5","3","","","",""
"401309854","BYU","27","Arizona State","17","Arizona State -3","William Hill (New Jersey)","50.5","3","","","",""
"401309854","BYU","27","Arizona State","17","Arizona State -3.5","Bovada","50.5","3.5","2.5","50.5","145","-170"
"401282078","Tennessee","56","Tennessee Tech","0","Tennessee -38","consensus","53","-38","","","",""
"401282078","Tennessee","56","Tennessee Tech","0","Tennessee -38","William Hill (New Jersey)","53","-38","","","",""
"401282078","Tennessee","56","Tennessee Tech","0","Tennessee -38.5","Bovada","53","-38.5","-40.5","51.5","",""
"401282079","Texas A&M","34","New Mexico","0","Texas A&M -30.5","teamrankings","49.5","-30.5","","","",""
"401282079","Texas A&M","34","New Mexico","0","Texas A&M -28.5","numberfire","50.5","-28.5","","","",""
"401282079","Texas A&M","34","New Mexico","0","Texas A&M -30","consensus","49.5","-30","","","",""
"401282079","Texas A&M","34","New Mexico","0","Texas A&M -30","William Hill (New Jersey)","49.5","-30","","","",""
"401282079","Texas A&M","34","New Mexico","0","Texas A&M -30.5","Bovada","49.5","-30.5","-28","51","-6500","1325"
"401282194","UTSA","27","Middle Tennessee","13","UTSA -11.5","teamrankings","60","-11.5","","","",""
"401282194","UTSA","27","Middle Tennessee","13","UTSA -13.5","numberfire","59.5","-13.5","","","",""
"401282194","UTSA","27","Middle Tennessee","13","UTSA -11.5","consensus","59.5","-11.5","","","",""
"401282194","UTSA","27","Middle Tennessee","13","UTSA -11.5","William Hill (New Jersey)","59.5","-11.5","","","",""
"401282194","UTSA","27","Middle Tennessee","13","UTSA -11.0","Bovada","59.5","-11","-13","57.5","-530","380"
"401282195","North Texas","6","UAB","40","UAB -12.5","teamrankings","58.5","12.5","","","",""
"401282195","North Texas","6","UAB","40","UAB -11.5","numberfire","56.5","11.5","","","",""
"401282195","North Texas","6","UAB","40","UAB -12.5","consensus","58","12.5","","","",""
"401282195","North Texas","6","UAB","40","UAB -12.5","William Hill (New Jersey)","58","12.5","","","",""
"401282195","North Texas","6","UAB","40","UAB -13.0","Bovada","58","13","13.5","57","360","-500"
"401282080","Vanderbilt","23","Stanford","41","Stanford -13","teamrankings","49","13","","","",""
"401282080","Vanderbilt","23","Stanford","41","Stanford -10.5","numberfire","49.5","10.5","","","",""
"401282080","Vanderbilt","23","Stanford","41","Stanford -12.5","consensus","49","12.5","","","",""
"401282080","Vanderbilt","23","Stanford","41","Stanford -13","William Hill (New Jersey)","49","13","","","",""
"401282080","Vanderbilt","23","Stanford","41","Stanford -13.0","Bovada","48.5","13","11","48.5","345","-470"
"401282204","Charlotte","42","Middle Tennessee","39","Charlotte -2.5","teamrankings","55.5","-2.5","","","",""
"401282204","Charlotte","42","Middle Tennessee","39","Charlotte -2.5","consensus","55.5","-2.5","","","",""
"401282204","Charlotte","42","Middle Tennessee","39","Charlotte -2.5","William Hill (New Jersey)","55.5","-2.5","","","",""
"401282204","Charlotte","42","Middle Tennessee","39","Charlotte -3.0","Bovada","56","-3","-2.5","56","-150","130"
"401282088","Vanderbilt","0","Georgia","62","Georgia -36","teamrankings","54.5","36","","","",""
"401282088","Vanderbilt","0","Georgia","62","Georgia -36","consensus","54","36","","","",""
"401282088","Vanderbilt","0","Georgia","62","Georgia -36","William Hill (New Jersey)","54","36","","","",""
"401282088","Vanderbilt","0","Georgia","62","Georgia -37.0","Bovada","54.5","37","34","51","",""
"401282206","Central Michigan","31","Florida International","27","Central Michigan -12","teamrankings","55","-12","","","",""
"401282206","Central Michigan","31","Florida International","27","Central Michigan -12","consensus","55.5","-12","","","",""
"401282206","Central Michigan","31","Florida International","27","Central Michigan -12","William Hill (New Jersey)","55.5","-12","","","",""
"401282206","Central Michigan","31","Florida International","27","Central Michigan -12.5","Bovada","55.5","-12.5","-11.5","56.5","-470","345"
"401282205","Louisiana Tech","24","North Texas","17","Louisiana Tech -9.5","teamrankings","65","-9.5","","","",""
"401282205","Louisiana Tech","24","North Texas","17","Louisiana Tech -10.5","consensus","65","-10.5","","","",""
"401282205","Louisiana Tech","24","North Texas","17","Louisiana Tech -9.5","William Hill (New Jersey)","65.5","-9.5","","","",""
"401282205","Louisiana Tech","24","North Texas","17","Louisiana Tech -11.0","Bovada","65.5","-11","-12.5","64.5","-460","340"
"401282207","Air Force","31","Florida Atlantic","7","Air Force -3.5","teamrankings","54","-3.5","","","",""
"401282207","Air Force","31","Florida Atlantic","7","Air Force -3.5","consensus","54","-3.5","","","",""
"401282207","Air Force","31","Florida Atlantic","7","Air Force -3.5","William Hill (New Jersey)","54","-3.5","","","",""
"401282207","Air Force","31","Florida Atlantic","7","Air Force -4.0","Bovada","54","-4","-5","50.5","-180","155"
"401286305","Army","33","Massachusetts","17","Army -37.5","teamrankings","56","-37.5","","","",""
"401286305","Army","33","Massachusetts","17","Army -37","consensus","56","-37","","","",""
"401286305","Army","33","Massachusetts","17","Army -37","William Hill (New Jersey)","56","-37","","","",""
"401286305","Army","33","Massachusetts","17","Army -37.0","Bovada","56","-37","-37.5","57","",""
"401282209","Old Dominion","34","Buffalo","35","Buffalo -13","teamrankings","50.5","13","","","",""
"401282209","Old Dominion","34","Buffalo","35","Buffalo -13","consensus","50.5","13","","","",""
"401282209","Old Dominion","34","Buffalo","35","Buffalo -13","William Hill (New Jersey)","50.5","13","","","",""
"401282209","Old Dominion","34","Buffalo","35","Buffalo -13.0","Bovada","50.5","13","12.5","54","390","-545"
"401310711","Boise State","31","Nevada","41","Boise State -3.5","teamrankings","59","-3.5","","","",""
"401310711","Boise State","31","Nevada","41","Boise State -3.5","consensus","59","-3.5","","","",""
"401310711","Boise State","31","Nevada","41","Boise State -3.5","William Hill (New Jersey)","59","-3.5","","","",""
"401310711","Boise State","31","Nevada","41","Boise State -4.5","Bovada","59","-4.5","-6.5","56","-200","170"
"401310712","Hawai'i","27","Fresno State","24","Fresno State -10.5","teamrankings","64.5","10.5","","","",""
"401310712","Hawai'i","27","Fresno State","24","Fresno State -10.5","consensus","64.5","10.5","","","",""
"401310712","Hawai'i","27","Fresno State","24","Fresno State -11.5","William Hill (New Jersey)","64","11.5","","","",""
"401310712","Hawai'i","27","Fresno State","24","Fresno State -11.0","Bovada","64","11","10","63","310","-415"
"401308835","Miami (OH)","28","Central Michigan","17","Central Michigan -2.5","teamrankings","56.5","2.5","","","",""
"401308835","Miami (OH)","28","Central Michigan","17","Central Michigan -1.5","consensus","56","1.5","","","",""
"401308835","Miami (OH)","28","Central Michigan","17","Central Michigan -2","William Hill (New Jersey)","56","2","","","",""
"401308835","Miami (OH)","28","Central Michigan","17","Central Michigan -1.5","Bovada","56","1.5","-1","56","-115","-120"
"401282813","Rutgers","13","Ohio State","52","Ohio State -15","teamrankings","58","15","","","",""
"401282813","Rutgers","13","Ohio State","52","Ohio State -15","consensus","58","15","","","",""
"401282813","Rutgers","13","Ohio State","52","Ohio State -14.5","Caesars (Pennsylvania)","58","14.5","","","",""
"401282813","Rutgers","13","Ohio State","52","Ohio State -15.0","Bovada","58","15","15.5","56.5","475","-700"
"401282224","Florida International","33","Charlotte","45","Charlotte -3.5","teamrankings","61","3.5","","","",""
"401282224","Florida International","33","Charlotte","45","Charlotte -3.5","consensus","60.5","3.5","","","",""
"401282224","Florida International","33","Charlotte","45","Charlotte -3.5","William Hill (New Jersey)","60.5","3.5","","","",""
"401282224","Florida International","33","Charlotte","45","Charlotte -3.5","Bovada","61","3.5","3.5","59","150","-175"
"401309864","Stanford","31","Oregon","24","Oregon -8.5","teamrankings","57.5","8.5","","","",""
"401309864","Stanford","31","Oregon","24","Oregon -8.5","consensus","57.5","8.5","","","",""
"401309864","Stanford","31","Oregon","24","Oregon -8.5","William Hill (New Jersey)","57.5","8.5","","","",""
"401309864","Stanford","31","Oregon","24","Oregon -8.5","Bovada","57.5","8.5","7","58.5","255","-310"
"401287913","Kansas State","31","Oklahoma","37","Oklahoma -12","teamrankings","53","12","","","",""
"401287913","Kansas State","31","Oklahoma","37","Oklahoma -12.5","consensus","53","12.5","","","",""
"401287913","Kansas State","31","Oklahoma","37","Oklahoma -12.5","William Hill (New Jersey)","53.5","12.5","","","",""
"401287913","Kansas State","31","Oklahoma","37","Oklahoma -13.0","Bovada","53","13","10.5","52.5","325","-435"
"401287914","Oklahoma State","24","Baylor","14","Oklahoma State -3.5","teamrankings","47","-3.5","","","",""
"401287914","Oklahoma State","24","Baylor","14","Oklahoma State -4","consensus","47","-4","","","",""
"401287914","Oklahoma State","24","Baylor","14","Oklahoma State -4","William Hill (New Jersey)","47","-4","","","",""
"401287914","Oklahoma State","24","Baylor","14","Oklahoma State -4.0","Bovada","47","-4","-4","49.5","-175","150"
"401309866","UCLA","23","Arizona State","42","UCLA -3","teamrankings","56.5","-3","","","",""
"401309866","UCLA","23","Arizona State","42","UCLA -3","consensus","56","-3","","","",""
"401309866","UCLA","23","Arizona State","42","UCLA -3","William Hill (New Jersey)","56","-3","","","",""
"401309866","UCLA","23","Arizona State","42","UCLA -3.0","Bovada","56","-3","-3.5","55","-145","125"
"401286302","Massachusetts","7","Toledo","45","Toledo -26.5","teamrankings","56.5","26.5","","","",""
"401286302","Massachusetts","7","Toledo","45","Toledo -27","consensus","56.5","27","","","",""
"401286302","Massachusetts","7","Toledo","45","Toledo -27","William Hill (New Jersey)","56.5","27","","","",""
"401286302","Massachusetts","7","Toledo","45","Toledo -27.0","Bovada","56.5","27","26.5","58","",""
"401287915","TCU","27","Texas","32","Texas -3.5","teamrankings","65.5","3.5","","","",""
"401287915","TCU","27","Texas","32","Texas -4","consensus","65.5","4","","","",""
"401287915","TCU","27","Texas","32","Texas -4","William Hill (New Jersey)","65.5","4","","","",""
"401287915","TCU","27","Texas","32","Texas -4.0","Bovada","65.5","4","4","67","165","-195"
"401301015","Temple","34","Memphis","31","Memphis -11","teamrankings","58.5","11","","","",""
"401301015","Temple","34","Memphis","31","Memphis -11","consensus","59","11","","","",""
"401301015","Temple","34","Memphis","31","Memphis -11","William Hill (New Jersey)","58.5","11","","","",""
"401301015","Temple","34","Memphis","31","Memphis -11.5","Bovada","58","11.5","11.5","61","320","-430"
"401309560","Akron","17","Ohio","34","Ohio -9.5","consensus","55","9.5","","","",""
"401309560","Akron","17","Ohio","34","Ohio -10","William Hill (New Jersey)","55","10","","","",""
"401309560","Akron","17","Ohio","34","Ohio -10","teamrankings","55","10","","","",""
"401309560","Akron","17","Ohio","34","Ohio -9.5","Bovada","55","9.5","9","54.5","280","-360"
"401309561","Buffalo","17","Western Michigan","24","Western Michigan -7","teamrankings","59.5","7","","","",""
"401309561","Buffalo","17","Western Michigan","24","Western Michigan -7","consensus","59.5","7","","","",""
"401309561","Buffalo","17","Western Michigan","24","Western Michigan -7","William Hill (New Jersey)","59.5","7","","","",""
"401309561","Buffalo","17","Western Michigan","24","Western Michigan -7.0","Bovada","59.5","7","6","59","215","-260"
"401309867","Colorado","14","USC","37","USC -9","teamrankings","50.5","9","","","",""
"401309867","Colorado","14","USC","37","USC -9","consensus","51","9","","","",""
"401309867","Colorado","14","USC","37","USC -9","William Hill (New Jersey)","51","9","","","",""
"401309867","Colorado","14","USC","37","USC -9.0","Bovada","51","9","7","50.5","260","-320"
"401309558","Northern Illinois","27","Eastern Michigan","20","Eastern Michigan -0","teamrankings","62.5","0","","","",""
"401309558","Northern Illinois","27","Eastern Michigan","20","Northern Illinois -1.5","consensus","62","-1.5","","","",""
"401309558","Northern Illinois","27","Eastern Michigan","20","Eastern Michigan -0","William Hill (New Jersey)","62.5","0","","","",""
"401309558","Northern Illinois","27","Eastern Michigan","20","Eastern Michigan -0.0","Bovada","62","0","1","62","-120","-115"
"401287916","West Virginia","20","Texas Tech","23","West Virginia -7.5","teamrankings","55","-7.5","","","",""
"401287916","West Virginia","20","Texas Tech","23","West Virginia -7.5","consensus","55.5","-7.5","","","",""
"401287916","West Virginia","20","Texas Tech","23","West Virginia -7.5","William Hill (New Jersey)","55.5","-7.5","","","",""
"401287916","West Virginia","20","Texas Tech","23","West Virginia -7.0","Bovada","55","-7","-7.5","57","-280","230"
"401301013","Navy","34","UCF","30","UCF -15","teamrankings","52.5","15","","","",""
"401301013","Navy","34","UCF","30","UCF -15","consensus","52.5","15","","","",""
"401301013","Navy","34","UCF","30","UCF -15","William Hill (New Jersey)","52.5","15","","","",""
"401301013","Navy","34","UCF","30","UCF -16.0","Bovada","52.5","16","16","56.5","525","-800"
"401301014","East Carolina","52","Tulane","29","Tulane -3","teamrankings","65","3","","","",""
"401301014","East Carolina","52","Tulane","29","Tulane -3","consensus","64.5","3","","","",""
"401301014","East Carolina","52","Tulane","29","Tulane -3","William Hill (New Jersey)","64.5","3","","","",""
"401301014","East Carolina","52","Tulane","29","Tulane -3.0","Bovada","64.5","3","3.5","64","135","-160"
"401309562","Kent State","27","Bowling Green","20","Kent State -16.5","teamrankings","56","-16.5","","","",""
"401309562","Kent State","27","Bowling Green","20","Kent State -16.5","consensus","56","-16.5","","","",""
"401309562","Kent State","27","Bowling Green","20","Kent State -16.5","William Hill (New Jersey)","56","-16.5","","","",""
"401309562","Kent State","27","Bowling Green","20","Kent State -16.5","Bovada","56","-16.5","-16","55.5","-850","550"
"401301016","SMU","41","South Florida","17","SMU -21.5","teamrankings","68.5","-21.5","","","",""
"401301016","SMU","41","South Florida","17","SMU -21","consensus","68.5","-21","","","",""
"401301016","SMU","41","South Florida","17","SMU -21.5","William Hill (New Jersey)","68.5","-21.5","","","",""
"401301016","SMU","41","South Florida","17","SMU -21.0","Bovada","68.5","-21","-20","68","-1500","775"
"401309559","Ball State","28","Army","16","Army -10.5","teamrankings","46.5","10.5","","","",""
"401309559","Ball State","28","Army","16","Army -10","consensus","47.5","10","","","",""
"401309559","Ball State","28","Army","16","Army -10","William Hill (New Jersey)","47","10","","","",""
"401309559","Ball State","28","Army","16","Army -10.5","Bovada","47.5","10.5","6","47","310","-415"
"401309863","California","6","Washington State","21","California -7.5","teamrankings","52.5","-7.5","","","",""
"401309863","California","6","Washington State","21","California -7.5","consensus","52.5","-7.5","","","",""
"401309863","California","6","Washington State","21","California -7.5","William Hill (New Jersey)","52.5","-7.5","","","",""
"401309863","California","6","Washington State","21","California -7.5","Bovada","52.5","-7.5","-7.5","52.5","-300","250"
"401310710","New Mexico","10","Air Force","38","Air Force -11.5","teamrankings","46","11.5","","","",""
"401310710","New Mexico","10","Air Force","38","Air Force -11.5","consensus","45.5","11.5","","","",""
"401310710","New Mexico","10","Air Force","38","Air Force -11.5","William Hill (New Jersey)","45.5","11.5","","","",""
"401310710","New Mexico","10","Air Force","38","Air Force -11.5","Bovada","45.5","11.5","10.5","48.5","335","-455"
"401287912","Iowa State","59","Kansas","7","Iowa State -34.5","teamrankings","57.5","-34.5","","","",""
"401287912","Iowa State","59","Kansas","7","Iowa State -34.5","consensus","57","-34.5","","","",""
"401287912","Iowa State","59","Kansas","7","Iowa State -34.5","William Hill (New Jersey)","57","-34.5","","","",""
"401287912","Iowa State","59","Kansas","7","Iowa State -34.5","Bovada","57","-34.5","-33.5","57.5","",""
"401282800","Nebraska","56","Northwestern","7","Nebraska -11","teamrankings","51.5","-11","","","",""
"401282800","Nebraska","56","Northwestern","7","Nebraska -11.5","consensus","51.5","-11.5","","","",""
"401282800","Nebraska","56","Northwestern","7","Nebraska -11.5","William Hill (New Jersey)","51.5","-11.5","","","",""
"401282800","Nebraska","56","Northwestern","7","Nebraska -11.0","Bovada","51.5","-11","-10","50","-445","330"
"401309615","South Alabama","18","Louisiana","20","Louisiana -12","teamrankings","52.5","12","","","",""
"401309615","South Alabama","18","Louisiana","20","Louisiana -12","consensus","52.5","12","","","",""
"401309615","South Alabama","18","Louisiana","20","Louisiana -12","William Hill (New Jersey)","53","12","","","",""
"401309615","South Alabama","18","Louisiana","20","Louisiana -12.0","Bovada","53","12","11","51","360","-500"
"401309865","Oregon State","27","Washington","24","Oregon State -2.5","teamrankings","57.5","-2.5","","","",""
"401309865","Oregon State","27","Washington","24","Oregon State -2.5","consensus","57.5","-2.5","","","",""
"401309865","Oregon State","27","Washington","24","Oregon State -2.5","William Hill (New Jersey)","58","-2.5","","","",""
"401309865","Oregon State","27","Washington","24","Oregon State -2.0","Bovada","57.5","-2","3","54.5","-130","110"
"401310713","San José State","37","New Mexico State","31","San José State -25.5","teamrankings","51.5","-25.5","","","",""
"401310713","San José State","37","New Mexico State","31","San José State -25.5","consensus","51.5","-25.5","","","",""
"401310713","San José State","37","New Mexico State","31","San José State -25.5","William Hill (New Jersey)","51.5","-25.5","","","",""
"401310713","San José State","37","New Mexico State","31","San José State -25.5","Bovada","51.5","-25.5","-27.5","51.5","",""
"401309616","Arkansas State","20","Coastal Carolina","52","Coastal Carolina -20","teamrankings","74.5","20","","","",""
"401309616","Arkansas State","20","Coastal Carolina","52","Coastal Carolina -20","consensus","74.5","20","","","",""
"401309616","Arkansas State","20","Coastal Carolina","52","Coastal Carolina -20","William Hill (New Jersey)","74.5","20","","","",""
"401309616","Arkansas State","20","Coastal Carolina","52","Coastal Carolina -20.5","Bovada","74.5","20.5","17.5","70","700","-1200"
"401301017","Tulane","22","Houston","40","Houston -6.5","teamrankings","60","6.5","","","",""
"401301017","Tulane","22","Houston","40","Houston -6.5","consensus","60","6.5","","","",""
"401301017","Tulane","22","Houston","40","Houston -6.5","William Hill (New Jersey)","60","6.5","","","",""
"401301017","Tulane","22","Houston","40","Houston -7.0","Bovada","60","7","4.5","62","170","-200"
"401301018","Cincinnati","52","Temple","3","Cincinnati -30","teamrankings","52.5","-30","","","",""
"401301018","Cincinnati","52","Temple","3","Cincinnati -30","consensus","52.5","-30","","","",""
"401301018","Cincinnati","52","Temple","3","Cincinnati -30","William Hill (New Jersey)","52.5","-30","","","",""
"401301018","Cincinnati","52","Temple","3","Cincinnati -30.0","Bovada","53","-30","-28","54","-6500","1325"
"401309868","Arizona State","28","Stanford","10","Arizona State -13.5","teamrankings","53.5","-13.5","","","",""
"401309868","Arizona State","28","Stanford","10","Arizona State -13.5","consensus","53.5","-13.5","","","",""
"401309868","Arizona State","28","Stanford","10","Arizona State -13.5","William Hill (New Jersey)","53.5","-13.5","","","",""
"401309868","Arizona State","28","Stanford","10","Arizona State -13.5","Bovada","53.5","-13.5","-10.5","52","-520","375"
"401282103","Texas A&M","41","Alabama","38","Alabama -18.5","teamrankings","50.5","18.5","","","",""
"401282103","Texas A&M","41","Alabama","38","Alabama -18.5","consensus","51","18.5","","","",""
"401282103","Texas A&M","41","Alabama","38","Alabama -18.5","William Hill (New Jersey)","50.5","18.5","","","",""
"401282103","Texas A&M","41","Alabama","38","Alabama -18.5","Bovada","51","18.5","17.5","51","700","-1200"
"401282097","Auburn","10","Georgia","34","Georgia -14.5","teamrankings","45.5","14.5","","","",""
"401282097","Auburn","10","Georgia","34","Georgia -14.5","consensus","45.5","14.5","","","",""
"401282097","Auburn","10","Georgia","34","Georgia -14.5","William Hill (New Jersey)","45.5","14.5","","","",""
"401282097","Auburn","10","Georgia","34","Georgia -15.5","Bovada","46","15.5","14.5","45","475","-700"
"401282100","Ole Miss","52","Arkansas","51","Ole Miss -5","teamrankings","67","-5","","","",""
"401282100","Ole Miss","52","Arkansas","51","Ole Miss -5","consensus","66.5","-5","","","",""
"401282100","Ole Miss","52","Arkansas","51","Ole Miss -5","William Hill (New Jersey)","66.5","-5","","","",""
"401282100","Ole Miss","52","Arkansas","51","Ole Miss -5.0","Bovada","66.5","-5","-6","66","-195","165"
"401282656","Virginia Tech","29","Notre Dame","32","Virginia Tech -1","teamrankings","46.5","-1","","","",""
"401282656","Virginia Tech","29","Notre Dame","32","Virginia Tech -1","consensus","47","-1","","","",""
"401282656","Virginia Tech","29","Notre Dame","32","Virginia Tech -1","William Hill (New Jersey)","47","-1","","","",""
"401282656","Virginia Tech","29","Notre Dame","32","Notre Dame -0.0","Bovada","47","0","1.5","46.5","-105","-115"
"401282099","Kentucky","42","LSU","21","Kentucky -2","teamrankings","50.5","-2","","","",""
"401282099","Kentucky","42","LSU","21","Kentucky -2","consensus","50.5","-2","","","",""
"401282099","Kentucky","42","LSU","21","Kentucky -2","William Hill (New Jersey)","50.5","-2","","","",""
"401282099","Kentucky","42","LSU","21","Kentucky -2.5","Bovada","50.5","-2.5","-3.5","52.5","-135","115"
"401282655","Syracuse","37","Wake Forest","40","Wake Forest -5.5","teamrankings","59","5.5","","","",""
"401282655","Syracuse","37","Wake Forest","40","Wake Forest -6","consensus","58.5","6","","","",""
"401282655","Syracuse","37","Wake Forest","40","Wake Forest -6","William Hill (New Jersey)","58.5","6","","","",""
"401282655","Syracuse","37","Wake Forest","40","Wake Forest -6.0","Bovada","58.5","6","6.5","57.5","190","-230"
"401282098","Florida","42","Vanderbilt","0","Florida -39","teamrankings","60.5","-39","","","",""
"401282098","Florida","42","Vanderbilt","0","Florida -39","consensus","60","-39","","","",""
"401282098","Florida","42","Vanderbilt","0","Florida -39","William Hill (New Jersey)","60","-39","","","",""
"401282098","Florida","42","Vanderbilt","0","Florida -39.0","Bovada","60","-39","-39","57.5","",""
"401309549","Wyoming","45","Ball State","12","Wyoming -6.5","teamrankings","53.5","-6.5","","","",""
"401309549","Wyoming","45","Ball State","12","Wyoming -6.5","numberfire","54.5","-6.5","","","",""
"401309549","Wyoming","45","Ball State","12","Wyoming -6.5","consensus","53","-6.5","","","",""
"401309549","Wyoming","45","Ball State","12","Wyoming -6.5","William Hill (New Jersey)","53","-6.5","","","",""
"401309549","Wyoming","45","Ball State","12","Wyoming -7.0","Bovada","53","-7","-6","55","-250","210"
"401309856","San Diego State","33","Utah","31","Utah -8","teamrankings","42.5","8","","","",""
"401309856","San Diego State","33","Utah","31","Utah -7.5","numberfire","44.5","7.5","","","",""
"401309856","San Diego State","33","Utah","31","Utah -8","consensus","43","8","","","",""
"401309856","San Diego State","33","Utah","31","Utah -8","William Hill (New Jersey)","42.5","8","","","",""
"401309856","San Diego State","33","Utah","31","Utah -8.0","Bovada","43","8","7","44.5","275","-350"
"401310704","Air Force","45","Utah State","49","Air Force -9","teamrankings","54","-9","","","",""
"401310704","Air Force","45","Utah State","49","Air Force -8.5","numberfire","51.5","-8.5","","","",""
"401310704","Air Force","45","Utah State","49","Air Force -9","consensus","54.5","-9","","","",""
"401310704","Air Force","45","Utah State","49","Air Force -9","William Hill (New Jersey)","54","-9","","","",""
"401310704","Air Force","45","Utah State","49","Air Force -9.0","Bovada","54","-9","-9","51.5","-360","280"
"401309550","Akron","35","Bryant","14","Akron -14","consensus","49.5","-14","","","",""
"401309550","Akron","35","Bryant","14","Akron -12.5","William Hill (New Jersey)","49.5","-12.5","","","",""
"401309550","Akron","35","Bryant","14","Akron -13.0","Bovada","50","-13","-10.5","50","-415","310"
"401309551","Bowling Green","27","Murray State","10","Murray State -2.5","consensus","44","2.5","","","",""
"401309551","Bowling Green","27","Murray State","10","Murray State -2.5","William Hill (New Jersey)","44","2.5","","","",""
"401309551","Bowling Green","27","Murray State","10","Murray State -2.5","Bovada","45.5","2.5","1","46","110","-130"
"401319455","New Mexico State","43","South Carolina State","35","New Mexico State -3.5","consensus","54.5","-3.5","","","",""
"401319455","New Mexico State","43","South Carolina State","35","New Mexico State -3.5","William Hill (New Jersey)","54","-3.5","","","",""
"401319455","New Mexico State","43","South Carolina State","35","New Mexico State -1.0","Bovada","54.5","-1","-1","55","-115","-105"
"401282208","App State","31","Marshall","30","App State -7","teamrankings","59","-7","","","",""
"401282208","App State","31","Marshall","30","App State -7","consensus","59.5","-7","","","",""
"401282208","App State","31","Marshall","30","App State -7","William Hill (New Jersey)","59","-7","","","",""
"401282208","App State","31","Marshall","30","App State -7.5","Bovada","59.5","-7.5","-7","56.5","-340","270"
"401282638","Virginia","17","Wake Forest","37","Virginia -3.5","teamrankings","71","-3.5","","","",""
"401282638","Virginia","17","Wake Forest","37","Virginia -3.5","consensus","71","-3.5","","","",""
"401282638","Virginia","17","Wake Forest","37","Virginia -3.5","William Hill (New Jersey)","71","-3.5","","","",""
"401282638","Virginia","17","Wake Forest","37","Virginia -3.5","Bovada","70","-3.5","-4","66.5","-175","150"
"401282081","Alabama","63","Southern Miss","14","Alabama -45","teamrankings","57.5","-45","","","",""
"401282081","Alabama","63","Southern Miss","14","Alabama -45","consensus","58.5","-45","","","",""
"401282081","Alabama","63","Southern Miss","14","Alabama -45","William Hill (New Jersey)","57.5","-45","","","",""
"401282081","Alabama","63","Southern Miss","14","Alabama -45.0","Bovada","58","-45","-45","57","",""
"401287908","Oklahoma","16","West Virginia","13","Oklahoma -17.5","teamrankings","56.5","-17.5","","","",""
"401287908","Oklahoma","16","West Virginia","13","Oklahoma -17.5","consensus","56.5","-17.5","","","",""
"401287908","Oklahoma","16","West Virginia","13","Oklahoma -17.5","William Hill (New Jersey)","56.5","-17.5","","","",""
"401287908","Oklahoma","16","West Virginia","13","Oklahoma -17.0","Bovada","56","-17","-15","58.5","-900","575"
"401282082","Arkansas","20","Texas A&M","10","Texas A&M -4.5","teamrankings","47","4.5","","","",""
"401282082","Arkansas","20","Texas A&M","10","Texas A&M -4.5","consensus","47","4.5","","","",""
"401282082","Arkansas","20","Texas A&M","10","Texas A&M -4.5","William Hill (New Jersey)","47","4.5","","","",""
"401282082","Arkansas","20","Texas A&M","10","Texas A&M -4.0","Bovada","47","4","5.5","47.5","165","-195"
"401282084","Florida","38","Tennessee","14","Florida -19","teamrankings","65","-19","","","",""
"401282084","Florida","38","Tennessee","14","Florida -19","consensus","65","-19","","","",""
"401282084","Florida","38","Tennessee","14","Florida -19","William Hill (New Jersey)","64.5","-19","","","",""
"401282084","Florida","38","Tennessee","14","Florida -19.0","Bovada","64.5","-19","-20","60.5","-1300","725"
"401287907","Baylor","31","Iowa State","29","Iowa State -7","William Hill (New Jersey)","46","7","","","",""
"401287907","Baylor","31","Iowa State","29","Iowa State -7","teamrankings","46","7","","","",""
"401287907","Baylor","31","Iowa State","29","Iowa State -7","consensus","46","7","","","",""
"401287907","Baylor","31","Iowa State","29","Iowa State -7.0","Bovada","46.5","7","6.5","48.5","215","-260"
"401282083","Auburn","34","Georgia State","24","Auburn -27.5","teamrankings","57.5","-27.5","","","",""
"401282083","Auburn","34","Georgia State","24","Auburn -27.5","consensus","57","-27.5","","","",""
"401282083","Auburn","34","Georgia State","24","Auburn -27.5","William Hill (New Jersey)","57.5","-27.5","","","",""
"401282083","Auburn","34","Georgia State","24","Auburn -27.5","Bovada","57.5","-27.5","-27","57","-5000","1275"
"401282085","Mississippi State","25","LSU","28","LSU -1.5","teamrankings","54.5","1.5","","","",""
"401282085","Mississippi State","25","LSU","28","LSU -1.5","consensus","55","1.5","","","",""
"401282085","Mississippi State","25","LSU","28","LSU -1.5","William Hill (New Jersey)","55.5","1.5","","","",""
"401282085","Mississippi State","25","LSU","28","LSU -1.0","Bovada","55","1","3","57.5","105","-125"
"401282086","Boston College","41","Missouri","34","Boston College -1","teamrankings","58.5","-1","","","",""
"401282086","Boston College","41","Missouri","34","Boston College -1","consensus","58","-1","","","",""
"401282086","Boston College","41","Missouri","34","Boston College -1","William Hill (New Jersey)","58","-1","","","",""
"401282086","Boston College","41","Missouri","34","Boston College -1.0","Bovada","58","-1","2","59","-105","-115"
"401282087","South Carolina","10","Kentucky","16","Kentucky -4.5","teamrankings","49","4.5","","","",""
"401282087","South Carolina","10","Kentucky","16","Kentucky -4.5","consensus","49","4.5","","","",""
"401282087","South Carolina","10","Kentucky","16","Kentucky -4.5","William Hill (New Jersey)","49","4.5","","","",""
"401282087","South Carolina","10","Kentucky","16","Kentucky -5.0","Bovada","48.5","5","6","49","170","-200"
"401310705","Hawai'i","13","San José State","17","San José State -8","teamrankings","62.5","8","","","",""
"401310705","Hawai'i","13","San José State","17","San José State -6.5","numberfire","60.5","6.5","","","",""
"401310705","Hawai'i","13","San José State","17","San José State -8","consensus","63","8","","","",""
"401310705","Hawai'i","13","San José State","17","San José State -8","William Hill (New Jersey)","63","8","","","",""
"401310705","Hawai'i","13","San José State","17","San José State -7.0","Bovada","62","7","7","59.5","215","-260"
"401282637","Syracuse","24","Liberty","21","Liberty -6.5","teamrankings","54","6.5","","","",""
"401282637","Syracuse","24","Liberty","21","Liberty -6.5","consensus","54","6.5","","","",""
"401282637","Syracuse","24","Liberty","21","Liberty -6.5","William Hill (New Jersey)","54","6.5","","","",""
"401282637","Syracuse","24","Liberty","21","Liberty -7.0","Bovada","54","7","6.5","52.5","210","-250"
"401287925","Iowa State","24","Oklahoma State","21","Iowa State -7.5","teamrankings","47","-7.5","","","",""
"401287925","Iowa State","24","Oklahoma State","21","Iowa State -7","consensus","47","-7","","","",""
"401287925","Iowa State","24","Oklahoma State","21","Iowa State -7","William Hill (New Jersey)","47","-7","","","",""
"401287925","Iowa State","24","Oklahoma State","21","Iowa State -7.0","Bovada","47","-7","-6.5","47","-260","215"
"401309641","Troy","21","Louisiana","35","Louisiana -6.5","teamrankings","48","6.5","","","",""
"401309641","Troy","21","Louisiana","35","Louisiana -6.5","consensus","48","6.5","","","",""
"401309641","Troy","21","Louisiana","35","Louisiana -6.5","William Hill (New Jersey)","48","6.5","","","",""
"401309641","Troy","21","Louisiana","35","Louisiana -6.5","Bovada","48","6.5","7.5","47.5","200","-240"
"401282139","Ole Miss","31","Vanderbilt","17","Ole Miss -35.5","teamrankings","66.5","-35.5","","","",""
"401282139","Ole Miss","31","Vanderbilt","17","Ole Miss -36","consensus","65.5","-36","","","",""
"401282139","Ole Miss","31","Vanderbilt","17","Ole Miss -35.5","William Hill (New Jersey)","65.5","-35.5","","","",""
"401282139","Ole Miss","31","Vanderbilt","17","Ole Miss -36.0","Bovada","65","-36","-37","64","",""
"401282140","Mississippi State","55","Tennessee State","10","Mississippi State -44","consensus","56.5","-44","","","",""
"401282140","Mississippi State","55","Tennessee State","10","Mississippi State -44","William Hill (New Jersey)","56.5","-44","","","",""
"401282140","Mississippi State","55","Tennessee State","10","Mississippi State -44.0","Bovada","56","-44","-44","56","",""
"401282141","Missouri","24","Florida","23","Florida -9.5","teamrankings","69","9.5","","","",""
"401282141","Missouri","24","Florida","23","Florida -9","consensus","69","9","","","",""
"401282141","Missouri","24","Florida","23","Florida -9","William Hill (New Jersey)","68.5","9","","","",""
"401282141","Missouri","24","Florida","23","Florida -9.0","Bovada","69","9","7.5","69.5","260","-320"
"401282142","South Carolina","21","Auburn","17","Auburn -7","teamrankings","45.5","7","","","",""
"401282142","South Carolina","21","Auburn","17","Auburn -7","consensus","45","7","","","",""
"401282142","South Carolina","21","Auburn","17","Auburn -7","William Hill (New Jersey)","45","7","","","",""
"401282142","South Carolina","21","Auburn","17","Auburn -7.5","Bovada","45.5","7.5","10.5","47.5","250","-300"
"401282138","LSU","27","UL Monroe","14","LSU -29","teamrankings","57.5","-29","","","",""
"401282138","LSU","27","UL Monroe","14","LSU -29","consensus","57.5","-29","","","",""
"401282138","LSU","27","UL Monroe","14","LSU -29","William Hill (New Jersey)","57.5","-29","","","",""
"401282138","LSU","27","UL Monroe","14","LSU -29.0","Bovada","57.5","-29","-29","56.5","",""
"401282761","Nebraska","21","Iowa","28","Nebraska -1.5","teamrankings","41","-1.5","","","",""
"401282761","Nebraska","21","Iowa","28","Nebraska -1","consensus","41","-1","","","",""
"401282761","Nebraska","21","Iowa","28","Nebraska -1.5","William Hill (New Jersey)","41","-1.5","","","",""
"401282761","Nebraska","21","Iowa","28","Nebraska -1.0","Bovada","41","-1","-3.5","44.5","-115","-105"
"401309595","Central Michigan","31","Eastern Michigan","10","Central Michigan -8.5","teamrankings","64","-8.5","","","",""
"401309595","Central Michigan","31","Eastern Michigan","10","Central Michigan -8.5","consensus","63.5","-8.5","","","",""
"401309595","Central Michigan","31","Eastern Michigan","10","Central Michigan -8.5","William Hill (New Jersey)","63.5","-8.5","","","",""
"401309595","Central Michigan","31","Eastern Michigan","10","Central Michigan -8.5","Bovada","63.5","-8.5","-8.5","64","-340","270"
"401301050","UCF","17","South Florida","13","UCF -17","teamrankings","62","-17","","","",""
"401301050","UCF","17","South Florida","13","UCF -17","consensus","62","-17","","","",""
"401301050","UCF","17","South Florida","13","UCF -17","William Hill (New Jersey)","62","-17","","","",""
"401301050","UCF","17","South Florida","13","UCF -17.5","Bovada","62","-17.5","-18.5","62","-1100","650"
"401282269","Southern Miss","37","Florida International","17","Southern Miss -14.5","teamrankings","45.5","-14.5","","","",""
"401282269","Southern Miss","37","Florida International","17","Southern Miss -14.5","consensus","46","-14.5","","","",""
"401282269","Southern Miss","37","Florida International","17","Southern Miss -15","William Hill (New Jersey)","46","-15","","","",""
"401282269","Southern Miss","37","Florida International","17","Southern Miss -14.0","Bovada","46","-14","-10","46","-520","375"
"401282272","Marshall","21","Western Kentucky","53","Western Kentucky -1","teamrankings","75.5","1","","","",""
"401282272","Marshall","21","Western Kentucky","53","Marshall -1.5","consensus","75","-1.5","","","",""
"401282272","Marshall","21","Western Kentucky","53","Western Kentucky -0","William Hill (New Jersey)","75","0","","","",""
"401282272","Marshall","21","Western Kentucky","53","Marshall -1.5","Bovada","75","-1.5","-1","75.5","-120","105"
"401282270","Florida Atlantic","17","Middle Tennessee","27","Florida Atlantic -3.5","teamrankings","49.5","-3.5","","","",""
"401282270","Florida Atlantic","17","Middle Tennessee","27","Florida Atlantic -3.5","consensus","49.5","-3.5","","","",""
"401282270","Florida Atlantic","17","Middle Tennessee","27","Florida Atlantic -3.5","William Hill (New Jersey)","49.5","-3.5","","","",""
"401282270","Florida Atlantic","17","Middle Tennessee","27","Florida Atlantic -3.5","Bovada","50","-3.5","-4","49.5","-175","150"
"401287926","Kansas","23","Oklahoma","35","Oklahoma -38","teamrankings","66.5","38","","","",""
"401287926","Kansas","23","Oklahoma","35","Oklahoma -38.5","consensus","66.5","38.5","","","",""
"401287926","Kansas","23","Oklahoma","35","Oklahoma -38.5","William Hill (New Jersey)","66.5","38.5","","","",""
"401287926","Kansas","23","Oklahoma","35","Oklahoma -39.0","Bovada","66.5","39","39","67.5","",""
"401282271","Rice","35","Louisiana Tech","31","Louisiana Tech -3.5","teamrankings","52.5","3.5","","","",""
"401282271","Rice","35","Louisiana Tech","31","Louisiana Tech -4","consensus","52.5","4","","","",""
"401282271","Rice","35","Louisiana Tech","31","Louisiana Tech -4","William Hill (New Jersey)","52.5","4","","","",""
"401282271","Rice","35","Louisiana Tech","31","Louisiana Tech -4.0","Bovada","53","4","3.5","53.5","155","-180"
"401310707","Fresno State","38","UNLV","30","Fresno State -30","teamrankings","59","-30","","","",""
"401310707","Fresno State","38","UNLV","30","Fresno State -30","consensus","59","-30","","","",""
"401310707","Fresno State","38","UNLV","30","Fresno State -30","William Hill (New Jersey)","59","-30","","","",""
"401310707","Fresno State","38","UNLV","30","Fresno State -30.0","Bovada","58.5","-30","-31","57.5","",""
"401310709","San Diego State","48","Towson","21","San Diego State -23","consensus","41","-23","","","",""
"401310709","San Diego State","48","Towson","21","San Diego State -23","William Hill (New Jersey)","41","-23","","","",""
"401310709","San Diego State","48","Towson","21","San Diego State -23.0","Bovada","41","-23","-23","41.5","",""
"401310708","New Mexico State","21","Hawai'i","41","Hawai'i -17","teamrankings","63","17","","","",""
"401310708","New Mexico State","21","Hawai'i","41","Hawai'i -17","consensus","63","17","","","",""
"401310708","New Mexico State","21","Hawai'i","41","Hawai'i -17","William Hill (New Jersey)","63","17","","","",""
"401310708","New Mexico State","21","Hawai'i","41","Hawai'i -17.0","Bovada","63","17","17","57.5","575","-900"
"401282646","Miami","28","Virginia","30","Miami -3.5","teamrankings","63.5","-3.5","","","",""
"401282646","Miami","28","Virginia","30","Miami -3.5","consensus","63.5","-3.5","","","",""
"401282646","Miami","28","Virginia","30","Miami -3.5","William Hill (New Jersey)","63.5","-3.5","","","",""
"401282646","Miami","28","Virginia","30","Miami -3.5","Bovada","64","-3.5","-3","62","-160","135"
"401309912","Utah State","20","BYU","34","BYU -9","teamrankings","66","9","","","",""
"401309912","Utah State","20","BYU","34","BYU -8","consensus","65.5","8","","","",""
"401309912","Utah State","20","BYU","34","BYU -8","William Hill (New Jersey)","65.5","8","","","",""
"401309912","Utah State","20","BYU","34","BYU -9.0","Bovada","66","9","8.5","58","310","-415"
"401301012","Tulsa","10","Houston","45","Tulsa -3","teamrankings","54","-3","","","",""
"401301012","Tulsa","10","Houston","45","Tulsa -3.5","consensus","54","-3.5","","","",""
"401301012","Tulsa","10","Houston","45","Tulsa -3.5","William Hill (New Jersey)","54","-3.5","","","",""
"401301012","Tulsa","10","Houston","45","Tulsa -3.5","Bovada","54","-3.5","-3.5","56","-170","145"
"401282089","Alabama","42","Ole Miss","21","Alabama -15","teamrankings","79.5","-15","","","",""
"401282089","Alabama","42","Ole Miss","21","Alabama -15","consensus","79.5","-15","","","",""
"401282089","Alabama","42","Ole Miss","21","Alabama -15","William Hill (New Jersey)","79.5","-15","","","",""
"401282089","Alabama","42","Ole Miss","21","Alabama -14.5","Bovada","79","-14.5","-14.5","76","-595","415"
"401282090","Georgia","37","Arkansas","0","Georgia -16.5","teamrankings","48","-16.5","","","",""
"401282090","Georgia","37","Arkansas","0","Georgia -16.5","consensus","48.5","-16.5","","","",""
"401282090","Georgia","37","Arkansas","0","Georgia -16.5","William Hill (New Jersey)","48.5","-16.5","","","",""
"401282090","Georgia","37","Arkansas","0","Georgia -16.0","Bovada","48.5","-16","-19.5","48.5","-700","475"
"401282091","Kentucky","20","Florida","13","Florida -7.5","teamrankings","56.5","7.5","","","",""
"401282091","Kentucky","20","Florida","13","Florida -7.5","consensus","56.5","7.5","","","",""
"401282091","Kentucky","20","Florida","13","Florida -7.5","William Hill (New Jersey)","56.5","7.5","","","",""
"401282091","Kentucky","20","Florida","13","Florida -7.5","Bovada","56.5","7.5","8","55","260","-320"
"401282095","Texas A&M","22","Mississippi State","26","Texas A&M -7","teamrankings","45.5","-7","","","",""
"401282095","Texas A&M","22","Mississippi State","26","Texas A&M -7","consensus","45.5","-7","","","",""
"401282095","Texas A&M","22","Mississippi State","26","Texas A&M -7","William Hill (New Jersey)","45.5","-7","","","",""
"401282095","Texas A&M","22","Mississippi State","26","Texas A&M -7.0","Bovada","45.5","-7","-9.5","47","-300","250"
"401282092","LSU","19","Auburn","24","LSU -2.5","teamrankings","57","-2.5","","","",""
"401282092","LSU","19","Auburn","24","LSU -3","consensus","56","-3","","","",""
"401282092","LSU","19","Auburn","24","LSU -3","William Hill (New Jersey)","56","-3","","","",""
"401282092","LSU","19","Auburn","24","LSU -3.0","Bovada","56","-3","-3.5","53.5","-150","130"
"401282093","Missouri","24","Tennessee","62","Missouri -2.5","teamrankings","66.5","-2.5","","","",""
"401282093","Missouri","24","Tennessee","62","Missouri -2.5","consensus","66","-2.5","","","",""
"401282093","Missouri","24","Tennessee","62","Missouri -2.5","William Hill (New Jersey)","66","-2.5","","","",""
"401282093","Missouri","24","Tennessee","62","Missouri -2.5","Bovada","66.5","-2.5","-3","63","-140","120"
"401282094","South Carolina","23","Troy","14","South Carolina -6.5","teamrankings","43","-6.5","","","",""
"401282094","South Carolina","23","Troy","14","South Carolina -6.5","consensus","43.5","-6.5","","","",""
"401282094","South Carolina","23","Troy","14","South Carolina -6.5","William Hill (New Jersey)","43.5","-6.5","","","",""
"401282094","South Carolina","23","Troy","14","South Carolina -6.5","Bovada","43.5","-6.5","-7","44","-260","215"
"401282096","Vanderbilt","30","UConn","28","Vanderbilt -14.5","teamrankings","51.5","-14.5","","","",""
"401282096","Vanderbilt","30","UConn","28","Vanderbilt -14.5","consensus","51","-14.5","","","",""
"401282096","Vanderbilt","30","UConn","28","Vanderbilt -14.5","William Hill (New Jersey)","51","-14.5","","","",""
"401282096","Vanderbilt","30","UConn","28","Vanderbilt -15.0","Bovada","51.5","-15","-14","52","-665","450"
"401308834","Army","23","Miami (OH)","10","Army -7.5","consensus","48.5","-7.5","","","",""
"401308834","Army","23","Miami (OH)","10","Army -7.5","William Hill (New Jersey)","48.5","-7.5","","","",""
"401308834","Army","23","Miami (OH)","10","Army -7.5","teamrankings","49","-7.5","","","",""
"401308834","Army","23","Miami (OH)","10","Army -8.0","Bovada","49","-8","-7.5","52","-320","260"
"401287906","UNLV","3","Iowa State","48","Iowa State -32","teamrankings","53","32","","","",""
"401287906","UNLV","3","Iowa State","48","Iowa State -30.5","numberfire","51.5","30.5","","","",""
"401287906","UNLV","3","Iowa State","48","Iowa State -32","consensus","52.5","32","","","",""
"401287906","UNLV","3","Iowa State","48","Iowa State -32","William Hill (New Jersey)","53","32","","","",""
"401287906","UNLV","3","Iowa State","48","Iowa State -32.5","Bovada","52.5","32.5","30.5","52","",""
"401287905","Kansas State","38","Nevada","17","Nevada -1.5","teamrankings","51.5","1.5","","","",""
"401287905","Kansas State","38","Nevada","17","Nevada -1.5","numberfire","50.5","1.5","","","",""
"401287905","Kansas State","38","Nevada","17","Nevada -1.5","consensus","51.5","1.5","","","",""
"401287905","Kansas State","38","Nevada","17","Nevada -1.5","William Hill (New Jersey)","51","1.5","","","",""
"401287905","Kansas State","38","Nevada","17","Nevada -1.5","Bovada","51","1.5","2.5","49","110","-120"
"401286300","Massachusetts","28","Eastern Michigan","42","Eastern Michigan -22","teamrankings","56.5","22","","","",""
"401286300","Massachusetts","28","Eastern Michigan","42","Eastern Michigan -17.5","numberfire","55.5","17.5","","","",""
"401286300","Massachusetts","28","Eastern Michigan","42","Eastern Michigan -22","consensus","56.5","22","","","",""
"401286300","Massachusetts","28","Eastern Michigan","42","Eastern Michigan -22","William Hill (New Jersey)","56","22","","","",""
"401286300","Massachusetts","28","Eastern Michigan","42","Eastern Michigan -22.0","Bovada","56.5","22","18","55.5","900","-1900"
"401287904","Kansas","7","Baylor","45","Baylor -17","teamrankings","48.5","17","","","",""
"401287904","Kansas","7","Baylor","45","Baylor -17.5","numberfire","49.5","17.5","","","",""
"401287904","Kansas","7","Baylor","45","Baylor -17","consensus","48.5","17","","","",""
"401287904","Kansas","7","Baylor","45","Baylor -17","William Hill (New Jersey)","48.5","17","","","",""
"401287904","Kansas","7","Baylor","45","Baylor -17.5","Bovada","49","17.5","17","49.5","650","-1100"
"401287903","Boise State","20","Oklahoma State","21","Boise State -3.5","teamrankings","58.5","-3.5","","","",""
"401287903","Boise State","20","Oklahoma State","21","Boise State -4.5","numberfire","57.5","-4.5","","","",""
"401287903","Boise State","20","Oklahoma State","21","Boise State -3.5","consensus","58","-3.5","","","",""
"401287903","Boise State","20","Oklahoma State","21","Boise State -3.5","William Hill (New Jersey)","58","-3.5","","","",""
"401287903","Boise State","20","Oklahoma State","21","Boise State -3.5","Bovada","57","-3.5","-4","57.5","-165","140"
"401308843","Miami (OH)","42","Long Island University","7","Miami (OH) -39.5","William Hill (New Jersey)","55.5","-39.5","","","",""
"401308843","Miami (OH)","42","Long Island University","7","Miami (OH) -39.0","Bovada","55.5","-39","-39.5","55","",""
"401301005","Houston","45","Grambling","0","Houston -41","consensus","51.5","-41","","","",""
"401301005","Houston","45","Grambling","0","Houston -41","William Hill (New Jersey)","51.5","-41","","","",""
"401301005","Houston","45","Grambling","0","Houston -40.0","Bovada","51.5","-40","-40","52","",""
"401301006","South Florida","38","Florida A&M","17","South Florida -22.5","consensus","50","-22.5","","","",""
"401301006","South Florida","38","Florida A&M","17","South Florida -22.5","William Hill (New Jersey)","49.5","-22.5","","","",""
"401301006","South Florida","38","Florida A&M","17","South Florida -22.5","Bovada","49.5","-22.5","-22","49","-2000","950"
"401309554","Western Michigan","23","San José State","3","Western Michigan -2.5","teamrankings","61.5","-2.5","","","",""
"401309554","Western Michigan","23","San José State","3","Western Michigan -2.5","consensus","62","-2.5","","","",""
"401309554","Western Michigan","23","San José State","3","Western Michigan -2.5","William Hill (New Jersey)","62","-2.5","","","",""
"401309554","Western Michigan","23","San José State","3","Western Michigan -3.0","Bovada","61.5","-3","-2.5","63","-140","120"
"401309555","Ball State","12","Toledo","22","Toledo -4.5","teamrankings","56.5","4.5","","","",""
"401309555","Ball State","12","Toledo","22","Toledo -4.5","consensus","56.5","4.5","","","",""
"401309555","Ball State","12","Toledo","22","Toledo -4.5","William Hill (New Jersey)","56.5","4.5","","","",""
"401309555","Ball State","12","Toledo","22","Toledo -5.0","Bovada","56.5","5","4","56.5","170","-200"
"401309557","Eastern Michigan","59","Texas State","21","Eastern Michigan -7.5","teamrankings","62","-7.5","","","",""
"401309557","Eastern Michigan","59","Texas State","21","Eastern Michigan -7.5","consensus","62.5","-7.5","","","",""
"401309557","Eastern Michigan","59","Texas State","21","Eastern Michigan -7.5","William Hill (New Jersey)","62.5","-7.5","","","",""
"401309557","Eastern Michigan","59","Texas State","21","Eastern Michigan -7.5","Bovada","62","-7.5","-6","61","-240","200"
"401309556","Northern Illinois","41","Maine","14","Northern Illinois -21.5","consensus","62","-21.5","","","",""
"401309556","Northern Illinois","41","Maine","14","Northern Illinois -21.5","William Hill (New Jersey)","62","-21.5","","","",""
"401309556","Northern Illinois","41","Maine","14","Northern Illinois -21.0","Bovada","62","-21","-21","62","",""
"401301011","Tulsa","41","Arkansas State","34","Tulsa -14.5","teamrankings","65","-14.5","","","",""
"401301011","Tulsa","41","Arkansas State","34","Tulsa -14.5","consensus","65","-14.5","","","",""
"401301011","Tulsa","41","Arkansas State","34","Tulsa -14.5","William Hill (New Jersey)","65","-14.5","","","",""
"401301011","Tulsa","41","Arkansas State","34","Tulsa -14.5","Bovada","64","-14.5","-14","62.5","-665","450"
"401309610","Georgia Southern","20","Louisiana","28","Louisiana -14.5","teamrankings","54.5","14.5","","","",""
"401309610","Georgia Southern","20","Louisiana","28","Louisiana -14.5","consensus","54.5","14.5","","","",""
"401309610","Georgia Southern","20","Louisiana","28","Louisiana -14.5","William Hill (New Jersey)","54.5","14.5","","","",""
"401309610","Georgia Southern","20","Louisiana","28","Louisiana -14.5","Bovada","54","14.5","13.5","53","445","-655"
"401310733","San Diego State","20","Fresno State","30","Fresno State -2","teamrankings","43.5","2","","","",""
"401310733","San Diego State","20","Fresno State","30","Fresno State -2.5","consensus","44.5","2.5","","","",""
"401310733","San Diego State","20","Fresno State","30","Fresno State -2","William Hill (New Jersey)","44","2","","","",""
"401310733","San Diego State","20","Fresno State","30","Fresno State -1.5","Bovada","44.5","1.5","-1","46.5","-105","-120"
"401310732","San José State","27","Wyoming","21","San José State -3","teamrankings","40","-3","","","",""
"401310732","San José State","27","Wyoming","21","San José State -3","consensus","40.5","-3","","","",""
"401310732","San José State","27","Wyoming","21","San José State -3","William Hill (New Jersey)","40.5","-3","","","",""
"401310732","San José State","27","Wyoming","21","San José State -3.0","Bovada","40.5","-3","-3.5","40","-145","125"
"401282633","Syracuse","62","UAlbany","24","Syracuse -21.5","consensus","41","-21.5","","","",""
"401282633","Syracuse","62","UAlbany","24","Syracuse -21.5","William Hill (New Jersey)","41","-21.5","","","",""
"401282633","Syracuse","62","UAlbany","24","Syracuse -22.0","Bovada","41","-22","-22","41.5","-2200","1000"
"401282823","Rutgers","45","Delaware","13","Rutgers -20","consensus","45","-20","","","",""
"401282823","Rutgers","45","Delaware","13","Rutgers -19.5","Caesars Sportsbook (Colorado)","45","-19.5","","","",""
"401282823","Rutgers","45","Delaware","13","Rutgers -20.0","Bovada","45","-20","-21.5","46","-1600","800"
"401282630","NC State","45","Furman","7","NC State -27.5","consensus","45","-27.5","","","",""
"401282630","NC State","45","Furman","7","NC State -27.5","William Hill (New Jersey)","45","-27.5","","","",""
"401282630","NC State","45","Furman","7","NC State -27.5","Bovada","45","-27.5","-27.5","43","",""
"401282715","Illinois","17","Maryland","20","Maryland -7","teamrankings","61.5","7","","","",""
"401282715","Illinois","17","Maryland","20","Maryland -7.5","numberfire","59.5","7.5","","","",""
"401282715","Illinois","17","Maryland","20","Maryland -7","consensus","61.5","7","","","",""
"401282715","Illinois","17","Maryland","20","Maryland -7","William Hill (New Jersey)","61.5","7","","","",""
"401282715","Illinois","17","Maryland","20","Maryland -7.5","Bovada","61.5","7.5","7.5","59.5","230","-280"
"401282798","Oklahoma","23","Nebraska","16","Oklahoma -22.5","teamrankings","62.5","-22.5","","","",""
"401282798","Oklahoma","23","Nebraska","16","Oklahoma -22.5","numberfire","61.5","-22.5","","","",""
"401282798","Oklahoma","23","Nebraska","16","Oklahoma -22.5","consensus","62.5","-22.5","","","",""
"401282798","Oklahoma","23","Nebraska","16","Oklahoma -22.5","William Hill (New Jersey)","63","-22.5","","","",""
"401282798","Oklahoma","23","Nebraska","16","Oklahoma -23.0","Bovada","63","-23","-22","61.5","-2000","950"
"401282755","Iowa","30","Kent State","7","Iowa -22","teamrankings","55.5","-22","","","",""
"401282755","Iowa","30","Kent State","7","Iowa -22.5","numberfire","54.5","-22.5","","","",""
"401282755","Iowa","30","Kent State","7","Iowa -22.5","consensus","55.5","-22.5","","","",""
"401282755","Iowa","30","Kent State","7","Iowa -22.5","William Hill (New Jersey)","55.5","-22.5","","","",""
"401282755","Iowa","30","Kent State","7","Iowa -23.0","Bovada","55.5","-23","-22","54.5","-2000","950"
"401282627","Clemson","14","Georgia Tech","8","Clemson -27.5","teamrankings","52.5","-27.5","","","",""
"401282627","Clemson","14","Georgia Tech","8","Clemson -28.5","numberfire","50.5","-28.5","","","",""
"401282627","Clemson","14","Georgia Tech","8","Clemson -27.5","consensus","52.5","-27.5","","","",""
"401282627","Clemson","14","Georgia Tech","8","Clemson -27.5","William Hill (New Jersey)","52.5","-27.5","","","",""
"401282627","Clemson","14","Georgia Tech","8","Clemson -28.0","Bovada","52.5","-28","-29","51","-6500","1325"
"401282725","Indiana","24","Cincinnati","38","Cincinnati -4","teamrankings","50","4","","","",""
"401282725","Indiana","24","Cincinnati","38","Cincinnati -4","consensus","49.5","4","","","",""
"401282725","Indiana","24","Cincinnati","38","Cincinnati -4","William Hill (New Jersey)","50","4","","","",""
"401282725","Indiana","24","Cincinnati","38","Cincinnati -4.0","Bovada","50","4","3","50.5","150","-175"
"401282810","Ohio State","41","Tulsa","20","Ohio State -24.5","teamrankings","60.5","-24.5","","","",""
"401282810","Ohio State","41","Tulsa","20","Ohio State -26.5","numberfire","61.5","-26.5","","","",""
"401282810","Ohio State","41","Tulsa","20","Ohio State -24.5","consensus","60.5","-24.5","","","",""
"401282810","Ohio State","41","Tulsa","20","Ohio State -24.5","William Hill (New Jersey)","60.5","-24.5","","","",""
"401282810","Ohio State","41","Tulsa","20","Ohio State -25.5","Bovada","60.5","-25.5","-25","61","-3500","1175"
"401282706","Notre Dame","27","Purdue","13","Notre Dame -7.5","teamrankings","58","-7.5","","","",""
"401282706","Notre Dame","27","Purdue","13","Notre Dame -7.5","numberfire","58.5","-7.5","","","",""
"401282706","Notre Dame","27","Purdue","13","Notre Dame -7.5","consensus","58.5","-7.5","","","",""
"401282706","Notre Dame","27","Purdue","13","Notre Dame -7.5","William Hill (New Jersey)","58","-7.5","","","",""
"401282706","Notre Dame","27","Purdue","13","Notre Dame -7.5","Bovada","58.5","-7.5","-7","58.5","-280","230"
"401282636","West Virginia","27","Virginia Tech","21","West Virginia -2","teamrankings","49.5","-2","","","",""
"401282636","West Virginia","27","Virginia Tech","21","West Virginia -2.5","numberfire","50.5","-2.5","","","",""
"401282636","West Virginia","27","Virginia Tech","21","West Virginia -2","consensus","49.5","-2","","","",""
"401282636","West Virginia","27","Virginia Tech","21","West Virginia -2","William Hill (New Jersey)","49.5","-2","","","",""
"401282636","West Virginia","27","Virginia Tech","21","West Virginia -2.0","Bovada","49.5","-2","-3","50.5","-130","110"
"401282631","North Carolina","59","Virginia","39","North Carolina -7.5","teamrankings","67","-7.5","","","",""
"401282631","North Carolina","59","Virginia","39","North Carolina -8.5","numberfire","64.5","-8.5","","","",""
"401282631","North Carolina","59","Virginia","39","North Carolina -7.5","consensus","66.5","-7.5","","","",""
"401282631","North Carolina","59","Virginia","39","North Carolina -7.5","William Hill (New Jersey)","66.5","-7.5","","","",""
"401282631","North Carolina","59","Virginia","39","North Carolina -7.5","Bovada","66.5","-7.5","-9","64.5","-310","255"
"401282629","Miami","17","Michigan State","38","Miami -7","teamrankings","57.5","-7","","","",""
"401282629","Miami","17","Michigan State","38","Miami -7","consensus","57.5","-7","","","",""
"401282629","Miami","17","Michigan State","38","Miami -7","William Hill (New Jersey)","57.5","-7","","","",""
"401282629","Miami","17","Michigan State","38","Miami -7.0","Bovada","58","-7","-6.5","54.5","-240","200"
"401282774","Michigan","63","Northern Illinois","10","Michigan -27.5","teamrankings","55","-27.5","","","",""
"401282774","Michigan","63","Northern Illinois","10","Michigan -26.5","numberfire","54.5","-26.5","","","",""
"401282774","Michigan","63","Northern Illinois","10","Michigan -27.5","consensus","55","-27.5","","","",""
"401282774","Michigan","63","Northern Illinois","10","Michigan -27.5","William Hill (New Jersey)","55","-27.5","","","",""
"401282774","Michigan","63","Northern Illinois","10","Michigan -27.5","Bovada","54.5","-27.5","-27","54.5","-5500","1300"
"401282632","Pittsburgh","41","Western Michigan","44","Pittsburgh -14","teamrankings","59","-14","","","",""
"401282632","Pittsburgh","41","Western Michigan","44","Pittsburgh -15.5","numberfire","61.5","-15.5","","","",""
"401282632","Pittsburgh","41","Western Michigan","44","Pittsburgh -14.5","consensus","58.5","-14.5","","","",""
"401282632","Pittsburgh","41","Western Michigan","44","Pittsburgh -14.5","William Hill (New Jersey)","58.5","-14.5","","","",""
"401282632","Pittsburgh","41","Western Michigan","44","Pittsburgh -14.5","Bovada","58.5","-14.5","-15","60.5","-655","445"
"401282634","Temple","3","Boston College","28","Boston College -15","teamrankings","55.5","15","","","",""
"401282634","Temple","3","Boston College","28","Boston College -15.5","numberfire","58.5","15.5","","","",""
"401282634","Temple","3","Boston College","28","Boston College -15","consensus","55.5","15","","","",""
"401282634","Temple","3","Boston College","28","Boston College -15","William Hill (New Jersey)","55.5","15","","","",""
"401282634","Temple","3","Boston College","28","Boston College -15.0","Bovada","55.5","15","16.5","60","475","-700"
"401282791","Colorado","0","Minnesota","30","Colorado -2.5","teamrankings","49","-2.5","","","",""
"401282791","Colorado","0","Minnesota","30","Colorado -2.5","numberfire","50.5","-2.5","","","",""
"401282791","Colorado","0","Minnesota","30","Colorado -2.5","consensus","49","-2.5","","","",""
"401282791","Colorado","0","Minnesota","30","Colorado -2.5","William Hill (New Jersey)","49","-2.5","","","",""
"401282791","Colorado","0","Minnesota","30","Colorado -2.5","Bovada","48","-2.5","-1.5","50","-140","120"
"401282199","Louisiana Tech","37","SMU","39","SMU -11","teamrankings","65","11","","","",""
"401282199","Louisiana Tech","37","SMU","39","SMU -12.5","numberfire","66.5","12.5","","","",""
"401282199","Louisiana Tech","37","SMU","39","SMU -11","consensus","65.5","11","","","",""
"401282199","Louisiana Tech","37","SMU","39","SMU -11","William Hill (New Jersey)","65.5","11","","","",""
"401282199","Louisiana Tech","37","SMU","39","SMU -11.0","Bovada","65.5","11","13.5","65.5","325","-435"
"401282635","Wake Forest","35","Florida State","14","Wake Forest -4.5","teamrankings","63","-4.5","","","",""
"401282635","Wake Forest","35","Florida State","14","Wake Forest -5.5","numberfire","61.5","-5.5","","","",""
"401282635","Wake Forest","35","Florida State","14","Wake Forest -4.5","consensus","62.5","-4.5","","","",""
"401282635","Wake Forest","35","Florida State","14","Wake Forest -4.5","William Hill (New Jersey)","62.5","-4.5","","","",""
"401282635","Wake Forest","35","Florida State","14","Wake Forest -4.5","Bovada","62.5","-4.5","-6.5","61.5","-195","165"
"401282628","Duke","30","Northwestern","23","Northwestern -2.5","teamrankings","50","2.5","","","",""
"401282628","Duke","30","Northwestern","23","Northwestern -2.5","numberfire","49.5","2.5","","","",""
"401282628","Duke","30","Northwestern","23","Northwestern -2.5","consensus","50","2.5","","","",""
"401282628","Duke","30","Northwestern","23","Northwestern -2.5","William Hill (New Jersey)","50","2.5","","","",""
"401282628","Duke","30","Northwestern","23","Northwestern -2.5","Bovada","49.5","2.5","3","50","115","-135"
"401282200","Marshall","38","East Carolina","42","Marshall -11","teamrankings","58.5","-11","","","",""
"401282200","Marshall","38","East Carolina","42","Marshall -9.5","numberfire","55.5","-9.5","","","",""
"401282200","Marshall","38","East Carolina","42","Marshall -10","consensus","58.5","-10","","","",""
"401282200","Marshall","38","East Carolina","42","Marshall -10","William Hill (New Jersey)","58","-10","","","",""
"401282200","Marshall","38","East Carolina","42","Marshall -10.0","Bovada","58.5","-10","-9.5","53.5","-380","290"
"401282201","Liberty","45","Old Dominion","17","Liberty -26.5","teamrankings","53.5","-26.5","","","",""
"401282201","Liberty","45","Old Dominion","17","Liberty -27.5","numberfire","54.5","-27.5","","","",""
"401282201","Liberty","45","Old Dominion","17","Liberty -27.5","consensus","52.5","-27.5","","","",""
"401282201","Liberty","45","Old Dominion","17","Liberty -27.5","William Hill (New Jersey)","53","-27.5","","","",""
"401282201","Liberty","45","Old Dominion","17","Liberty -27.5","Bovada","53","-27.5","-26","54","-5000","1275"
"401282203","Southern Miss","9","Troy","21","Troy -11","teamrankings","49","11","","","",""
"401282203","Southern Miss","9","Troy","21","Troy -10.5","numberfire","51.5","10.5","","","",""
"401282203","Southern Miss","9","Troy","21","Troy -11","consensus","49.5","11","","","",""
"401282203","Southern Miss","9","Troy","21","Troy -11","William Hill (New Jersey)","49.5","11","","","",""
"401282203","Southern Miss","9","Troy","21","Troy -11.0","Bovada","50","11","8","51.5","315","-420"
"401309547","Northern Illinois","43","Wyoming","50","Wyoming -7","teamrankings","44","7","","","",""
"401309547","Northern Illinois","43","Wyoming","50","Wyoming -6.5","numberfire","44.5","6.5","","","",""
"401309547","Northern Illinois","43","Wyoming","50","Wyoming -7","consensus","44.5","7","","","",""
"401309547","Northern Illinois","43","Wyoming","50","Wyoming -7","William Hill (New Jersey)","44.5","7","","","",""
"401309547","Northern Illinois","43","Wyoming","50","Wyoming -7.0","Bovada","44","7","5.5","46","210","-250"
"401309753","Ohio","26","Duquesne","28","Ohio -28.5","consensus","49","-28.5","","","",""
"401309753","Ohio","26","Duquesne","28","Ohio -28.5","William Hill (New Jersey)","48.5","-28.5","","","",""
"401309753","Ohio","26","Duquesne","28","Ohio -29.0","Bovada","49","-29","-28.5","49.5","",""
"401309548","Central Michigan","45","Robert Morris","0","Central Michigan -37.5","consensus","53.5","-37.5","","","",""
"401309548","Central Michigan","45","Robert Morris","0","Central Michigan -37","William Hill (New Jersey)","53.5","-37","","","",""
"401309548","Central Michigan","45","Robert Morris","0","Central Michigan -37.5","Bovada","53.5","-37.5","-37.5","53.5","",""
"401301004","Navy","3","Air Force","23","Air Force -6","teamrankings","40","6","","","",""
"401301004","Navy","3","Air Force","23","Air Force -6.5","numberfire","39.5","6.5","","","",""
"401301004","Navy","3","Air Force","23","Air Force -6","consensus","39.5","6","","","",""
"401301004","Navy","3","Air Force","23","Air Force -6","William Hill (New Jersey)","39.5","6","","","",""
"401301004","Navy","3","Air Force","23","Air Force -6.0","Bovada","40","6","6.5","43.5","195","-235"
"401309546","Bowling Green","19","South Alabama","22","South Alabama -14.5","teamrankings","48","14.5","","","",""
"401309546","Bowling Green","19","South Alabama","22","South Alabama -14.5","numberfire","48.5","14.5","","","",""
"401309546","Bowling Green","19","South Alabama","22","South Alabama -14.5","consensus","48","14.5","","","",""
"401309546","Bowling Green","19","South Alabama","22","South Alabama -14.5","William Hill (New Jersey)","48","14.5","","","",""
"401309546","Bowling Green","19","South Alabama","22","South Alabama -14.0","Bovada","47.5","14","15.5","51","430","-625"
"401309544","Western Michigan","28","Illinois State","0","Western Michigan -12.5","consensus","56.5","-12.5","","","",""
"401309544","Western Michigan","28","Illinois State","0","Western Michigan -12.5","William Hill (New Jersey)","56.5","-12.5","","","",""
"401309544","Western Michigan","28","Illinois State","0","Western Michigan -12.0","Bovada","56.5","-12","-11","56.5","",""
"401309545","Kent State","60","VMI","10","Kent State -20","consensus","72.5","-20","","","",""
"401309545","Kent State","60","VMI","10","Kent State -20","William Hill (New Jersey)","72.5","-20","","","",""
"401309545","Kent State","60","VMI","10","Kent State -19.0","Bovada","73","-19","-17.5","69.5","",""
"401309603","Louisiana","27","Nicholls","24","Louisiana -26","William Hill (New Jersey)","65","-26","","","",""
"401309603","Louisiana","27","Nicholls","24","","Bovada","65","","","65","",""
"401282202","Texas","58","Rice","0","Texas -26","teamrankings","52","-26","","","",""
"401282202","Texas","58","Rice","0","Texas -25.5","numberfire","53.5","-25.5","","","",""
"401282202","Texas","58","Rice","0","Texas -26","consensus","51.5","-26","","","",""
"401282202","Texas","58","Rice","0","Texas -26","William Hill (New Jersey)","52","-26","","","",""
"401282202","Texas","58","Rice","0","Texas -26.5","Bovada","51.5","-26.5","-25","52.5","-3200","1150"
"401287896","Coastal Carolina","49","Kansas","22","Coastal Carolina -26.5","teamrankings","52","-26.5","","","",""
"401287896","Coastal Carolina","49","Kansas","22","Coastal Carolina -26.5","numberfire","52.5","-26.5","","","",""
"401287896","Coastal Carolina","49","Kansas","22","Coastal Carolina -27","consensus","52","-27","","","",""
"401287896","Coastal Carolina","49","Kansas","22","Coastal Carolina -27","William Hill (New Jersey)","52","-27","","","",""
"401287896","Coastal Carolina","49","Kansas","22","Coastal Carolina -27.0","Bovada","53","-27","-27","53","-4500","1250"
"401282616","Duke","45","North Carolina A&T","17","Duke -22.5","consensus","55.5","-22.5","","","",""
"401282616","Duke","45","North Carolina A&T","17","Duke -22.5","William Hill (New Jersey)","56","-22.5","","","",""
"401282616","Duke","45","North Carolina A&T","17","Duke -23.0","Bovada","56","-23","-21","55.5","-1700","850"
"401282759","Maryland","14","Iowa","51","Iowa -3","teamrankings","47.5","3","","","",""
"401282759","Maryland","14","Iowa","51","Iowa -3","consensus","47.5","3","","","",""
"401282759","Maryland","14","Iowa","51","Iowa -3","William Hill (New Jersey)","47.5","3","","","",""
"401282759","Maryland","14","Iowa","51","Iowa -3.0","Bovada","47.5","3","4","45.5","140","-165"
"401282729","Penn State","24","Indiana","0","Penn State -12","teamrankings","54.5","-12","","","",""
"401282729","Penn State","24","Indiana","0","Penn State -12.5","consensus","54","-12.5","","","",""
"401282729","Penn State","24","Indiana","0","Penn State -12","William Hill (New Jersey)","54","-12","","","",""
"401282729","Penn State","24","Indiana","0","Penn State -12.5","Bovada","53.5","-12.5","-11.5","51.5","-520","375"
"401282708","Notre Dame","13","Cincinnati","24","Cincinnati -2.5","teamrankings","50","2.5","","","",""
"401282708","Notre Dame","13","Cincinnati","24","Cincinnati -2","consensus","50","2","","","",""
"401282708","Notre Dame","13","Cincinnati","24","Cincinnati -2","William Hill (New Jersey)","50","2","","","",""
"401282708","Notre Dame","13","Cincinnati","24","Cincinnati -2.0","Bovada","50.5","2","2","51","105","-120"
"401282776","Wisconsin","17","Michigan","38","Wisconsin -2","teamrankings","43.5","-2","","","",""
"401282776","Wisconsin","17","Michigan","38","Wisconsin -2.5","consensus","43.5","-2.5","","","",""
"401282776","Wisconsin","17","Michigan","38","Wisconsin -2","William Hill (New Jersey)","43.5","-2","","","",""
"401282776","Wisconsin","17","Michigan","38","Wisconsin -1.5","Bovada","43.5","-1.5","1","43.5","-125","105"
"401282651","Wake Forest","37","Louisville","34","Wake Forest -7","teamrankings","64.5","-7","","","",""
"401282651","Wake Forest","37","Louisville","34","Wake Forest -7","consensus","64.5","-7","","","",""
"401282651","Wake Forest","37","Louisville","34","Wake Forest -7","William Hill (New Jersey)","64.5","-7","","","",""
"401282651","Wake Forest","37","Louisville","34","Wake Forest -7.0","Bovada","64","-7","-7","60.5","-280","230"
"401282793","Purdue","13","Minnesota","20","Purdue -2","teamrankings","46","-2","","","",""
"401282793","Purdue","13","Minnesota","20","Purdue -2.5","consensus","46","-2.5","","","",""
"401282793","Purdue","13","Minnesota","20","Purdue -2.5","William Hill (New Jersey)","46","-2.5","","","",""
"401282793","Purdue","13","Minnesota","20","Purdue -2.5","Bovada","46.5","-2.5","-2","47.5","-130","110"
"401282758","Iowa","23","Penn State","20","Iowa -2.5","teamrankings","41","-2.5","","","",""
"401282758","Iowa","23","Penn State","20","Iowa -2.5","consensus","41","-2.5","","","",""
"401282758","Iowa","23","Penn State","20","Iowa -2.5","William Hill (New Jersey)","41","-2.5","","","",""
"401282758","Iowa","23","Penn State","20","Iowa -2.5","Bovada","41","-2.5","-3","42.5","-130","110"
"401282769","Ohio State","66","Maryland","17","Ohio State -22","teamrankings","71.5","-22","","","",""
"401282769","Ohio State","66","Maryland","17","Ohio State -21.5","consensus","71.5","-21.5","","","",""
"401282769","Ohio State","66","Maryland","17","Ohio State -21.5","William Hill (New Jersey)","71.5","-21.5","","","",""
"401282769","Ohio State","66","Maryland","17","Ohio State -22.0","Bovada","71.5","-22","-20","68","-1600","800"
"401282778","Nebraska","29","Michigan","32","Michigan -2.5","teamrankings","50.5","2.5","","","",""
"401282778","Nebraska","29","Michigan","32","Michigan -2.5","consensus","50","2.5","","","",""
"401282778","Nebraska","29","Michigan","32","Michigan -2.5","William Hill (New Jersey)","50","2.5","","","",""
"401282778","Nebraska","29","Michigan","32","Michigan -3.0","Bovada","49.5","3","3","52","125","-145"
"401282788","Rutgers","13","Michigan State","31","Michigan State -4","teamrankings","50","4","","","",""
"401282788","Rutgers","13","Michigan State","31","Michigan State -4","consensus","49.5","4","","","",""
"401282788","Rutgers","13","Michigan State","31","Michigan State -4","Caesars (Pennsylvania)","50","4","","","",""
"401282788","Rutgers","13","Michigan State","31","Michigan State -4.5","Bovada","50","4.5","5","50","165","-195"
"401287917","Baylor","45","West Virginia","20","Baylor -1","teamrankings","45","-1","","","",""
"401287917","Baylor","45","West Virginia","20","Baylor -1","consensus","45","-1","","","",""
"401287917","Baylor","45","West Virginia","20","Baylor -1","William Hill (New Jersey)","45","-1","","","",""
"401287917","Baylor","45","West Virginia","20","Baylor -1.0","Bovada","45","-1","-3","44.5","-140","120"
"401282718","Illinois","0","Wisconsin","24","Wisconsin -12.5","teamrankings","42","12.5","","","",""
"401282718","Illinois","0","Wisconsin","24","Wisconsin -12","consensus","42","12","","","",""
"401282718","Illinois","0","Wisconsin","24","Wisconsin -12","William Hill (New Jersey)","42","12","","","",""
"401282718","Illinois","0","Wisconsin","24","Wisconsin -12.0","Bovada","42","12","9","43","315","-420"
"401286191","Massachusetts","27","UConn","13","UConn -3","teamrankings","57","3","","","",""
"401286191","Massachusetts","27","UConn","13","UConn -3","consensus","57","3","","","",""
"401286191","Massachusetts","27","UConn","13","UConn -3","William Hill (New Jersey)","57","3","","","",""
"401286191","Massachusetts","27","UConn","13","UConn -3.0","Bovada","57","3","2","55","135","-160"
"401301010","Temple","41","Wagner","7","Temple -36.5","consensus","54.5","-36.5","","","",""
"401301010","Temple","41","Wagner","7","Temple -36.5","William Hill (New Jersey)","54.5","-36.5","","","",""
"401301010","Temple","41","Wagner","7","Temple -36.5","Bovada","55.5","-36.5","-35","56","",""
"401282060","Georgia","56","UAB","7","Georgia -22.5","teamrankings","44","-22.5","","","",""
"401282060","Georgia","56","UAB","7","Georgia -23.5","numberfire","43.5","-23.5","","","",""
"401282060","Georgia","56","UAB","7","Georgia -22.5","consensus","44","-22.5","","","",""
"401282060","Georgia","56","UAB","7","Georgia -22.5","William Hill (New Jersey)","44","-22.5","","","",""
"401282060","Georgia","56","UAB","7","Georgia -22.5","Bovada","44","-22.5","-27","44.5","-2300","1025"
"401282620","Miami","25","App State","23","Miami -7.5","teamrankings","55","-7.5","","","",""
"401282620","Miami","25","App State","23","Miami -7.5","numberfire","54.5","-7.5","","","",""
"401282620","Miami","25","App State","23","Miami -7.5","consensus","54.5","-7.5","","","",""
"401282620","Miami","25","App State","23","Miami -7.5","William Hill (New Jersey)","55","-7.5","","","",""
"401282620","Miami","25","App State","23","Miami -8.0","Bovada","54.5","-8","-8","54","-330","265"
"401282066","Tennessee","34","Pittsburgh","41","Pittsburgh -3.5","teamrankings","56","3.5","","","",""
"401282066","Tennessee","34","Pittsburgh","41","Pittsburgh -3.5","numberfire","55.5","3.5","","","",""
"401282066","Tennessee","34","Pittsburgh","41","Pittsburgh -3.5","consensus","56","3.5","","","",""
"401282066","Tennessee","34","Pittsburgh","41","Pittsburgh -3.5","William Hill (New Jersey)","56","3.5","","","",""
"401282066","Tennessee","34","Pittsburgh","41","Pittsburgh -4.0","Bovada","56","4","2.5","53","140","-165"
"401282181","Charlotte","38","Gardner-Webb","10","Charlotte -23","William Hill (New Jersey)","58","-23","","","",""
"401282064","Mississippi State","24","NC State","10","NC State -1.5","teamrankings","55","1.5","","","",""
"401282064","Mississippi State","24","NC State","10","NC State -1.5","numberfire","55.5","1.5","","","",""
"401282064","Mississippi State","24","NC State","10","NC State -1.5","consensus","55.5","1.5","","","",""
"401282064","Mississippi State","24","NC State","10","NC State -1.5","William Hill (New Jersey)","55.5","1.5","","","",""
"401282064","Mississippi State","24","NC State","10","NC State -1.0","Bovada","55.5","1","2","55.5","125","-120"
"401282061","Kentucky","35","Missouri","28","Kentucky -5.5","teamrankings","56.5","-5.5","","","",""
"401282061","Kentucky","35","Missouri","28","Kentucky -5.5","numberfire","56.5","-5.5","","","",""
"401282061","Kentucky","35","Missouri","28","Kentucky -5.5","consensus","56.5","-5.5","","","",""
"401282061","Kentucky","35","Missouri","28","Kentucky -5.5","William Hill (New Jersey)","56.5","-5.5","","","",""
"401282061","Kentucky","35","Missouri","28","Kentucky -5.5","Bovada","57","-5.5","-6","53","-210","175"
"401282062","LSU","34","McNeese","7","LSU -39","consensus","66","-39","","","",""
"401282062","LSU","34","McNeese","7","LSU -39","William Hill (New Jersey)","66","-39","","","",""
"401282062","LSU","34","McNeese","7","LSU -39.0","Bovada","66","-39","-39","67","",""
"401282617","Florida State","17","Jacksonville State","20","Florida State -27.5","consensus","56.5","-27.5","","","",""
"401282617","Florida State","17","Jacksonville State","20","Florida State -27.5","William Hill (New Jersey)","56.5","-27.5","","","",""
"401282617","Florida State","17","Jacksonville State","20","Florida State -27.0","Bovada","56.5","-27","-26.5","56.5","",""
"401282251","Western Kentucky","48","Middle Tennessee","21","Western Kentucky -17.5","teamrankings","66.5","-17.5","","","",""
"401282251","Western Kentucky","48","Middle Tennessee","21","Western Kentucky -17.5","consensus","66.5","-17.5","","","",""
"401282251","Western Kentucky","48","Middle Tennessee","21","Western Kentucky -17.5","William Hill (New Jersey)","66.5","-17.5","","","",""
"401282251","Western Kentucky","48","Middle Tennessee","21","Western Kentucky -18.0","Bovada","67","-18","-15","68","-900","575"
"401310746","San Diego State","23","Nevada","21","San Diego State -2.5","teamrankings","45","-2.5","","","",""
"401310746","San Diego State","23","Nevada","21","San Diego State -2.5","consensus","45","-2.5","","","",""
"401310746","San Diego State","23","Nevada","21","San Diego State -2.5","William Hill (New Jersey)","45","-2.5","","","",""
"401310746","San Diego State","23","Nevada","21","San Diego State -3.0","Bovada","45","-3","","46","-150","130"
"401301051","East Carolina","13","Cincinnati","35","Cincinnati -14.5","teamrankings","56.5","14.5","","","",""
"401301051","East Carolina","13","Cincinnati","35","Cincinnati -14.5","consensus","56.5","14.5","","","",""
"401301051","East Carolina","13","Cincinnati","35","Cincinnati -14.5","William Hill (New Jersey)","56.5","14.5","","","",""
"401301051","East Carolina","13","Cincinnati","35","Cincinnati -14.0","Bovada","56.5","14","14","58","410","-585"
"401287952","Texas","22","Kansas State","17","Texas -3","teamrankings","54.5","-3","","","",""
"401287952","Texas","22","Kansas State","17","Texas -2.5","consensus","54.5","-2.5","","","",""
"401287952","Texas","22","Kansas State","17","Texas -3","William Hill (New Jersey)","54.5","-3","","","",""
"401287952","Texas","22","Kansas State","17","Texas -3.0","Bovada","54.5","-3","-2","52","-145","125"
"401301052","UConn","17","Houston","45","Houston -32","teamrankings","54.5","32","","","",""
"401301052","UConn","17","Houston","45","Houston -32","consensus","54.5","32","","","",""
"401301052","UConn","17","Houston","45","Houston -32","William Hill (New Jersey)","54.5","32","","","",""
"401301052","UConn","17","Houston","45","Houston -32.5","Bovada","54.5","32.5","32.5","57.5","",""
"401301053","Memphis","33","Tulane","28","Memphis -5.5","teamrankings","58","-5.5","","","",""
"401301053","Memphis","33","Tulane","28","Memphis -5.5","consensus","58","-5.5","","","",""
"401301053","Memphis","33","Tulane","28","Memphis -5.5","William Hill (New Jersey)","58","-5.5","","","",""
"401301053","Memphis","33","Tulane","28","Memphis -6.0","Bovada","58","-6","-5.5","57.5","-225","185"
"401282068","Colorado State","21","Vanderbilt","24","Colorado State -6.5","teamrankings","52.5","-6.5","","","",""
"401282068","Colorado State","21","Vanderbilt","24","Colorado State -6.5","numberfire","51.5","-6.5","","","",""
"401282068","Colorado State","21","Vanderbilt","24","Colorado State -6.5","consensus","52","-6.5","","","",""
"401282068","Colorado State","21","Vanderbilt","24","Colorado State -6.5","William Hill (New Jersey)","52","-6.5","","","",""
"401282068","Colorado State","21","Vanderbilt","24","Colorado State -7.0","Bovada","51.5","-7","-5.5","48.5","-270","220"
"401282809","Ohio State","28","Oregon","35","Ohio State -14.5","teamrankings","65","-14.5","","","",""
"401282809","Ohio State","28","Oregon","35","Ohio State -14.5","numberfire","63.5","-14.5","","","",""
"401282809","Ohio State","28","Oregon","35","Ohio State -15","consensus","65","-15","","","",""
"401282809","Ohio State","28","Oregon","35","Ohio State -14.5","William Hill (New Jersey)","65","-14.5","","","",""
"401282809","Ohio State","28","Oregon","35","Ohio State -14.5","Bovada","65","-14.5","-14","63.5","-700","450"
"401287898","Oklahoma","76","Western Carolina","0","Oklahoma -52.5","consensus","66","-52.5","","","",""
"401287898","Oklahoma","76","Western Carolina","0","Oklahoma -52.5","William Hill (New Jersey)","66","-52.5","","","",""
"401287898","Oklahoma","76","Western Carolina","0","Oklahoma -50.5","Bovada","65","-50.5","-50.5","65","",""
"401301002","Cincinnati","42","Murray State","7","Cincinnati -36.5","consensus","51.5","-36.5","","","",""
"401301002","Cincinnati","42","Murray State","7","Cincinnati -36.5","William Hill (New Jersey)","51.5","-36.5","","","",""
"401301002","Cincinnati","42","Murray State","7","Cincinnati -36.5","Bovada","51.5","-36.5","-36.5","51.5","",""
"401282705","Notre Dame","32","Toledo","29","Notre Dame -16.5","teamrankings","55","-16.5","","","",""
"401282705","Notre Dame","32","Toledo","29","Notre Dame -16.5","numberfire","55.5","-16.5","","","",""
"401282705","Notre Dame","32","Toledo","29","Notre Dame -16.5","consensus","55.5","-16.5","","","",""
"401282705","Notre Dame","32","Toledo","29","Notre Dame -16.5","William Hill (New Jersey)","55.5","-16.5","","","",""
"401282705","Notre Dame","32","Toledo","29","Notre Dame -17.0","Bovada","56","-17","-18.5","53","-900","550"
"401282754","Iowa State","17","Iowa","27","Iowa State -4","teamrankings","45","-4","","","",""
"401282754","Iowa State","17","Iowa","27","Iowa State -4.5","numberfire","45.5","-4.5","","","",""
"401282754","Iowa State","17","Iowa","27","Iowa State -4","consensus","45","-4","","","",""
"401282754","Iowa State","17","Iowa","27","Iowa State -4","William Hill (New Jersey)","45","-4","","","",""
"401282754","Iowa State","17","Iowa","27","Iowa State -4.5","Bovada","46","-4.5","-3.5","44.5","-185","160"
"401282816","Penn State","44","Ball State","13","Penn State -23","teamrankings","58","-23","","","",""
"401282816","Penn State","44","Ball State","13","Penn State -22.5","numberfire","57.5","-22.5","","","",""
"401282816","Penn State","44","Ball State","13","Penn State -22.5","consensus","58","-22.5","","","",""
"401282816","Penn State","44","Ball State","13","Penn State -22.5","William Hill (New Jersey)","58","-22.5","","","",""
"401282816","Penn State","44","Ball State","13","Penn State -22.5","Bovada","58","-22.5","-22.5","53.5","-2000","950"
"401282825","Wisconsin","34","Eastern Michigan","7","Wisconsin -26","teamrankings","52","-26","","","",""
"401282825","Wisconsin","34","Eastern Michigan","7","Wisconsin -26.5","numberfire","51.5","-26.5","","","",""
"401282825","Wisconsin","34","Eastern Michigan","7","Wisconsin -26","consensus","52","-26","","","",""
"401282825","Wisconsin","34","Eastern Michigan","7","Wisconsin -26","William Hill (New Jersey)","52","-26","","","",""
"401282825","Wisconsin","34","Eastern Michigan","7","Wisconsin -26.5","Bovada","52","-26.5","-24.5","51.5","-4100","1225"
"401282624","Virginia","42","Illinois","14","Virginia -10.5","teamrankings","57","-10.5","","","",""
"401282624","Virginia","42","Illinois","14","Virginia -10.5","numberfire","57.5","-10.5","","","",""
"401282624","Virginia","42","Illinois","14","Virginia -10.5","consensus","56.5","-10.5","","","",""
"401282624","Virginia","42","Illinois","14","Virginia -10.5","William Hill (New Jersey)","56","-10.5","","","",""
"401282624","Virginia","42","Illinois","14","Virginia -10.5","Bovada","57","-10.5","-10.5","54.5","-430","320"
"401282625","Wake Forest","41","Norfolk State","16","Wake Forest -43","consensus","58","-43","","","",""
"401282625","Wake Forest","41","Norfolk State","16","Wake Forest -43","William Hill (New Jersey)","58","-43","","","",""
"401282625","Wake Forest","41","Norfolk State","16","Wake Forest -43.0","Bovada","58.5","-43","-43","58.5","",""
"401282783","Michigan State","42","Youngstown State","14","Michigan State -28.5","consensus","52","-28.5","","","",""
"401282783","Michigan State","42","Youngstown State","14","Michigan State -28.5","William Hill (New Jersey)","52","-28.5","","","",""
"401282783","Michigan State","42","Youngstown State","14","Michigan State -28.0","Bovada","52","-28","-27","52.5","",""
"401282790","Minnesota","31","Miami (OH)","26","Minnesota -18.5","teamrankings","55","-18.5","","","",""
"401282790","Minnesota","31","Miami (OH)","26","Minnesota -19.5","numberfire","55.5","-19.5","","","",""
"401282790","Minnesota","31","Miami (OH)","26","Minnesota -19","consensus","55","-19","","","",""
"401282790","Minnesota","31","Miami (OH)","26","Minnesota -18.5","William Hill (New Jersey)","55","-18.5","","","",""
"401282790","Minnesota","31","Miami (OH)","26","Minnesota -19.0","Bovada","55","-19","-21","56","-1300","725"
"401282804","Northwestern","24","Indiana State","6","Northwestern -28.5","consensus","46","-28.5","","","",""
"401282804","Northwestern","24","Indiana State","6","Northwestern -28.5","William Hill (New Jersey)","46","-28.5","","","",""
"401282804","Northwestern","24","Indiana State","6","Northwestern -28.5","Bovada","46","-28.5","-28.5","46.5","",""
"401287899","Oklahoma State","28","Tulsa","23","Oklahoma State -11.5","teamrankings","51","-11.5","","","",""
"401287899","Oklahoma State","28","Tulsa","23","Oklahoma State -11.5","numberfire","51.5","-11.5","","","",""
"401287899","Oklahoma State","28","Tulsa","23","Oklahoma State -12","consensus","51","-12","","","",""
"401287899","Oklahoma State","28","Tulsa","23","Oklahoma State -11.5","William Hill (New Jersey)","51","-11.5","","","",""
"401287899","Oklahoma State","28","Tulsa","23","Oklahoma State -12.0","Bovada","51","-12","-12.5","51","-500","360"
"401301000","Tulane","69","Morgan State","20","Tulane -47.5","consensus","58","-47.5","","","",""
"401301000","Tulane","69","Morgan State","20","Tulane -47.5","William Hill (New Jersey)","58","-47.5","","","",""
"401301000","Tulane","69","Morgan State","20","Tulane -48.0","Bovada","58","-48","-47","57.5","",""
"401282820","UConn","0","Purdue","49","Purdue -35","teamrankings","56.5","35","","","",""
"401282820","UConn","0","Purdue","49","Purdue -34.5","numberfire","56.5","34.5","","","",""
"401282820","UConn","0","Purdue","49","Purdue -35","consensus","57.5","35","","","",""
"401282820","UConn","0","Purdue","49","Purdue -35","William Hill (New Jersey)","57","35","","","",""
"401282820","UConn","0","Purdue","49","Purdue -35.0","Bovada","57","35","33.5","56.5","",""
"401282623","Massachusetts","28","Boston College","45","Boston College -39","teamrankings","57","39","","","",""
"401282623","Massachusetts","28","Boston College","45","Boston College -38.5","numberfire","57.5","38.5","","","",""
"401282623","Massachusetts","28","Boston College","45","Boston College -39","consensus","57","39","","","",""
"401282623","Massachusetts","28","Boston College","45","Boston College -39","William Hill (New Jersey)","57","39","","","",""
"401282623","Massachusetts","28","Boston College","45","Boston College -38.0","Bovada","57","38","37","59","",""
"401282797","Nebraska","28","Buffalo","3","Nebraska -13.5","teamrankings","54","-13.5","","","",""
"401282797","Nebraska","28","Buffalo","3","Nebraska -13.5","numberfire","54.5","-13.5","","","",""
"401282797","Nebraska","28","Buffalo","3","Nebraska -13.5","consensus","54.5","-13.5","","","",""
"401282797","Nebraska","28","Buffalo","3","Nebraska -13.5","William Hill (New Jersey)","54.5","-13.5","","","",""
"401282797","Nebraska","28","Buffalo","3","Nebraska -14.0","Bovada","54.5","-14","-12","52","-605","420"
"401287900","TCU","34","California","32","TCU -11.5","teamrankings","46.5","-11.5","","","",""
"401287900","TCU","34","California","32","TCU -11.5","numberfire","46.5","-11.5","","","",""
"401287900","TCU","34","California","32","TCU -11.5","consensus","46.5","-11.5","","","",""
"401287900","TCU","34","California","32","TCU -11.5","William Hill (New Jersey)","46.5","-11.5","","","",""
"401287900","TCU","34","California","32","TCU -11.5","Bovada","47","-11.5","-9.5","48.5","-450","325"
"401300999","Akron","24","Temple","45","Temple -6.5","teamrankings","51.5","6.5","","","",""
"401300999","Akron","24","Temple","45","Temple -6.5","numberfire","51.5","6.5","","","",""
"401300999","Akron","24","Temple","45","Temple -6.5","consensus","51.5","6.5","","","",""
"401300999","Akron","24","Temple","45","Temple -6.5","William Hill (New Jersey)","51.5","6.5","","","",""
"401300999","Akron","24","Temple","45","Temple -7.0","Bovada","52.5","7","7","52","210","-250"
"401287902","West Virginia","66","Long Island University","0","West Virginia -50","William Hill (New Jersey)","56","-50","","","",""
"401287902","West Virginia","66","Long Island University","0","West Virginia -49.0","Bovada","56","-49","-48.5","56","",""
"401301001","UCF","63","Bethune-Cookman","14","UCF -46","William Hill (New Jersey)","67","-46","","","",""
"401286295","Troy","13","Liberty","21","Liberty -3","teamrankings","62.5","3","","","",""
"401286295","Troy","13","Liberty","21","Liberty -3.5","numberfire","63.5","3.5","","","",""
"401286295","Troy","13","Liberty","21","Liberty -3","consensus","62.5","3","","","",""
"401286295","Troy","13","Liberty","21","Liberty -3","William Hill (New Jersey)","62.5","3","","","",""
"401286295","Troy","13","Liberty","21","Liberty -4.5","Bovada","62","4.5","5.5","59.5","160","-185"
"401287895","Baylor","66","Texas Southern","7","Baylor -44.5","consensus","53","-44.5","","","",""
"401287895","Baylor","66","Texas Southern","7","Baylor -44.5","William Hill (New Jersey)","53","-44.5","","","",""
"401287895","Baylor","66","Texas Southern","7","Baylor -44.5","Bovada","53","-44.5","-44.5","53","",""
"401287897","Kansas State","31","Southern Illinois","23","Kansas State -17","consensus","55","-17","","","",""
"401287897","Kansas State","31","Southern Illinois","23","Kansas State -17","William Hill (New Jersey)","55","-17","","","",""
"401287897","Kansas State","31","Southern Illinois","23","Kansas State -17.0","Bovada","55","-17","-17","55","",""
"401282063","Ole Miss","54","Austin Peay","17","Ole Miss -37","consensus","69.5","-37","","","",""
"401282063","Ole Miss","54","Austin Peay","17","Ole Miss -37","William Hill (New Jersey)","69.5","-37","","","",""
"401282063","Ole Miss","54","Austin Peay","17","Ole Miss -35.5","Bovada","69.5","-35.5","-34.5","69.5","",""
"401282621","North Carolina","59","Georgia State","17","North Carolina -26","teamrankings","65","-26","","","",""
"401282621","North Carolina","59","Georgia State","17","North Carolina -25.5","numberfire","65.5","-25.5","","","",""
"401282621","North Carolina","59","Georgia State","17","North Carolina -26","consensus","65.5","-26","","","",""
"401282621","North Carolina","59","Georgia State","17","North Carolina -26","William Hill (New Jersey)","65.5","-26","","","",""
"401282621","North Carolina","59","Georgia State","17","North Carolina -26.0","Bovada","65.5","-26","-25.5","61","-3500","1175"
"401282622","Syracuse","7","Rutgers","17","Rutgers -2.5","teamrankings","50.5","2.5","","","",""
"401282622","Syracuse","7","Rutgers","17","Rutgers -2.5","numberfire","50.5","2.5","","","",""
"401282622","Syracuse","7","Rutgers","17","Rutgers -2.5","consensus","51","2.5","","","",""
"401282622","Syracuse","7","Rutgers","17","Rutgers -2.5","Caesars (Pennsylvania)","50","2.5","","","",""
"401282622","Syracuse","7","Rutgers","17","Rutgers -2.5","Bovada","51","2.5","2","52","110","-130"
"401309914","BYU","59","Idaho State","14","BYU -36.5","consensus","55","-36.5","","","",""
"401309914","BYU","59","Idaho State","14","BYU -36.5","William Hill (New Jersey)","55","-36.5","","","",""
"401309914","BYU","59","Idaho State","14","BYU -36.0","Bovada","55","-36","-36","54","",""
"401310735","Fresno State","14","Boise State","40","Fresno State -4","teamrankings","61.5","-4","","","",""
"401310735","Fresno State","14","Boise State","40","Fresno State -4","consensus","61","-4","","","",""
"401310735","Fresno State","14","Boise State","40","Fresno State -4","William Hill (New Jersey)","61","-4","","","",""
"401310735","Fresno State","14","Boise State","40","Fresno State -5.0","Bovada","61","-5","-5.5","58","-210","175"
"401310739","Hawai'i","10","San Diego State","17","San Diego State -7","teamrankings","45","7","","","",""
"401310739","Hawai'i","10","San Diego State","17","San Diego State -7","consensus","45.5","7","","","",""
"401310739","Hawai'i","10","San Diego State","17","San Diego State -7","William Hill (New Jersey)","45.5","7","","","",""
"401310739","Hawai'i","10","San Diego State","17","San Diego State -7.0","Bovada","45","7","7.5","46.5","250","-300"
"401310736","Wyoming","31","Colorado State","17","Colorado State -3","teamrankings","41.5","3","","","",""
"401310736","Wyoming","31","Colorado State","17","Colorado State -3","consensus","41.5","3","","","",""
"401310736","Wyoming","31","Colorado State","17","Colorado State -3","William Hill (New Jersey)","41.5","3","","","",""
"401310736","Wyoming","31","Colorado State","17","Colorado State -3.5","Bovada","41","3.5","3.5","40","140","-165"
"401310738","New Mexico State","13","Utah State","35","Utah State -18","teamrankings","72","18","","","",""
"401310738","New Mexico State","13","Utah State","35","Utah State -18.5","consensus","72.5","18.5","","","",""
"401310738","New Mexico State","13","Utah State","35","Utah State -18.5","William Hill (New Jersey)","72.5","18.5","","","",""
"401310738","New Mexico State","13","Utah State","35","Utah State -18.5","Bovada","72","18.5","17","70","625","-1000"
"401310737","New Mexico","17","UNLV","31","New Mexico -1.5","teamrankings","45","-1.5","","","",""
"401310737","New Mexico","17","UNLV","31","New Mexico -1.5","consensus","45","-1.5","","","",""
"401310737","New Mexico","17","UNLV","31","New Mexico -1.5","William Hill (New Jersey)","45","-1.5","","","",""
"401310737","New Mexico","17","UNLV","31","New Mexico -1.5","Bovada","45","-1.5","-1","45","-120","105"
"401310740","Nevada","27","San José State","24","Nevada -11.5","teamrankings","55.5","-11.5","","","",""
"401310740","Nevada","27","San José State","24","Nevada -11.5","consensus","55.5","-11.5","","","",""
"401310740","Nevada","27","San José State","24","Nevada -11.5","William Hill (New Jersey)","55.5","-11.5","","","",""
"401310740","Nevada","27","San José State","24","Nevada -11.0","Bovada","55.5","-11","-10","55","-455","335"
"401308840","Miami (OH)","45","Buffalo","18","Miami (OH) -7","teamrankings","58","-7","","","",""
"401308840","Miami (OH)","45","Buffalo","18","Miami (OH) -7","consensus","58","-7","","","",""
"401308840","Miami (OH)","45","Buffalo","18","Miami (OH) -7","William Hill (New Jersey)","58","-7","","","",""
"401308840","Miami (OH)","45","Buffalo","18","Miami (OH) -7.0","Bovada","58","-7","-7","57","-290","240"
"401309584","Western Michigan","45","Akron","40","Western Michigan -24.5","teamrankings","62","-24.5","","","",""
"401309584","Western Michigan","45","Akron","40","Western Michigan -24.5","consensus","62","-24.5","","","",""
"401309584","Western Michigan","45","Akron","40","Western Michigan -25.5","William Hill (New Jersey)","62","-25.5","","","",""
"401309584","Western Michigan","45","Akron","40","Western Michigan -24.0","Bovada","62","-24","-26","62","-3500","1175"
"401309583","Eastern Michigan","26","Ohio","34","Eastern Michigan -6","teamrankings","61.5","-6","","","",""
"401309583","Eastern Michigan","26","Ohio","34","Eastern Michigan -6","consensus","62","-6","","","",""
"401309583","Eastern Michigan","26","Ohio","34","Eastern Michigan -6","William Hill (New Jersey)","61.5","-6","","","",""
"401309583","Eastern Michigan","26","Ohio","34","Eastern Michigan -6.5","Bovada","62","-6.5","-7.5","60.5","-240","200"
"401309585","Bowling Green","17","Toledo","49","Toledo -10.5","teamrankings","50","10.5","","","",""
"401309585","Bowling Green","17","Toledo","49","Toledo -10.5","consensus","50","10.5","","","",""
"401309585","Bowling Green","17","Toledo","49","Toledo -10.5","William Hill (New Jersey)","50","10.5","","","",""
"401309585","Bowling Green","17","Toledo","49","Toledo -10.5","Bovada","50.5","10.5","9.5","51.5","310","-415"
"401309586","Central Michigan","54","Kent State","30","Central Michigan -2.5","teamrankings","75.5","-2.5","","","",""
"401309586","Central Michigan","54","Kent State","30","Central Michigan -2.5","consensus","76.5","-2.5","","","",""
"401309586","Central Michigan","54","Kent State","30","Central Michigan -2.5","William Hill (New Jersey)","76.5","-2.5","","","",""
"401309586","Central Michigan","54","Kent State","30","Central Michigan -2.5","Bovada","76.5","-2.5","-3","72.5","-135","115"
"401282067","Colorado","7","Texas A&M","10","Texas A&M -17.5","teamrankings","51","17.5","","","",""
"401282067","Colorado","7","Texas A&M","10","Texas A&M -17.5","numberfire","50.5","17.5","","","",""
"401282067","Colorado","7","Texas A&M","10","Texas A&M -17","consensus","50","17","","","",""
"401282067","Colorado","7","Texas A&M","10","Texas A&M -17","William Hill (New Jersey)","50","17","","","",""
"401282067","Colorado","7","Texas A&M","10","Texas A&M -17.0","Bovada","50","17","17","52","550","-900"
"401282619","Louisville","30","Eastern Kentucky","3","Louisville -30","consensus","62.5","-30","","","",""
"401282619","Louisville","30","Eastern Kentucky","3","Louisville -30","William Hill (New Jersey)","62.5","-30","","","",""
"401282619","Louisville","30","Eastern Kentucky","3","Louisville -30.0","Bovada","62.5","-30","-30","62.5","",""
"401282182","Florida International","17","Texas State","23","Florida International -2","teamrankings","55.5","-2","","","",""
"401282182","Florida International","17","Texas State","23","Florida International -1.5","numberfire","55.5","-1.5","","","",""
"401282182","Florida International","17","Texas State","23","Florida International -2","consensus","55.5","-2","","","",""
"401282182","Florida International","17","Texas State","23","Florida International -2","William Hill (New Jersey)","55.5","-2","","","",""
"401282182","Florida International","17","Texas State","23","Florida International -2.0","Bovada","55","-2","-1","54","-130","110"
"401286189","Army","52","UConn","21","Army -34.5","teamrankings","48","-34.5","","","",""
"401286189","Army","52","UConn","21","Army -33.5","numberfire","50.5","-33.5","","","",""
"401286189","Army","52","UConn","21","Army -34.5","consensus","48","-34.5","","","",""
"401286189","Army","52","UConn","21","Army -34.5","William Hill (New Jersey)","48","-34.5","","","",""
"401286189","Army","52","UConn","21","Army -35.0","Bovada","47.5","-35","-33","51.5","",""
"401282065","East Carolina","17","South Carolina","20","South Carolina -3","teamrankings","56.5","3","","","",""
"401282065","East Carolina","17","South Carolina","20","South Carolina -2.5","numberfire","56.5","2.5","","","",""
"401282065","East Carolina","17","South Carolina","20","South Carolina -2.5","consensus","56.5","2.5","","","",""
"401282065","East Carolina","17","South Carolina","20","South Carolina -3","William Hill (New Jersey)","56.5","3","","","",""
"401282065","East Carolina","17","South Carolina","20","South Carolina -3.0","Bovada","56.5","3","-2","55","115","-135"
"401282133","Tennessee","17","Georgia","41","Georgia -19","teamrankings","56","19","","","",""
"401282133","Tennessee","17","Georgia","41","Georgia -19.5","consensus","55.5","19.5","","","",""
"401282133","Tennessee","17","Georgia","41","Georgia -19.5","William Hill (New Jersey)","55.5","19.5","","","",""
"401282133","Tennessee","17","Georgia","41","Georgia -20.0","Bovada","56","20","20.5","54.5","750","-1400"
"401282131","Ole Miss","29","Texas A&M","19","Texas A&M -1","teamrankings","57.5","1","","","",""
"401282131","Ole Miss","29","Texas A&M","19","Texas A&M -1","consensus","57.5","1","","","",""
"401282131","Ole Miss","29","Texas A&M","19","Texas A&M -1.5","William Hill (New Jersey)","57.5","1.5","","","",""
"401282131","Ole Miss","29","Texas A&M","19","Texas A&M -2.5","Bovada","57","2.5","1.5","55","115","-135"
"401282128","Auburn","34","Mississippi State","43","Auburn -6","teamrankings","51","-6","","","",""
"401282128","Auburn","34","Mississippi State","43","Auburn -5.5","consensus","51","-5.5","","","",""
"401282128","Auburn","34","Mississippi State","43","Auburn -5.5","William Hill (New Jersey)","51","-5.5","","","",""
"401282128","Auburn","34","Mississippi State","43","Auburn -6.0","Bovada","51","-6","-5.5","51","-210","175"
"401282130","LSU","13","Arkansas","16","Arkansas -3","teamrankings","59.5","3","","","",""
"401282130","LSU","13","Arkansas","16","Arkansas -3","consensus","59.5","3","","","",""
"401282130","LSU","13","Arkansas","16","Arkansas -3","William Hill (New Jersey)","59.5","3","","","",""
"401282130","LSU","13","Arkansas","16","Arkansas -3.0","Bovada","59","3","1.5","58.5","125","-145"
"401282129","Florida","70","Samford","52","Florida -36","consensus","68.5","-36","","","",""
"401282129","Florida","70","Samford","52","Florida -36.5","William Hill (New Jersey)","68.5","-36.5","","","",""
"401282129","Florida","70","Samford","52","Florida -37.0","Bovada","69","-37","-35.5","69","",""
"401282254","Louisiana Tech","42","Charlotte","32","Louisiana Tech -7","teamrankings","58","-7","","","",""
"401282254","Louisiana Tech","42","Charlotte","32","Louisiana Tech -7","consensus","57.5","-7","","","",""
"401282254","Louisiana Tech","42","Charlotte","32","Louisiana Tech -7","William Hill (New Jersey)","58.5","-7","","","",""
"401282254","Louisiana Tech","42","Charlotte","32","Louisiana Tech -7.0","Bovada","58.5","-7","-6","57","-275","225"
"401282255","Middle Tennessee","50","Florida International","10","Middle Tennessee -10.5","teamrankings","54","-10.5","","","",""
"401282255","Middle Tennessee","50","Florida International","10","Middle Tennessee -10.5","consensus","55","-10.5","","","",""
"401282255","Middle Tennessee","50","Florida International","10","Middle Tennessee -10.5","William Hill (New Jersey)","55","-10.5","","","",""
"401282255","Middle Tennessee","50","Florida International","10","Middle Tennessee -10.0","Bovada","55","-10","-10","56","-415","310"
"401282132","Missouri","31","South Carolina","28","Missouri -1","teamrankings","56.5","-1","","","",""
"401282132","Missouri","31","South Carolina","28","South Carolina -1.5","consensus","55","1.5","","","",""
"401282132","Missouri","31","South Carolina","28","South Carolina -0","William Hill (New Jersey)","56.5","0","","","",""
"401282132","Missouri","31","South Carolina","28","South Carolina -1.5","Bovada","55","1.5","-1.5","54.5","-105","-120"
"401282134","Vanderbilt","17","Kentucky","34","Kentucky -21.5","teamrankings","52.5","21.5","","","",""
"401282134","Vanderbilt","17","Kentucky","34","Kentucky -21.5","consensus","52.5","21.5","","","",""
"401282134","Vanderbilt","17","Kentucky","34","Kentucky -21.5","William Hill (New Jersey)","52.5","21.5","","","",""
"401282134","Vanderbilt","17","Kentucky","34","Kentucky -21.5","Bovada","53","21.5","21.5","52.5","800","-1600"
"401282274","UAB","42","UTEP","25","UAB -13.5","teamrankings","49.5","-13.5","","","",""
"401282274","UAB","42","UTEP","25","UAB -13.5","consensus","50.5","-13.5","","","",""
"401282274","UAB","42","UTEP","25","UAB -13.5","William Hill (New Jersey)","49.5","-13.5","","","",""
"401282274","UAB","42","UTEP","25","UAB -13.5","Bovada","50","-13.5","-13","49.5","-555","395"
"401301054","Temple","14","Navy","38","Navy -13.5","teamrankings","42","13.5","","","",""
"401301054","Temple","14","Navy","38","Navy -13.5","consensus","42.5","13.5","","","",""
"401301054","Temple","14","Navy","38","Navy -13.5","William Hill (New Jersey)","42.5","13.5","","","",""
"401301054","Temple","14","Navy","38","Navy -13.5","Bovada","42.5","13.5","13","43.5","385","-535"
"401301055","SMU","31","Tulsa","34","SMU -6","teamrankings","63","-6","","","",""
"401301055","SMU","31","Tulsa","34","SMU -6.5","consensus","62.5","-6.5","","","",""
"401301055","SMU","31","Tulsa","34","SMU -6.5","William Hill (New Jersey)","62.5","-6.5","","","",""
"401301055","SMU","31","Tulsa","34","SMU -6.5","Bovada","62","-6.5","-6.5","62.5","-240","200"
"401309859","Oregon","41","Arizona","19","Oregon -29.5","teamrankings","58.5","-29.5","","","",""
"401309859","Oregon","41","Arizona","19","Oregon -29.5","consensus","59","-29.5","","","",""
"401309859","Oregon","41","Arizona","19","Oregon -29.5","William Hill (New Jersey)","59","-29.5","","","",""
"401309859","Oregon","41","Arizona","19","Oregon -29.5","Bovada","58","-29.5","-28","58","-6500","1325"
"401309858","Stanford","24","UCLA","35","UCLA -4","teamrankings","60.5","4","","","",""
"401309858","Stanford","24","UCLA","35","UCLA -4","consensus","60","4","","","",""
"401309858","Stanford","24","UCLA","35","UCLA -4","William Hill (New Jersey)","60","4","","","",""
"401309858","Stanford","24","UCLA","35","UCLA -4.0","Bovada","60","4","3.5","59","160","-185"
"401310706","Utah State","3","Boise State","27","Boise State -9.5","teamrankings","69.5","9.5","","","",""
"401310706","Utah State","3","Boise State","27","Boise State -9.5","consensus","69.5","9.5","","","",""
"401310706","Utah State","3","Boise State","27","Boise State -9.5","William Hill (New Jersey)","69.5","9.5","","","",""
"401310706","Utah State","3","Boise State","27","Boise State -9.5","Bovada","70","9.5","9","63.5","280","-360"
"401309861","Utah","24","Washington State","13","Utah -15","teamrankings","53.5","-15","","","",""
"401309861","Utah","24","Washington State","13","Utah -15","consensus","53","-15","","","",""
"401309861","Utah","24","Washington State","13","Utah -15","William Hill (New Jersey)","53","-15","","","",""
"401309861","Utah","24","Washington State","13","Utah -15.0","Bovada","53.5","-15","-14","55","-700","475"
"401309611","UL Monroe","29","Troy","16","Troy -23.5","teamrankings","49.5","23.5","","","",""
"401309611","UL Monroe","29","Troy","16","Troy -23.5","consensus","49.5","23.5","","","",""
"401309611","UL Monroe","29","Troy","16","Troy -23.5","William Hill (New Jersey)","49.5","23.5","","","",""
"401309611","UL Monroe","29","Troy","16","Troy -24.0","Bovada","49.5","24","23","50","1050","-2500"
"401309857","Washington","31","California","24","Washington -7.5","teamrankings","47.5","-7.5","","","",""
"401309857","Washington","31","California","24","Washington -7.5","consensus","47.5","-7.5","","","",""
"401309857","Washington","31","California","24","Washington -7.5","William Hill (New Jersey)","47.5","-7.5","","","",""
"401309857","Washington","31","California","24","Washington -7.0","Bovada","47.5","-7","-7.5","45.5","-320","260"
"401309860","USC","27","Oregon State","45","USC -11","teamrankings","62.5","-11","","","",""
"401309860","USC","27","Oregon State","45","USC -11","consensus","63","-11","","","",""
"401309860","USC","27","Oregon State","45","USC -11","William Hill (New Jersey)","63.5","-11","","","",""
"401309860","USC","27","Oregon State","45","USC -11.0","Bovada","62.5","-11","-12.5","60.5","-460","340"
"401309862","Arizona State","35","Colorado","13","Arizona State -13.5","teamrankings","45.5","-13.5","","","",""
"401309862","Arizona State","35","Colorado","13","Arizona State -14","consensus","45.5","-14","","","",""
"401309862","Arizona State","35","Colorado","13","Arizona State -14","William Hill (New Jersey)","45.5","-14","","","",""
"401309862","Arizona State","35","Colorado","13","Arizona State -14.0","Bovada","46","-14","-14","44","-655","445"
"401282649","Georgia Tech","21","Pittsburgh","52","Pittsburgh -3","teamrankings","57.5","3","","","",""
"401282649","Georgia Tech","21","Pittsburgh","52","Pittsburgh -3","consensus","57.5","3","","","",""
"401282649","Georgia Tech","21","Pittsburgh","52","Pittsburgh -3","William Hill (New Jersey)","57.5","3","","","",""
"401282649","Georgia Tech","21","Pittsburgh","52","Pittsburgh -3.0","Bovada","58","3","3","57","130","-150"
"401282650","North Carolina","38","Duke","7","North Carolina -19.5","teamrankings","74","-19.5","","","",""
"401282650","North Carolina","38","Duke","7","North Carolina -19.5","consensus","74.5","-19.5","","","",""
"401282650","North Carolina","38","Duke","7","North Carolina -19.5","William Hill (New Jersey)","74","-19.5","","","",""
"401282650","North Carolina","38","Duke","7","North Carolina -19.5","Bovada","73.5","-19.5","-18","69","-1200","700"
"401309896","Arizona","29","Utah","38","Utah -24","teamrankings","54.5","24","","","",""
"401309896","Arizona","29","Utah","38","Utah -24","consensus","54.5","24","","","",""
"401309896","Arizona","29","Utah","38","Utah -24","William Hill (New Jersey)","54.5","24","","","",""
"401309896","Arizona","29","Utah","38","Utah -24.5","Bovada","54.5","24.5","24","54","1100","-2800"
"401310254","Army","63","Bucknell","10","Army -51.5","consensus","58.5","-51.5","","","",""
"401310254","Army","63","Bucknell","10","Army -51.5","William Hill (New Jersey)","58.5","-51.5","","","",""
"401310254","Army","63","Bucknell","10","Army -51.0","Bovada","58.5","-51","-51","58.5","",""
"401309897","Washington","30","Arizona State","35","Arizona State -6","teamrankings","45.5","6","","","",""
"401309897","Washington","30","Arizona State","35","Arizona State -6","consensus","45.5","6","","","",""
"401309897","Washington","30","Arizona State","35","Arizona State -6","William Hill (New Jersey)","45.5","6","","","",""
"401309897","Washington","30","Arizona State","35","Arizona State -6.0","Bovada","45.5","6","5","43.5","185","-225"
"401310741","Colorado State","21","Air Force","35","Air Force -3","teamrankings","45","3","","","",""
"401310741","Colorado State","21","Air Force","35","Air Force -3","consensus","45","3","","","",""
"401310741","Colorado State","21","Air Force","35","Air Force -3.5","William Hill (New Jersey)","45","3.5","","","",""
"401310741","Colorado State","21","Air Force","35","Air Force -2.5","Bovada","45","2.5","2.5","45.5","115","-135"
"401310743","Fresno State","34","New Mexico","7","Fresno State -24","teamrankings","51","-24","","","",""
"401310743","Fresno State","34","New Mexico","7","Fresno State -24","consensus","51","-24","","","",""
"401310743","Fresno State","34","New Mexico","7","Fresno State -24","William Hill (New Jersey)","51","-24","","","",""
"401310743","Fresno State","34","New Mexico","7","Fresno State -24.5","Bovada","51","-24.5","-24.5","50.5","-3000","1125"
"401309898","UCLA","44","Colorado","20","UCLA -18","teamrankings","57.5","-18","","","",""
"401309898","UCLA","44","Colorado","20","UCLA -18","consensus","57","-18","","","",""
"401309898","UCLA","44","Colorado","20","UCLA -18","William Hill (New Jersey)","57","-18","","","",""
"401309898","UCLA","44","Colorado","20","UCLA -18.0","Bovada","57.5","-18","-15","58","-900","575"
"401310742","Boise State","23","Wyoming","13","Boise State -14","teamrankings","49","-14","","","",""
"401310742","Boise State","23","Wyoming","13","Boise State -13.5","consensus","48.5","-13.5","","","",""
"401310742","Boise State","23","Wyoming","13","Boise State -13.5","William Hill (New Jersey)","48.5","-13.5","","","",""
"401310742","Boise State","23","Wyoming","13","Boise State -14.0","Bovada","48.5","-14","-14.5","48","-625","430"
"401282152","South Carolina","0","Clemson","30","Clemson -11.5","teamrankings","42.5","11.5","","","",""
"401282152","South Carolina","0","Clemson","30","Clemson -11.5","consensus","42.5","11.5","","","",""
"401282152","South Carolina","0","Clemson","30","Clemson -11.5","William Hill (New Jersey)","42.5","11.5","","","",""
"401282152","South Carolina","0","Clemson","30","Clemson -11.0","Bovada","43","11","11","43","315","-420"
"401282268","Old Dominion","56","Charlotte","34","Old Dominion -8.5","teamrankings","55.5","-8.5","","","",""
"401282268","Old Dominion","56","Charlotte","34","Old Dominion -8.5","consensus","55.5","-8.5","","","",""
"401282268","Old Dominion","56","Charlotte","34","Old Dominion -8.5","William Hill (New Jersey)","56","-8.5","","","",""
"401282268","Old Dominion","56","Charlotte","34","Old Dominion -9.5","Bovada","56","-9.5","-10","56","-360","280"
"401309855","UCLA","37","Fresno State","40","UCLA -11","teamrankings","64","-11","","","",""
"401309855","UCLA","37","Fresno State","40","UCLA -11.5","numberfire","60.5","-11.5","","","",""
"401309855","UCLA","37","Fresno State","40","UCLA -11","consensus","65","-11","","","",""
"401309855","UCLA","37","Fresno State","40","UCLA -11","William Hill (New Jersey)","65","-11","","","",""
"401309855","UCLA","37","Fresno State","40","UCLA -11.0","Bovada","63.5","-11","-10","61","-435","325"
"401282817","Penn State","38","Villanova","17","Penn State -29.5","consensus","53","-29.5","","","",""
"401282817","Penn State","38","Villanova","17","Penn State -29.5","William Hill (New Jersey)","53","-29.5","","","",""
"401282817","Penn State","38","Villanova","17","Penn State -30.0","Bovada","53","-30","-30","54.5","",""
"401301046","Cincinnati","48","SMU","14","Cincinnati -9.5","teamrankings","65.5","-9.5","","","",""
"401301046","Cincinnati","48","SMU","14","Cincinnati -10","consensus","65.5","-10","","","",""
"401301046","Cincinnati","48","SMU","14","Cincinnati -9.5","William Hill (New Jersey)","65.5","-9.5","","","",""
"401301046","Cincinnati","48","SMU","14","Cincinnati -10.0","Bovada","65","-10","-12.5","65","-395","300"
"401287947","West Virginia","31","Texas","23","West Virginia -2.5","teamrankings","56","-2.5","","","",""
"401287947","West Virginia","31","Texas","23","West Virginia -2.5","consensus","56.5","-2.5","","","",""
"401287947","West Virginia","31","Texas","23","West Virginia -2","William Hill (New Jersey)","56.5","-2","","","",""
"401287947","West Virginia","31","Texas","23","West Virginia -2.0","Bovada","56.5","-2","-2.5","58","-130","110"
"401301048","Tulane","45","South Florida","14","Tulane -5.5","teamrankings","59.5","-5.5","","","",""
"401301048","Tulane","45","South Florida","14","Tulane -5.5","consensus","59.5","-5.5","","","",""
"401301048","Tulane","45","South Florida","14","Tulane -5.5","William Hill (New Jersey)","59.5","-5.5","","","",""
"401301048","Tulane","45","South Florida","14","Tulane -6.0","Bovada","60","-6","-3.5","61","-220","180"
"401301047","Navy","35","East Carolina","38","East Carolina -3.5","teamrankings","46","3.5","","","",""
"401301047","Navy","35","East Carolina","38","East Carolina -3.5","consensus","46.5","3.5","","","",""
"401301047","Navy","35","East Carolina","38","East Carolina -3.5","William Hill (New Jersey)","46.5","3.5","","","",""
"401301047","Navy","35","East Carolina","38","East Carolina -3.5","Bovada","46.5","3.5","4","46.5","160","-185"
"401301049","Tulsa","44","Temple","10","Tulsa -22","teamrankings","50.5","-22","","","",""
"401301049","Tulsa","44","Temple","10","Tulsa -21.5","consensus","50.5","-21.5","","","",""
"401301049","Tulsa","44","Temple","10","Tulsa -22","William Hill (New Jersey)","50.5","-22","","","",""
"401301049","Tulsa","44","Temple","10","Tulsa -22.0","Bovada","51","-22","-22","50.5","-1700","850"
"401287946","Texas Tech","0","Oklahoma State","23","Oklahoma State -10","teamrankings","55","10","","","",""
"401287946","Texas Tech","0","Oklahoma State","23","Oklahoma State -10","consensus","55","10","","","",""
"401287946","Texas Tech","0","Oklahoma State","23","Oklahoma State -10","William Hill (New Jersey)","55","10","","","",""
"401287946","Texas Tech","0","Oklahoma State","23","Oklahoma State -10.0","Bovada","55","10","10.5","56.5","300","-395"
"401287944","Oklahoma","28","Iowa State","21","Oklahoma -3","teamrankings","59","-3","","","",""
"401287944","Oklahoma","28","Iowa State","21","Oklahoma -3","consensus","59","-3","","","",""
"401287944","Oklahoma","28","Iowa State","21","Oklahoma -3","William Hill (New Jersey)","59","-3","","","",""
"401287944","Oklahoma","28","Iowa State","21","Oklahoma -3.0","Bovada","59","-3","-4","60","-170","145"
"401287945","TCU","31","Kansas","28","TCU -21","teamrankings","64","-21","","","",""
"401287945","TCU","31","Kansas","28","TCU -21","consensus","64.5","-21","","","",""
"401287945","TCU","31","Kansas","28","TCU -21","William Hill (New Jersey)","64.5","-21","","","",""
"401287945","TCU","31","Kansas","28","TCU -21.0","Bovada","64.5","-21","-21.5","66.5","-1500","775"
"401309647","Arkansas State","22","Texas State","24","Arkansas State -2","teamrankings","62","-2","","","",""
"401309647","Arkansas State","22","Texas State","24","Arkansas State -2","consensus","62.5","-2","","","",""
"401309647","Arkansas State","22","Texas State","24","Arkansas State -2","William Hill (New Jersey)","62.5","-2","","","",""
"401309647","Arkansas State","22","Texas State","24","Arkansas State -2.0","Bovada","62","-2","-2","61.5","-125","105"
"401309646","App State","27","Georgia Southern","3","App State -24.5","teamrankings","55","-24.5","","","",""
"401309646","App State","27","Georgia Southern","3","App State -24.5","consensus","55","-24.5","","","",""
"401309646","App State","27","Georgia Southern","3","App State -24.5","William Hill (New Jersey)","55","-24.5","","","",""
"401309646","App State","27","Georgia Southern","3","App State -24.5","Bovada","55.5","-24.5","-24.5","55.5","",""
"401309890","Washington","16","Oregon","26","Oregon -7","teamrankings","48","7","","","",""
"401309890","Washington","16","Oregon","26","Oregon -7","consensus","48","7","","","",""
"401309890","Washington","16","Oregon","26","Oregon -7","William Hill (New Jersey)","48","7","","","",""
"401309890","Washington","16","Oregon","26","Oregon -7.0","Bovada","48","7","6.5","50.5","225","-275"
"401309889","Arizona","10","California","3","California -7","teamrankings","47","7","","","",""
"401309889","Arizona","10","California","3","California -7","consensus","47","7","","","",""
"401309889","Arizona","10","California","3","California -7","William Hill (New Jersey)","47","7","","","",""
"401309889","Arizona","10","California","3","California -8.5","Bovada","49","8.5","12","50.5","285","-370"
"401309891","Colorado","37","Oregon State","34","Oregon State -11.5","teamrankings","55.5","11.5","","","",""
"401309891","Colorado","37","Oregon State","34","Oregon State -11.5","consensus","55.5","11.5","","","",""
"401309891","Colorado","37","Oregon State","34","Oregon State -11.5","William Hill (New Jersey)","55.5","11.5","","","",""
"401309891","Colorado","37","Oregon State","34","Oregon State -11.5","Bovada","55","11.5","10.5","54","335","-455"
"401282127","Alabama","59","New Mexico State","3","Alabama -50.5","teamrankings","67","-50.5","","","",""
"401282127","Alabama","59","New Mexico State","3","Alabama -50.5","consensus","67","-50.5","","","",""
"401282127","Alabama","59","New Mexico State","3","Alabama -50","William Hill (New Jersey)","67","-50","","","",""
"401282127","Alabama","59","New Mexico State","3","Alabama -50.0","Bovada","67","-50","-51.5","67","",""
"401309597","Toledo","49","Akron","14","Toledo -28.5","teamrankings","57.5","-28.5","","","",""
"401309597","Toledo","49","Akron","14","Toledo -28.5","consensus","57.5","-28.5","","","",""
"401309597","Toledo","49","Akron","14","Toledo -28.5","William Hill (New Jersey)","57.5","-28.5","","","",""
"401309597","Toledo","49","Akron","14","Toledo -29.0","Bovada","57.5","-29","-28","57.5","",""
"401301040","South Florida","28","Cincinnati","45","Cincinnati -24.5","teamrankings","58.5","24.5","","","",""
"401301040","South Florida","28","Cincinnati","45","Cincinnati -23.5","consensus","58.5","23.5","","","",""
"401301040","South Florida","28","Cincinnati","45","Cincinnati -24","William Hill (New Jersey)","58.5","24","","","",""
"401301040","South Florida","28","Cincinnati","45","Cincinnati -24.0","Bovada","59","24","23.5","59","975","-2100"
"401309622","Texas State","28","Troy","31","Troy -7.5","teamrankings","49","7.5","","","",""
"401309622","Texas State","28","Troy","31","Troy -7.5","consensus","48.5","7.5","","","",""
"401309622","Texas State","28","Troy","31","Troy -7.5","William Hill (New Jersey)","48.5","7.5","","","",""
"401309622","Texas State","28","Troy","31","Troy -7.5","Bovada","48.5","7.5","6","49.5","230","-280"
"401282250","UAB","52","Louisiana Tech","38","UAB -14","teamrankings","49.5","-14","","","",""
"401282250","UAB","52","Louisiana Tech","38","UAB -13.5","consensus","49","-13.5","","","",""
"401282250","UAB","52","Louisiana Tech","38","UAB -14","William Hill (New Jersey)","49","-14","","","",""
"401282250","UAB","52","Louisiana Tech","38","UAB -13.5","Bovada","49","-13.5","-13","50.5","-555","395"
"401301039","Memphis","28","SMU","25","SMU -3.5","teamrankings","72","3.5","","","",""
"401301039","Memphis","28","SMU","25","SMU -3.5","consensus","70.5","3.5","","","",""
"401301039","Memphis","28","SMU","25","SMU -3.5","William Hill (New Jersey)","72","3.5","","","",""
"401301039","Memphis","28","SMU","25","SMU -3.5","Bovada","72","3.5","6.5","71","135","-160"
"401309633","Arkansas State","14","App State","48","App State -21.5","teamrankings","67.5","21.5","","","",""
"401309633","Arkansas State","14","App State","48","App State -21.5","consensus","68","21.5","","","",""
"401309633","Arkansas State","14","App State","48","App State -21.5","William Hill (New Jersey)","68","21.5","","","",""
"401309633","Arkansas State","14","App State","48","App State -21.5","Bovada","68","21.5","20.5","68","800","-1600"
"401309635","Texas State","27","UL Monroe","19","Texas State -3","teamrankings","57.5","-3","","","",""
"401309635","Texas State","27","UL Monroe","19","Texas State -3","consensus","57.5","-3","","","",""
"401309635","Texas State","27","UL Monroe","19","Texas State -3","William Hill (New Jersey)","57.5","-3","","","",""
"401309635","Texas State","27","UL Monroe","19","Texas State -3.5","Bovada","58","-3.5","-3.5","60.5","-165","140"
"401309636","Troy","31","South Alabama","24","Troy -3.5","teamrankings","47.5","-3.5","","","",""
"401309636","Troy","31","South Alabama","24","Troy -3.5","consensus","47.5","-3.5","","","",""
"401309636","Troy","31","South Alabama","24","Troy -3.5","William Hill (New Jersey)","47.5","-3.5","","","",""
"401309636","Troy","31","South Alabama","24","Troy -4.0","Bovada","48","-4","-3","48.5","-180","155"
"401282249","Florida Atlantic","13","Marshall","28","Marshall -1","teamrankings","58","1","","","",""
"401282249","Florida Atlantic","13","Marshall","28","Marshall -1.5","consensus","57.5","1.5","","","",""
"401282249","Florida Atlantic","13","Marshall","28","Marshall -1.5","William Hill (New Jersey)","58","1.5","","","",""
"401282249","Florida Atlantic","13","Marshall","28","Marshall -1.5","Bovada","57.5","1.5","1.5","57.5","105","-120"
"401309634","Georgia Southern","8","Coastal Carolina","28","Coastal Carolina -16","teamrankings","56.5","16","","","",""
"401309634","Georgia Southern","8","Coastal Carolina","28","Coastal Carolina -16","consensus","56.5","16","","","",""
"401309634","Georgia Southern","8","Coastal Carolina","28","Coastal Carolina -16","William Hill (New Jersey)","55.5","16","","","",""
"401309634","Georgia Southern","8","Coastal Carolina","28","Coastal Carolina -16.0","Bovada","56","16","19","61.5","700","-1200"
"401301038","South Florida","42","Houston","54","Houston -13.5","teamrankings","53","13.5","","","",""
"401301038","South Florida","42","Houston","54","Houston -13.5","consensus","53","13.5","","","",""
"401301038","South Florida","42","Houston","54","Houston -13.5","William Hill (New Jersey)","53","13.5","","","",""
"401301038","South Florida","42","Houston","54","Houston -13.0","Bovada","52","13","13","54.5","400","-565"
"401309882","California","39","Oregon State","25","Oregon State -2.5","teamrankings","56.5","2.5","","","",""
"401309882","California","39","Oregon State","25","Oregon State -2","consensus","56.5","2","","","",""
"401309882","California","39","Oregon State","25","Oregon State -2","William Hill (New Jersey)","56.5","2","","","",""
"401309882","California","39","Oregon State","25","Oregon State -2.0","Bovada","55.5","2","1.5","56","105","-125"
"401301037","Cincinnati","28","Tulsa","20","Cincinnati -22.5","teamrankings","56","-22.5","","","",""
"401301037","Cincinnati","28","Tulsa","20","Cincinnati -22.5","consensus","56","-22.5","","","",""
"401301037","Cincinnati","28","Tulsa","20","Cincinnati -22.5","William Hill (New Jersey)","56","-22.5","","","",""
"401301037","Cincinnati","28","Tulsa","20","Cincinnati -22.5","Bovada","56","-22.5","-23","54.5","-2100","975"
"401287937","West Virginia","3","Oklahoma State","24","Oklahoma State -3.5","teamrankings","48.5","3.5","","","",""
"401287937","West Virginia","3","Oklahoma State","24","Oklahoma State -3.5","consensus","49","3.5","","","",""
"401287937","West Virginia","3","Oklahoma State","24","Oklahoma State -3.5","William Hill (New Jersey)","49","3.5","","","",""
"401287937","West Virginia","3","Oklahoma State","24","Oklahoma State -3.5","Bovada","49","3.5","3","49","150","-175"
"401287936","TCU","30","Baylor","28","Baylor -7.5","teamrankings","57","7.5","","","",""
"401287936","TCU","30","Baylor","28","Baylor -7.5","consensus","57","7.5","","","",""
"401287936","TCU","30","Baylor","28","Baylor -7.5","William Hill (New Jersey)","57","7.5","","","",""
"401287936","TCU","30","Baylor","28","Baylor -7.0","Bovada","58","7","5","59","225","-275"
"401287935","Kansas","10","Kansas State","35","Kansas State -24","teamrankings","56","24","","","",""
"401287935","Kansas","10","Kansas State","35","Kansas State -24","consensus","55.5","24","","","",""
"401287935","Kansas","10","Kansas State","35","Kansas State -24","William Hill (New Jersey)","55.5","24","","","",""
"401287935","Kansas","10","Kansas State","35","Kansas State -24.0","Bovada","56","24","23.5","56.5","1050","-2500"
"401282768","Maryland","14","Penn State","31","Penn State -10","teamrankings","56.5","10","","","",""
"401282768","Maryland","14","Penn State","31","Penn State -10","consensus","56.5","10","","","",""
"401282768","Maryland","14","Penn State","31","Penn State -10","William Hill (New Jersey)","56.5","10","","","",""
"401282768","Maryland","14","Penn State","31","Penn State -10.0","Bovada","56","10","11","55","300","-395"
"401286303","Massachusetts","22","Rhode Island","35","Massachusetts -2.5","consensus","55.5","-2.5","","","",""
"401286303","Massachusetts","22","Rhode Island","35","Massachusetts -2.5","William Hill (New Jersey)","55.5","-2.5","","","",""
"401286303","Massachusetts","22","Rhode Island","35","Massachusetts -1.0","Bovada","55","-1","-1","57","-125","105"
"401301036","UCF","14","Tulane","10","UCF -13.5","teamrankings","57","-13.5","","","",""
"401301036","UCF","14","Tulane","10","UCF -13.5","consensus","57","-13.5","","","",""
"401301036","UCF","14","Tulane","10","UCF -13.5","William Hill (New Jersey)","57","-13.5","","","",""
"401301036","UCF","14","Tulane","10","UCF -12.0","Bovada","58.5","-12","-13","59.5","-535","385"
"401287934","Iowa State","30","Texas","7","Iowa State -6","teamrankings","59.5","-6","","","",""
"401287934","Iowa State","30","Texas","7","Iowa State -6","consensus","59.5","-6","","","",""
"401287934","Iowa State","30","Texas","7","Iowa State -6","William Hill (New Jersey)","59.5","-6","","","",""
"401287934","Iowa State","30","Texas","7","Iowa State -6.5","Bovada","59.5","-6.5","-6.5","60","-240","200"
"401282728","Indiana","3","Rutgers","38","Indiana -6.5","teamrankings","42.5","-6.5","","","",""
"401282728","Indiana","3","Rutgers","38","Indiana -6.5","consensus","42.5","-6.5","","","",""
"401282728","Indiana","3","Rutgers","38","Indiana -6.5","Caesars (Pennsylvania)","42.5","-6.5","","","",""
"401282728","Indiana","3","Rutgers","38","Indiana -6.0","Bovada","43","-6","-6.5","43.5","-260","215"
"401287943","Kansas State","10","Baylor","20","Kansas State -2.5","teamrankings","49.5","-2.5","","","",""
"401287943","Kansas State","10","Baylor","20","Kansas State -2.5","consensus","50","-2.5","","","",""
"401287943","Kansas State","10","Baylor","20","Kansas State -2.5","William Hill (New Jersey)","50","-2.5","","","",""
"401287943","Kansas State","10","Baylor","20","Kansas State -2.5","Bovada","50","-2.5","-1","50","-120","-105"
"401282151","Mississippi State","21","Ole Miss","31","Mississippi State -2.5","teamrankings","65","-2.5","","","",""
"401282151","Mississippi State","21","Ole Miss","31","Mississippi State -2","consensus","65","-2","","","",""
"401282151","Mississippi State","21","Ole Miss","31","Mississippi State -2","William Hill (New Jersey)","65","-2","","","",""
"401282151","Mississippi State","21","Ole Miss","31","Mississippi State -2.0","Bovada","65","-2","-1","60.5","-125","105"
"401308842","Kent State","48","Miami (OH)","47","Miami (OH) -0","teamrankings","68","0","","","",""
"401308842","Kent State","48","Miami (OH)","47","Miami (OH) -1.5","consensus","67","1.5","","","",""
"401308842","Kent State","48","Miami (OH)","47","Miami (OH) -0","William Hill (New Jersey)","67","0","","","",""
"401308842","Kent State","48","Miami (OH)","47","Miami (OH) -1.0","Bovada","67","1","-1","65","-105","-120"
"401282057","Arkansas","40","Texas","21","Texas -6","teamrankings","57.5","6","","","",""
"401282057","Arkansas","40","Texas","21","Texas -5.5","numberfire","57.5","5.5","","","",""
"401282057","Arkansas","40","Texas","21","Texas -6","consensus","57.5","6","","","",""
"401282057","Arkansas","40","Texas","21","Texas -6","William Hill (New Jersey)","57.5","6","","","",""
"401282057","Arkansas","40","Texas","21","Texas -7.0","Bovada","56.5","7","6","58.5","215","-260"
"401282058","Auburn","62","Alabama State","0","Auburn -49.5","consensus","60","-49.5","","","",""
"401282058","Auburn","62","Alabama State","0","Auburn -49.5","William Hill (New Jersey)","60","-49.5","","","",""
"401282058","Auburn","62","Alabama State","0","Auburn -49.5","Bovada","61","-49.5","-49.5","60","",""
"401282789","Minnesota","31","Ohio State","45","Ohio State -14","teamrankings","62","14","","","",""
"401282789","Minnesota","31","Ohio State","45","Ohio State -13.5","numberfire","62.5","13.5","","","",""
"401282789","Minnesota","31","Ohio State","45","Ohio State -14","consensus","62","14","","","",""
"401282789","Minnesota","31","Ohio State","45","Ohio State -14","William Hill (New Jersey)","62","14","","","",""
"401282789","Minnesota","31","Ohio State","45","Ohio State -14.0","Bovada","61.5","14","14","66.5","385","-570"
"401328545","Coastal Carolina","52","The Citadel","14","Coastal Carolina -33.5","consensus","54.5","-33.5","","","",""
"401328545","Coastal Carolina","52","The Citadel","14","Coastal Carolina -33","William Hill (New Jersey)","54.5","-33","","","",""
"401328545","Coastal Carolina","52","The Citadel","14","Coastal Carolina -33.5","Bovada","54.5","-33.5","-35","57","",""
"401309540","Ball State","31","Western Illinois","21","Ball State -31","consensus","58.5","-31","","","",""
"401309540","Ball State","31","Western Illinois","21","Ball State -31","William Hill (New Jersey)","58.5","-31","","","",""
"401309540","Ball State","31","Western Illinois","21","Ball State -31.5","Bovada","58.5","-31.5","-32.5","59","",""
"401282607","NC State","45","South Florida","0","NC State -20","teamrankings","58","-20","","","",""
"401282607","NC State","45","South Florida","0","NC State -19.5","numberfire","57.5","-19.5","","","",""
"401282607","NC State","45","South Florida","0","NC State -19","consensus","58","-19","","","",""
"401282607","NC State","45","South Florida","0","NC State -20","William Hill (New Jersey)","58","-20","","","",""
"401282607","NC State","45","South Florida","0","NC State -20.0","Bovada","58","-20","-16.5","60","-1100","650"
"401300993","App State","33","East Carolina","19","App State -9","teamrankings","55.5","-9","","","",""
"401300993","App State","33","East Carolina","19","App State -9.5","numberfire","56.5","-9.5","","","",""
"401300993","App State","33","East Carolina","19","App State -9","consensus","55.5","-9","","","",""
"401300993","App State","33","East Carolina","19","App State -9","William Hill (New Jersey)","56","-9","","","",""
"401300993","App State","33","East Carolina","19","App State -9.5","Bovada","56","-9.5","-13","59.5","-420","310"
"401300994","Tulsa","17","UC Davis","19","Tulsa -22","consensus","54.5","-22","","","",""
"401300994","Tulsa","17","UC Davis","19","Tulsa -22","William Hill (New Jersey)","54.5","-22","","","",""
"401300994","Tulsa","17","UC Davis","19","Tulsa -22.0","Bovada","54.5","-22","-22.5","54.5","",""
"401281952","Tennessee","38","Bowling Green","6","Tennessee -37","teamrankings","60.5","-37","","","",""
"401281952","Tennessee","38","Bowling Green","6","Tennessee -38.5","numberfire","61.5","-38.5","","","",""
"401281952","Tennessee","38","Bowling Green","6","Tennessee -37","consensus","60.5","-37","","","",""
"401281952","Tennessee","38","Bowling Green","6","Tennessee -37","William Hill (New Jersey)","60.5","-37","","","",""
"401281952","Tennessee","38","Bowling Green","6","Tennessee -37.0","Bovada","60.5","-37","-30.5","58.5","",""
"401282180","Western Kentucky","59","UT Martin","21","Western Kentucky -24","William Hill (New Jersey)","58.5","-24","","","",""
"401282822","Rutgers","61","Temple","14","Rutgers -14","teamrankings","52","-14","","","",""
"401282822","Rutgers","61","Temple","14","Rutgers -14.5","numberfire","52.5","-14.5","","","",""
"401282822","Rutgers","61","Temple","14","Rutgers -14","consensus","52","-14","","","",""
"401282822","Rutgers","61","Temple","14","Rutgers -14.5","Caesars (Pennsylvania)","52","-14.5","","","",""
"401282822","Rutgers","61","Temple","14","Rutgers -14.0","Bovada","52","-14","-13","51","-700","450"
"401309542","Buffalo","69","Wagner","7","Buffalo -43.5","consensus","54.5","-43.5","","","",""
"401309542","Buffalo","69","Wagner","7","Buffalo -43.5","William Hill (New Jersey)","54.5","-43.5","","","",""
"401309542","Buffalo","69","Wagner","7","Buffalo -44.0","Bovada","54.5","-44","-43.5","55.5","",""
"401300995","UCF","36","Boise State","31","UCF -6.5","teamrankings","67","-6.5","","","",""
"401300995","UCF","36","Boise State","31","UCF -6.5","numberfire","67.5","-6.5","","","",""
"401300995","UCF","36","Boise State","31","UCF -6.5","consensus","67","-6.5","","","",""
"401300995","UCF","36","Boise State","31","UCF -6","William Hill (New Jersey)","67","-6","","","",""
"401300995","UCF","36","Boise State","31","UCF -6.5","Bovada","67.5","-6.5","-4","70","-225","185"
"401282051","Florida International","48","Long Island University","10","Florida International -35","William Hill (New Jersey)","49","-35","","","",""
"401282051","Florida International","48","Long Island University","10","Florida International -35.0","Bovada","49","-35","-33.5","49.5","",""
"401281942","Miami","13","Alabama","44","Alabama -19.5","teamrankings","61.5","19.5","","","",""
"401281942","Miami","13","Alabama","44","Alabama -19.5","numberfire","61.5","19.5","","","",""
"401281942","Miami","13","Alabama","44","Alabama -19.5","consensus","61.5","19.5","","","",""
"401281942","Miami","13","Alabama","44","Alabama -19.5","William Hill (New Jersey)","61.5","19.5","","","",""
"401281942","Miami","13","Alabama","44","Alabama -19.5","Bovada","61.5","19.5","18.5","64.5","700","-1200"
"401287894","Oklahoma","40","Tulane","35","Oklahoma -31","teamrankings","66.5","-31","","","",""
"401287894","Oklahoma","40","Tulane","35","Oklahoma -31.5","numberfire","66.5","-31.5","","","",""
"401287894","Oklahoma","40","Tulane","35","Oklahoma -31","consensus","66.5","-31","","","",""
"401287894","Oklahoma","40","Tulane","35","Oklahoma -31.5","Bovada","67","-31.5","-22","70","",""
"401300996","Cincinnati","49","Miami (OH)","14","Cincinnati -22.5","teamrankings","49","-22.5","","","",""
"401300996","Cincinnati","49","Miami (OH)","14","Cincinnati -21.5","numberfire","48.5","-21.5","","","",""
"401300996","Cincinnati","49","Miami (OH)","14","Cincinnati -22.5","consensus","49","-22.5","","","",""
"401300996","Cincinnati","49","Miami (OH)","14","Cincinnati -22.5","William Hill (New Jersey)","49","-22.5","","","",""
"401300996","Cincinnati","49","Miami (OH)","14","Cincinnati -22.5","Bovada","49.5","-22.5","-21.5","51","-2100","975"
"401282815","Wisconsin","10","Penn State","16","Wisconsin -5.5","teamrankings","48.5","-5.5","","","",""
"401282815","Wisconsin","10","Penn State","16","Wisconsin -5.5","numberfire","48.5","-5.5","","","",""
"401282815","Wisconsin","10","Penn State","16","Wisconsin -5.5","consensus","49","-5.5","","","",""
"401282815","Wisconsin","10","Penn State","16","Wisconsin -5.5","William Hill (New Jersey)","48.5","-5.5","","","",""
"401282815","Wisconsin","10","Penn State","16","Wisconsin -5.5","Bovada","48.5","-5.5","-4","51.5","-210","175"
"401282723","Iowa","34","Indiana","6","Iowa -3.5","teamrankings","45.5","-3.5","","","",""
"401282723","Iowa","34","Indiana","6","Iowa -3.5","numberfire","46.5","-3.5","","","",""
"401282723","Iowa","34","Indiana","6","Iowa -3.5","consensus","45.5","-3.5","","","",""
"401282723","Iowa","34","Indiana","6","Iowa -3.5","William Hill (New Jersey)","46","-3.5","","","",""
"401282723","Iowa","34","Indiana","6","Iowa -3.5","Bovada","45.5","-3.5","-4","47.5","-180","160"
"401286188","UConn","28","Holy Cross","38","UConn -3","consensus","49.5","-3","","","",""
"401286188","UConn","28","Holy Cross","38","UConn -3","William Hill (New Jersey)","50","-3","","","",""
"401286188","UConn","28","Holy Cross","38","UConn -3.0","Bovada","49.5","-3","-3","51","-150","130"
"401287889","Kansas State","24","Stanford","7","Kansas State -3","teamrankings","54.5","-3","","","",""
"401287889","Kansas State","24","Stanford","7","Kansas State -3.5","numberfire","54.5","-3.5","","","",""
"401287889","Kansas State","24","Stanford","7","Kansas State -3","consensus","54","-3","","","",""
"401287889","Kansas State","24","Stanford","7","Kansas State -3","William Hill (New Jersey)","54","-3","","","",""
"401287889","Kansas State","24","Stanford","7","Kansas State -3.5","Bovada","54","-3.5","","52.5","-160","140"
"401309601","Georgia State","10","Army","43","Georgia State -2.5","teamrankings","50","-2.5","","","",""
"401309601","Georgia State","10","Army","43","Georgia State -2.5","numberfire","49.5","-2.5","","","",""
"401309601","Georgia State","10","Army","43","Georgia State -2.5","consensus","50","-2.5","","","",""
"401309601","Georgia State","10","Army","43","Georgia State -2.5","William Hill (New Jersey)","50","-2.5","","","",""
"401309601","Georgia State","10","Army","43","Georgia State -2.5","Bovada","49.5","-2.5","-3","51.5","-130","110"
"401327913","Nebraska","52","Fordham","7","Nebraska -42","consensus","55","-42","","","",""
"401327913","Nebraska","52","Fordham","7","Nebraska -42","William Hill (New Jersey)","55","-42","","","",""
"401327913","Nebraska","52","Fordham","7","Nebraska -41.5","Bovada","55","-41.5","-43.5","55","",""
"401281943","Arkansas","38","Rice","17","Arkansas -19.5","teamrankings","50","-19.5","","","",""
"401281943","Arkansas","38","Rice","17","Arkansas -19.5","numberfire","49.5","-19.5","","","",""
"401281943","Arkansas","38","Rice","17","Arkansas -19.5","consensus","50","-19.5","","","",""
"401281943","Arkansas","38","Rice","17","Arkansas -19.5","William Hill (New Jersey)","50","-19.5","","","",""
"401281943","Arkansas","38","Rice","17","Arkansas -20.0","Bovada","50","-20","-21.5","51","-1300","725"
"401309838","Oregon","31","Fresno State","24","Oregon -18","teamrankings","62.5","-18","","","",""
"401309838","Oregon","31","Fresno State","24","Oregon -19.5","numberfire","62.5","-19.5","","","",""
"401309838","Oregon","31","Fresno State","24","Oregon -19.5","consensus","63","-19.5","","","",""
"401309838","Oregon","31","Fresno State","24","Oregon -19","William Hill (New Jersey)","62.5","-19","","","",""
"401309838","Oregon","31","Fresno State","24","Oregon -20.0","Bovada","64","-20","-20.5","61.5","-1500","775"
"401282764","Maryland","30","West Virginia","24","West Virginia -2.5","teamrankings","56","2.5","","","",""
"401282764","Maryland","30","West Virginia","24","West Virginia -2.5","numberfire","56.5","2.5","","","",""
"401282764","Maryland","30","West Virginia","24","West Virginia -2.5","consensus","57","2.5","","","",""
"401282764","Maryland","30","West Virginia","24","West Virginia -2.5","William Hill (New Jersey)","57","2.5","","","",""
"401282764","Maryland","30","West Virginia","24","West Virginia -2.5","Bovada","57","2.5","4","55","120","-140"
"401281949","Mississippi State","35","Louisiana Tech","34","Mississippi State -20.5","teamrankings","52.5","-20.5","","","",""
"401281949","Mississippi State","35","Louisiana Tech","34","Mississippi State -21.5","numberfire","52.5","-21.5","","","",""
"401281949","Mississippi State","35","Louisiana Tech","34","Mississippi State -20.5","consensus","53","-20.5","","","",""
"401281949","Mississippi State","35","Louisiana Tech","34","Mississippi State -20.5","William Hill (New Jersey)","53","-20.5","","","",""
"401281949","Mississippi State","35","Louisiana Tech","34","Mississippi State -21.5","Bovada","52.5","-21.5","-27.5","52.5","-2300","1025"
"401281950","Missouri","34","Central Michigan","24","Missouri -13.5","teamrankings","59","-13.5","","","",""
"401281950","Missouri","34","Central Michigan","24","Missouri -13.5","numberfire","58.5","-13.5","","","",""
"401281950","Missouri","34","Central Michigan","24","Missouri -14","consensus","59","-14","","","",""
"401281950","Missouri","34","Central Michigan","24","Missouri -14","William Hill (New Jersey)","59","-14","","","",""
"401281950","Missouri","34","Central Michigan","24","Missouri -14.0","Bovada","59","-14","-11","60.5","-650","425"
"401282612","Pittsburgh","51","Massachusetts","7","Pittsburgh -38","teamrankings","56","-38","","","",""
"401282612","Pittsburgh","51","Massachusetts","7","Pittsburgh -37.5","numberfire","55.5","-37.5","","","",""
"401282612","Pittsburgh","51","Massachusetts","7","Pittsburgh -37.5","consensus","56","-37.5","","","",""
"401282612","Pittsburgh","51","Massachusetts","7","Pittsburgh -37.5","William Hill (New Jersey)","56","-37.5","","","",""
"401282612","Pittsburgh","51","Massachusetts","7","Pittsburgh -37.5","Bovada","56","-37.5","-35.5","56.5","",""
"401286294","Liberty","48","Campbell","7","Liberty -35","consensus","65","-35","","","",""
"401286294","Liberty","48","Campbell","7","Liberty -35","William Hill (New Jersey)","65","-35","","","",""
"401286294","Liberty","48","Campbell","7","Liberty -35.0","Bovada","65","-35","-35","65","",""
"401309600","Georgia Southern","30","Gardner-Webb","25","Georgia Southern -27.5","William Hill (New Jersey)","48","-27.5","","","",""
"401281944","Auburn","60","Akron","10","Auburn -37.5","teamrankings","56.5","-37.5","","","",""
"401281944","Auburn","60","Akron","10","Auburn -37.5","numberfire","55.5","-37.5","","","",""
"401281944","Auburn","60","Akron","10","Auburn -37","consensus","56","-37","","","",""
"401281944","Auburn","60","Akron","10","Auburn -37.5","William Hill (New Jersey)","56","-37.5","","","",""
"401281944","Auburn","60","Akron","10","Auburn -37.0","Bovada","56","-37","-35.5","55","",""
"401281951","South Carolina","46","Eastern Illinois","0","South Carolina -31.5","consensus","55.5","-31.5","","","",""
"401281951","South Carolina","46","Eastern Illinois","0","South Carolina -31","William Hill (New Jersey)","55.5","-31","","","",""
"401281951","South Carolina","46","Eastern Illinois","0","South Carolina -31.5","Bovada","55.5","-31.5","-31.5","55.5","",""
"401282173","Middle Tennessee","50","Monmouth","15","Middle Tennessee -8.5","consensus","58.5","-8.5","","","",""
"401282173","Middle Tennessee","50","Monmouth","15","Middle Tennessee -8.5","Bovada","58","-8.5","-8","55.5","",""
"401301033","East Carolina","29","South Florida","14","East Carolina -9.5","teamrankings","55.5","-9.5","","","",""
"401301033","East Carolina","29","South Florida","14","East Carolina -9.5","consensus","55.5","-9.5","","","",""
"401301033","East Carolina","29","South Florida","14","East Carolina -9.5","William Hill (New Jersey)","55.5","-9.5","","","",""
"401301033","East Carolina","29","South Florida","14","East Carolina -9.5","Bovada","56","-9.5","-9","57","-360","280"
"401301027","Navy","20","Cincinnati","27","Cincinnati -28.5","teamrankings","49.5","28.5","","","",""
"401301027","Navy","20","Cincinnati","27","Cincinnati -28.5","consensus","48.5","28.5","","","",""
"401301027","Navy","20","Cincinnati","27","Cincinnati -28.5","William Hill (New Jersey)","49","28.5","","","",""
"401301027","Navy","20","Cincinnati","27","Cincinnati -29.5","Bovada","49.5","29.5","27","51","1225","-4100"
"401287928","Texas Tech","24","Kansas State","25","Kansas State -1","teamrankings","60.5","1","","","",""
"401287928","Texas Tech","24","Kansas State","25","Kansas State -1","consensus","60.5","1","","","",""
"401287928","Texas Tech","24","Kansas State","25","Kansas State -1","William Hill (New Jersey)","60.5","1","","","",""
"401287928","Texas Tech","24","Kansas State","25","Kansas State -1.0","Bovada","60.5","1","-1","60.5","-105","-115"
"401308838","Ball State","17","Miami (OH)","24","Ball State -3.5","teamrankings","53","-3.5","","","",""
"401308838","Ball State","17","Miami (OH)","24","Ball State -3.5","consensus","53","-3.5","","","",""
"401308838","Ball State","17","Miami (OH)","24","Ball State -3.5","William Hill (New Jersey)","53","-3.5","","","",""
"401308838","Ball State","17","Miami (OH)","24","Ball State -3.5","Bovada","52.5","-3.5","-6.5","51","-180","155"
"401309573","Toledo","34","Western Michigan","15","Western Michigan -1.5","teamrankings","54.5","1.5","","","",""
"401309573","Toledo","34","Western Michigan","15","Western Michigan -1.5","consensus","54.5","1.5","","","",""
"401309573","Toledo","34","Western Michigan","15","Western Michigan -1.5","William Hill (New Jersey)","54.5","1.5","","","",""
"401309573","Toledo","34","Western Michigan","15","Western Michigan -1.5","Bovada","54.5","1.5","3","54.5","105","-125"
"401301028","Houston","31","East Carolina","24","Houston -13.5","teamrankings","56","-13.5","","","",""
"401301028","Houston","31","East Carolina","24","Houston -13.5","consensus","56.5","-13.5","","","",""
"401301028","Houston","31","East Carolina","24","Houston -13.5","William Hill (New Jersey)","56.5","-13.5","","","",""
"401301028","Houston","31","East Carolina","24","Houston -13.5","Bovada","57","-13.5","-13","58","-565","400"
"401301029","South Florida","34","Temple","14","South Florida -1.5","teamrankings","54.5","-1.5","","","",""
"401301029","South Florida","34","Temple","14","South Florida -1.5","consensus","55","-1.5","","","",""
"401301029","South Florida","34","Temple","14","South Florida -1.5","William Hill (New Jersey)","55","-1.5","","","",""
"401301029","South Florida","34","Temple","14","South Florida -1.5","Bovada","55","-1.5","-3.5","57.5","-120","110"
"401287927","TCU","17","West Virginia","29","TCU -5","teamrankings","58","-5","","","",""
"401287927","TCU","17","West Virginia","29","TCU -4.5","consensus","58","-4.5","","","",""
"401287927","TCU","17","West Virginia","29","TCU -4.5","William Hill (New Jersey)","58","-4.5","","","",""
"401287927","TCU","17","West Virginia","29","TCU -4.5","Bovada","57","-4.5","-4.5","58","-200","170"
"401301034","Houston","44","SMU","37","SMU -1","teamrankings","61.5","1","","","",""
"401301034","Houston","44","SMU","37","SMU -1","consensus","61.5","1","","","",""
"401301034","Houston","44","SMU","37","SMU -1","William Hill (New Jersey)","61.5","1","","","",""
"401301034","Houston","44","SMU","37","SMU -0.0","Bovada","61.5","0","-1","62.5","-120",""
"401309578","Buffalo","44","Bowling Green","56","Buffalo -13.5","teamrankings","51.5","-13.5","","","",""
"401309578","Buffalo","44","Bowling Green","56","Buffalo -13.5","consensus","51.5","-13.5","","","",""
"401309578","Buffalo","44","Bowling Green","56","Buffalo -13.5","William Hill (New Jersey)","51.5","-13.5","","","",""
"401309578","Buffalo","44","Bowling Green","56","Buffalo -13.5","Bovada","51.5","-13.5","-12.5","53.5","-565","400"
"401309628","App State","59","UL Monroe","28","App State -26.5","teamrankings","57.5","-26.5","","","",""
"401309628","App State","59","UL Monroe","28","App State -27","consensus","57.5","-27","","","",""
"401309628","App State","59","UL Monroe","28","App State -27","William Hill (New Jersey)","57.5","-27","","","",""
"401309628","App State","59","UL Monroe","28","App State -27.0","Bovada","58","-27","-27","60","-5000","1275"
"401309629","South Alabama","31","Arkansas State","13","South Alabama -9.5","teamrankings","67","-9.5","","","",""
"401309629","South Alabama","31","Arkansas State","13","South Alabama -9","consensus","66","-9","","","",""
"401309629","South Alabama","31","Arkansas State","13","South Alabama -9","William Hill (New Jersey)","66","-9","","","",""
"401309629","South Alabama","31","Arkansas State","13","South Alabama -9.0","Bovada","66","-9","-10","67","-350","275"
"401309630","Georgia Southern","14","Georgia State","21","Georgia State -6","teamrankings","55","6","","","",""
"401309630","Georgia Southern","14","Georgia State","21","Georgia State -6","consensus","55","6","","","",""
"401309630","Georgia Southern","14","Georgia State","21","Georgia State -6","William Hill (New Jersey)","55","6","","","",""
"401309630","Georgia Southern","14","Georgia State","21","Georgia State -6.0","Bovada","55","6","5.5","55","195","-235"
"401310753","San Diego State","27","Boise State","16","Boise State -3","teamrankings","44","3","","","",""
"401310753","San Diego State","27","Boise State","16","Boise State -3","consensus","44.5","3","","","",""
"401310753","San Diego State","27","Boise State","16","Boise State -3","William Hill (New Jersey)","44","3","","","",""
"401310753","San Diego State","27","Boise State","16","Boise State -3.5","Bovada","44.5","3.5","3","44","125","-145"
"401310755","New Mexico","10","Utah State","35","Utah State -17","teamrankings","48","17","","","",""
"401310755","New Mexico","10","Utah State","35","Utah State -17","consensus","48","17","","","",""
"401310755","New Mexico","10","Utah State","35","Utah State -17","William Hill (New Jersey)","48","17","","","",""
"401310755","New Mexico","10","Utah State","35","Utah State -17.0","Bovada","48","17","15.5","49.5","525","-800"
"401282714","Illinois","30","Nebraska","22","Nebraska -7.0","Bovada","52","7","8.5","55","220","-270"
"401282714","Illinois","30","Nebraska","22","Nebraska -6.5","teamrankings","52","6.5","","","",""
"401282714","Illinois","30","Nebraska","22","Nebraska -6.5","numberfire","52.5","6.5","","","",""
"401282714","Illinois","30","Nebraska","22","Nebraska -6.5","consensus","52.5","6.5","","","",""
"401282714","Illinois","30","Nebraska","22","Nebraska -6.5","William Hill (New Jersey)","52.5","6.5","","","",""
"401282052","Charlotte","31","Duke","28","Duke -6.5","Bovada","60","6.5","7.5","60","215","-260"
"401282052","Charlotte","31","Duke","28","Duke -6","teamrankings","60","6","","","",""
"401282052","Charlotte","31","Duke","28","Duke -6.5","numberfire","59.5","6.5","","","",""
"401282052","Charlotte","31","Duke","28","Duke -6.5","consensus","60.5","6.5","","","",""
"401282052","Charlotte","31","Duke","28","Duke -6.5","William Hill (New Jersey)","60","6.5","","","",""
"401281948","UCLA","38","LSU","27","LSU -2.5","Bovada","64","2.5","4","69","125","-145"
"401281948","UCLA","38","LSU","27","LSU -2","teamrankings","64","2","","","",""
"401281948","UCLA","38","LSU","27","LSU -1.5","numberfire","63.5","1.5","","","",""
"401281948","UCLA","38","LSU","27","LSU -2","consensus","63.5","2","","","",""
"401281948","UCLA","38","LSU","27","LSU -1.5","William Hill (New Jersey)","63.5","1.5","","","",""
"401309833","UCLA","44","Hawai'i","10","UCLA -18.0","Bovada","66.5","-18","-14","70.5","-900","550"
"401309833","UCLA","44","Hawai'i","10","UCLA -17.5","teamrankings","67","-17.5","","","",""
"401309833","UCLA","44","Hawai'i","10","UCLA -17.5","numberfire","66.5","-17.5","","","",""
"401309833","UCLA","44","Hawai'i","10","UCLA -17.5","consensus","67","-17.5","","","",""
"401309833","UCLA","44","Hawai'i","10","UCLA -17.5","William Hill (New Jersey)","67","-17.5","","","",""
"401282049","New Mexico State","3","UTEP","30","UTEP -10.0","Bovada","59.5","10","8","54","280","-360"
"401282049","New Mexico State","3","UTEP","30","UTEP -9.5","teamrankings","59","9.5","","","",""
"401282049","New Mexico State","3","UTEP","30","UTEP -9.5","numberfire","58.5","9.5","","","",""
"401282049","New Mexico State","3","UTEP","30","UTEP -9.5","consensus","59.5","9.5","","","",""
"401282049","New Mexico State","3","UTEP","30","UTEP -9.5","William Hill (New Jersey)","59.5","9.5","","","",""
"401282610","Georgia Tech","21","Northern Illinois","22","Georgia Tech -19.0","Bovada","57","-19","-15.5","57","-1200","700"
"401282610","Georgia Tech","21","Northern Illinois","22","Georgia Tech -19","teamrankings","57","-19","","","",""
"401282610","Georgia Tech","21","Northern Illinois","22","Georgia Tech -18.5","numberfire","57.5","-18.5","","","",""
"401282610","Georgia Tech","21","Northern Illinois","22","Georgia Tech -19","consensus","57","-19","","","",""
"401282610","Georgia Tech","21","Northern Illinois","22","Georgia Tech -19","William Hill (New Jersey)","57","-19","","","",""
"401309841","Arizona","16","BYU","24","BYU -12.5","Bovada","53.5","12.5","10","54.5","350","-500"
"401309841","Arizona","16","BYU","24","BYU -13.5","teamrankings","54","13.5","","","",""
"401309841","Arizona","16","BYU","24","BYU -13.5","numberfire","53.5","13.5","","","",""
"401309841","Arizona","16","BYU","24","BYU -13.5","consensus","54","13.5","","","",""
"401309841","Arizona","16","BYU","24","BYU -13.5","William Hill (New Jersey)","54","13.5","","","",""
"401309937","Virginia Tech","17","North Carolina","10","North Carolina -6.0","Bovada","63.5","6","5.5","66","180","-220"
"401309937","Virginia Tech","17","North Carolina","10","North Carolina -5.5","teamrankings","63.5","5.5","","","",""
"401309937","Virginia Tech","17","North Carolina","10","North Carolina -5.5","numberfire","63.5","5.5","","","",""
"401309937","Virginia Tech","17","North Carolina","10","North Carolina -5.5","consensus","63.5","5.5","","","",""
"401309937","Virginia Tech","17","North Carolina","10","North Carolina -5.5","William Hill (New Jersey)","63.5","5.5","","","",""
"401282782","Northwestern","21","Michigan State","38","Northwestern -3.0","Bovada","45","-3","-7","45","-170","150"
"401282782","Northwestern","21","Michigan State","38","Northwestern -3","teamrankings","45.5","-3","","","",""
"401282782","Northwestern","21","Michigan State","38","Northwestern -3.5","numberfire","45.5","-3.5","","","",""
"401282782","Northwestern","21","Michigan State","38","Northwestern -3","consensus","45.5","-3","","","",""
"401282782","Northwestern","21","Michigan State","38","Northwestern -3","William Hill (New Jersey)","45.5","-3","","","",""
"401282608","Wake Forest","42","Old Dominion","10","Wake Forest -33.0","Bovada","61","-33","-32","65","",""
"401282608","Wake Forest","42","Old Dominion","10","Wake Forest -32.5","teamrankings","61.5","-32.5","","","",""
"401282608","Wake Forest","42","Old Dominion","10","Wake Forest -32.5","numberfire","61.5","-32.5","","","",""
"401282608","Wake Forest","42","Old Dominion","10","Wake Forest -32.5","consensus","61.5","-32.5","","","",""
"401282608","Wake Forest","42","Old Dominion","10","Wake Forest -32","William Hill (New Jersey)","61.5","-32","","","",""
"401309834","Utah","40","Weber State","17","Utah -29.5","Bovada","49","-29.5","-30.5","49","",""
"401309834","Utah","40","Weber State","17","Utah -29.5","consensus","48.5","-29.5","","","",""
"401309834","Utah","40","Weber State","17","Utah -29.5","William Hill (New Jersey)","49","-29.5","","","",""
"401309836","Colorado","35","Northern Colorado","7","Colorado -37.5","Bovada","57","-37.5","-38","56","",""
"401309836","Colorado","35","Northern Colorado","7","Colorado -37.5","consensus","56.5","-37.5","","","",""
"401309836","Colorado","35","Northern Colorado","7","Colorado -38","William Hill (New Jersey)","56.5","-38","","","",""
"401282050","Jacksonville State","0","UAB","31","UAB -16.0","Bovada","52","16","16.5","51.5","550","-900"
"401282050","Jacksonville State","0","UAB","31","UAB -16.5","consensus","52","16.5","","","",""
"401282050","Jacksonville State","0","UAB","31","UAB -16","William Hill (New Jersey)","52","16","","","",""
"401310695","Colorado State","23","South Dakota State","42","Colorado State -2.5","Bovada","50.5","-2.5","-3","52","-150","130"
"401310695","Colorado State","23","South Dakota State","42","Colorado State -2.5","consensus","50.5","-2.5","","","",""
"401310695","Colorado State","23","South Dakota State","42","Colorado State -2","William Hill (New Jersey)","50.5","-2","","","",""
"401286187","Fresno State","45","UConn","0","Fresno State -28.0","Bovada","63.5","-28","-27.5","62.5","-5000","1275"
"401286187","Fresno State","45","UConn","0","Fresno State -28","teamrankings","63.5","-28","","","",""
"401286187","Fresno State","45","UConn","0","Fresno State -27.5","numberfire","63.5","-27.5","","","",""
"401286187","Fresno State","45","UConn","0","Fresno State -27.5","consensus","63.5","-27.5","","","",""
"401286187","Fresno State","45","UConn","0","Fresno State -27.5","William Hill (New Jersey)","63.5","-27.5","","","",""
"401287888","Kansas","17","South Dakota","14","Kansas -11.5","Bovada","54","-11.5","-13","55.5","-550","375"
"401287888","Kansas","17","South Dakota","14","Kansas -11.5","consensus","55.5","-11.5","","","",""
"401287888","Kansas","17","South Dakota","14","Kansas -11.5","William Hill (New Jersey)","55","-11.5","","","",""
"401282053","Texas A&M","41","Kent State","10","Texas A&M -29.5","Bovada","67","-29.5","-28.5","66","",""
"401282053","Texas A&M","41","Kent State","10","Texas A&M -29.5","teamrankings","67","-29.5","","","",""
"401282053","Texas A&M","41","Kent State","10","Texas A&M -29.5","numberfire","67.5","-29.5","","","",""
"401282053","Texas A&M","41","Kent State","10","Texas A&M -29.5","consensus","66","-29.5","","","",""
"401282053","Texas A&M","41","Kent State","10","Texas A&M -29.5","William Hill (New Jersey)","66","-29.5","","","",""
"401310693","San José State","45","Southern Utah","14","San José State -28.5","Bovada","57.5","-28.5","-22.5","56.5","",""
"401310693","San José State","45","Southern Utah","14","San José State -28","consensus","57.5","-28","","","",""
"401310693","San José State","45","Southern Utah","14","San José State -28","William Hill (New Jersey)","57.5","-28","","","",""
"401282177","South Alabama","31","Southern Miss","7","South Alabama -2.0","Bovada","57","-2","2.5","55","-125","105"
"401282177","South Alabama","31","Southern Miss","7","South Alabama -2","teamrankings","56.5","-2","","","",""
"401282177","South Alabama","31","Southern Miss","7","South Alabama -2.5","numberfire","56.5","-2.5","","","",""
"401282177","South Alabama","31","Southern Miss","7","South Alabama -2","consensus","56.5","-2","","","",""
"401282177","South Alabama","31","Southern Miss","7","South Alabama -2","William Hill (New Jersey)","56.5","-2","","","",""
"401287890","Oklahoma State","23","Missouri State","16","Oklahoma State -38.0","Bovada","55","-38","-38","55","",""
"401287891","TCU","45","Duquesne","3","TCU -43.0","Bovada","54.5","-43","-43","56","",""
"401287891","TCU","45","Duquesne","3","TCU -42","consensus","54.5","-42","","","",""
"401287891","TCU","45","Duquesne","3","TCU -42","William Hill (New Jersey)","54.5","-42","","","",""
"401282054","Vanderbilt","3","East Tennessee State","23","Vanderbilt -21.0","Bovada","45","-21","-21","44.5","",""
"401282054","Vanderbilt","3","East Tennessee State","23","Vanderbilt -21","consensus","45","-21","","","",""
"401282054","Vanderbilt","3","East Tennessee State","23","Vanderbilt -21","William Hill (New Jersey)","45","-21","","","",""
"401309839","Washington","7","Montana","13","Washington -23.0","Bovada","54","-23","-23","54","",""
"401309839","Washington","7","Montana","13","Washington -22.5","consensus","54","-22.5","","","",""
"401309839","Washington","7","Montana","13","Washington -22.5","William Hill (New Jersey)","54","-22.5","","","",""
"401282613","Virginia","43","William & Mary","0","Virginia -31.0","Bovada","52.5","-31","-31.5","52.5","",""
"401282613","Virginia","43","William & Mary","0","Virginia -30.5","consensus","52.5","-30.5","","","",""
"401282613","Virginia","43","William & Mary","0","Virginia -30.5","William Hill (New Jersey)","52.5","-30.5","","","",""
"401310698","Hawai'i","49","Portland State","35","Hawai'i -26.0","Bovada","57.5","-26","-24.5","57.5","",""
"401282191","Boise State","54","UTEP","13","Boise State -25.0","Bovada","56","-25","-27","55","-4500","1250"
"401282191","Boise State","54","UTEP","13","Boise State -25","teamrankings","56","-25","","","",""
"401282191","Boise State","54","UTEP","13","Boise State -25.5","numberfire","56.5","-25.5","","","",""
"401282191","Boise State","54","UTEP","13","Boise State -25","consensus","56.5","-25","","","",""
"401282191","Boise State","54","UTEP","13","Boise State -25","William Hill (New Jersey)","56.5","-25","","","",""
"401282059","South Florida","20","Florida","42","Florida -29.0","Bovada","58","29","29","56.5","",""
"401282059","South Florida","20","Florida","42","Florida -29","teamrankings","57","29","","","",""
"401282059","South Florida","20","Florida","42","Florida -28.5","numberfire","56.5","28.5","","","",""
"401282059","South Florida","20","Florida","42","Florida -28.5","consensus","57.5","28.5","","","",""
"401282059","South Florida","20","Florida","42","Florida -29","William Hill (New Jersey)","57","29","","","",""
"401282618","Georgia Tech","45","Kennesaw State","17","Georgia Tech -20.0","Bovada","53","-20","-18","53","",""
"401286207","Maryland","62","Howard","0","Maryland -48.0","Bovada","55.5","-48","-48","55.5","",""
"401286207","Maryland","62","Howard","0","Maryland -48.5","consensus","56","-48.5","","","",""
"401286207","Maryland","62","Howard","0","Maryland -48.5","William Hill (New Jersey)","56","-48.5","","","",""
"401287901","Texas Tech","28","Stephen F. Austin","22","Texas Tech -32.0","Bovada","51.5","-32","-31.5","51.5","",""
"401287901","Texas Tech","28","Stephen F. Austin","22","Texas Tech -31.5","consensus","51.5","-31.5","","","",""
"401287901","Texas Tech","28","Stephen F. Austin","22","Texas Tech -32","William Hill (New Jersey)","51.5","-32","","","",""
"401282773","Michigan","31","Washington","10","Michigan -6.5","Bovada","47.5","-6.5","-6","50.5","-270","220"
"401282773","Michigan","31","Washington","10","Michigan -6.5","teamrankings","47.5","-6.5","","","",""
"401282773","Michigan","31","Washington","10","Michigan -6.5","numberfire","47.5","-6.5","","","",""
"401282773","Michigan","31","Washington","10","Michigan -6.5","consensus","47.5","-6.5","","","",""
"401282773","Michigan","31","Washington","10","Michigan -6.5","William Hill (New Jersey)","47.5","-6.5","","","",""
"401309844","Oregon State","45","Hawai'i","27","Oregon State -11.0","Bovada","65","-11","-11","61","-450","325"
"401309844","Oregon State","45","Hawai'i","27","Oregon State -11","teamrankings","65","-11","","","",""
"401309844","Oregon State","45","Hawai'i","27","Oregon State -11.5","numberfire","65.5","-11.5","","","",""
"401309844","Oregon State","45","Hawai'i","27","Oregon State -11","consensus","65","-11","","","",""
"401309844","Oregon State","45","Hawai'i","27","Oregon State -11","William Hill (New Jersey)","65","-11","","","",""
"401301003","Arkansas State","50","Memphis","55","Memphis -5.5","Bovada","64.5","5.5","5.5","64.5","175","-210"
"401301003","Arkansas State","50","Memphis","55","Memphis -5.5","teamrankings","65","5.5","","","",""
"401301003","Arkansas State","50","Memphis","55","Memphis -5.5","numberfire","64.5","5.5","","","",""
"401301003","Arkansas State","50","Memphis","55","Memphis -5.5","consensus","64.5","5.5","","","",""
"401301003","Arkansas State","50","Memphis","55","Memphis -5.5","William Hill (New Jersey)","64.5","5.5","","","",""
"401310703","Nevada","49","Idaho State","10","Nevada -34.0","Bovada","54","-34","-35","54","",""
"401310703","Nevada","49","Idaho State","10","Nevada -35","consensus","56.5","-35","","","",""
"401310703","Nevada","49","Idaho State","10","Nevada -35","William Hill (New Jersey)","56.5","-35","","","",""
"401282615","Clemson","49","South Carolina State","3","Clemson -50.0","Bovada","56","-50","-49","56","",""
"401282615","Clemson","49","South Carolina State","3","Clemson -50.5","consensus","56","-50.5","","","",""
"401282615","Clemson","49","South Carolina State","3","Clemson -50.5","William Hill (New Jersey)","56","-50.5","","","",""
"401282724","Indiana","56","Idaho","14","Indiana -31.5","Bovada","52.5","-31.5","-30.5","52","",""
"401282056","Alabama","48","Mercer","14","Alabama -54.0","Bovada","60.5","-54","-54","60","",""
"401309552","Buffalo","25","Coastal Carolina","28","Coastal Carolina -14.0","Bovada","58","14","10.5","57.5","430","-625"
"401309552","Buffalo","25","Coastal Carolina","28","Coastal Carolina -14","teamrankings","58","14","","","",""
"401309552","Buffalo","25","Coastal Carolina","28","Coastal Carolina -13.5","numberfire","57.5","13.5","","","",""
"401309552","Buffalo","25","Coastal Carolina","28","Coastal Carolina -14","consensus","58","14","","","",""
"401309552","Buffalo","25","Coastal Carolina","28","Coastal Carolina -14","William Hill (New Jersey)","58","14","","","",""
"401282076","Memphis","31","Mississippi State","29","Mississippi State -3.5","Bovada","64","3.5","3","64","150","-175"
"401282076","Memphis","31","Mississippi State","29","Mississippi State -3","teamrankings","63","3","","","",""
"401282076","Memphis","31","Mississippi State","29","Mississippi State -3.5","numberfire","64.5","3.5","","","",""
"401282076","Memphis","31","Mississippi State","29","Mississippi State -3.5","consensus","63.5","3.5","","","",""
"401282076","Memphis","31","Mississippi State","29","Mississippi State -3","William Hill (New Jersey)","63.5","3","","","",""
"401282075","Ole Miss","61","Tulane","21","Ole Miss -14.5","Bovada","77","-14.5","-14","73","-645","440"
"401282075","Ole Miss","61","Tulane","21","Ole Miss -14","teamrankings","77","-14","","","",""
"401282075","Ole Miss","61","Tulane","21","Ole Miss -14.5","numberfire","74.5","-14.5","","","",""
"401282075","Ole Miss","61","Tulane","21","Ole Miss -14","consensus","77","-14","","","",""
"401282075","Ole Miss","61","Tulane","21","Ole Miss -14","William Hill (New Jersey)","77","-14","","","",""
"401282196","Georgia State","20","Charlotte","9","Georgia State -4.5","Bovada","63","-4.5","-2.5","64.5","-195","165"
"401282196","Georgia State","20","Charlotte","9","Georgia State -4.5","teamrankings","62.5","-4.5","","","",""
"401282196","Georgia State","20","Charlotte","9","Georgia State -3.5","numberfire","63.5","-3.5","","","",""
"401282196","Georgia State","20","Charlotte","9","Georgia State -4.5","consensus","63","-4.5","","","",""
"401282196","Georgia State","20","Charlotte","9","Georgia State -4.5","William Hill (New Jersey)","63","-4.5","","","",""
"401282074","LSU","49","Central Michigan","21","LSU -19.5","Bovada","61","-19.5","-20.5","61.5","-1300","725"
"401282074","LSU","49","Central Michigan","21","LSU -19.5","teamrankings","61","-19.5","","","",""
"401282074","LSU","49","Central Michigan","21","LSU -19.5","numberfire","60.5","-19.5","","","",""
"401282074","LSU","49","Central Michigan","21","LSU -19.5","consensus","60.5","-19.5","","","",""
"401282074","LSU","49","Central Michigan","21","LSU -19.5","William Hill (New Jersey)","60.5","-19.5","","","",""
"401282073","Kentucky","28","Chattanooga","23","Kentucky -33.5","Bovada","48","-33.5","-32","47.5","",""
"401282073","Kentucky","28","Chattanooga","23","Kentucky -33.5","consensus","47.5","-33.5","","","",""
"401282073","Kentucky","28","Chattanooga","23","Kentucky -33","William Hill (New Jersey)","48","-33","","","",""
"401309851","Oregon State","42","Idaho","0","Oregon State -28.0","Bovada","63.5","-28","-28","64","",""
"401282197","Texas Tech","54","Florida International","21","Texas Tech -20.0","Bovada","54","-20","-21","55.5","-1500","775"
"401282197","Texas Tech","54","Florida International","21","Texas Tech -20.5","teamrankings","54","-20.5","","","",""
"401282197","Texas Tech","54","Florida International","21","Texas Tech -20.5","numberfire","53.5","-20.5","","","",""
"401282197","Texas Tech","54","Florida International","21","Texas Tech -20.5","consensus","54","-20.5","","","",""
"401282197","Texas Tech","54","Florida International","21","Texas Tech -20.5","William Hill (New Jersey)","54","-20.5","","","",""
"401282198","Florida Atlantic","45","Fordham","14","Florida Atlantic -31.0","Bovada","50.5","-31","-32","48","",""
"401282198","Florida Atlantic","45","Fordham","14","Florida Atlantic -31","consensus","51.5","-31","","","",""
"401282198","Florida Atlantic","45","Fordham","14","Florida Atlantic -31","William Hill (New Jersey)","51.5","-31","","","",""
"401282716","Purdue","13","Illinois","9","Purdue -11.0","Bovada","53","-11","-11","55","-455","335"
"401282716","Purdue","13","Illinois","9","Purdue -10.5","teamrankings","53.5","-10.5","","","",""
"401282716","Purdue","13","Illinois","9","Purdue -10.5","consensus","53.5","-10.5","","","",""
"401282716","Purdue","13","Illinois","9","Purdue -10.5","William Hill (New Jersey)","53","-10.5","","","",""
"401282643","NC State","27","Clemson","21","Clemson -10.5","Bovada","47.5","10.5","10","47","290","-380"
"401282643","NC State","27","Clemson","21","Clemson -10.5","teamrankings","46.5","10.5","","","",""
"401282643","NC State","27","Clemson","21","Clemson -10.5","consensus","47.5","10.5","","","",""
"401282643","NC State","27","Clemson","21","Clemson -10.5","William Hill (New Jersey)","47.5","10.5","","","",""
"401282811","Ohio State","59","Akron","7","Ohio State -48.0","Bovada","66.5","-48","-50","67.5","",""
"401282811","Ohio State","59","Akron","7","Ohio State -48.5","teamrankings","66.5","-48.5","","","",""
"401282811","Ohio State","59","Akron","7","Ohio State -48.5","consensus","66.5","-48.5","","","",""
"401282811","Ohio State","59","Akron","7","Ohio State -48","William Hill (New Jersey)","66.5","-48","","","",""
"401282641","Georgia Tech","45","North Carolina","22","North Carolina -14.0","Bovada","65","14","12","63","395","-555"
"401282641","Georgia Tech","45","North Carolina","22","North Carolina -14.5","teamrankings","66","14.5","","","",""
"401282641","Georgia Tech","45","North Carolina","22","North Carolina -14.5","consensus","65.5","14.5","","","",""
"401282641","Georgia Tech","45","North Carolina","22","North Carolina -14.5","William Hill (New Jersey)","65","14.5","","","",""
"401282792","Minnesota","10","Bowling Green","14","Minnesota -31.0","Bovada","51","-31","-31","50.5","",""
"401282792","Minnesota","10","Bowling Green","14","Minnesota -30.5","teamrankings","52.5","-30.5","","","",""
"401282792","Minnesota","10","Bowling Green","14","Minnesota -30.5","consensus","51","-30.5","","","",""
"401282792","Minnesota","10","Bowling Green","14","Minnesota -30.5","William Hill (New Jersey)","51","-30.5","","","",""
"401282784","Michigan State","23","Nebraska","20","Michigan State -4.0","Bovada","54","-4","-4","51","-200","170"
"401282784","Michigan State","23","Nebraska","20","Michigan State -3.5","teamrankings","55","-3.5","","","",""
"401282784","Michigan State","23","Nebraska","20","Michigan State -3.5","consensus","55","-3.5","","","",""
"401282784","Michigan State","23","Nebraska","20","Michigan State -3.5","William Hill (New Jersey)","54.5","-3.5","","","",""
"401282765","Maryland","37","Kent State","16","Maryland -13.5","Bovada","71","-13.5","-14.5","66.5","-635","435"
"401282765","Maryland","37","Kent State","16","Maryland -13","teamrankings","71.5","-13","","","",""
"401282765","Maryland","37","Kent State","16","Maryland -13","consensus","71.5","-13","","","",""
"401282765","Maryland","37","Kent State","16","Maryland -13","William Hill (New Jersey)","71.5","-13","","","",""
"401282214","Western Kentucky","31","Indiana","33","Indiana -9.0","Bovada","64","9","9.5","62.5","280","-360"
"401282214","Western Kentucky","31","Indiana","33","Indiana -9.5","teamrankings","62.5","9.5","","","",""
"401282214","Western Kentucky","31","Indiana","33","Indiana -9.5","consensus","62.5","9.5","","","",""
"401282214","Western Kentucky","31","Indiana","33","Indiana -9.5","William Hill (New Jersey)","63","9.5","","","",""
"401282213","Memphis","28","UTSA","31","Memphis -3.0","Bovada","66.5","-3","-3.5","64.5","-150","130"
"401282213","Memphis","28","UTSA","31","Memphis -3","teamrankings","66.5","-3","","","",""
"401282213","Memphis","28","UTSA","31","Memphis -3","consensus","66.5","-3","","","",""
"401282213","Memphis","28","UTSA","31","Memphis -3","William Hill (New Jersey)","66.5","-3","","","",""
"401286301","Coastal Carolina","53","Massachusetts","3","Coastal Carolina -36.0","Bovada","66","-36","-35.5","67","",""
"401286301","Coastal Carolina","53","Massachusetts","3","Coastal Carolina -36","teamrankings","66","-36","","","",""
"401286301","Coastal Carolina","53","Massachusetts","3","Coastal Carolina -36","consensus","66","-36","","","",""
"401286301","Coastal Carolina","53","Massachusetts","3","Coastal Carolina -36","William Hill (New Jersey)","66","-36","","","",""
"401282707","Wisconsin","13","Notre Dame","41","Wisconsin -6.0","Bovada","44","-6","-5.5","46.5","-225","185"
"401282707","Wisconsin","13","Notre Dame","41","Wisconsin -6","teamrankings","43.5","-6","","","",""
"401282707","Wisconsin","13","Notre Dame","41","Wisconsin -6","consensus","44","-6","","","",""
"401282707","Wisconsin","13","Notre Dame","41","Wisconsin -6","William Hill (New Jersey)","44","-6","","","",""
"401282775","Michigan","20","Rutgers","13","Michigan -20.0","Bovada","50","-20","-18.5","53","-1300","725"
"401282775","Michigan","20","Rutgers","13","Michigan -20","teamrankings","50","-20","","","",""
"401282775","Michigan","20","Rutgers","13","Michigan -20.5","consensus","50","-20.5","","","",""
"401282775","Michigan","20","Rutgers","13","Michigan -20.5","Caesars (Pennsylvania)","50","-20.5","","","",""
"401287910","TCU","34","SMU","42","TCU -9.5","Bovada","65.5","-9.5","-10","64","-380","290"
"401287910","TCU","34","SMU","42","TCU -8","teamrankings","66","-8","","","",""
"401287910","TCU","34","SMU","42","TCU -9.5","consensus","65.5","-9.5","","","",""
"401287910","TCU","34","SMU","42","TCU -9.5","William Hill (New Jersey)","65.5","-9.5","","","",""
"401282639","Duke","52","Kansas","33","Duke -16.0","Bovada","57.5","-16","-15","58","-750","500"
"401282639","Duke","52","Kansas","33","Duke -16.5","teamrankings","57.5","-16.5","","","",""
"401282639","Duke","52","Kansas","33","Duke -16.5","consensus","57.5","-16.5","","","",""
"401282639","Duke","52","Kansas","33","Duke -16","William Hill (New Jersey)","57.5","-16","","","",""
"401282805","Northwestern","35","Ohio","6","Northwestern -14.0","Bovada","47.5","-14","-15","47","-665","450"
"401282805","Northwestern","35","Ohio","6","Northwestern -13.5","teamrankings","47.5","-13.5","","","",""
"401282805","Northwestern","35","Ohio","6","Northwestern -13.5","consensus","47.5","-13.5","","","",""
"401282805","Northwestern","35","Ohio","6","Northwestern -13.5","William Hill (New Jersey)","47.5","-13.5","","","",""
"401282642","Miami","69","Central Connecticut","0","Miami -46.5","Bovada","55.5","-46.5","-44","55.5","",""
"401282642","Miami","69","Central Connecticut","0","Miami -46","consensus","55.5","-46","","","",""
"401282642","Miami","69","Central Connecticut","0","Miami -46","William Hill (New Jersey)","55.5","-46","","","",""
"401282210","Rice","48","Texas Southern","34","Rice -37.5","Bovada","53.5","-37.5","-34","53.5","",""
"401282210","Rice","48","Texas Southern","34","Rice -37","consensus","53.5","-37","","","",""
"401282210","Rice","48","Texas Southern","34","Rice -37","William Hill (New Jersey)","53.5","-37","","","",""
"401282756","Iowa","24","Colorado State","14","Iowa -23.5","Bovada","44","-23.5","-22.5","44.5","-2500","1050"
"401282756","Iowa","24","Colorado State","14","Iowa -24","teamrankings","43.5","-24","","","",""
"401282756","Iowa","24","Colorado State","14","Iowa -23.5","consensus","43.5","-23.5","","","",""
"401282756","Iowa","24","Colorado State","14","Iowa -23.5","William Hill (New Jersey)","44","-23.5","","","",""
"401282640","Florida State","23","Louisville","31","Louisville -1.0","Bovada","60.5","1","2.5","61","120","-120"
"401282640","Florida State","23","Louisville","31","Florida State -1.5","teamrankings","61","-1.5","","","",""
"401282640","Florida State","23","Louisville","31","Florida State -1.5","consensus","61","-1.5","","","",""
"401282640","Florida State","23","Louisville","31","Florida State -1","William Hill (New Jersey)","60.5","-1","","","",""
"401287911","Texas","70","Texas Tech","35","Texas -9.0","Bovada","63","-9","-10","61","-370","285"
"401287911","Texas","70","Texas Tech","35","Texas -9","teamrankings","63","-9","","","",""
"401287911","Texas","70","Texas Tech","35","Texas -9","consensus","62.5","-9","","","",""
"401287911","Texas","70","Texas Tech","35","Texas -9","William Hill (New Jersey)","62.5","-9","","","",""
"401282212","UTEP","20","New Mexico","13","New Mexico -2.0","Bovada","54","2","-1.5","53.5","110","-130"
"401282212","UTEP","20","New Mexico","13","New Mexico -2.5","teamrankings","53.5","2.5","","","",""
"401282212","UTEP","20","New Mexico","13","New Mexico -2.5","consensus","54","2.5","","","",""
"401282212","UTEP","20","New Mexico","13","New Mexico -2.5","William Hill (New Jersey)","54.5","2.5","","","",""
"401301008","Houston","28","Navy","20","Houston -19.0","Bovada","47","-19","-20","49","-1300","725"
"401301008","Houston","28","Navy","20","Houston -20","teamrankings","47","-20","","","",""
"401301008","Houston","28","Navy","20","Houston -20","consensus","47","-20","","","",""
"401301008","Houston","28","Navy","20","Houston -20","William Hill (New Jersey)","47","-20","","","",""
"401286190","UConn","22","Wyoming","24","Wyoming -31.5","Bovada","53.5","31.5","30","56","",""
"401286190","UConn","22","Wyoming","24","Wyoming -31.5","teamrankings","53.5","31.5","","","",""
"401286190","UConn","22","Wyoming","24","Wyoming -31.5","consensus","53.5","31.5","","","",""
"401286190","UConn","22","Wyoming","24","Wyoming -31","William Hill (New Jersey)","53.5","31","","","",""
"401282645","Virginia Tech","21","Richmond","10","Virginia Tech -29.0","Bovada","50","-29","-29.5","50.5","",""
"401282645","Virginia Tech","21","Richmond","10","Virginia Tech -29","consensus","50","-29","","","",""
"401282645","Virginia Tech","21","Richmond","10","Virginia Tech -29","William Hill (New Jersey)","50","-29","","","",""
"401282211","Tulane","21","UAB","28","Tulane -3.0","Bovada","54.5","-3","-4","56.5","-160","135"
"401282211","Tulane","21","UAB","28","Tulane -2.5","teamrankings","55","-2.5","","","",""
"401282211","Tulane","21","UAB","28","Tulane -2.5","consensus","54.5","-2.5","","","",""
"401282211","Tulane","21","UAB","28","Tulane -2.5","William Hill (New Jersey)","54.5","-2.5","","","",""
"401282644","Pittsburgh","77","New Hampshire","7","Pittsburgh -29.0","Bovada","53","-29","-29","54","",""
"401282644","Pittsburgh","77","New Hampshire","7","Pittsburgh -29","consensus","53","-29","","","",""
"401282644","Pittsburgh","77","New Hampshire","7","Pittsburgh -29","William Hill (New Jersey)","53","-29","","","",""
"401287909","Oklahoma State","31","Kansas State","20","Oklahoma State -5.0","Bovada","47.5","-5","-7.5","45.5","-210","175"
"401287909","Oklahoma State","31","Kansas State","20","Oklahoma State -6","teamrankings","47.5","-6","","","",""
"401287909","Oklahoma State","31","Kansas State","20","Oklahoma State -6","consensus","47.5","-6","","","",""
"401287909","Oklahoma State","31","Kansas State","20","Oklahoma State -6","William Hill (New Jersey)","47.5","-6","","","",""
"401301009","BYU","35","South Florida","27","BYU -23.5","Bovada","54","-23.5","-23.5","52","-2300","1025"
"401301009","BYU","35","South Florida","27","BYU -23.5","teamrankings","54.5","-23.5","","","",""
"401301009","BYU","35","South Florida","27","BYU -23.5","consensus","54.5","-23.5","","","",""
"401301009","BYU","35","South Florida","27","BYU -24","William Hill (New Jersey)","54.5","-24","","","",""
"401301007","East Carolina","31","Charleston Southern","28","East Carolina -24.0","Bovada","59","-24","-25.5","59.5","",""
"401301007","East Carolina","31","Charleston Southern","28","East Carolina -24.5","consensus","59","-24.5","","","",""
"401301007","East Carolina","31","Charleston Southern","28","East Carolina -24.5","William Hill (New Jersey)","59","-24.5","","","",""
"401282648","Florida State","33","Syracuse","30","Florida State -5.5","Bovada","51","-5.5","-4.5","52","-220","180"
"401282648","Florida State","33","Syracuse","30","Florida State -5.5","teamrankings","50","-5.5","","","",""
"401282648","Florida State","33","Syracuse","30","Florida State -5.5","consensus","50.5","-5.5","","","",""
"401282648","Florida State","33","Syracuse","30","Florida State -5.5","William Hill (New Jersey)","50","-5.5","","","",""
"401282220","NC State","34","Louisiana Tech","27","NC State -18.0","Bovada","56","-18","-19.5","55","-1100","650"
"401282220","NC State","34","Louisiana Tech","27","NC State -18.5","teamrankings","56","-18.5","","","",""
"401282220","NC State","34","Louisiana Tech","27","NC State -17.5","consensus","56","-17.5","","","",""
"401282220","NC State","34","Louisiana Tech","27","NC State -17.5","William Hill (New Jersey)","56","-17.5","","","",""
"401282219","Illinois","24","Charlotte","14","Illinois -10.0","Bovada","54","-10","-9.5","54.5","-415","310"
"401282219","Illinois","24","Charlotte","14","Illinois -10","teamrankings","54","-10","","","",""
"401282219","Illinois","24","Charlotte","14","Illinois -10.5","consensus","54","-10.5","","","",""
"401282219","Illinois","24","Charlotte","14","Illinois -10","William Hill (New Jersey)","54","-10","","","",""
"401282216","Middle Tennessee","34","Marshall","28","Marshall -11.5","Bovada","66","11.5","10","64.5","300","-395"
"401282216","Middle Tennessee","34","Marshall","28","Marshall -11","teamrankings","66","11","","","",""
"401282216","Middle Tennessee","34","Marshall","28","Marshall -10.5","consensus","65.5","10.5","","","",""
"401282216","Middle Tennessee","34","Marshall","28","Marshall -11","William Hill (New Jersey)","65.5","11","","","",""
"401282217","UTEP","28","Old Dominion","21","UTEP -5.5","Bovada","48.5","-5.5","-4","49.5","-230","190"
"401282217","UTEP","28","Old Dominion","21","UTEP -5.5","teamrankings","48.5","-5.5","","","",""
"401282217","UTEP","28","Old Dominion","21","UTEP -5.5","consensus","48.5","-5.5","","","",""
"401282217","UTEP","28","Old Dominion","21","UTEP -5.5","William Hill (New Jersey)","48.5","-5.5","","","",""
"401282222","UTSA","24","UNLV","17","UTSA -21.5","Bovada","55.5","-21.5","-20","56.5","-1500","775"
"401282222","UTSA","24","UNLV","17","UTSA -21.5","teamrankings","55.5","-21.5","","","",""
"401282222","UTSA","24","UNLV","17","UTSA -21.5","consensus","55.5","-21.5","","","",""
"401282222","UTSA","24","UNLV","17","UTSA -21.5","William Hill (New Jersey)","55.5","-21.5","","","",""
"401282218","Rice","24","Southern Miss","19","Rice -1.0","Bovada","45","-1","-3","45.5","-125","105"
"401282218","Rice","24","Southern Miss","19","Rice -1.5","teamrankings","45","-1.5","","","",""
"401282218","Rice","24","Southern Miss","19","Rice -1.5","consensus","44.5","-1.5","","","",""
"401282218","Rice","24","Southern Miss","19","Rice -1","William Hill (New Jersey)","45","-1","","","",""
"401282647","Clemson","19","Boston College","13","Clemson -14.5","Bovada","46","-14.5","-16","46.5","-655","445"
"401282647","Clemson","19","Boston College","13","Clemson -14.5","teamrankings","46.5","-14.5","","","",""
"401282647","Clemson","19","Boston College","13","Clemson -14.5","consensus","46.5","-14.5","","","",""
"401282647","Clemson","19","Boston College","13","Clemson -14.5","William Hill (New Jersey)","46.5","-14.5","","","",""
"401282223","Michigan State","48","Western Kentucky","31","Michigan State -11.0","Bovada","66.5","-11","-10","60","-420","315"
"401282223","Michigan State","48","Western Kentucky","31","Michigan State -10.5","teamrankings","66.5","-10.5","","","",""
"401282223","Michigan State","48","Western Kentucky","31","Michigan State -10.5","consensus","66.5","-10.5","","","",""
"401282223","Michigan State","48","Western Kentucky","31","Michigan State -10.5","William Hill (New Jersey)","66.5","-10.5","","","",""
"401282215","Florida Atlantic","58","Florida International","21","Florida Atlantic -10.5","Bovada","52","-10.5","-10.5","51.5","-415","310"
"401282215","Florida Atlantic","58","Florida International","21","Florida Atlantic -10.5","teamrankings","52","-10.5","","","",""
"401282215","Florida Atlantic","58","Florida International","21","Florida Atlantic -10.5","consensus","52","-10.5","","","",""
"401282215","Florida Atlantic","58","Florida International","21","Florida Atlantic -10.5","William Hill (New Jersey)","52","-10.5","","","",""
"401282102","Tennessee","45","South Carolina","20","Tennessee -11.0","Bovada","56.5","-11","-10","53","-420","315"
"401282102","Tennessee","45","South Carolina","20","Tennessee -10.5","teamrankings","57","-10.5","","","",""
"401282102","Tennessee","45","South Carolina","20","Tennessee -10.5","consensus","56.5","-10.5","","","",""
"401282102","Tennessee","45","South Carolina","20","Tennessee -10.5","William Hill (New Jersey)","56.5","-10.5","","","",""
"401282101","Missouri","48","North Texas","35","Missouri -19.0","Bovada","69.5","-19","-20","66.5","-1100","650"
"401282101","Missouri","48","North Texas","35","Missouri -18.5","teamrankings","69","-18.5","","","",""
"401282101","Missouri","48","North Texas","35","Missouri -18.5","consensus","69","-18.5","","","",""
"401282101","Missouri","48","North Texas","35","Missouri -18.5","William Hill (New Jersey)","69","-18.5","","","",""
"401282225","UAB","31","Florida Atlantic","14","UAB -3.5","Bovada","49","-3.5","-6","49","-180","155"
"401282225","UAB","31","Florida Atlantic","14","UAB -3.5","teamrankings","48.5","-3.5","","","",""
"401282225","UAB","31","Florida Atlantic","14","UAB -3.5","consensus","49","-3.5","","","",""
"401282225","UAB","31","Florida Atlantic","14","UAB -3.5","William Hill (New Jersey)","49","-3.5","","","",""
"401282229","Liberty","41","Middle Tennessee","13","Liberty -19.5","Bovada","58.5","-19.5","-19.5","58","-1300","725"
"401282229","Liberty","41","Middle Tennessee","13","Liberty -20","teamrankings","59","-20","","","",""
"401282229","Liberty","41","Middle Tennessee","13","Liberty -20","consensus","59","-20","","","",""
"401282229","Liberty","41","Middle Tennessee","13","Liberty -20","William Hill (New Jersey)","58.5","-20","","","",""
"401282653","Louisville","33","Virginia","34","Louisville -2.5","Bovada","70","-2.5","-3","65.5","-135","115"
"401282653","Louisville","33","Virginia","34","Louisville -2.5","teamrankings","69.5","-2.5","","","",""
"401282653","Louisville","33","Virginia","34","Louisville -2.5","consensus","69.5","-2.5","","","",""
"401282653","Louisville","33","Virginia","34","Louisville -2.5","William Hill (New Jersey)","69.5","-2.5","","","",""
"401282654","North Carolina","25","Florida State","35","North Carolina -17.5","Bovada","64.5","-17.5","-16.5","63.5","-900","575"
"401282654","North Carolina","25","Florida State","35","North Carolina -17.5","teamrankings","64.5","-17.5","","","",""
"401282654","North Carolina","25","Florida State","35","North Carolina -17.5","consensus","64.5","-17.5","","","",""
"401282654","North Carolina","25","Florida State","35","North Carolina -17.5","William Hill (New Jersey)","64.5","-17.5","","","",""
"401282652","Duke","27","Georgia Tech","31","Georgia Tech -4.5","Bovada","60.5","4.5","3","59","165","-195"
"401282652","Duke","27","Georgia Tech","31","Georgia Tech -4.5","teamrankings","60.5","4.5","","","",""
"401282652","Duke","27","Georgia Tech","31","Georgia Tech -4.5","consensus","60.5","4.5","","","",""
"401282652","Duke","27","Georgia Tech","31","Georgia Tech -4.5","William Hill (New Jersey)","60.5","4.5","","","",""
"401282228","Western Kentucky","46","UTSA","52","Western Kentucky -3.5","Bovada","71.5","-3.5","-3","68.5","-165","140"
"401282228","Western Kentucky","46","UTSA","52","Western Kentucky -3.5","teamrankings","71","-3.5","","","",""
"401282228","Western Kentucky","46","UTSA","52","Western Kentucky -3.5","consensus","71.5","-3.5","","","",""
"401282228","Western Kentucky","46","UTSA","52","Western Kentucky -3.5","William Hill (New Jersey)","71","-3.5","","","",""
"401309563","Western Michigan","20","Ball State","45","Western Michigan -12.5","Bovada","57.5","-12.5","-11","56.5","-500","360"
"401309563","Western Michigan","20","Ball State","45","Western Michigan -13","teamrankings","57.5","-13","","","",""
"401309563","Western Michigan","20","Ball State","45","Western Michigan -12.5","consensus","57.5","-12.5","","","",""
"401309563","Western Michigan","20","Ball State","45","Western Michigan -12.5","William Hill (New Jersey)","57.5","-12.5","","","",""
"401310717","Nevada","55","New Mexico State","28","Nevada -28.0","Bovada","64","-28","-33.5","61.5","",""
"401310717","Nevada","55","New Mexico State","28","Nevada -28.5","teamrankings","64.5","-28.5","","","",""
"401310717","Nevada","55","New Mexico State","28","Nevada -28.5","consensus","65","-28.5","","","",""
"401310717","Nevada","55","New Mexico State","28","Nevada -28.5","William Hill (New Jersey)","65","-28.5","","","",""
"401287919","Texas Tech","31","TCU","52","TCU -2.5","Bovada","60.5","2.5","2","62","110","-130"
"401287919","Texas Tech","31","TCU","52","TCU -2.5","teamrankings","60","2.5","","","",""
"401287919","Texas Tech","31","TCU","52","TCU -2.5","consensus","60.5","2.5","","","",""
"401287919","Texas Tech","31","TCU","52","TCU -2.5","William Hill (New Jersey)","60.5","2.5","","","",""
"401301020","Tulsa","35","Memphis","29","Tulsa -3.0","Bovada","60.5","-3","-4","62.5","-160","135"
"401301020","Tulsa","35","Memphis","29","Tulsa -3","teamrankings","60.5","-3","","","",""
"401301020","Tulsa","35","Memphis","29","Tulsa -3","consensus","60.5","-3","","","",""
"401301020","Tulsa","35","Memphis","29","Tulsa -3","William Hill (New Jersey)","60.5","-3","","","",""
"401282227","Southern Miss","13","UTEP","26","UTEP -2.0","Bovada","45.5","2","-1","45.5","105","-125"
"401282227","Southern Miss","13","UTEP","26","UTEP -1","teamrankings","46.5","1","","","",""
"401282227","Southern Miss","13","UTEP","26","UTEP -1.5","consensus","46","1.5","","","",""
"401282227","Southern Miss","13","UTEP","26","UTEP -1","William Hill (New Jersey)","46.5","1","","","",""
"401282226","Marshall","20","Old Dominion","13","Marshall -21.0","Bovada","62.5","-21","-19.5","64","-1400","750"
"401282226","Marshall","20","Old Dominion","13","Marshall -21.5","teamrankings","62","-21.5","","","",""
"401282226","Marshall","20","Old Dominion","13","Marshall -21","consensus","62.5","-21","","","",""
"401282226","Marshall","20","Old Dominion","13","Marshall -21","William Hill (New Jersey)","62.5","-21","","","",""
"401287918","Texas","48","Oklahoma","55","Oklahoma -4.0","Bovada","66","4","3.5","63.5","130","-150"
"401287918","Texas","48","Oklahoma","55","Oklahoma -4","teamrankings","65.5","4","","","",""
"401287918","Texas","48","Oklahoma","55","Oklahoma -4","consensus","65","4","","","",""
"401287918","Texas","48","Oklahoma","55","Oklahoma -4","William Hill (New Jersey)","65.5","4","","","",""
"401301019","UCF","20","East Carolina","16","UCF -10.0","Bovada","65.5","-10","-10","68","-380","290"
"401301019","UCF","20","East Carolina","16","UCF -10","teamrankings","65","-10","","","",""
"401301019","UCF","20","East Carolina","16","UCF -10","consensus","65.5","-10","","","",""
"401301019","UCF","20","East Carolina","16","UCF -10","William Hill (New Jersey)","65","-10","","","",""
"401282660","Virginia","48","Duke","0","Virginia -10.5","Bovada","69.5","-10.5","-11.5","69","-430","320"
"401282660","Virginia","48","Duke","0","Virginia -10.5","teamrankings","69.5","-10.5","","","",""
"401282660","Virginia","48","Duke","0","Virginia -10.5","consensus","69.5","-10.5","","","",""
"401282660","Virginia","48","Duke","0","Virginia -10.5","William Hill (New Jersey)","69.5","-10.5","","","",""
"401309620","Louisiana","41","App State","13","App State -4.5","Bovada","58","4.5","3.5","54.5","170","-200"
"401309620","Louisiana","41","App State","13","App State -4.5","teamrankings","57.5","4.5","","","",""
"401309620","Louisiana","41","App State","13","App State -4","consensus","57.5","4","","","",""
"401309620","Louisiana","41","App State","13","App State -4","William Hill (New Jersey)","57.5","4","","","",""
"401282661","Virginia Tech","7","Pittsburgh","28","Pittsburgh -6.5","Bovada","56","6.5","4.5","57","175","-210"
"401282661","Virginia Tech","7","Pittsburgh","28","Pittsburgh -6","teamrankings","55.5","6","","","",""
"401282661","Virginia Tech","7","Pittsburgh","28","Pittsburgh -6.5","consensus","56","6.5","","","",""
"401282661","Virginia Tech","7","Pittsburgh","28","Pittsburgh -6","William Hill (New Jersey)","55.5","6","","","",""
"401282731","Indiana","15","Michigan State","20","Michigan State -4.0","Bovada","48","4","3.5","52","160","-185"
"401282731","Indiana","15","Michigan State","20","Michigan State -3.5","teamrankings","48.5","3.5","","","",""
"401282731","Indiana","15","Michigan State","20","Michigan State -3.5","consensus","48.5","3.5","","","",""
"401282731","Indiana","15","Michigan State","20","Michigan State -3.5","William Hill (New Jersey)","48.5","3.5","","","",""
"401282796","Minnesota","30","Nebraska","23","Nebraska -4.5","Bovada","48.5","4.5","2.5","47.5","165","-195"
"401282796","Minnesota","30","Nebraska","23","Nebraska -4.5","teamrankings","48.5","4.5","","","",""
"401282796","Minnesota","30","Nebraska","23","Nebraska -4.5","consensus","48.5","4.5","","","",""
"401282796","Minnesota","30","Nebraska","23","Nebraska -4.5","William Hill (New Jersey)","48.5","4.5","","","",""
"401282108","Missouri","14","Texas A&M","35","Texas A&M -11.5","Bovada","59","11.5","9","61","315","-420"
"401282108","Missouri","14","Texas A&M","35","Texas A&M -11.5","teamrankings","59","11.5","","","",""
"401282108","Missouri","14","Texas A&M","35","Texas A&M -11.5","consensus","59.5","11.5","","","",""
"401282108","Missouri","14","Texas A&M","35","Texas A&M -11.5","William Hill (New Jersey)","59.5","11.5","","","",""
"401309872","Oregon","24","California","17","Oregon -13.5","Bovada","53.5","-13.5","-15","55.5","-615","425"
"401309872","Oregon","24","California","17","Oregon -13.5","teamrankings","53.5","-13.5","","","",""
"401309872","Oregon","24","California","17","Oregon -13.5","consensus","53.5","-13.5","","","",""
"401309872","Oregon","24","California","17","Oregon -13.5","William Hill (New Jersey)","53.5","-13.5","","","",""
"401282233","UTSA","45","Rice","0","UTSA -17.0","Bovada","52.5","-17","-18.5","53.5","-1000","625"
"401282233","UTSA","45","Rice","0","UTSA -17","teamrankings","53","-17","","","",""
"401282233","UTSA","45","Rice","0","UTSA -17","consensus","53.5","-17","","","",""
"401282233","UTSA","45","Rice","0","UTSA -17","William Hill (New Jersey)","53","-17","","","",""
"401282110","Tennessee","26","Ole Miss","31","Ole Miss -1.0","Bovada","82","1","3","78","120","-140"
"401282110","Tennessee","26","Ole Miss","31","Ole Miss -1","teamrankings","82","1","","","",""
"401282110","Tennessee","26","Ole Miss","31","Ole Miss -1","consensus","82.5","1","","","",""
"401282110","Tennessee","26","Ole Miss","31","Ole Miss -1","William Hill (New Jersey)","82.5","1","","","",""
"401282232","Old Dominion","20","Western Kentucky","43","Western Kentucky -13.5","Bovada","67","13.5","13","68.5","360","-500"
"401282232","Old Dominion","20","Western Kentucky","43","Western Kentucky -13.5","teamrankings","66.5","13.5","","","",""
"401282232","Old Dominion","20","Western Kentucky","43","Western Kentucky -13.5","consensus","66.5","13.5","","","",""
"401282232","Old Dominion","20","Western Kentucky","43","Western Kentucky -13.5","William Hill (New Jersey)","67","13.5","","","",""
"401287922","Kansas State","20","Iowa State","33","Iowa State -6.5","Bovada","50.5","6.5","4.5","51.5","210","-250"
"401287922","Kansas State","20","Iowa State","33","Iowa State -6.5","teamrankings","51","6.5","","","",""
"401287922","Kansas State","20","Iowa State","33","Iowa State -6.5","consensus","51","6.5","","","",""
"401287922","Kansas State","20","Iowa State","33","Iowa State -6.5","William Hill (New Jersey)","51","6.5","","","",""
"401282807","Northwestern","21","Rutgers","7","Rutgers -2.5","Bovada","45","2.5","","47","110","-130"
"401282807","Northwestern","21","Rutgers","7","Rutgers -2.5","teamrankings","45","2.5","","","",""
"401282807","Northwestern","21","Rutgers","7","Rutgers -2.5","consensus","45","2.5","","","",""
"401282807","Northwestern","21","Rutgers","7","Rutgers -2","Caesars (Pennsylvania)","45","2","","","",""
"401282659","North Carolina","45","Miami","42","North Carolina -7.5","Bovada","63.5","-7.5","-6","61.5","-290","240"
"401282659","North Carolina","45","Miami","42","North Carolina -7.5","teamrankings","63.5","-7.5","","","",""
"401282659","North Carolina","45","Miami","42","North Carolina -7.5","consensus","63.5","-7.5","","","",""
"401282659","North Carolina","45","Miami","42","North Carolina -7.5","William Hill (New Jersey)","63.5","-7.5","","","",""
"401282231","North Texas","21","Marshall","49","Marshall -11.0","Bovada","66","11","10.5","64.5","320","-430"
"401282231","North Texas","21","Marshall","49","Marshall -11","teamrankings","66.5","11","","","",""
"401282231","North Texas","21","Marshall","49","Marshall -11","consensus","66","11","","","",""
"401282231","North Texas","21","Marshall","49","Marshall -11","William Hill (New Jersey)","66","11","","","",""
"401282109","South Carolina","21","Vanderbilt","20","South Carolina -18.5","Bovada","51","-18.5","-20","51","-1200","700"
"401282109","South Carolina","21","Vanderbilt","20","South Carolina -19","teamrankings","50","-19","","","",""
"401282109","South Carolina","21","Vanderbilt","20","South Carolina -18.5","consensus","50","-18.5","","","",""
"401282109","South Carolina","21","Vanderbilt","20","South Carolina -19","William Hill (New Jersey)","50","-19","","","",""
"401282760","Iowa","7","Purdue","24","Iowa -11.0","Bovada","42.5","-11","-12.5","43","-470","345"
"401282760","Iowa","7","Purdue","24","Iowa -11","teamrankings","42.5","-11","","","",""
"401282760","Iowa","7","Purdue","24","Iowa -11.5","consensus","42.5","-11.5","","","",""
"401282760","Iowa","7","Purdue","24","Iowa -11","William Hill (New Jersey)","42.5","-11","","","",""
"401282826","Wisconsin","20","Army","14","Wisconsin -14.0","Bovada","37.5","-14","-11.5","42.5","-605","420"
"401282826","Wisconsin","20","Army","14","Wisconsin -14","teamrankings","37.5","-14","","","",""
"401282826","Wisconsin","20","Army","14","Wisconsin -14","consensus","37.5","-14","","","",""
"401282826","Wisconsin","20","Army","14","Wisconsin -14","William Hill (New Jersey)","37.5","-14","","","",""
"401282105","Georgia","30","Kentucky","13","Georgia -21.5","Bovada","44.5","-21.5","-23.5","44.5","-1700","850"
"401282105","Georgia","30","Kentucky","13","Georgia -21.5","teamrankings","44.5","-21.5","","","",""
"401282105","Georgia","30","Kentucky","13","Georgia -21.5","consensus","44.5","-21.5","","","",""
"401282105","Georgia","30","Kentucky","13","Georgia -21.5","William Hill (New Jersey)","44.5","-21.5","","","",""
"401282230","UTEP","19","Louisiana Tech","3","Louisiana Tech -6.5","Bovada","55.5","6.5","9","55","220","-270"
"401282230","UTEP","19","Louisiana Tech","3","Louisiana Tech -6.5","teamrankings","55.5","6.5","","","",""
"401282230","UTEP","19","Louisiana Tech","3","Louisiana Tech -6.5","consensus","55.5","6.5","","","",""
"401282230","UTEP","19","Louisiana Tech","3","Louisiana Tech -6.5","William Hill (New Jersey)","55.5","6.5","","","",""
"401282104","Arkansas","23","Auburn","38","Arkansas -4.5","Bovada","54","-4.5","-3.5","53","-195","165"
"401282104","Arkansas","23","Auburn","38","Arkansas -4.5","teamrankings","54.5","-4.5","","","",""
"401282104","Arkansas","23","Auburn","38","Arkansas -4.5","consensus","54.5","-4.5","","","",""
"401282104","Arkansas","23","Auburn","38","Arkansas -4","William Hill (New Jersey)","54.5","-4","","","",""
"401282107","Mississippi State","9","Alabama","49","Alabama -17.5","Bovada","58.5","17.5","17","59","625","-1000"
"401282107","Mississippi State","9","Alabama","49","Alabama -17.5","teamrankings","59.5","17.5","","","",""
"401282107","Mississippi State","9","Alabama","49","Alabama -17.5","consensus","59.5","17.5","","","",""
"401282107","Mississippi State","9","Alabama","49","Alabama -17.5","William Hill (New Jersey)","59.5","17.5","","","",""
"401282658","Boston College","7","NC State","33","NC State -3.0","Bovada","51","3","2","51.5","130","-150"
"401282658","Boston College","7","NC State","33","NC State -3","teamrankings","51","3","","","",""
"401282658","Boston College","7","NC State","33","NC State -3","consensus","51","3","","","",""
"401282658","Boston College","7","NC State","33","NC State -3","William Hill (New Jersey)","51","3","","","",""
"401282234","Southern Miss","0","UAB","34","UAB -16.5","Bovada","43","16.5","16","43.5","500","-750"
"401282234","Southern Miss","0","UAB","34","UAB -17","teamrankings","43","17","","","",""
"401282234","Southern Miss","0","UAB","34","UAB -17","consensus","43.5","17","","","",""
"401282234","Southern Miss","0","UAB","34","UAB -17","William Hill (New Jersey)","43.5","17","","","",""
"401282106","LSU","49","Florida","42","Florida -13.0","Bovada","61","13","10","58","360","-500"
"401282106","LSU","49","Florida","42","Florida -12.5","teamrankings","61","12.5","","","",""
"401282106","LSU","49","Florida","42","Florida -12.5","consensus","61","12.5","","","",""
"401282106","LSU","49","Florida","42","Florida -12.5","William Hill (New Jersey)","61","12.5","","","",""
"401310725","Utah State","26","Colorado State","24","Colorado State -3.0","Bovada","58.5","3","2.5","55","135","-160"
"401310725","Utah State","26","Colorado State","24","Colorado State -3","teamrankings","58.5","3","","","",""
"401310725","Utah State","26","Colorado State","24","Colorado State -3","consensus","58.5","3","","","",""
"401310725","Utah State","26","Colorado State","24","Colorado State -3","William Hill (New Jersey)","58.5","3","","","",""
"401282667","Virginia","48","Georgia Tech","40","Virginia -6.5","Bovada","65.5","-6.5","-7","61","-240","200"
"401282667","Virginia","48","Georgia Tech","40","Virginia -6.5","teamrankings","66","-6.5","","","",""
"401282667","Virginia","48","Georgia Tech","40","Virginia -6.5","consensus","65.5","-6.5","","","",""
"401282667","Virginia","48","Georgia Tech","40","Virginia -6.5","William Hill (New Jersey)","65.5","-6.5","","","",""
"401282779","Michigan","33","Northwestern","7","Michigan -23.5","Bovada","51","-23.5","-21.5","50.5","-2200","1000"
"401282779","Michigan","33","Northwestern","7","Michigan -23.5","teamrankings","51.5","-23.5","","","",""
"401282779","Michigan","33","Northwestern","7","Michigan -23.5","consensus","51","-23.5","","","",""
"401282779","Michigan","33","Northwestern","7","Michigan -23.5","William Hill (New Jersey)","51","-23.5","","","",""
"401309576","Ohio","27","Kent State","34","Kent State -5.0","Bovada","68.5","5","6","62.5","180","-220"
"401309576","Ohio","27","Kent State","34","Kent State -5","teamrankings","68.5","5","","","",""
"401309576","Ohio","27","Kent State","34","Kent State -5.5","consensus","68.5","5.5","","","",""
"401309576","Ohio","27","Kent State","34","Kent State -5","William Hill (New Jersey)","68.5","5","","","",""
"401282730","Indiana","7","Ohio State","54","Ohio State -21.0","Bovada","59","21","19.5","60","800","-1600"
"401282730","Indiana","7","Ohio State","54","Ohio State -21","teamrankings","59","21","","","",""
"401282730","Indiana","7","Ohio State","54","Ohio State -21","consensus","59","21","","","",""
"401282730","Indiana","7","Ohio State","54","Ohio State -21","William Hill (New Jersey)","59","21","","","",""
"401309879","UCLA","31","Oregon","34","UCLA -1.0","Bovada","61.5","-1","-1.5","57.5","-115","-105"
"401309879","UCLA","31","Oregon","34","UCLA -1","teamrankings","62.5","-1","","","",""
"401309879","UCLA","31","Oregon","34","UCLA -1","consensus","61.5","-1","","","",""
"401309879","UCLA","31","Oregon","34","UCLA -1","William Hill (New Jersey)","61.5","-1","","","",""
"401309577","Central Michigan","38","Northern Illinois","39","Central Michigan -6.0","Bovada","56","-6","-5","58.5","-210","175"
"401309577","Central Michigan","38","Northern Illinois","39","Central Michigan -6","teamrankings","56","-6","","","",""
"401309577","Central Michigan","38","Northern Illinois","39","Central Michigan -6","consensus","56","-6","","","",""
"401309577","Central Michigan","38","Northern Illinois","39","Central Michigan -6","William Hill (New Jersey)","56","-6","","","",""
"401309877","Arizona","16","Washington","21","Washington -17.5","Bovada","46","17.5","16","45","600","-950"
"401309877","Arizona","16","Washington","21","Washington -17.5","teamrankings","45.5","17.5","","","",""
"401309877","Arizona","16","Washington","21","Washington -17","consensus","45.5","17","","","",""
"401309877","Arizona","16","Washington","21","Washington -17","William Hill (New Jersey)","45.5","17","","","",""
"401309574","Bowling Green","24","Eastern Michigan","55","Eastern Michigan -4.0","Bovada","49.5","4","3.5","49.5","150","-175"
"401309574","Bowling Green","24","Eastern Michigan","55","Eastern Michigan -4.5","teamrankings","49.5","4.5","","","",""
"401309574","Bowling Green","24","Eastern Michigan","55","Eastern Michigan -4","consensus","50","4","","","",""
"401309574","Bowling Green","24","Eastern Michigan","55","Eastern Michigan -4","William Hill (New Jersey)","49.5","4","","","",""
"401309878","California","26","Colorado","3","California -8.0","Bovada","44","-8","-10","43","-350","275"
"401309878","California","26","Colorado","3","California -8","teamrankings","44","-8","","","",""
"401309878","California","26","Colorado","3","California -8.5","consensus","44","-8.5","","","",""
"401309878","California","26","Colorado","3","California -8.5","William Hill (New Jersey)","44","-8.5","","","",""
"401282717","Penn State","18","Illinois","20","Penn State -24.5","Bovada","45.5","-24.5","-24","45.5","-2500","1050"
"401282717","Penn State","18","Illinois","20","Penn State -24.5","teamrankings","46","-24.5","","","",""
"401282717","Penn State","18","Illinois","20","Penn State -24.5","consensus","45.5","-24.5","","","",""
"401282717","Penn State","18","Illinois","20","Penn State -24.5","William Hill (New Jersey)","45.5","-24.5","","","",""
"401309575","Akron","10","Buffalo","45","Buffalo -12.5","Bovada","57","12.5","11","57","340","-460"
"401309575","Akron","10","Buffalo","45","Buffalo -13.5","teamrankings","58.5","13.5","","","",""
"401309575","Akron","10","Buffalo","45","Buffalo -13.5","consensus","58","13.5","","","",""
"401309575","Akron","10","Buffalo","45","Buffalo -13","William Hill (New Jersey)","58","13","","","",""
"401282664","Louisville","28","Boston College","14","Louisville -5.0","Bovada","57.5","-5","-7","57","-220","180"
"401282664","Louisville","28","Boston College","14","Louisville -4","teamrankings","57.5","-4","","","",""
"401282664","Louisville","28","Boston College","14","Louisville -4","consensus","57.5","-4","","","",""
"401282664","Louisville","28","Boston College","14","Louisville -4","William Hill (New Jersey)","57.5","-4","","","",""
"401310729","UNLV","20","San José State","27","San José State -5.5","Bovada","44","5.5","4.5","46.5","155","-180"
"401310729","UNLV","20","San José State","27","San José State -6","teamrankings","44","6","","","",""
"401310729","UNLV","20","San José State","27","San José State -6","consensus","44","6","","","",""
"401310729","UNLV","20","San José State","27","San José State -6","William Hill (New Jersey)","44","6","","","",""
"401310724","Air Force","14","San Diego State","20","Air Force -2.5","Bovada","39","-2.5","-4.5","41","-160","135"
"401310724","Air Force","14","San Diego State","20","Air Force -3","teamrankings","38.5","-3","","","",""
"401310724","Air Force","14","San Diego State","20","Air Force -3","consensus","39","-3","","","",""
"401310724","Air Force","14","San Diego State","20","Air Force -3","William Hill (New Jersey)","39","-3","","","",""
"401310726","Wyoming","3","New Mexico","14","Wyoming -20.0","Bovada","41","-20","-19","40","-1300","725"
"401310726","Wyoming","3","New Mexico","14","Wyoming -19.5","teamrankings","40.5","-19.5","","","",""
"401310726","Wyoming","3","New Mexico","14","Wyoming -20","consensus","40.5","-20","","","",""
"401310726","Wyoming","3","New Mexico","14","Wyoming -20","William Hill (New Jersey)","40.5","-20","","","",""
"401282240","North Texas","26","Liberty","35","Liberty -21.0","Bovada","61","21","21.5","60.5","850","-1700"
"401282240","North Texas","26","Liberty","35","Liberty -21","teamrankings","61","21","","","",""
"401282240","North Texas","26","Liberty","35","Liberty -21","consensus","61","21","","","",""
"401282240","North Texas","26","Liberty","35","Liberty -21","William Hill (New Jersey)","61","21","","","",""
"401310727","Fresno State","34","Nevada","32","Fresno State -3.5","Bovada","64","-3.5","-4","61","-170","145"
"401310727","Fresno State","34","Nevada","32","Fresno State -3.5","teamrankings","64.5","-3.5","","","",""
"401310727","Fresno State","34","Nevada","32","Fresno State -3.5","consensus","64.5","-3.5","","","",""
"401310727","Fresno State","34","Nevada","32","Fresno State -3.5","William Hill (New Jersey)","64.5","-3.5","","","",""
"401309625","Georgia State","28","Texas State","16","Georgia State -10.5","Bovada","58","-10.5","-10","61","-415","310"
"401309625","Georgia State","28","Texas State","16","Georgia State -10","teamrankings","58.5","-10","","","",""
"401309625","Georgia State","28","Texas State","16","Georgia State -10.5","consensus","58.5","-10.5","","","",""
"401309625","Georgia State","28","Texas State","16","Georgia State -10.5","William Hill (New Jersey)","58.5","-10.5","","","",""
"401309880","Oregon State","42","Utah","34","Utah -3.0","Bovada","57","3","3.5","56","135","-160"
"401309880","Oregon State","42","Utah","34","Utah -3","teamrankings","57.5","3","","","",""
"401309880","Oregon State","42","Utah","34","Utah -3","consensus","58","3","","","",""
"401309880","Oregon State","42","Utah","34","Utah -3","William Hill (New Jersey)","58","3","","","",""
"401309626","UL Monroe","41","South Alabama","31","South Alabama -13.5","Bovada","51","13.5","13.5","51","395","-555"
"401309626","UL Monroe","41","South Alabama","31","South Alabama -13.5","teamrankings","51.5","13.5","","","",""
"401309626","UL Monroe","41","South Alabama","31","South Alabama -13.5","consensus","51","13.5","","","",""
"401309626","UL Monroe","41","South Alabama","31","South Alabama -13.5","William Hill (New Jersey)","51","13.5","","","",""
"401282111","Alabama","52","Tennessee","24","Alabama -25.5","Bovada","68","-25.5","-27.5","67","-5500","1300"
"401282111","Alabama","52","Tennessee","24","Alabama -24.5","teamrankings","68","-24.5","","","",""
"401282111","Alabama","52","Tennessee","24","Alabama -25.5","consensus","68","-25.5","","","",""
"401282111","Alabama","52","Tennessee","24","Alabama -25.5","William Hill (New Jersey)","68","-25.5","","","",""
"401282115","Vanderbilt","6","Mississippi State","45","Mississippi State -20.5","Bovada","53","20.5","23","51.5","900","-1900"
"401282115","Vanderbilt","6","Mississippi State","45","Mississippi State -21","teamrankings","53","21","","","",""
"401282115","Vanderbilt","6","Mississippi State","45","Mississippi State -20.5","consensus","53","20.5","","","",""
"401282115","Vanderbilt","6","Mississippi State","45","Mississippi State -20.5","William Hill (New Jersey)","53","20.5","","","",""
"401309881","Washington State","19","BYU","21","BYU -4.0","Bovada","56.5","4","1","53","155","-180"
"401309881","Washington State","19","BYU","21","BYU -3.5","teamrankings","56.5","3.5","","","",""
"401309881","Washington State","19","BYU","21","BYU -3.5","consensus","56.5","3.5","","","",""
"401309881","Washington State","19","BYU","21","BYU -3.5","William Hill (New Jersey)","56.5","3.5","","","",""
"401282726","Maryland","38","Indiana","35","Maryland -4.0","Bovada","48","-4","-2.5","50.5","-185","160"
"401282726","Maryland","38","Indiana","35","Maryland -3.5","teamrankings","48","-3.5","","","",""
"401282726","Maryland","38","Indiana","35","Maryland -3.5","consensus","48","-3.5","","","",""
"401282726","Maryland","38","Indiana","35","Maryland -3.5","William Hill (New Jersey)","48","-3.5","","","",""
"401309631","Louisiana","45","Texas State","0","Louisiana -21.0","Bovada","58","-21","-20","56.5","-1500","775"
"401309631","Louisiana","45","Texas State","0","Louisiana -21","teamrankings","58","-21","","","",""
"401309631","Louisiana","45","Texas State","0","Louisiana -21","consensus","58","-21","","","",""
"401309631","Louisiana","45","Texas State","0","Louisiana -21","William Hill (New Jersey)","58","-21","","","",""
"401282763","Wisconsin","27","Iowa","7","Wisconsin -3.0","Bovada","36","-3","-3.5","37","-160","135"
"401282763","Wisconsin","27","Iowa","7","Wisconsin -3","teamrankings","35.5","-3","","","",""
"401282763","Wisconsin","27","Iowa","7","Wisconsin -3","consensus","36","-3","","","",""
"401282763","Wisconsin","27","Iowa","7","Wisconsin -3","William Hill (New Jersey)","35.5","-3","","","",""
"401310728","Hawai'i","48","New Mexico State","34","Hawai'i -19.0","Bovada","63","-19","-18","60","-1100","650"
"401310728","Hawai'i","48","New Mexico State","34","Hawai'i -18","teamrankings","62.5","-18","","","",""
"401282244","Old Dominion","23","Louisiana Tech","20","Louisiana Tech -4.0","Bovada","52","4","5.5","53","160","-185"
"401282244","Old Dominion","23","Louisiana Tech","20","Louisiana Tech -4","teamrankings","52","4","","","",""
"401282244","Old Dominion","23","Louisiana Tech","20","Louisiana Tech -4","consensus","52.5","4","","","",""
"401282244","Old Dominion","23","Louisiana Tech","20","Louisiana Tech -4","William Hill (New Jersey)","52.5","4","","","",""
"401287930","Kansas State","31","TCU","12","Kansas State -3.5","Bovada","58","-3.5","-3.5","59.5","-170","145"
"401287930","Kansas State","31","TCU","12","Kansas State -3.5","teamrankings","58.5","-3.5","","","",""
"401287930","Kansas State","31","TCU","12","Kansas State -3.5","consensus","58.5","-3.5","","","",""
"401287930","Kansas State","31","TCU","12","Kansas State -3.5","William Hill (New Jersey)","58.5","-3.5","","","",""
"401301032","Tulane","12","Cincinnati","31","Cincinnati -28.5","Bovada","61.5","28.5","25","63","1200","-3800"
"401301032","Tulane","12","Cincinnati","31","Cincinnati -27.5","teamrankings","61.5","27.5","","","",""
"401301032","Tulane","12","Cincinnati","31","Cincinnati -28","consensus","61.5","28","","","",""
"401301032","Tulane","12","Cincinnati","31","Cincinnati -28","William Hill (New Jersey)","61.5","28","","","",""
"401282669","BYU","66","Virginia","49","BYU -2.5","Bovada","66","-2.5","-2.5","64","-130","110"
"401282669","BYU","66","Virginia","49","BYU -2.5","teamrankings","66.5","-2.5","","","",""
"401282669","BYU","66","Virginia","49","BYU -2.5","consensus","66.5","-2.5","","","",""
"401282669","BYU","66","Virginia","49","BYU -2","William Hill (New Jersey)","67","-2","","","",""
"401310734","Nevada","51","UNLV","20","Nevada -19.0","Bovada","58","-19","-20.5","59","-1500","775"
"401310734","Nevada","51","UNLV","20","Nevada -19","teamrankings","58","-19","","","",""
"401310734","Nevada","51","UNLV","20","Nevada -19","consensus","58.5","-19","","","",""
"401310734","Nevada","51","UNLV","20","Nevada -18.5","William Hill (New Jersey)","58.5","-18.5","","","",""
"401282671","Georgia Tech","17","Virginia Tech","26","Georgia Tech -3.5","Bovada","55.5","-3.5","-3.5","55","-180","155"
"401282671","Georgia Tech","17","Virginia Tech","26","Georgia Tech -3","teamrankings","55","-3","","","",""
"401282671","Georgia Tech","17","Virginia Tech","26","Georgia Tech -3.5","consensus","55.5","-3.5","","","",""
"401282671","Georgia Tech","17","Virginia Tech","26","Georgia Tech -3.5","William Hill (New Jersey)","55","-3.5","","","",""
"401282241","Western Kentucky","45","Charlotte","13","Western Kentucky -17.5","Bovada","73","-17.5","-18.5","73","-1000","625"
"401282241","Western Kentucky","45","Charlotte","13","Western Kentucky -19.5","teamrankings","71.5","-19.5","","","",""
"401282241","Western Kentucky","45","Charlotte","13","Western Kentucky -19.5","consensus","72","-19.5","","","",""
"401282241","Western Kentucky","45","Charlotte","13","Western Kentucky -19.5","William Hill (New Jersey)","71.5","-19.5","","","",""
"401282814","Ohio State","33","Penn State","24","Ohio State -19.5","Bovada","60.5","-19.5","-17.5","59.5","-1200","700"
"401282814","Ohio State","33","Penn State","24","Ohio State -18.5","teamrankings","60.5","-18.5","","","",""
"401282814","Ohio State","33","Penn State","24","Ohio State -18.5","consensus","60.5","-18.5","","","",""
"401282814","Ohio State","33","Penn State","24","Ohio State -18.5","William Hill (New Jersey)","60.5","-18.5","","","",""
"401309887","Utah","44","UCLA","24","Utah -6.5","Bovada","60.5","-6.5","-4.5","61","-250","210"
"401309887","Utah","44","UCLA","24","Utah -6","teamrankings","60.5","-6","","","",""
"401309887","Utah","44","UCLA","24","Utah -6.5","consensus","60.5","-6.5","","","",""
"401309887","Utah","44","UCLA","24","Utah -6","William Hill (New Jersey)","60.5","-6","","","",""
"401310731","Utah State","51","Hawai'i","31","Utah State -5.0","Bovada","66","-5","-6.5","66.5","-200","170"
"401310731","Utah State","51","Hawai'i","31","Utah State -3.5","teamrankings","66","-3.5","","","",""
"401310731","Utah State","51","Hawai'i","31","Utah State -4.5","consensus","66","-4.5","","","",""
"401310731","Utah State","51","Hawai'i","31","Utah State -3.5","William Hill (New Jersey)","66","-3.5","","","",""
"401309627","Coastal Carolina","35","Troy","28","Coastal Carolina -17.0","Bovada","50.5","-17","-18.5","52","-1200","700"
"401309627","Coastal Carolina","35","Troy","28","Coastal Carolina -17","teamrankings","50","-17","","","",""
"401309627","Coastal Carolina","35","Troy","28","Coastal Carolina -17","consensus","50","-17","","","",""
"401309627","Coastal Carolina","35","Troy","28","Coastal Carolina -17","William Hill (New Jersey)","50","-17","","","",""
"401282672","NC State","28","Louisville","13","NC State -6.0","Bovada","56","-6","-7","59","-235","195"
"401282672","NC State","28","Louisville","13","NC State -6","teamrankings","57","-6","","","",""
"401282672","NC State","28","Louisville","13","NC State -6","consensus","57","-6","","","",""
"401282672","NC State","28","Louisville","13","NC State -6","William Hill (New Jersey)","57","-6","","","",""
"401282117","Florida","7","Georgia","34","Georgia -14.5","Bovada","51","14.5","14.5","50","425","-615"
"401282117","Florida","7","Georgia","34","Georgia -14","teamrankings","50","14","","","",""
"401282117","Florida","7","Georgia","34","Georgia -14","consensus","50.5","14","","","",""
"401282117","Florida","7","Georgia","34","Georgia -14","William Hill (New Jersey)","50.5","14","","","",""
"401287932","Oklahoma State","55","Kansas","3","Oklahoma State -29.0","Bovada","54.5","-29","-31","57.5","",""
"401287932","Oklahoma State","55","Kansas","3","Oklahoma State -28.5","teamrankings","54.5","-28.5","","","",""
"401287932","Oklahoma State","55","Kansas","3","Oklahoma State -29","consensus","54.5","-29","","","",""
"401287932","Oklahoma State","55","Kansas","3","Oklahoma State -29","William Hill (New Jersey)","54.5","-29","","","",""
"401282246","Rice","24","North Texas","30","Rice -1.5","Bovada","55","-1.5","-2","55","-120","110"
"401282246","Rice","24","North Texas","30","Rice -1.5","teamrankings","55","-1.5","","","",""
"401282246","Rice","24","North Texas","30","Rice -1.5","consensus","55","-1.5","","","",""
"401282246","Rice","24","North Texas","30","Rice -1.5","William Hill (New Jersey)","55","-1.5","","","",""
"401301031","Temple","7","UCF","49","UCF -12.0","Bovada","52","12","10.5","52","320","-430"
"401301031","Temple","7","UCF","49","UCF -12","teamrankings","52","12","","","",""
"401301031","Temple","7","UCF","49","UCF -11.5","consensus","52","11.5","","","",""
"401301031","Temple","7","UCF","49","UCF -11.5","William Hill (New Jersey)","52","11.5","","","",""
"401301030","Tulsa","17","Navy","20","Tulsa -11.0","Bovada","46.5","-11","-10","48","-435","325"
"401301030","Tulsa","17","Navy","20","Tulsa -11","teamrankings","46","-11","","","",""
"401301030","Tulsa","17","Navy","20","Tulsa -11","consensus","46","-11","","","",""
"401301030","Tulsa","17","Navy","20","Tulsa -11","William Hill (New Jersey)","46","-11","","","",""
"401282673","Notre Dame","44","North Carolina","34","Notre Dame -3.5","Bovada","62.5","-3.5","-3.5","62.5","-175","150"
"401282673","Notre Dame","44","North Carolina","34","Notre Dame -3.5","teamrankings","63","-3.5","","","",""
"401282673","Notre Dame","44","North Carolina","34","Notre Dame -3.5","consensus","62.5","-3.5","","","",""
"401282673","Notre Dame","44","North Carolina","34","Notre Dame -3.5","William Hill (New Jersey)","62.5","-3.5","","","",""
"401282777","Michigan State","37","Michigan","33","Michigan -4.0","Bovada","50","4","4","51","160","-185"
"401282777","Michigan State","37","Michigan","33","Michigan -4","teamrankings","50.5","4","","","",""
"401282777","Michigan State","37","Michigan","33","Michigan -4","consensus","50.5","4","","","",""
"401282777","Michigan State","37","Michigan","33","Michigan -4","William Hill (New Jersey)","50.5","4","","","",""
"401282245","Middle Tennessee","35","Southern Miss","10","Middle Tennessee -13.0","Bovada","47","-13","-14","48","-575","405"
"401282245","Middle Tennessee","35","Southern Miss","10","Middle Tennessee -12.5","teamrankings","47","-12.5","","","",""
"401282245","Middle Tennessee","35","Southern Miss","10","Middle Tennessee -12.5","consensus","47.5","-12.5","","","",""
"401282245","Middle Tennessee","35","Southern Miss","10","Middle Tennessee -12.5","William Hill (New Jersey)","47.5","-12.5","","","",""
"401286297","Liberty","62","Massachusetts","17","Liberty -35.5","Bovada","56","-35.5","-36.5","60","",""
"401286297","Liberty","62","Massachusetts","17","Liberty -35.5","teamrankings","56","-35.5","","","",""
"401286297","Liberty","62","Massachusetts","17","Liberty -35.5","consensus","56","-35.5","","","",""
"401286297","Liberty","62","Massachusetts","17","Liberty -35.5","William Hill (New Jersey)","56","-35.5","","","",""
"401287931","Oklahoma","52","Texas Tech","21","Oklahoma -19.0","Bovada","67.5","-19","-19","68.5","-1200","700"
"401287931","Oklahoma","52","Texas Tech","21","Oklahoma -18.5","teamrankings","67","-18.5","","","",""
"401287931","Oklahoma","52","Texas Tech","21","Oklahoma -19","consensus","67","-19","","","",""
"401287931","Oklahoma","52","Texas Tech","21","Oklahoma -19","William Hill (New Jersey)","67","-19","","","",""
"401287929","Baylor","31","Texas","24","Baylor -2.5","Bovada","62","-2.5","-2.5","62","-135","115"
"401287929","Baylor","31","Texas","24","Baylor -2","teamrankings","61.5","-2","","","",""
"401287929","Baylor","31","Texas","24","Baylor -2.5","consensus","61.5","-2.5","","","",""
"401287929","Baylor","31","Texas","24","Baylor -2","William Hill (New Jersey)","61.5","-2","","","",""
"401310730","Colorado State","19","Boise State","28","Boise State -2.5","Bovada","51.5","2.5","2.5","51","115","-135"
"401310730","Colorado State","19","Boise State","28","Boise State -2","teamrankings","51.5","2","","","",""
"401310730","Colorado State","19","Boise State","28","Boise State -2","consensus","51.5","2","","","",""
"401310730","Colorado State","19","Boise State","28","Boise State -2","William Hill (New Jersey)","51.5","2","","","",""
"401282118","Mississippi State","31","Kentucky","17","Mississippi State -1.5","Bovada","47","-1.5","1","47","-115","-105"
"401282118","Mississippi State","31","Kentucky","17","Mississippi State -1","teamrankings","47","-1","","","",""
"401282118","Mississippi State","31","Kentucky","17","Mississippi State -1","consensus","47","-1","","","",""
"401282118","Mississippi State","31","Kentucky","17","Mississippi State -1","William Hill (New Jersey)","47","-1","","","",""
"401282719","Illinois","14","Rutgers","20","Rutgers -1.5","Bovada","41","1.5","","42","105","-125"
"401282719","Illinois","14","Rutgers","20","Rutgers -1.5","teamrankings","41.5","1.5","","","",""
"401282719","Illinois","14","Rutgers","20","Rutgers -1.5","consensus","41.5","1.5","","","",""
"401282719","Illinois","14","Rutgers","20","Rutgers -1.5","Caesars (Pennsylvania)","41.5","1.5","","","",""
"401282243","Florida Atlantic","28","UTEP","25","Florida Atlantic -11.0","Bovada","48.5","-11","-12","48","-455","335"
"401282243","Florida Atlantic","28","UTEP","25","Florida Atlantic -11","teamrankings","49","-11","","","",""
"401282243","Florida Atlantic","28","UTEP","25","Florida Atlantic -10.5","consensus","49","-10.5","","","",""
"401282243","Florida Atlantic","28","UTEP","25","Florida Atlantic -11","William Hill (New Jersey)","49","-11","","","",""
"401282674","Pittsburgh","34","Miami","38","Pittsburgh -10.0","Bovada","61","-10","-11.5","62","-370","285"
"401282674","Pittsburgh","34","Miami","38","Pittsburgh -9.5","teamrankings","61","-9.5","","","",""
"401282674","Pittsburgh","34","Miami","38","Pittsburgh -9.5","consensus","61","-9.5","","","",""
"401282674","Pittsburgh","34","Miami","38","Pittsburgh -9.5","William Hill (New Jersey)","61","-9.5","","","",""
"401287933","West Virginia","38","Iowa State","31","Iowa State -7.5","Bovada","49","7.5","7","47","250","-300"
"401287933","West Virginia","38","Iowa State","31","Iowa State -7.5","teamrankings","49","7.5","","","",""
"401287933","West Virginia","38","Iowa State","31","Iowa State -7.5","consensus","49","7.5","","","",""
"401287933","West Virginia","38","Iowa State","31","Iowa State -7.5","William Hill (New Jersey)","49","7.5","","","",""
"401282116","Auburn","31","Ole Miss","20","Auburn -3.0","Bovada","67.5","-3","-1","66.5","-145","125"
"401282116","Auburn","31","Ole Miss","20","Auburn -3","teamrankings","67.5","-3","","","",""
"401282116","Auburn","31","Ole Miss","20","Auburn -3","consensus","67.5","-3","","","",""
"401282116","Auburn","31","Ole Miss","20","Auburn -3","William Hill (New Jersey)","67.5","-3","","","",""
"401282119","Vanderbilt","28","Missouri","37","Missouri -16.5","Bovada","62.5","16.5","17","62.5","525","-800"
"401282119","Vanderbilt","28","Missouri","37","Missouri -16","teamrankings","62.5","16","","","",""
"401282119","Vanderbilt","28","Missouri","37","Missouri -16","consensus","62.5","16","","","",""
"401282119","Vanderbilt","28","Missouri","37","Missouri -16","William Hill (New Jersey)","62.5","16","","","",""
"401309885","Arizona State","21","Washington State","34","Arizona State -16.0","Bovada","54","-16","-15","51.5","-700","475"
"401309885","Arizona State","21","Washington State","34","Arizona State -16.5","teamrankings","55.5","-16.5","","","",""
"401309885","Arizona State","21","Washington State","34","Arizona State -16.5","consensus","54.5","-16.5","","","",""
"401309885","Arizona State","21","Washington State","34","Arizona State -16.5","William Hill (New Jersey)","54.5","-16.5","","","",""
"401282675","Syracuse","21","Boston College","6","Syracuse -6.5","Bovada","51","-6.5","-4.5","51.5","-245","205"
"401282675","Syracuse","21","Boston College","6","Syracuse -6.5","teamrankings","51.5","-6.5","","","",""
"401282675","Syracuse","21","Boston College","6","Syracuse -6.5","consensus","51.5","-6.5","","","",""
"401282675","Syracuse","21","Boston College","6","Syracuse -6.5","William Hill (New Jersey)","51.5","-6.5","","","",""
"401309884","Oregon","52","Colorado","29","Oregon -24.5","Bovada","49.5","-24.5","-26","48.5","-3500","1175"
"401309884","Oregon","52","Colorado","29","Oregon -24.5","teamrankings","49","-24.5","","","",""
"401309884","Oregon","52","Colorado","29","Oregon -24.5","consensus","49.5","-24.5","","","",""
"401309884","Oregon","52","Colorado","29","Oregon -24.5","William Hill (New Jersey)","49.5","-24.5","","","",""
"401282676","Wake Forest","45","Duke","7","Wake Forest -16.5","Bovada","71.5","-16.5","-16","69","-800","525"
"401282676","Wake Forest","45","Duke","7","Wake Forest -16.5","teamrankings","71.5","-16.5","","","",""
"401282676","Wake Forest","45","Duke","7","Wake Forest -16.5","consensus","71.5","-16.5","","","",""
"401282676","Wake Forest","45","Duke","7","Wake Forest -16.5","William Hill (New Jersey)","71.5","-16.5","","","",""
"401282242","Marshall","38","Florida International","0","Marshall -21.5","Bovada","64","-21.5","-22","66","-1700","850"
"401282242","Marshall","38","Florida International","0","Marshall -21.5","teamrankings","64","-21.5","","","",""
"401282242","Marshall","38","Florida International","0","Marshall -21.5","consensus","64","-21.5","","","",""
"401282242","Marshall","38","Florida International","0","Marshall -21.5","William Hill (New Jersey)","64","-21.5","","","",""
"401282795","Northwestern","14","Minnesota","41","Minnesota -7.5","Bovada","43.5","7.5","7.5","43.5","250","-300"
"401282795","Northwestern","14","Minnesota","41","Minnesota -7.5","teamrankings","43.5","7.5","","","",""
"401282795","Northwestern","14","Minnesota","41","Minnesota -7.5","consensus","44","7.5","","","",""
"401282795","Northwestern","14","Minnesota","41","Minnesota -7.5","William Hill (New Jersey)","43.5","7.5","","","",""
"401282801","Nebraska","23","Purdue","28","Nebraska -7.5","Bovada","53.5","-7.5","-7","48.5","-300","250"
"401282801","Nebraska","23","Purdue","28","Nebraska -7.5","teamrankings","54","-7.5","","","",""
"401282801","Nebraska","23","Purdue","28","Nebraska -7.5","consensus","54","-7.5","","","",""
"401282801","Nebraska","23","Purdue","28","Nebraska -7.5","William Hill (New Jersey)","54","-7.5","","","",""
"401309883","Stanford","13","Washington","20","Stanford -3.0","Bovada","46","-3","-2.5","48","-145","125"
"401309883","Stanford","13","Washington","20","Stanford -2.5","teamrankings","45.5","-2.5","","","",""
"401309883","Stanford","13","Washington","20","Stanford -2.5","consensus","46","-2.5","","","",""
"401309883","Stanford","13","Washington","20","Stanford -2.5","William Hill (New Jersey)","46","-2.5","","","",""
"401309886","USC","41","Arizona","34","USC -21.5","Bovada","55","-21.5","-20.5","56.5","-1700","850"
"401309886","USC","41","Arizona","34","USC -22","teamrankings","55.5","-22","","","",""
"401309886","USC","41","Arizona","34","USC -21.5","consensus","55.5","-21.5","","","",""
"401309886","USC","41","Arizona","34","USC -21.5","William Hill (New Jersey)","55.5","-21.5","","","",""
"401282670","Clemson","30","Florida State","20","Clemson -9.0","Bovada","47.5","-9","-10","46","-360","280"
"401282670","Clemson","30","Florida State","20","Clemson -9.5","teamrankings","47.5","-9.5","","","",""
"401282670","Clemson","30","Florida State","20","Clemson -9.5","consensus","47.5","-9.5","","","",""
"401282670","Clemson","30","Florida State","20","Clemson -9.5","William Hill (New Jersey)","47.5","-9.5","","","",""
"401308839","Ohio","35","Miami (OH)","33","Miami (OH) -7.0","Bovada","54.5","7","7","52","230","-280"
"401308839","Ohio","35","Miami (OH)","33","Miami (OH) -7","teamrankings","54.5","7","","","",""
"401308839","Ohio","35","Miami (OH)","33","Miami (OH) -7","consensus","54.5","7","","","",""
"401308839","Ohio","35","Miami (OH)","33","Miami (OH) -7","William Hill (New Jersey)","54.5","7","","","",""
"401309632","Louisiana","21","Georgia State","17","Louisiana -13.5","Bovada","54","-13.5","-10.5","53","-500","360"
"401309632","Louisiana","21","Georgia State","17","Louisiana -13.5","teamrankings","53.5","-13.5","","","",""
"401309632","Louisiana","21","Georgia State","17","Louisiana -13.5","consensus","53.5","-13.5","","","",""
"401309632","Louisiana","21","Georgia State","17","Louisiana -13.5","William Hill (New Jersey)","53.5","-13.5","","","",""
"401282757","Northwestern","12","Iowa","17","Iowa -12.0","Bovada","40.5","12","11.5","40.5","360","-500"
"401282757","Northwestern","12","Iowa","17","Iowa -11.5","teamrankings","40.5","11.5","","","",""
"401282757","Northwestern","12","Iowa","17","Iowa -12","consensus","40.5","12","","","",""
"401282757","Northwestern","12","Iowa","17","Iowa -11.5","William Hill (New Jersey)","40.5","11.5","","","",""
"401282125","South Carolina","40","Florida","17","Florida -21.0","Bovada","52","21","18.5","52.5","775","-1500"
"401282125","South Carolina","40","Florida","17","Florida -20.5","teamrankings","52","20.5","","","",""
"401282125","South Carolina","40","Florida","17","Florida -20.5","consensus","52","20.5","","","",""
"401282125","South Carolina","40","Florida","17","Florida -20.5","William Hill (New Jersey)","52","20.5","","","",""
"401282247","Charlotte","31","Rice","24","Charlotte -6.5","Bovada","52","-6.5","-3.5","53","-245","205"
"401282247","Charlotte","31","Rice","24","Charlotte -6.5","teamrankings","51.5","-6.5","","","",""
"401282247","Charlotte","31","Rice","24","Charlotte -6.5","consensus","52.5","-6.5","","","",""
"401282247","Charlotte","31","Rice","24","Charlotte -6.5","William Hill (New Jersey)","52.5","-6.5","","","",""
"401309582","Kent State","52","Northern Illinois","47","Kent State -3.5","Bovada","72","-3.5","-5.5","67.5","-185","160"
"401309582","Kent State","52","Northern Illinois","47","Kent State -3.5","teamrankings","72","-3.5","","","",""
"401309582","Kent State","52","Northern Illinois","47","Kent State -3.5","consensus","72","-3.5","","","",""
"401309582","Kent State","52","Northern Illinois","47","Kent State -3.5","William Hill (New Jersey)","72","-3.5","","","",""
"401282727","Michigan","29","Indiana","7","Michigan -21.0","Bovada","51","-21","-19","51","-1500","775"
"401282727","Michigan","29","Indiana","7","Michigan -20.5","teamrankings","51","-20.5","","","",""
"401282727","Michigan","29","Indiana","7","Michigan -20.5","consensus","51","-20.5","","","",""
"401282727","Michigan","29","Indiana","7","Michigan -20.5","William Hill (New Jersey)","50.5","-20.5","","","",""
"401309579","Akron","25","Ball State","31","Ball State -20.0","Bovada","58","20","19.5","57.5","725","-1300"
"401309579","Akron","25","Ball State","31","Ball State -20","teamrankings","58","20","","","",""
"401309579","Akron","25","Ball State","31","Ball State -20","consensus","57.5","20","","","",""
"401309579","Akron","25","Ball State","31","Ball State -20","William Hill (New Jersey)","58","20","","","",""
"401309892","Arizona State","31","USC","16","Arizona State -10.0","Bovada","61","-10","-8","59","-340","270"
"401309892","Arizona State","31","USC","16","Arizona State -10","teamrankings","61","-10","","","",""
"401309892","Arizona State","31","USC","16","Arizona State -9.5","consensus","62","-9.5","","","",""
"401309892","Arizona State","31","USC","16","Arizona State -9.5","William Hill (New Jersey)","62","-9.5","","","",""
"401309888","Stanford","7","Utah","52","Utah -10.0","Bovada","52","10","6.5","52.5","265","-330"
"401309888","Stanford","7","Utah","52","Utah -10","teamrankings","52","10","","","",""
"401309888","Stanford","7","Utah","52","Utah -11","consensus","51.5","11","","","",""
"401309888","Stanford","7","Utah","52","Utah -10.5","William Hill (New Jersey)","51.5","10.5","","","",""
"401282679","Florida State","14","NC State","28","NC State -3.0","Bovada","55","3","3","56","125","-145"
"401282679","Florida State","14","NC State","28","NC State -3","teamrankings","55","3","","","",""
"401282679","Florida State","14","NC State","28","NC State -3","consensus","55.5","3","","","",""
"401282679","Florida State","14","NC State","28","NC State -3","William Hill (New Jersey)","55","3","","","",""
"401282680","Louisville","24","Clemson","30","Clemson -3.5","Bovada","46.5","3.5","3.5","45.5","160","-185"
"401282680","Louisville","24","Clemson","30","Clemson -3.5","teamrankings","46","3.5","","","",""
"401282680","Louisville","24","Clemson","30","Clemson -3.5","consensus","46.5","3.5","","","",""
"401282680","Louisville","24","Clemson","30","Clemson -3.5","William Hill (New Jersey)","46.5","3.5","","","",""
"401282252","Southern Miss","14","North Texas","38","North Texas -5.0","Bovada","49","5","4.5","47","180","-220"
"401282252","Southern Miss","14","North Texas","38","North Texas -5.5","teamrankings","49","5.5","","","",""
"401282252","Southern Miss","14","North Texas","38","North Texas -5.5","consensus","49","5.5","","","",""
"401282252","Southern Miss","14","North Texas","38","North Texas -5","William Hill (New Jersey)","49","5","","","",""
"401282121","Arkansas","31","Mississippi State","28","Arkansas -4.0","Bovada","53.5","-4","-5.5","56","-195","165"
"401282121","Arkansas","31","Mississippi State","28","Arkansas -4","teamrankings","54","-4","","","",""
"401282121","Arkansas","31","Mississippi State","28","Arkansas -4","consensus","53.5","-4","","","",""
"401282121","Arkansas","31","Mississippi State","28","Arkansas -4","William Hill (New Jersey)","53.5","-4","","","",""
"401282787","Purdue","40","Michigan State","29","Michigan State -3.0","Bovada","53.5","3","3","52","130","-150"
"401282787","Purdue","40","Michigan State","29","Michigan State -2.5","teamrankings","53","2.5","","","",""
"401282787","Purdue","40","Michigan State","29","Michigan State -2.5","consensus","53.5","2.5","","","",""
"401282787","Purdue","40","Michigan State","29","Michigan State -2.5","William Hill (New Jersey)","53.5","2.5","","","",""
"401301035","East Carolina","45","Temple","3","East Carolina -15.5","Bovada","52","-15.5","-15","55.5","-750","500"
"401301035","East Carolina","45","Temple","3","East Carolina -15.5","teamrankings","52","-15.5","","","",""
"401301035","East Carolina","45","Temple","3","East Carolina -15.5","consensus","52.5","-15.5","","","",""
"401301035","East Carolina","45","Temple","3","East Carolina -15.5","William Hill (New Jersey)","52.5","-15.5","","","",""
"401282710","Notre Dame","34","Navy","6","Notre Dame -21.0","Bovada","48","-21","-21","47.5","-1600","800"
"401282710","Notre Dame","34","Navy","6","Notre Dame -21","teamrankings","47.5","-21","","","",""
"401282710","Notre Dame","34","Navy","6","Notre Dame -21","consensus","47.5","-21","","","",""
"401282710","Notre Dame","34","Navy","6","Notre Dame -21","William Hill (New Jersey)","47.5","-21","","","",""
"401282124","Ole Miss","27","Liberty","14","Ole Miss -9.0","Bovada","67.5","-9","-10","68.5","-350","275"
"401282124","Ole Miss","27","Liberty","14","Ole Miss -7.5","teamrankings","66.5","-7.5","","","",""
"401282124","Ole Miss","27","Liberty","14","Ole Miss -7.5","consensus","67","-7.5","","","",""
"401282124","Ole Miss","27","Liberty","14","Ole Miss -7.5","William Hill (New Jersey)","67","-7.5","","","",""
"401309580","Toledo","49","Eastern Michigan","52","Toledo -9.0","Bovada","54.5","-9","-9","52.5","-360","280"
"401309580","Toledo","49","Eastern Michigan","52","Toledo -9","teamrankings","54.5","-9","","","",""
"401309580","Toledo","49","Eastern Michigan","52","Toledo -9.5","consensus","54.5","-9.5","","","",""
"401309580","Toledo","49","Eastern Michigan","52","Toledo -9.5","William Hill (New Jersey)","54.5","-9.5","","","",""
"401309581","Western Michigan","30","Central Michigan","42","Western Michigan -9.0","Bovada","64.5","-9","-10","63","-395","300"
"401309581","Western Michigan","30","Central Michigan","42","Western Michigan -9","teamrankings","64.5","-9","","","",""
"401309581","Western Michigan","30","Central Michigan","42","Western Michigan -9","consensus","64.5","-9","","","",""
"401309581","Western Michigan","30","Central Michigan","42","Western Michigan -9","William Hill (New Jersey)","64.5","-9","","","",""
"401282720","Minnesota","6","Illinois","14","Minnesota -15.0","Bovada","44","-15","-14.5","43.5","-700","475"
"401282720","Minnesota","6","Illinois","14","Minnesota -14.5","teamrankings","44.5","-14.5","","","",""
"401282720","Minnesota","6","Illinois","14","Minnesota -14.5","consensus","44","-14.5","","","",""
"401282720","Minnesota","6","Illinois","14","Minnesota -14.5","William Hill (New Jersey)","44","-14.5","","","",""
"401282678","Duke","29","Pittsburgh","54","Pittsburgh -21.5","Bovada","64","21.5","20.5","64","850","-1700"
"401282678","Duke","29","Pittsburgh","54","Pittsburgh -21","teamrankings","64.5","21","","","",""
"401282678","Duke","29","Pittsburgh","54","Pittsburgh -21","consensus","64.5","21","","","",""
"401282678","Duke","29","Pittsburgh","54","Pittsburgh -21","William Hill (New Jersey)","64","21","","","",""
"401282824","Rutgers","3","Wisconsin","52","Wisconsin -13.5","Bovada","38","13.5","11.5","37.5","400","-565"
"401282824","Rutgers","3","Wisconsin","52","Wisconsin -13","teamrankings","37.5","13","","","",""
"401282824","Rutgers","3","Wisconsin","52","Wisconsin -13","consensus","37.5","13","","","",""
"401282824","Rutgers","3","Wisconsin","52","Wisconsin -13","Caesars (Pennsylvania)","37.5","13","","","",""
"401282799","Nebraska","17","Ohio State","26","Ohio State -14.5","Bovada","68","14.5","14.5","63","500","-750"
"401282799","Nebraska","17","Ohio State","26","Ohio State -14","teamrankings","68.5","14","","","",""
"401282799","Nebraska","17","Ohio State","26","Ohio State -14","consensus","67.5","14","","","",""
"401282799","Nebraska","17","Ohio State","26","Ohio State -14","William Hill (New Jersey)","67.5","14","","","",""
"401310253","Air Force","14","Army","21","Air Force -2.5","Bovada","37.5","-2.5","-3","37.5","-140","120"
"401310253","Air Force","14","Army","21","Air Force -2.5","teamrankings","37.5","-2.5","","","",""
"401310253","Air Force","14","Army","21","Air Force -2.5","consensus","37.5","-2.5","","","",""
"401310253","Air Force","14","Army","21","Air Force -2.5","William Hill (New Jersey)","37.5","-2.5","","","",""
"401282120","Alabama","20","LSU","14","Alabama -29.0","Bovada","67","-29","-28.5","65","",""
"401282120","Alabama","20","LSU","14","Alabama -29.5","teamrankings","66.5","-29.5","","","",""
"401282120","Alabama","20","LSU","14","Alabama -29","consensus","67","-29","","","",""
"401282120","Alabama","20","LSU","14","Alabama -29","William Hill (New Jersey)","67","-29","","","",""
"401282681","Miami","33","Georgia Tech","30","Miami -10.0","Bovada","62.5","-10","-9","63.5","-415","310"
"401282681","Miami","33","Georgia Tech","30","Miami -10","teamrankings","63","-10","","","",""
"401282681","Miami","33","Georgia Tech","30","Miami -10","consensus","63","-10","","","",""
"401282681","Miami","33","Georgia Tech","30","Miami -10","William Hill (New Jersey)","63","-10","","","",""
"401282682","North Carolina","58","Wake Forest","55","North Carolina -2.5","Bovada","78","-2.5","-2.5","75.5","-130","110"
"401282682","North Carolina","58","Wake Forest","55","North Carolina -2.5","teamrankings","78","-2.5","","","",""
"401282682","North Carolina","58","Wake Forest","55","North Carolina -2.5","consensus","78","-2.5","","","",""
"401282682","North Carolina","58","Wake Forest","55","North Carolina -2.5","William Hill (New Jersey)","78","-2.5","","","",""
"401282248","Florida International","24","Old Dominion","47","Old Dominion -3.0","Bovada","50","3","1.5","52","125","-145"
"401282248","Florida International","24","Old Dominion","47","Old Dominion -3","teamrankings","50","3","","","",""
"401282248","Florida International","24","Old Dominion","47","Old Dominion -3","consensus","50","3","","","",""
"401282248","Florida International","24","Old Dominion","47","Old Dominion -3","William Hill (New Jersey)","50","3","","","",""
"401282253","UTEP","23","UTSA","44","UTSA -11.5","Bovada","53","11.5","12.5","52","345","-470"
"401282253","UTEP","23","UTSA","44","UTSA -12","teamrankings","53.5","12","","","",""
"401282253","UTEP","23","UTSA","44","UTSA -11.5","consensus","53","11.5","","","",""
"401282253","UTEP","23","UTSA","44","UTSA -11.5","William Hill (New Jersey)","53","11.5","","","",""
"401282677","Boston College","17","Virginia Tech","3","Virginia Tech -2.5","Bovada","50.5","2.5","3","47","135","-160"
"401282677","Boston College","17","Virginia Tech","3","Virginia Tech -1","teamrankings","51","1","","","",""
"401282677","Boston College","17","Virginia Tech","3","Virginia Tech -1","consensus","51","1","","","",""
"401282677","Boston College","17","Virginia Tech","3","Virginia Tech -1","William Hill (New Jersey)","51","1","","","",""
"401282123","Kentucky","42","Tennessee","45","Tennessee -1.0","Bovada","57","1","-3","58.5","-105","-115"
"401282123","Kentucky","42","Tennessee","45","Tennessee -1","teamrankings","57.5","1","","","",""
"401282123","Kentucky","42","Tennessee","45","Tennessee -1","consensus","57.5","1","","","",""
"401282123","Kentucky","42","Tennessee","45","Tennessee -1","William Hill (New Jersey)","57.5","1","","","",""
"401282122","Georgia","43","Missouri","6","Georgia -40.0","Bovada","59","-40","-37.5","59.5","",""
"401282122","Georgia","43","Missouri","6","Georgia -40","teamrankings","59","-40","","","",""
"401282122","Georgia","43","Missouri","6","Georgia -40","consensus","59.5","-40","","","",""
"401282122","Georgia","43","Missouri","6","Georgia -40","William Hill (New Jersey)","59","-40","","","",""
"401282126","Texas A&M","20","Auburn","3","Texas A&M -4.5","Bovada","49","-4.5","-4.5","50","-200","170"
"401282126","Texas A&M","20","Auburn","3","Texas A&M -4.5","teamrankings","49.5","-4.5","","","",""
"401282126","Texas A&M","20","Auburn","3","Texas A&M -4.5","consensus","49.5","-4.5","","","",""
"401282126","Texas A&M","20","Auburn","3","Texas A&M -4.5","William Hill (New Jersey)","49.5","-4.5","","","",""
"401301043","Temple","8","Houston","37","Houston -26.0","Bovada","52.5","26","25.5","55.5","1075","-2600"
"401301043","Temple","8","Houston","37","Houston -26","teamrankings","52.5","26","","","",""
"401301043","Temple","8","Houston","37","Houston -24.5","consensus","52.5","24.5","","","",""
"401301043","Temple","8","Houston","37","Houston -25","William Hill (New Jersey)","52.5","25","","","",""
"401282780","Penn State","17","Michigan","21","Michigan -2.5","Bovada","48","2.5","","48.5","105","-125"
"401282780","Penn State","17","Michigan","21","Michigan -2.5","teamrankings","48","2.5","","","",""
"401282780","Penn State","17","Michigan","21","Michigan -2.5","consensus","48.5","2.5","","","",""
"401282780","Penn State","17","Michigan","21","Michigan -2.5","William Hill (New Jersey)","48","2.5","","","",""
"401287939","Kansas State","34","West Virginia","17","Kansas State -6.0","Bovada","46.5","-6","-6","47","-235","195"
"401287939","Kansas State","34","West Virginia","17","Kansas State -6","teamrankings","47.5","-6","","","",""
"401287939","Kansas State","34","West Virginia","17","Kansas State -6","consensus","47","-6","","","",""
"401287939","Kansas State","34","West Virginia","17","Kansas State -6","William Hill (New Jersey)","47","-6","","","",""
"401309587","Northern Illinois","30","Ball State","29","Ball State -3.0","Bovada","59.5","3","2.5","62","110","-130"
"401309587","Northern Illinois","30","Ball State","29","Ball State -3","teamrankings","59.5","3","","","",""
"401309587","Northern Illinois","30","Ball State","29","Ball State -2.5","consensus","60","2.5","","","",""
"401309587","Northern Illinois","30","Ball State","29","Ball State -3","William Hill (New Jersey)","59","3","","","",""
"401282687","Louisville","41","Syracuse","3","Louisville -3.5","Bovada","55.5","-3.5","-3","55.5","-160","135"
"401282687","Louisville","41","Syracuse","3","Louisville -3","teamrankings","55.5","-3","","","",""
"401282687","Louisville","41","Syracuse","3","Louisville -3","consensus","55.5","-3","","","",""
"401282687","Louisville","41","Syracuse","3","Louisville -3","William Hill (New Jersey)","55.5","-3","","","",""
"401282771","Michigan State","40","Maryland","21","Michigan State -12.0","Bovada","61.5","-12","-13.5","62.5","-565","400"
"401282771","Michigan State","40","Maryland","21","Michigan State -11.5","teamrankings","60","-11.5","","","",""
"401282771","Michigan State","40","Maryland","21","Michigan State -11.5","consensus","60.5","-11.5","","","",""
"401282771","Michigan State","40","Maryland","21","Michigan State -11.5","William Hill (New Jersey)","60.5","-11.5","","","",""
"401282762","Iowa","27","Minnesota","22","Iowa -4.0","Bovada","37","-4","-7","36.5","-180","155"
"401282762","Iowa","27","Minnesota","22","Iowa -4","teamrankings","37.5","-4","","","",""
"401282762","Iowa","27","Minnesota","22","Iowa -4","consensus","37","-4","","","",""
"401282762","Iowa","27","Minnesota","22","Iowa -4","William Hill (New Jersey)","37","-4","","","",""
"401282690","Wake Forest","45","NC State","42","Wake Forest -1.5","Bovada","64.5","-1.5","-3","66.5","-125","105"
"401282690","Wake Forest","45","NC State","42","Wake Forest -1","teamrankings","65","-1","","","",""
"401282690","Wake Forest","45","NC State","42","Wake Forest -1","consensus","64.5","-1","","","",""
"401282690","Wake Forest","45","NC State","42","Wake Forest -1","William Hill (New Jersey)","64.5","-1","","","",""
"401282684","Clemson","44","UConn","7","Clemson -40.0","Bovada","51","-40","-39.5","49","",""
"401282684","Clemson","44","UConn","7","Clemson -40.5","teamrankings","50.5","-40.5","","","",""
"401282684","Clemson","44","UConn","7","Clemson -40.5","consensus","50.5","-40.5","","","",""
"401282684","Clemson","44","UConn","7","Clemson -40.5","William Hill (New Jersey)","50.5","-40.5","","","",""
"401282686","Georgia Tech","30","Boston College","41","Georgia Tech -1.0","Bovada","55","-1","-2","52","-115","-105"
"401282686","Georgia Tech","30","Boston College","41","Boston College -2","teamrankings","55","2","","","",""
"401282686","Georgia Tech","30","Boston College","41","Boston College -1.5","consensus","55.5","1.5","","","",""
"401282686","Georgia Tech","30","Boston College","41","Boston College -2","William Hill (New Jersey)","55","2","","","",""
"401287938","Baylor","27","Oklahoma","14","Oklahoma -3.5","Bovada","64","3.5","6","64","175","-210"
"401287938","Baylor","27","Oklahoma","14","Oklahoma -4","teamrankings","63","4","","","",""
"401287938","Baylor","27","Oklahoma","14","Oklahoma -4","consensus","62.5","4","","","",""
"401287938","Baylor","27","Oklahoma","14","Oklahoma -4","William Hill (New Jersey)","63","4","","","",""
"401309639","Coastal Carolina","40","Georgia State","42","Coastal Carolina -13.0","Bovada","53","-13","-9","52.5","-445","330"
"401309639","Coastal Carolina","40","Georgia State","42","Coastal Carolina -12.5","teamrankings","53.5","-12.5","","","",""
"401309639","Coastal Carolina","40","Georgia State","42","Coastal Carolina -12.5","consensus","53.5","-12.5","","","",""
"401309639","Coastal Carolina","40","Georgia State","42","Coastal Carolina -12.5","William Hill (New Jersey)","53.5","-12.5","","","",""
"401282689","Virginia Tech","48","Duke","17","Virginia Tech -11.0","Bovada","51.5","-11","-10.5","48","-470","345"
"401282689","Virginia Tech","48","Duke","17","Virginia Tech -13.5","teamrankings","50.5","-13.5","","","",""
"401282689","Virginia Tech","48","Duke","17","Virginia Tech -13","consensus","50.5","-13","","","",""
"401282689","Virginia Tech","48","Duke","17","Virginia Tech -13","William Hill (New Jersey)","50.5","-13","","","",""
"401287940","Oklahoma State","63","TCU","17","Oklahoma State -12.0","Bovada","54","-12","-13","54.5","-500","360"
"401287940","Oklahoma State","63","TCU","17","Oklahoma State -11","teamrankings","53.5","-11","","","",""
"401287940","Oklahoma State","63","TCU","17","Oklahoma State -11","consensus","54","-11","","","",""
"401287940","Oklahoma State","63","TCU","17","Oklahoma State -11","William Hill (New Jersey)","54","-11","","","",""
"401309638","UL Monroe","24","Arkansas State","27","UL Monroe -3.0","Bovada","66.5","-3","-3","68.5","-150","130"
"401309638","UL Monroe","24","Arkansas State","27","UL Monroe -3","teamrankings","66.5","-3","","","",""
"401309638","UL Monroe","24","Arkansas State","27","UL Monroe -3","consensus","66.5","-3","","","",""
"401309638","UL Monroe","24","Arkansas State","27","UL Monroe -3","William Hill (New Jersey)","66.5","-3","","","",""
"401301041","SMU","55","UCF","28","SMU -7.0","Bovada","62","-7","-7.5","59.5","-280","230"
"401301041","SMU","55","UCF","28","SMU -7","teamrankings","61.5","-7","","","",""
"401301041","SMU","55","UCF","28","SMU -7","consensus","61.5","-7","","","",""
"401301041","SMU","55","UCF","28","SMU -7","William Hill (New Jersey)","61.5","-7","","","",""
"401287941","Texas","56","Kansas","57","Texas -31.0","Bovada","62","-31","-30","60.5","",""
"401287941","Texas","56","Kansas","57","Texas -31","teamrankings","61.5","-31","","","",""
"401287941","Texas","56","Kansas","57","Texas -31","consensus","61.5","-31","","","",""
"401287941","Texas","56","Kansas","57","Texas -31","William Hill (New Jersey)","61.5","-31","","","",""
"401301042","Memphis","29","East Carolina","30","Memphis -4.0","Bovada","59","-4","-6","60","-210","175"
"401301042","Memphis","29","East Carolina","30","Memphis -4","teamrankings","58.5","-4","","","",""
"401301042","Memphis","29","East Carolina","30","Memphis -4","consensus","58.5","-4","","","",""
"401301042","Memphis","29","East Carolina","30","Memphis -4","William Hill (New Jersey)","59","-4","","","",""
"401282256","Old Dominion","30","Florida Atlantic","16","Florida Atlantic -6.5","Bovada","48","6.5","6.5","49.5","210","-250"
"401282256","Old Dominion","30","Florida Atlantic","16","Florida Atlantic -6.5","teamrankings","48","6.5","","","",""
"401282256","Old Dominion","30","Florida Atlantic","16","Florida Atlantic -6.5","consensus","48","6.5","","","",""
"401282256","Old Dominion","30","Florida Atlantic","16","Florida Atlantic -6.5","William Hill (New Jersey)","48","6.5","","","",""
"401282259","Rice","21","Western Kentucky","42","Western Kentucky -19.0","Bovada","61.5","19","19","63","700","-1200"
"401282259","Rice","21","Western Kentucky","42","Western Kentucky -19","teamrankings","61","19","","","",""
"401282259","Rice","21","Western Kentucky","42","Western Kentucky -19","consensus","61.5","19","","","",""
"401282259","Rice","21","Western Kentucky","42","Western Kentucky -19","William Hill (New Jersey)","61.5","19","","","",""
"401309894","Oregon State","35","Stanford","14","Oregon State -13.0","Bovada","56","-13","-10","56","-480","350"
"401309894","Oregon State","35","Stanford","14","Oregon State -12.5","teamrankings","56.5","-12.5","","","",""
"401309894","Oregon State","35","Stanford","14","Oregon State -12.5","consensus","56.5","-12.5","","","",""
"401309894","Oregon State","35","Stanford","14","Oregon State -12.5","William Hill (New Jersey)","56","-12.5","","","",""
"401287942","Texas Tech","41","Iowa State","38","Iowa State -10.5","Bovada","56.5","10.5","10.5","58","315","-420"
"401287942","Texas Tech","41","Iowa State","38","Iowa State -13","teamrankings","55.5","13","","","",""
"401287942","Texas Tech","41","Iowa State","38","Iowa State -12.5","consensus","55.5","12.5","","","",""
"401287942","Texas Tech","41","Iowa State","38","Iowa State -12.5","William Hill (New Jersey)","55.5","12.5","","","",""
"401282683","Pittsburgh","30","North Carolina","23","Pittsburgh -6.5","Bovada","72.5","-6.5","-6","75","-250","210"
"401282683","Pittsburgh","30","North Carolina","23","Pittsburgh -6.5","teamrankings","72","-6.5","","","",""
"401282683","Pittsburgh","30","North Carolina","23","Pittsburgh -6.5","consensus","72","-6.5","","","",""
"401282683","Pittsburgh","30","North Carolina","23","Pittsburgh -6.5","William Hill (New Jersey)","72","-6.5","","","",""
"401282685","Florida State","31","Miami","28","Miami -3.0","Bovada","61","3","2.5","60","120","-140"
"401282685","Florida State","31","Miami","28","Miami -2.5","teamrankings","61.5","2.5","","","",""
"401282685","Florida State","31","Miami","28","Miami -2.5","consensus","61.5","2.5","","","",""
"401282685","Florida State","31","Miami","28","Miami -2.5","William Hill (New Jersey)","61","2.5","","","",""
"401309637","App State","31","South Alabama","7","App State -21.5","Bovada","51.5","-21.5","-23","54.5","-2100","975"
"401309637","App State","31","South Alabama","7","App State -21.5","teamrankings","51.5","-21.5","","","",""
"401309637","App State","31","South Alabama","7","App State -21.5","consensus","52","-21.5","","","",""
"401309637","App State","31","South Alabama","7","App State -21.5","William Hill (New Jersey)","52","-21.5","","","",""
"401282812","Ohio State","59","Purdue","31","Ohio State -19.5","Bovada","65","-19.5","-20.5","61.5","-1300","725"
"401282812","Ohio State","59","Purdue","31","Ohio State -19","teamrankings","65.5","-19","","","",""
"401282812","Ohio State","59","Purdue","31","Ohio State -19","consensus","65","-19","","","",""
"401282812","Ohio State","59","Purdue","31","Ohio State -19","William Hill (New Jersey)","65","-19","","","",""
"401282806","Wisconsin","35","Northwestern","7","Wisconsin -26.0","Bovada","41.5","-26","-24","41","-2800","1100"
"401282806","Wisconsin","35","Northwestern","7","Wisconsin -25.5","teamrankings","42","-25.5","","","",""
"401282806","Wisconsin","35","Northwestern","7","Wisconsin -25.5","consensus","41.5","-25.5","","","",""
"401282806","Wisconsin","35","Northwestern","7","Wisconsin -25.5","William Hill (New Jersey)","41.5","-25.5","","","",""
"401310745","UNLV","27","Hawai'i","13","Hawai'i -3.5","Bovada","55.5","3.5","1.5","57","135","-160"
"401310745","UNLV","27","Hawai'i","13","Hawai'i -3.5","teamrankings","55.5","3.5","","","",""
"401310745","UNLV","27","Hawai'i","13","Hawai'i -3.5","consensus","55.5","3.5","","","",""
"401310745","UNLV","27","Hawai'i","13","Hawai'i -3.5","William Hill (New Jersey)","55.5","3.5","","","",""
"401282257","Marshall","14","UAB","21","Marshall -4.5","Bovada","55.5","-4.5","-6","55.5","-200","170"
"401282257","Marshall","14","UAB","21","Marshall -4.5","teamrankings","55.5","-4.5","","","",""
"401282257","Marshall","14","UAB","21","Marshall -4.5","consensus","55.5","-4.5","","","",""
"401282257","Marshall","14","UAB","21","Marshall -4.5","Caesars (Pennsylvania)","55","-4.5","","","",""
"401310744","San José State","17","Utah State","48","San José State -4.5","Bovada","57.5","-4.5","-4.5","56.5","-200","170"
"401310744","San José State","17","Utah State","48","San José State -4.5","teamrankings","58","-4.5","","","",""
"401310744","San José State","17","Utah State","48","San José State -4.5","consensus","58","-4.5","","","",""
"401310744","San José State","17","Utah State","48","San José State -4","Caesars (Pennsylvania)","58","-4","","","",""
"401286304","Massachusetts","10","Maine","35","Maine -6.0","Bovada","58.5","6","4.5","58.5","",""
"401286304","Massachusetts","10","Maine","35","Maine -5","consensus","58.5","5","","","",""
"401286304","Massachusetts","10","Maine","35","Maine -5","William Hill (New Jersey)","58.5","5","","","",""
"401309895","Oregon","38","Washington State","24","Oregon -13.0","Bovada","57.5","-13","-13.5","56.5","-585","410"
"401309895","Oregon","38","Washington State","24","Oregon -13","teamrankings","58","-13","","","",""
"401309895","Oregon","38","Washington State","24","Oregon -13.5","consensus","57.5","-13.5","","","",""
"401309895","Oregon","38","Washington State","24","Oregon -13.5","William Hill (New Jersey)","58","-13.5","","","",""
"401282260","UTSA","27","Southern Miss","17","UTSA -33.0","Bovada","54.5","-33","-32.5","55","",""
"401282260","UTSA","27","Southern Miss","17","UTSA -32.5","teamrankings","54","-32.5","","","",""
"401282260","UTSA","27","Southern Miss","17","UTSA -32.5","consensus","54.5","-32.5","","","",""
"401282260","UTSA","27","Southern Miss","17","UTSA -32.5","William Hill (New Jersey)","54.5","-32.5","","","",""
"401301044","Tulane","13","Tulsa","20","Tulsa -3.0","Bovada","55.5","3","3","58.5","125","-145"
"401301044","Tulane","13","Tulsa","20","Tulsa -3","teamrankings","55.5","3","","","",""
"401301044","Tulane","13","Tulsa","20","Tulsa -3","consensus","55.5","3","","","",""
"401301044","Tulane","13","Tulsa","20","Tulsa -3","William Hill (New Jersey)","55.5","3","","","",""
"401282258","North Texas","20","UTEP","17","UTEP -1.0","Bovada","55","1","2","55.5","-105","-115"
"401282258","North Texas","20","UTEP","17","North Texas -1","teamrankings","55.5","-1","","","",""
"401282258","North Texas","20","UTEP","17","North Texas -1","consensus","55","-1","","","",""
"401282258","North Texas","20","UTEP","17","UTEP -0","William Hill (New Jersey)","55","0","","","",""
"401309640","Texas State","30","Georgia Southern","38","Texas State -2.0","Bovada","52.5","-2","-2.5","53.5","-125","105"
"401309640","Texas State","30","Georgia Southern","38","Texas State -2.5","teamrankings","52","-2.5","","","",""
"401309640","Texas State","30","Georgia Southern","38","Texas State -2","consensus","52","-2","","","",""
"401309640","Texas State","30","Georgia Southern","38","Texas State -2","William Hill (New Jersey)","52","-2","","","",""
"401282688","Virginia","3","Notre Dame","28","Notre Dame -7.5","Bovada","63","7.5","5","64.5","210","-250"
"401282688","Virginia","3","Notre Dame","28","Notre Dame -7.5","teamrankings","62.5","7.5","","","",""
"401282688","Virginia","3","Notre Dame","28","Notre Dame -8.5","consensus","62","8.5","","","",""
"401282688","Virginia","3","Notre Dame","28","Notre Dame -9","William Hill (New Jersey)","62","9","","","",""
"401282143","Tennessee","60","South Alabama","14","Tennessee -28.0","Bovada","62","-28","-27.5","64","-5000","1275"
"401282143","Tennessee","60","South Alabama","14","Tennessee -28.5","teamrankings","61.5","-28.5","","","",""
"401282143","Tennessee","60","South Alabama","14","Tennessee -28.5","consensus","61.5","-28.5","","","",""
"401282143","Tennessee","60","South Alabama","14","Tennessee -28","William Hill (New Jersey)","61","-28","","","",""
"401309902","Oregon State","24","Arizona State","10","Arizona State -3.0","Bovada","58.5","3","2.5","60","130","-150"
"401309902","Oregon State","24","Arizona State","10","Arizona State -2.5","teamrankings","59","2.5","","","",""
"401309902","Oregon State","24","Arizona State","10","Arizona State -3","consensus","59","3","","","",""
"401309902","Oregon State","24","Arizona State","10","Arizona State -3","William Hill (New Jersey)","59","3","","","",""
"401310747","Nevada","39","Air Force","41","Air Force -2.0","Bovada","54","2","-1.5","52.5","115","-135"
"401310747","Nevada","39","Air Force","41","Air Force -1.5","teamrankings","53.5","1.5","","","",""
"401310747","Nevada","39","Air Force","41","Air Force -1.5","consensus","54.5","1.5","","","",""
"401310747","Nevada","39","Air Force","41","Air Force -2","William Hill (New Jersey)","54.5","2","","","",""
"401282691","Duke","22","Louisville","62","Louisville -20.5","Bovada","60.5","20.5","19.5","59.5","750","-1400"
"401282691","Duke","22","Louisville","62","Louisville -20","teamrankings","60","20","","","",""
"401282691","Duke","22","Louisville","62","Louisville -20","consensus","60.5","20","","","",""
"401282691","Duke","22","Louisville","62","Louisville -20","William Hill (New Jersey)","60.5","20","","","",""
"401308841","Miami (OH)","34","Bowling Green","7","Miami (OH) -17.0","Bovada","52","-17","-16","50.5","-750","500"
"401308841","Miami (OH)","34","Bowling Green","7","Miami (OH) -17","teamrankings","52","-17","","","",""
"401308841","Miami (OH)","34","Bowling Green","7","Miami (OH) -17","consensus","52","-17","","","",""
"401308841","Miami (OH)","34","Bowling Green","7","Miami (OH) -17","William Hill (New Jersey)","52","-17","","","",""
"401310750","Utah State","17","Wyoming","44","Utah State -6.0","Bovada","52","-6","-6.5","53","-220","180"
"401310750","Utah State","17","Wyoming","44","Utah State -6","teamrankings","52","-6","","","",""
"401310750","Utah State","17","Wyoming","44","Utah State -5.5","consensus","52","-5.5","","","",""
"401310750","Utah State","17","Wyoming","44","Utah State -5.5","William Hill (New Jersey)","52","-5.5","","","",""
"401282135","Alabama","42","Arkansas","35","Alabama -21.0","Bovada","58","-21","-20.5","56","-1400","750"
"401282135","Alabama","42","Arkansas","35","Alabama -20.5","teamrankings","58.5","-20.5","","","",""
"401282135","Alabama","42","Arkansas","35","Alabama -20.5","consensus","58.5","-20.5","","","",""
"401282135","Alabama","42","Arkansas","35","Alabama -20.5","William Hill (New Jersey)","58.5","-20.5","","","",""
"401282265","Middle Tennessee","17","Old Dominion","24","Middle Tennessee -3.0","Bovada","48","-3","-3.5","50.5","-170","145"
"401282265","Middle Tennessee","17","Old Dominion","24","Middle Tennessee -3","teamrankings","48.5","-3","","","",""
"401282265","Middle Tennessee","17","Old Dominion","24","Middle Tennessee -3","consensus","49","-3","","","",""
"401282265","Middle Tennessee","17","Old Dominion","24","Middle Tennessee -3","William Hill (New Jersey)","48.5","-3","","","",""
"401282694","Miami","38","Virginia Tech","26","Miami -7.0","Bovada","56","-7","-7","55","-290","240"
"401282694","Miami","38","Virginia Tech","26","Miami -7","teamrankings","55.5","-7","","","",""
"401282694","Miami","38","Virginia Tech","26","Miami -7","consensus","55.5","-7","","","",""
"401282694","Miami","38","Virginia Tech","26","Miami -7","William Hill (New Jersey)","55.5","-7","","","",""
"401309591","Ball State","17","Central Michigan","37","Central Michigan -2.5","Bovada","57","2.5","-2.5","62","120","-140"
"401309591","Ball State","17","Central Michigan","37","Central Michigan -2.5","teamrankings","57","2.5","","","",""
"401309591","Ball State","17","Central Michigan","37","Central Michigan -2.5","consensus","57","2.5","","","",""
"401309591","Ball State","17","Central Michigan","37","Central Michigan -2.5","William Hill (New Jersey)","57","2.5","","","",""
"401282261","Charlotte","28","Marshall","49","Marshall -14.5","Bovada","63","14.5","14.5","61.5","445","-655"
"401282261","Charlotte","28","Marshall","49","Marshall -14","teamrankings","62","14","","","",""
"401282261","Charlotte","28","Marshall","49","Marshall -14.5","consensus","62","14.5","","","",""
"401282261","Charlotte","28","Marshall","49","Marshall -14.5","William Hill (New Jersey)","62","14.5","","","",""
"401309901","Utah","38","Oregon","7","Utah -3.0","Bovada","58.5","-3","-3","59","-150","130"
"401309901","Utah","38","Oregon","7","Utah -3","teamrankings","58.5","-3","","","",""
"401309901","Utah","38","Oregon","7","Utah -3","consensus","58.5","-3","","","",""
"401309901","Utah","38","Oregon","7","Utah -3","William Hill (New Jersey)","58.5","-3","","","",""
"401282696","North Carolina","34","Wofford","14","North Carolina -37.0","Bovada","62","-37","-37","64","",""
"401282696","North Carolina","34","Wofford","14","North Carolina -37","consensus","62","-37","","","",""
"401282696","North Carolina","34","Wofford","14","North Carolina -37","William Hill (New Jersey)","62","-37","","","",""
"401309590","Buffalo","27","Northern Illinois","33","Northern Illinois -2.0","Bovada","59","2","2.5","64.5","110","-130"
"401309590","Buffalo","27","Northern Illinois","33","Northern Illinois -2","teamrankings","59.5","2","","","",""
"401309590","Buffalo","27","Northern Illinois","33","Northern Illinois -1.5","consensus","59","1.5","","","",""
"401309590","Buffalo","27","Northern Illinois","33","Northern Illinois -1.5","William Hill (New Jersey)","59","1.5","","","",""
"401282136","Georgia","56","Charleston Southern","7","Georgia -53.0","Bovada","59","-53","-51","58.5","",""
"401282136","Georgia","56","Charleston Southern","7","Georgia -52.5","consensus","59.5","-52.5","","","",""
"401282136","Georgia","56","Charleston Southern","7","Georgia -52","William Hill (New Jersey)","58.5","-52","","","",""
"401310748","Boise State","37","New Mexico","0","Boise State -27.0","Bovada","48","-27","-27.5","48","-4500","1250"
"401310748","Boise State","37","New Mexico","0","Boise State -27.5","teamrankings","48","-27.5","","","",""
"401310748","Boise State","37","New Mexico","0","Boise State -27.5","consensus","48","-27.5","","","",""
"401310748","Boise State","37","New Mexico","0","Boise State -27.5","William Hill (New Jersey)","48","-27.5","","","",""
"401286298","Liberty","14","Louisiana","42","Liberty -4.5","Bovada","53.5","-4.5","-4","53","-185","160"
"401286298","Liberty","14","Louisiana","42","Liberty -4","teamrankings","53.5","-4","","","",""
"401286298","Liberty","14","Louisiana","42","Liberty -4.5","consensus","53.5","-4.5","","","",""
"401286298","Liberty","14","Louisiana","42","Liberty -4","William Hill (New Jersey)","53.5","-4","","","",""
"401309903","Colorado","20","Washington","17","Washington -6.5","Bovada","43","6.5","5.5","43","210","-250"
"401309903","Colorado","20","Washington","17","Washington -6.5","teamrankings","43","6.5","","","",""
"401309903","Colorado","20","Washington","17","Washington -6.5","consensus","43","6.5","","","",""
"401309903","Colorado","20","Washington","17","Washington -6.5","William Hill (New Jersey)","43","6.5","","","",""
"401282732","Indiana","14","Minnesota","35","Minnesota -7.5","Bovada","43.5","7.5","6.5","43.5","240","-290"
"401282732","Indiana","14","Minnesota","35","Minnesota -7.5","teamrankings","43","7.5","","","",""
"401282732","Indiana","14","Minnesota","35","Minnesota -7.5","consensus","43.5","7.5","","","",""
"401282732","Indiana","14","Minnesota","35","Minnesota -7.5","William Hill (New Jersey)","43","7.5","","","",""
"401310749","Hawai'i","50","Colorado State","45","Colorado State -3.0","Bovada","54","3","2","54.5","120","-140"
"401310749","Hawai'i","50","Colorado State","45","Colorado State -3","teamrankings","54","3","","","",""
"401310749","Hawai'i","50","Colorado State","45","Colorado State -3","consensus","53.5","3","","","",""
"401310749","Hawai'i","50","Colorado State","45","Colorado State -3","William Hill (New Jersey)","53.5","3","","","",""
"401310751","UNLV","20","San Diego State","28","San Diego State -11.0","Bovada","41","11","12","41","340","-460"
"401310751","UNLV","20","San Diego State","28","San Diego State -11","teamrankings","41","11","","","",""
"401310751","UNLV","20","San Diego State","28","San Diego State -11","consensus","41","11","","","",""
"401310751","UNLV","20","San Diego State","28","San Diego State -11","William Hill (New Jersey)","41","11","","","",""
"401282137","Kentucky","56","New Mexico State","16","Kentucky -36.0","Bovada","61","-36","-36","59.5","",""
"401282137","Kentucky","56","New Mexico State","16","Kentucky -35.5","teamrankings","61","-35.5","","","",""
"401282137","Kentucky","56","New Mexico State","16","Kentucky -35.5","consensus","61","-35.5","","","",""
"401282137","Kentucky","56","New Mexico State","16","Kentucky -35.5","William Hill (New Jersey)","61","-35.5","","","",""
"401282818","Penn State","28","Rutgers","0","Penn State -14.0","Bovada","45","-14","-17.5","47.5","-665","450"
"401282818","Penn State","28","Rutgers","0","Penn State -14","teamrankings","44.5","-14","","","",""
"401282818","Penn State","28","Rutgers","0","Penn State -14","consensus","45","-14","","","",""
"401282818","Penn State","28","Rutgers","0","Penn State -14","Caesars (Pennsylvania)","45","-14","","","",""
"401309588","Eastern Michigan","22","Western Michigan","21","Western Michigan -6.0","Bovada","66","6","5","68.5","170","-200"
"401309588","Eastern Michigan","22","Western Michigan","21","Western Michigan -6","teamrankings","66","6","","","",""
"401309588","Eastern Michigan","22","Western Michigan","21","Western Michigan -6","consensus","66","6","","","",""
"401309588","Eastern Michigan","22","Western Michigan","21","Western Michigan -6","William Hill (New Jersey)","66","6","","","",""
"401309589","Ohio","23","Toledo","35","Toledo -7.5","Bovada","57.5","7.5","6","54","200","-240"
"401309589","Ohio","23","Toledo","35","Toledo -7.5","teamrankings","57","7.5","","","",""
"401309589","Ohio","23","Toledo","35","Toledo -7.5","consensus","57.5","7.5","","","",""
"401309589","Ohio","23","Toledo","35","Toledo -7.5","William Hill (New Jersey)","57.5","7.5","","","",""
"401309904","USC","33","UCLA","62","UCLA -3.5","Bovada","65.5","3.5","3","65","140","-165"
"401309904","USC","33","UCLA","62","UCLA -4.5","teamrankings","66.5","4.5","","","",""
"401309904","USC","33","UCLA","62","UCLA -3.5","consensus","65.5","3.5","","","",""
"401309904","USC","33","UCLA","62","UCLA -3.5","William Hill (New Jersey)","65.5","3.5","","","",""
"401301045","Houston","31","Memphis","13","Houston -9.5","Bovada","60","-9.5","-9.5","60.5","-370","285"
"401301045","Houston","31","Memphis","13","Houston -9","teamrankings","59.5","-9","","","",""
"401301045","Houston","31","Memphis","13","Houston -9.5","consensus","59","-9.5","","","",""
"401301045","Houston","31","Memphis","13","Houston -9.5","William Hill (New Jersey)","59","-9.5","","","",""
"401282808","Northwestern","14","Purdue","32","Purdue -11.0","Bovada","47.5","11","11.5","48.5","335","-455"
"401282808","Northwestern","14","Purdue","32","Purdue -11","teamrankings","47.5","11","","","",""
"401282808","Northwestern","14","Purdue","32","Purdue -11","consensus","47.5","11","","","",""
"401282808","Northwestern","14","Purdue","32","Purdue -11","William Hill (New Jersey)","47.5","11","","","",""
"401309899","Washington State","44","Arizona","18","Washington State -15.0","Bovada","52.5","-15","-15","52.5","-665","450"
"401309899","Washington State","44","Arizona","18","Washington State -15","teamrankings","52.5","-15","","","",""
"401309899","Washington State","44","Arizona","18","Washington State -14.5","consensus","52.5","-14.5","","","",""
"401309899","Washington State","44","Arizona","18","Washington State -14.5","William Hill (New Jersey)","52.5","-14.5","","","",""
"401286293","UCF","49","UConn","17","UCF -30.5","Bovada","56","-30.5","-30","56.5","-10000","2500"
"401286293","UCF","49","UConn","17","UCF -30","teamrankings","56","-30","","","",""
"401286293","UCF","49","UConn","17","UCF -30","consensus","55.5","-30","","","",""
"401286293","UCF","49","UConn","17","UCF -30","William Hill (New Jersey)","55.5","-30","","","",""
"401282266","UTEP","38","Rice","28","UTEP -9.0","Bovada","47","-9","-10","47.5","-380","290"
"401282266","UTEP","38","Rice","28","UTEP -9","teamrankings","47","-9","","","",""
"401282266","UTEP","38","Rice","28","UTEP -9","consensus","47","-9","","","",""
"401282266","UTEP","38","Rice","28","UTEP -9","William Hill (New Jersey)","47","-9","","","",""
"401282146","Auburn","22","Alabama","24","Alabama -20.5","Bovada","57","20.5","19.5","55","750","-1400"
"401282146","Auburn","22","Alabama","24","Alabama -21","teamrankings","57.5","21","","","",""
"401282146","Auburn","22","Alabama","24","Alabama -20.5","consensus","57","20.5","","","",""
"401282146","Auburn","22","Alabama","24","Alabama -20.5","William Hill (New Jersey)","57","20.5","","","",""
"401282711","Stanford","14","Notre Dame","45","Notre Dame -20.0","Bovada","53","20","17.5","52.5","750","-1400"
"401282711","Stanford","14","Notre Dame","45","Notre Dame -20.5","teamrankings","53","20.5","","","",""
"401282711","Stanford","14","Notre Dame","45","Notre Dame -21","consensus","53","21","","","",""
"401282711","Stanford","14","Notre Dame","45","Notre Dame -21","William Hill (New Jersey)","53","21","","","",""
"401309594","Northern Illinois","21","Western Michigan","42","Western Michigan -7.0","Bovada","58.5","7","3.5","62.5","155","-180"
"401309594","Northern Illinois","21","Western Michigan","42","Western Michigan -6.5","teamrankings","60","6.5","","","",""
"401309594","Northern Illinois","21","Western Michigan","42","Western Michigan -7","consensus","58.5","7","","","",""
"401309594","Northern Illinois","21","Western Michigan","42","Western Michigan -7","William Hill (New Jersey)","58.5","7","","","",""
"401282148","Georgia Tech","0","Georgia","45","Georgia -36.0","Bovada","55","36","35","54.5","",""
"401282148","Georgia Tech","0","Georgia","45","Georgia -35.5","teamrankings","54.5","35.5","","","",""
"401282148","Georgia Tech","0","Georgia","45","Georgia -35.5","consensus","54.5","35.5","","","",""
"401282148","Georgia Tech","0","Georgia","45","Georgia -35.5","William Hill (New Jersey)","54.5","35.5","","","",""
"401287949","Iowa State","48","TCU","14","Iowa State -15.0","Bovada","61","-15","-14.5","58.5","-700","475"
"401287949","Iowa State","48","TCU","14","Iowa State -16","teamrankings","61.5","-16","","","",""
"401287949","Iowa State","48","TCU","14","Iowa State -15.5","consensus","61.5","-15.5","","","",""
"401287949","Iowa State","48","TCU","14","Iowa State -15.5","William Hill (New Jersey)","61","-15.5","","","",""
"401282149","Louisville","21","Kentucky","52","Louisville -3.0","Bovada","58","-3","-2.5","57","-145","125"
"401282149","Louisville","21","Kentucky","52","Louisville -3","teamrankings","58","-3","","","",""
"401282149","Louisville","21","Kentucky","52","Louisville -3","consensus","57.5","-3","","","",""
"401282149","Louisville","21","Kentucky","52","Louisville -3","William Hill (New Jersey)","57.5","-3","","","",""
"401309908","Oregon","38","Oregon State","29","Oregon -7.0","Bovada","61","-7","-7","61.5","-270","220"
"401309908","Oregon","38","Oregon State","29","Oregon -7.5","teamrankings","61.5","-7.5","","","",""
"401309908","Oregon","38","Oregon State","29","Oregon -7.5","consensus","61.5","-7.5","","","",""
"401309908","Oregon","38","Oregon State","29","Oregon -7.5","William Hill (New Jersey)","61","-7.5","","","",""
"401309650","Louisiana","21","UL Monroe","16","Louisiana -21.5","Bovada","55.5","-21.5","-21.5","54.5","-1700","850"
"401309650","Louisiana","21","UL Monroe","16","Louisiana -21.5","teamrankings","56","-21.5","","","",""
"401309650","Louisiana","21","UL Monroe","16","Louisiana -21.5","consensus","55","-21.5","","","",""
"401309650","Louisiana","21","UL Monroe","16","Louisiana -21.5","William Hill (New Jersey)","55","-21.5","","","",""
"401309649","Georgia State","37","Troy","10","Georgia State -6.5","Bovada","49.5","-6.5","-6.5","49.5","-240","200"
"401309649","Georgia State","37","Troy","10","Georgia State -6.5","teamrankings","49.5","-6.5","","","",""
"401309649","Georgia State","37","Troy","10","Georgia State -6.5","consensus","49.5","-6.5","","","",""
"401309649","Georgia State","37","Troy","10","Georgia State -6.5","William Hill (New Jersey)","49.5","-6.5","","","",""
"401282781","Michigan","42","Ohio State","27","Ohio State -7.0","Bovada","64.5","7","7.5","66","240","-290"
"401282781","Michigan","42","Ohio State","27","Ohio State -6.5","teamrankings","63.5","6.5","","","",""
"401282781","Michigan","42","Ohio State","27","Ohio State -6.5","consensus","64.5","6.5","","","",""
"401282781","Michigan","42","Ohio State","27","Ohio State -6.5","William Hill (New Jersey)","64.5","6.5","","","",""
"401282766","Rutgers","16","Maryland","40","Rutgers -2.0","Bovada","53","-2","1.5","53","105","-125"
"401282766","Rutgers","16","Maryland","40","Rutgers -2","teamrankings","53","-2","","","",""
"401282766","Rutgers","16","Maryland","40","Rutgers -1.5","consensus","53","-1.5","","","",""
"401282766","Rutgers","16","Maryland","40","Rutgers -2","Caesars (Pennsylvania)","53","-2","","","",""
"401282273","North Texas","45","UTSA","23","UTSA -8.5","Bovada","59.5","8.5","12","59.5","290","-380"
"401282273","North Texas","45","UTSA","23","UTSA -8.5","teamrankings","60","8.5","","","",""
"401282273","North Texas","45","UTSA","23","UTSA -8.5","consensus","59.5","8.5","","","",""
"401282273","North Texas","45","UTSA","23","UTSA -8.5","William Hill (New Jersey)","59.5","8.5","","","",""
"401282153","Tennessee","45","Vanderbilt","21","Tennessee -31.5","Bovada","64.5","-31.5","-31","62.5","",""
"401282153","Tennessee","45","Vanderbilt","21","Tennessee -33","teamrankings","65","-33","","","",""
"401282153","Tennessee","45","Vanderbilt","21","Tennessee -32","consensus","64.5","-32","","","",""
"401282153","Tennessee","45","Vanderbilt","21","Tennessee -32","William Hill (New Jersey)","64.5","-32","","","",""
"401282702","Syracuse","14","Pittsburgh","31","Pittsburgh -12.5","Bovada","57.5","12.5","11","58.5","360","-500"
"401282702","Syracuse","14","Pittsburgh","31","Pittsburgh -12","teamrankings","58.5","12","","","",""
"401282702","Syracuse","14","Pittsburgh","31","Pittsburgh -12.5","consensus","58.5","12.5","","","",""
"401282702","Syracuse","14","Pittsburgh","31","Pittsburgh -11.5","William Hill (New Jersey)","58","11.5","","","",""
"401282722","Illinois","47","Northwestern","14","Illinois -6.5","Bovada","44.5","-6.5","-6.5","42.5","-250","210"
"401282722","Illinois","47","Northwestern","14","Illinois -7","teamrankings","45","-7","","","",""
"401282722","Illinois","47","Northwestern","14","Illinois -7","consensus","44.5","-7","","","",""
"401282722","Illinois","47","Northwestern","14","Illinois -7","William Hill (New Jersey)","44.5","-7","","","",""
"401282700","Boston College","10","Wake Forest","41","Wake Forest -6.5","Bovada","64","6.5","4.5","64.5","175","-210"
"401282700","Boston College","10","Wake Forest","41","Wake Forest -5.5","teamrankings","64","5.5","","","",""
"401282700","Boston College","10","Wake Forest","41","Wake Forest -6.5","consensus","64.5","6.5","","","",""
"401282700","Boston College","10","Wake Forest","41","Wake Forest -6.5","William Hill (New Jersey)","64","6.5","","","",""
"401287951","Oklahoma State","37","Oklahoma","33","Oklahoma State -4.5","Bovada","49","-4.5","-3.5","50.5","-185","160"
"401287951","Oklahoma State","37","Oklahoma","33","Oklahoma State -4","teamrankings","50","-4","","","",""
"401287951","Oklahoma State","37","Oklahoma","33","Oklahoma State -4","consensus","49.5","-4","","","",""
"401287951","Oklahoma State","37","Oklahoma","33","Oklahoma State -4","William Hill (New Jersey)","50","-4","","","",""
"401282753","Purdue","44","Indiana","7","Purdue -15.0","Bovada","50.5","-15","-15","50","-700","475"
"401282753","Purdue","44","Indiana","7","Purdue -18","teamrankings","50.5","-18","","","",""
"401282753","Purdue","44","Indiana","7","Purdue -17.5","consensus","50.5","-17.5","","","",""
"401282753","Purdue","44","Indiana","7","Purdue -17.5","William Hill (New Jersey)","50.5","-17.5","","","",""
"401282150","LSU","27","Texas A&M","24","Texas A&M -6.5","Bovada","47","6.5","6.5","45.5","200","-240"
"401282150","LSU","27","Texas A&M","24","Texas A&M -6","teamrankings","47","6","","","",""
"401282150","LSU","27","Texas A&M","24","Texas A&M -6.5","consensus","46.5","6.5","","","",""
"401282150","LSU","27","Texas A&M","24","Texas A&M -6","William Hill (New Jersey)","46.5","6","","","",""
"401286306","New Mexico State","44","Massachusetts","27","New Mexico State -7.0","Bovada","59","-7","-6","58","-260","215"
"401286306","New Mexico State","44","Massachusetts","27","New Mexico State -7","teamrankings","58.5","-7","","","",""
"401286306","New Mexico State","44","Massachusetts","27","New Mexico State -7","consensus","59","-7","","","",""
"401286306","New Mexico State","44","Massachusetts","27","New Mexico State -7","William Hill (New Jersey)","59","-7","","","",""
"401282785","Michigan State","30","Penn State","27","Penn State -5.5","Bovada","51.5","5.5","","52","150","-175"
"401282785","Michigan State","30","Penn State","27","Penn State -3.5","teamrankings","51.5","3.5","","","",""
"401282785","Michigan State","30","Penn State","27","Penn State -4.5","consensus","51.5","4.5","","","",""
"401282785","Michigan State","30","Penn State","27","Penn State -4.5","William Hill (New Jersey)","51.5","4.5","","","",""
"401309593","Ball State","20","Buffalo","3","Ball State -6.0","Bovada","59.5","-6","-6.5","58.5","-240","200"
"401309593","Ball State","20","Buffalo","3","Ball State -6","teamrankings","59.5","-6","","","",""
"401309593","Ball State","20","Buffalo","3","Ball State -6","consensus","59.5","-6","","","",""
"401309593","Ball State","20","Buffalo","3","Ball State -6","William Hill (New Jersey)","59.5","-6","","","",""
"401282703","Virginia","24","Virginia Tech","29","Virginia -7.0","Bovada","64","-7","-7.5","62.5","-275","225"
"401282703","Virginia","24","Virginia Tech","29","Virginia -7","teamrankings","63.5","-7","","","",""
"401282703","Virginia","24","Virginia Tech","29","Virginia -7","consensus","63.5","-7","","","",""
"401282703","Virginia","24","Virginia Tech","29","Virginia -7","William Hill (New Jersey)","63.5","-7","","","",""
"401310757","San José State","9","Fresno State","40","Fresno State -7.0","Bovada","52.5","7","7.5","52.5","250","-300"
"401310757","San José State","9","Fresno State","40","Fresno State -7","teamrankings","52.5","7","","","",""
"401310757","San José State","9","Fresno State","40","Fresno State -7","consensus","52.5","7","","","",""
"401310757","San José State","9","Fresno State","40","Fresno State -7","William Hill (New Jersey)","52.5","7","","","",""
"401287948","Baylor","27","Texas Tech","24","Baylor -14.0","Bovada","51.5","-14","-14.5","52","-635","435"
"401287948","Baylor","27","Texas Tech","24","Baylor -14","teamrankings","51.5","-14","","","",""
"401287948","Baylor","27","Texas Tech","24","Baylor -14","consensus","51.5","-14","","","",""
"401287948","Baylor","27","Texas Tech","24","Baylor -14","William Hill (New Jersey)","51.5","-14","","","",""
"401282701","Duke","10","Miami","47","Miami -21.0","Bovada","67","21","21","68","800","-1600"
"401282701","Duke","10","Miami","47","Miami -20.5","teamrankings","67","20.5","","","",""
"401282701","Duke","10","Miami","47","Miami -20.5","consensus","67","20.5","","","",""
"401282701","Duke","10","Miami","47","Miami -20.5","William Hill (New Jersey)","67","20.5","","","",""
"401287950","Kansas","28","West Virginia","34","West Virginia -15.5","Bovada","55.5","15.5","15","55.5","475","-700"
"401287950","Kansas","28","West Virginia","34","West Virginia -15.5","teamrankings","55.5","15.5","","","",""
"401287950","Kansas","28","West Virginia","34","West Virginia -15.5","consensus","55.5","15.5","","","",""
"401287950","Kansas","28","West Virginia","34","West Virginia -15.5","William Hill (New Jersey)","55.5","15.5","","","",""
"401282147","Florida","24","Florida State","21","Florida -4.0","Bovada","58.5","-4","-1.5","59","-165","140"
"401282147","Florida","24","Florida State","21","Florida -4","teamrankings","58.5","-4","","","",""
"401282147","Florida","24","Florida State","21","Florida -4","consensus","58.5","-4","","","",""
"401282147","Florida","24","Florida State","21","Florida -4","William Hill (New Jersey)","58.5","-4","","","",""
"401309909","Arizona State","38","Arizona","15","Arizona State -20.0","Bovada","53","-20","-20","52","-1400","750"
"401309909","Arizona State","38","Arizona","15","Arizona State -20","teamrankings","52.5","-20","","","",""
"401309909","Arizona State","38","Arizona","15","Arizona State -20","consensus","53","-20","","","",""
"401309909","Arizona State","38","Arizona","15","Arizona State -20","William Hill (New Jersey)","53","-20","","","",""
"401282794","Minnesota","23","Wisconsin","13","Wisconsin -7.0","Bovada","39","7","6.5","38.5","225","-275"
"401282794","Minnesota","23","Wisconsin","13","Wisconsin -7","teamrankings","39","7","","","",""
"401282794","Minnesota","23","Wisconsin","13","Wisconsin -7","consensus","39","7","","","",""
"401282794","Minnesota","23","Wisconsin","13","Wisconsin -7","William Hill (New Jersey)","39","7","","","",""
"401282699","NC State","34","North Carolina","30","NC State -6.5","Bovada","62","-6.5","-7","63","-240","200"
"401282699","NC State","34","North Carolina","30","NC State -5.5","teamrankings","61.5","-5.5","","","",""
"401282699","NC State","34","North Carolina","30","NC State -6.5","consensus","61","-6.5","","","",""
"401282699","NC State","34","North Carolina","30","NC State -5","William Hill (New Jersey)","61","-5","","","",""
"401309907","UCLA","42","California","14","UCLA -6.5","Bovada","58.5","-6.5","-7","57.5","-250","210"
"401309907","UCLA","42","California","14","UCLA -6.5","teamrankings","58.5","-6.5","","","",""
"401309907","UCLA","42","California","14","UCLA -6.5","consensus","58.5","-6.5","","","",""
"401309907","UCLA","42","California","14","UCLA -6.5","William Hill (New Jersey)","58.5","-6.5","","","",""
"401286299","Liberty","16","Army","31","Liberty -3.0","Bovada","51.5","-3","-4","54","-170","145"
"401286299","Liberty","16","Army","31","Liberty -3","teamrankings","51.5","-3","","","",""
"401286299","Liberty","16","Army","31","Liberty -3.5","consensus","52.5","-3.5","","","",""
"401286299","Liberty","16","Army","31","Liberty -3","William Hill (New Jersey)","52","-3","","","",""
"401331163","Wake Forest","21","Pittsburgh","45","Pittsburgh -3.5","Bovada","73","3.5","3","72","-160","135"
"401331163","Wake Forest","21","Pittsburgh","45","Pittsburgh -3.5","teamrankings","72.5","3.5","","","",""
"401331163","Wake Forest","21","Pittsburgh","45","Pittsburgh -3.5","consensus","72.5","3.5","","","",""
"401331163","Wake Forest","21","Pittsburgh","45","Pittsburgh -3.5","William Hill (New Jersey)","72.5","3.5","","","",""
"401282156","UTSA","49","Western Kentucky","41","Western Kentucky -3.5","Bovada","74.5","3.5","1","72","105","-120"
"401282156","UTSA","49","Western Kentucky","41","Western Kentucky -3","teamrankings","74.5","3","","","",""
"401282156","UTSA","49","Western Kentucky","41","Western Kentucky -3.5","consensus","74.5","3.5","","","",""
"401282156","UTSA","49","Western Kentucky","41","Western Kentucky -3","William Hill (New Jersey)","74.5","3","","","",""
"401387250","California","24","USC","14","California -4.5","Bovada","57.5","-4.5","-2.5","57.5","-195","165"
"401387250","California","24","USC","14","California -4.5","consensus","57.5","-4.5","","","",""
"401387250","California","24","USC","14","California -4.5","William Hill (New Jersey)","57","-4.5","","","",""
"401331160","Northern Illinois","41","Kent State","23","Kent State -4.0","Bovada","75.5","4","2","72","135","-160"
"401331160","Northern Illinois","41","Kent State","23","Kent State -3.5","teamrankings","75.5","3.5","","","",""
"401331160","Northern Illinois","41","Kent State","23","Kent State -4","consensus","75.5","4","","","",""
"401331160","Northern Illinois","41","Kent State","23","Kent State -3.5","William Hill (New Jersey)","75.5","3.5","","","",""
"401282154","Alabama","41","Georgia","24","Georgia -6.5","Bovada","48.5","6.5","4","52","195","-235"
"401282154","Alabama","41","Georgia","24","Georgia -6","teamrankings","48.5","6","","","",""
"401282154","Alabama","41","Georgia","24","Georgia -6.5","consensus","49","6.5","","","",""
"401282154","Alabama","41","Georgia","24","Georgia -6","William Hill (New Jersey)","49","6","","","",""
"401331161","Louisiana","24","App State","16","App State -2.5","Bovada","52","2.5","2","52.5","115","-135"
"401331161","Louisiana","24","App State","16","App State -2.5","teamrankings","52.5","2.5","","","",""
"401331161","Louisiana","24","App State","16","App State -2.5","consensus","52","2.5","","","",""
"401331161","Louisiana","24","App State","16","App State -2.5","William Hill (New Jersey)","52","2.5","","","",""
"401287953","Oklahoma State","16","Baylor","21","Oklahoma State -7.0","Bovada","45.5","-7","-6.5","48","-275","225"
"401287953","Oklahoma State","16","Baylor","21","Oklahoma State -7","teamrankings","45","-7","","","",""
"401287953","Oklahoma State","16","Baylor","21","Oklahoma State -7","consensus","45","-7","","","",""
"401287953","Oklahoma State","16","Baylor","21","Oklahoma State -7","William Hill (New Jersey)","45","-7","","","",""
"401310676","San Diego State","13","Utah State","46","San Diego State -6.0","Bovada","49.5","-6","-4","50.5","-230","190"
"401310676","San Diego State","13","Utah State","46","San Diego State -6.5","teamrankings","49.5","-6.5","","","",""
"401310676","San Diego State","13","Utah State","46","San Diego State -6.5","consensus","49.5","-6.5","","","",""
"401310676","San Diego State","13","Utah State","46","San Diego State -6.5","William Hill (New Jersey)","49.5","-6.5","","","",""
"401331162","Cincinnati","35","Houston","20","Cincinnati -10.5","Bovada","52.5","-10.5","-10","55.5","-415","310"
"401331162","Cincinnati","35","Houston","20","Cincinnati -10.5","teamrankings","52.5","-10.5","","","",""
"401331162","Cincinnati","35","Houston","20","Cincinnati -10.5","consensus","52.5","-10.5","","","",""
"401331162","Cincinnati","35","Houston","20","Cincinnati -10.5","William Hill (New Jersey)","52.5","-10.5","","","",""
"401331159","Utah","38","Oregon","10","Utah -3.0","Bovada","57.5","-3","-3","60","-145","125"
"401331159","Utah","38","Oregon","10","Utah -3","teamrankings","57.5","-3","","","",""
"401331159","Utah","38","Oregon","10","Utah -3","consensus","57.5","-3","","","",""
"401331159","Utah","38","Oregon","10","Utah -3","William Hill (New Jersey)","57.5","-3","","","",""
"401331447","Iowa","3","Michigan","42","Iowa -12.0","Bovada","44","-12","-10.5","44","-520","375"
"401331447","Iowa","3","Michigan","42","Michigan -12","teamrankings","43.5","12","","","",""
"401331447","Iowa","3","Michigan","42","Michigan -12","consensus","44","12","","","",""
"401331447","Iowa","3","Michigan","42","Michigan -12","William Hill (New Jersey)","44","12","","","",""
"401301056","Army","13","Navy","17","Army -7.0","Bovada","35.5","-7","-8.5","36","-300","250"
"401301056","Army","13","Navy","17","Navy -7","teamrankings","35.5","7","","","",""
"401301056","Army","13","Navy","17","Navy -7","consensus","35.5","7","","","",""
"401301056","Army","13","Navy","17","Navy -7","Caesars (Pennsylvania)","35.5","7","","","",""
"401309541","Eastern Michigan","35","Saint Francis","15","Eastern Michigan -34","consensus","54.5","-34","","","",""
"401309541","Eastern Michigan","35","Saint Francis","15","Eastern Michigan -34","William Hill (New Jersey)","54.5","-34","","","",""
"401282077","Missouri","59","Southeast Missouri State","28","Missouri -34.5","consensus","59","-34.5","","","",""
"401282077","Missouri","59","Southeast Missouri State","28","Missouri -35.5","William Hill (New Jersey)","59","-35.5","","","",""
"401282178","UTEP","38","Bethune-Cookman","28","UTEP -20.5","William Hill (New Jersey)","52.5","-20.5","","","",""
