"Id","HomeTeam","HomeScore","AwayTeam","AwayScore","FormattedSpread","LineProvider","OverUnder","Spread","OpeningSpread","OpeningOverUnder","HomeMoneyline","AwayMoneyline"
"401777325","Jacksonville State","15","Kennesaw State","19","Kennesaw State -3.0","Bovada","62.5","3","-1","57.5","120","-140"
"401777325","Jacksonville State","15","Kennesaw State","19","Kennesaw State -3","DraftKings","62.5","3","","58.5","136","-162"
"401777325","Jacksonville State","15","Kennesaw State","19","Jacksonville State -1.5","ESPN Bet","58.5","-1.5","-1.5","58.5","-115","-105"
"401777326","Boise State","38","UNLV","21","Boise State -6.0","Bovada","60","-6","-3","57.5","-180","155"
"401777326","Boise State","38","UNLV","21","Boise State -3.5","ESPN Bet","57.5","-3.5","-3.5","57.5","-165","140"
"401777326","Boise State","38","UNLV","21","Boise State -6","DraftKings","59.5","-6","-3","","-245","200"
"401756961","Arizona State","7","Arizona","23","Arizona -2.0","Bovada","48.5","2","","48","100","-120"
"401756961","Arizona State","7","Arizona","23","Arizona -1.5","DraftKings","48.5","1.5","1.5","","102","-122"
"401756961","Arizona State","7","Arizona","23","Arizona -2.5","ESPN Bet","47.5","2.5","1.5","50.5","105","-125"
"401836055","Villanova","52","Harvard","7","Harvard -2","ESPN Bet","53.5","2","","","",""
"401833969","Abilene Christian","38","Lamar","20","Abilene Christian -12.5","ESPN Bet","45.5","-12.5","","","",""
"401836115","Tennessee Tech","6","North Dakota","31","North Dakota -2","ESPN Bet","48.5","2","","","",""
"401836195","South Dakota","38","Drake","17","South Dakota -21","ESPN Bet","46.5","-21","","","",""
"401833975","Youngstown State","42","Yale","43","Youngstown State -4.5","ESPN Bet","61.5","-4.5","","","",""
"401767420","Southern","28","Grambling","27","Southern -13.5","ESPN Bet","48.5","-13.5","","","",""
"401777329","Western Michigan","23","Miami (OH)","13","Western Michigan -2.5","ESPN Bet","43.5","-2.5","-2.5","43.5","-140","115"
"401777329","Western Michigan","23","Miami (OH)","13","Western Michigan -2.0","Bovada","44","-2","-2.5","43.5","-130","110"
"401777329","Western Michigan","23","Miami (OH)","13","Western Michigan -2.5","DraftKings","44.5","-2.5","","43.5","-142","120"
"401777351","Alabama","7","Georgia","28","Georgia -2.5","ESPN Bet","47.5","2.5","2.5","47.5","115","-135"
"401777351","Alabama","7","Georgia","28","Georgia -1.5","Bovada","48.5","1.5","1.5","47.5","115","-135"
"401777351","Alabama","7","Georgia","28","Georgia -1.5","DraftKings","48.5","1.5","","","105","-125"
"401777353","Ohio State","10","Indiana","13","Ohio State -5.5","ESPN Bet","48.5","-5.5","-6.5","48.5","-210","175"
"401777353","Ohio State","10","Indiana","13","Ohio State -3.5","Bovada","46","-3.5","-5.5","48.5","-195","165"
"401777353","Ohio State","10","Indiana","13","Ohio State -3.5","DraftKings","45.5","-3.5","","48.5","-180","150"
"401777328","Virginia","20","Duke","27","","ESPN Bet","","","","","",""
"401777328","Virginia","20","Duke","27","Virginia -3.5","Bovada","58.5","-3.5","-2.5","57.5","-175","150"
"401777328","Virginia","20","Duke","27","Virginia -3.5","DraftKings","58.5","-3.5","","","-175","145"
"401777327","Texas Tech","34","BYU","7","Texas Tech -12.5","Bovada","49","-12.5","-12.5","50.5","-525","375"
"401777327","Texas Tech","34","BYU","7","Texas Tech -13.5","ESPN Bet","50.5","-13.5","-11.5","50.5","-650","425"
"401777327","Texas Tech","34","BYU","7","Texas Tech -12.5","DraftKings","50.5","-12.5","","","-550","410"
"401762521","Navy","17","Army","16","Navy -6.0","Bovada","38","-6","-4.5","37.5","-200","170"
"401762521","Navy","17","Army","16","Navy -6","DraftKings","37.5","-6","","","-250","205"
"401762521","Navy","17","Army","16","Navy -3.5","ESPN Bet","39.5","-3.5","-3.5","39.5","-145","125"
"401762517","Tulsa","24","UAB","31","Tulsa -9.0","Bovada","56.5","-9","-8.5","59.5","-330","265"
"401762517","Tulsa","24","UAB","31","Tulsa -9.5","ESPN Bet","56.5","-9.5","-7.5","60.5","-320","260"
"401762517","Tulsa","24","UAB","31","Tulsa -9.5","DraftKings","56.5","-9.5","-7.5","","-325","260"
"401756966","Oklahoma State","13","Iowa State","20","Iowa State -13.5","ESPN Bet","47.5","13.5","14.5","49.5","450","-700"
"401756966","Oklahoma State","13","Iowa State","20","Iowa State -14.0","Bovada","46.5","14","14.5","49.5","430","-625"
"401756966","Oklahoma State","13","Iowa State","20","Iowa State -14","DraftKings","46.5","14","16.5","","455","-625"
"401752924","Purdue","3","Indiana","56","Indiana -28.5","DraftKings","53.5","28.5","27.5","","1800","-5000"
"401752924","Purdue","3","Indiana","56","Indiana -28.5","ESPN Bet","54.5","28.5","28.5","52.5","2000","-7500"
"401752924","Purdue","3","Indiana","56","Indiana -28.5","Bovada","54.5","28.5","28.5","54.5","",""
"401836102","Rhode Island","27","Central Connecticut","19","Rhode Island -19.5","ESPN Bet","52.5","-19.5","","","",""
"401761664","Old Dominion","27","Georgia State","10","Old Dominion -29.0","Bovada","58.5","-29","-26.5","59.5","-5000","1300"
"401761664","Old Dominion","27","Georgia State","10","Old Dominion -28.5","ESPN Bet","58.5","-28.5","-26.5","58.5","-6000","1800"
"401761664","Old Dominion","27","Georgia State","10","Old Dominion -28.5","DraftKings","58.5","-28.5","-23.5","","-8000","2200"
"401767428","Mississippi Valley State","35","Florida A&M","31","Florida A&M -13.5","ESPN Bet","51.5","13.5","","","",""
"401752717","Arkansas","13","Notre Dame","56","Notre Dame -5.5","DraftKings","64.5","5.5","10.5","","180","-218"
"401752717","Arkansas","13","Notre Dame","56","Notre Dame -5.5","ESPN Bet","62.5","5.5","6.5","58.5","170","-200"
"401752717","Arkansas","13","Notre Dame","56","Notre Dame -5.0","Bovada","63.5","5","6","64.5","185","-225"
"401752846","Nebraska","27","Michigan","30","Michigan -1.5","DraftKings","47.5","1.5","3.5","","-102","-118"
"401752846","Nebraska","27","Michigan","30","Michigan -1.5","ESPN Bet","48.5","1.5","3","44.5","-105","-115"
"401752846","Nebraska","27","Michigan","30","Nebraska -1.0","Bovada","47.5","-1","1.5","44.5","105","-125"
"401752842","Washington State","24","Washington","59","Washington -21","DraftKings","51.5","21","12.5","","900","-1600"
"401752842","Washington State","24","Washington","59","Washington -21.0","Bovada","52","21","20.5","53.5","750","-1400"
"401752842","Washington State","24","Washington","59","Washington -20.5","ESPN Bet","52.5","20.5","20.5","53.5","900","-1800"
"401752852","Washington","6","Ohio State","24","Ohio State -9.5","DraftKings","52.5","9.5","13.5","","295","-375"
"401752852","Washington","6","Ohio State","24","Ohio State -9.5","ESPN Bet","52.5","9.5","11.5","48.5","290","-380"
"401752852","Washington","6","Ohio State","24","Ohio State -9.0","Bovada","53.5","9","9.5","52.5","260","-320"
"401752719","Ole Miss","24","LSU","19","Ole Miss -2.5","DraftKings","57.5","-2.5","2.5","","-142","120"
"401752719","Ole Miss","24","LSU","19","Ole Miss -3.5","ESPN Bet","58.5","-3.5","2","56.5","-140","120"
"401752719","Ole Miss","24","LSU","19","Ole Miss -2.5","Bovada","58","-2.5","-1.5","55.5","-125","105"
"401756847","Kansas","31","Fresno State","7","Kansas -14","DraftKings","51.5","-14","-14","51.5","-550","410"
"401756847","Kansas","31","Fresno State","7","Kansas -14.5","ESPN Bet","50.5","-14.5","-13.5","51.5","-650","425"
"401756847","Kansas","31","Fresno State","7","Kansas -14.0","Bovada","50","-14","-14.5","51.5","-575","400"
"401757218","Western Kentucky","41","Sam Houston","24","Western Kentucky -9.5","DraftKings","60.5","-9.5","-9.5","60.5","-360","285"
"401757218","Western Kentucky","41","Sam Houston","24","Western Kentucky -10.5","ESPN Bet","60.5","-10.5","-9.5","61.5","-400","300"
"401757218","Western Kentucky","41","Sam Houston","24","Western Kentucky -9.5","Bovada","60","-9.5","-7","61.5","-390","295"
"401754516","Hawai'i","23","Stanford","20","Hawai'i -1.5","DraftKings","53.5","-1.5","-1.5","53.5","-118","-102"
"401754516","Hawai'i","23","Stanford","20","Hawai'i -1.5","ESPN Bet","50.5","-1.5","-1.5","53.5","-120","110"
"401754516","Hawai'i","23","Stanford","20","Hawai'i -2.0","Bovada","50","-2","2.5","55.5","115","-135"
"401762522","South Florida","34","Boise State","7","Boise State -8.5","DraftKings","63.5","8.5","8.5","63.5","250","-310"
"401762522","South Florida","34","Boise State","7","Boise State -5.5","ESPN Bet","60.5","5.5","8.5","63.5","175","-210"
"401762522","South Florida","34","Boise State","7","Boise State -4.5","Bovada","62","4.5","9.5","63.5","240","-290"
"401752794","Rutgers","34","Ohio","31","Rutgers -11.5","DraftKings","46.5","-11.5","-11.5","46.5","-455","350"
"401752794","Rutgers","34","Ohio","31","Rutgers -15.5","ESPN Bet","53.5","-15.5","-11.5","46.5","-750","475"
"401752794","Rutgers","34","Ohio","31","Rutgers -15.5","Bovada","52","-15.5","-10.5","47.5","-510","370"
"401756848","UCF","17","Jacksonville State","10","UCF -16.5","DraftKings","53.5","-16.5","-16.5","53.5","-750","525"
"401756848","UCF","17","Jacksonville State","10","UCF -20.5","ESPN Bet","52.5","-20.5","-16.5","53.5","-1800","900"
"401756848","UCF","17","Jacksonville State","10","UCF -20.5","Bovada","52.5","-20.5","-16.5","56.5","-800","525"
"401754373","NC State","24","East Carolina","17","NC State -12.5","DraftKings","58.5","-12.5","-12.5","58.5","-440","340"
"401754373","NC State","24","East Carolina","17","NC State -13.5","ESPN Bet","61.5","-13.5","-12.5","58.5","-650","425"
"401754373","NC State","24","East Carolina","17","NC State -14.0","Bovada","61","-14","-14","56.5","-435","325"
"401762789","Akron","0","Wyoming","10","Wyoming -8.5","DraftKings","49.5","8.5","8.5","49.5","260","-325"
"401762789","Akron","0","Wyoming","10","Wyoming -4.5","ESPN Bet","47.5","4.5","7.5","49.5","170","-200"
"401762789","Akron","0","Wyoming","10","Wyoming -5.0","Bovada","48","5","9.5","49.5","250","-300"
"401752793","Minnesota","23","Buffalo","10","Minnesota -16.5","DraftKings","45.5","-16.5","-16.5","45.5","-900","600"
"401752793","Minnesota","23","Buffalo","10","Minnesota -16.5","ESPN Bet","41.5","-16.5","-17","45.5","-900","550"
"401752793","Minnesota","23","Buffalo","10","Minnesota -18.5","Bovada","43","-18.5","-18.5","45.5","-900","575"
"401762791","Wisconsin","17","Miami (OH)","0","Wisconsin -17.5","DraftKings","40.5","-17.5","-17.5","40.5","-1100","700"
"401762791","Wisconsin","17","Miami (OH)","0","Wisconsin -18.5","ESPN Bet","41.5","-18.5","-17.5","40.5","-1400","750"
"401762791","Wisconsin","17","Miami (OH)","0","Wisconsin -18.0","Bovada","41","-18","-17.5","41.5","-1200","700"
"401752796","Cincinnati","17","Nebraska","20","Nebraska -6.5","DraftKings","52.5","6.5","6.5","52.5","220","-270"
"401752796","Cincinnati","17","Nebraska","20","Nebraska -5.5","ESPN Bet","50.5","5.5","7","52.5","195","-230"
"401752796","Cincinnati","17","Nebraska","20","Nebraska -6.0","Bovada","50.5","6","6.5","50.5","210","-250"
"401752802","Michigan State","23","Western Michigan","6","Michigan State -18.5","DraftKings","49.5","-18.5","-18.5","49.5","-950","625"
"401752802","Michigan State","23","Western Michigan","6","Michigan State -22.5","ESPN Bet","50.5","-22.5","-18.5","49.5","-2000","1000"
"401752802","Michigan State","23","Western Michigan","6","Michigan State -21.5","Bovada","50","-21.5","-17.5","49.5","-1600","800"
"401754374","Wake Forest","10","Kennesaw State","9","Wake Forest -17.5","DraftKings","51.5","-17.5","-17.5","51.5","-1000","650"
"401754374","Wake Forest","10","Kennesaw State","9","Wake Forest -18.5","ESPN Bet","51.5","-18.5","-18","51.5","-1200","700"
"401754374","Wake Forest","10","Kennesaw State","9","Wake Forest -18.5","Bovada","51","-18.5","-17.5","53.5","-1200","700"
"401761589","Charlotte","11","App State","34","App State -8.5","DraftKings","53.5","8.5","8.5","53.5","260","-325"
"401761589","Charlotte","11","App State","34","App State -19.5","ESPN Bet","","19.5","8","53.5","135","-155"
"401761589","Charlotte","11","App State","34","App State -3.0","Bovada","49","3","8.5","53.5","250","-300"
"401754375","Colorado","20","Georgia Tech","27","Georgia Tech -4","DraftKings","55.5","4","4","55.5","160","-192"
"401754375","Colorado","20","Georgia Tech","27","Georgia Tech -3.5","ESPN Bet","50.5","3.5","4","55.5","145","-170"
"401754375","Colorado","20","Georgia Tech","27","Georgia Tech -3.5","Bovada","50","3.5","3.5","57.5","150","-175"
"401752667","Baylor","24","Auburn","38","Auburn -1.5","DraftKings","57.5","1.5","1.5","57.5","-105","-115"
"401752667","Baylor","24","Auburn","38","Baylor -1.5","ESPN Bet","56.5","-1.5","1","57.5","-105","-115"
"401752667","Baylor","24","Auburn","38","Auburn -1.0","Bovada","56.5","1","1.5","56.5","-110","-110"
"401757224","Sam Houston","21","UNLV","38","UNLV -13.5","DraftKings","58.5","13.5","13.5","58.5","380","-500"
"401757224","Sam Houston","21","UNLV","38","UNLV -8.5","ESPN Bet","60.5","8.5","13","58.5","250","-300"
"401757224","Sam Houston","21","UNLV","38","UNLV -9.0","Bovada","60.5","9","13.5","58.5","370","-510"
"401760358","San José State","14","Central Michigan","16","San José State -11.5","DraftKings","50.5","-11.5","-11.5","50.5","-425","330"
"401760358","San José State","14","Central Michigan","16","San José State -14.5","ESPN Bet","51.5","-14.5","-11.5","50.5","-650","425"
"401760358","San José State","14","Central Michigan","16","San José State -14.5","Bovada","51.5","-14.5","-10.5","51","-460","340"
"401752801","Purdue","31","Ball State","0","Purdue -16.5","DraftKings","50.5","-16.5","-16.5","50.5","-850","575"
"401752801","Purdue","31","Ball State","0","Purdue -16.5","ESPN Bet","48.5","-16.5","-17","50.5","-800","500"
"401752801","Purdue","31","Ball State","0","Purdue -16.5","Bovada","48.5","-16.5","-16.5","50.5","-900","575"
"401752797","Maryland","39","Florida Atlantic","7","Maryland -16.5","DraftKings","57.5","-16.5","-16.5","57.5","-700","500"
"401752797","Maryland","39","Florida Atlantic","7","Maryland -13.5","ESPN Bet","59.5","-13.5","-16.5","57.5","-450","340"
"401752797","Maryland","39","Florida Atlantic","7","Maryland -12.5","Bovada","60","-12.5","-17.5","57.5","-850","550"
"401752673","Southern Miss","17","Mississippi State","34","Mississippi State -11.5","DraftKings","59.5","11.5","11.5","59.5","340","-440"
"401752673","Southern Miss","17","Mississippi State","34","Mississippi State -15.5","ESPN Bet","59.5","15.5","12.5","59.5","450","-700"
"401752673","Southern Miss","17","Mississippi State","34","Mississippi State -14.5","Bovada","60","14.5","15.5","57.5","305","-410"
"401752803","Tulane","23","Northwestern","3","Tulane -6.5","DraftKings","47.5","-6.5","-6.5","47.5","-245","200"
"401752803","Tulane","23","Northwestern","3","Tulane -6.5","ESPN Bet","45.5","-6.5","-6.5","46.5","-200","170"
"401752803","Tulane","23","Northwestern","3","Tulane -5.0","Bovada","46","-5","-7.5","47.5","-230","190"
"401752670","Kentucky","24","Toledo","16","Kentucky -10","DraftKings","48.5","-10","-10","48.5","-345","275"
"401752670","Kentucky","24","Toledo","16","Kentucky -9.5","ESPN Bet","48.5","-9.5","-9.5","48.5","-360","280"
"401752670","Kentucky","24","Toledo","16","Kentucky -10.0","Bovada","49","-10","-12.5","48.5","-350","275"
"401752806","Indiana","27","Old Dominion","14","Indiana -23.5","DraftKings","54.5","-23.5","-23.5","54.5","-2400","1200"
"401752806","Indiana","27","Old Dominion","14","Indiana -23.5","ESPN Bet","53.5","-23.5","-23.5","54.5","-3000","1200"
"401752806","Indiana","27","Old Dominion","14","Indiana -23.0","Bovada","53","-23","-23.5","54.5","-3300","1100"
"401752665","Florida State","31","Alabama","17","Alabama -13.5","DraftKings","50.5","13.5","13.5","50.5","380","-500"
"401752665","Florida State","31","Alabama","17","Alabama -13.5","ESPN Bet","46.5","13.5","13.5","50.5","450","-700"
"401752665","Florida State","31","Alabama","17","Alabama -13.5","Bovada","47","13.5","9.5","50.5","400","-575"
"401752669","Georgia","45","Marshall","7","Georgia -39.5","DraftKings","55.5","-39.5","-39.5","55.5","",""
"401752669","Georgia","45","Marshall","7","Georgia -38.5","ESPN Bet","51.5","-38.5","-39.5","55.5","",""
"401752669","Georgia","45","Marshall","7","Georgia -38.5","Bovada","51.5","-38.5","-38.5","55.5","",""
"401752807","Penn State","46","Nevada","11","Penn State -45.5","DraftKings","58.5","-45.5","-45.5","58.5","",""
"401752807","Penn State","46","Nevada","11","Penn State -43.5","ESPN Bet","54.5","-43.5","-45.5","58.5","",""
"401752807","Penn State","46","Nevada","11","Penn State -43.5","Bovada","54.5","-43.5","-43.5","60.5","",""
"401762456","Massachusetts","10","Temple","42","Temple -3","DraftKings","51.5","3","3","51.5","124","-148"
"401762456","Massachusetts","10","Temple","42","Temple -2.5","ESPN Bet","48.5","2.5","3","51.5","110","-130"
"401762456","Massachusetts","10","Temple","42","Temple -1.5","Bovada","48.5","1.5","-1.5","52.5","140","-165"
"401754616","Virginia","48","Coastal Carolina","7","Virginia -12.5","DraftKings","57.5","-12.5","-12.5","57.5","-470","360"
"401754616","Virginia","48","Coastal Carolina","7","Virginia -13.5","ESPN Bet","54.5","-13.5","-12.5","57.5","-550","380"
"401754616","Virginia","48","Coastal Carolina","7","Virginia -13.5","Bovada","55","-13.5","-12.5","57.5","-470","345"
"401752678","Texas A&M","42","UTSA","24","Texas A&M -21.5","DraftKings","56.5","-21.5","-21.5","56.5","-1650","950"
"401752678","Texas A&M","42","UTSA","24","Texas A&M -23.5","ESPN Bet","59.5","-23.5","-21.5","","-2500","1100"
"401752678","Texas A&M","42","UTSA","24","Texas A&M -24.0","Bovada","58.5","-24","-21","56.5","-2800","1100"
"401752671","Clemson","10","LSU","17","Clemson -3.5","DraftKings","57.5","-3.5","-3.5","57.5","-170","142"
"401752671","Clemson","10","LSU","17","Clemson -5.5","ESPN Bet","55.5","-5.5","-3.5","57.5","-200","170"
"401752671","Clemson","10","LSU","17","Clemson -5.5","Bovada","55.5","-5.5","-2.5","56.5","-150","130"
"401752808","Michigan","34","New Mexico","17","Michigan -36.5","DraftKings","52.5","-36.5","-36.5","52.5","",""
"401752808","Michigan","34","New Mexico","17","Michigan -34.5","ESPN Bet","49.5","-34.5","-36","52.5","-50000","3500"
"401752808","Michigan","34","New Mexico","17","Michigan -34.5","Bovada","49.5","-34.5","-34.5","52.5","",""
"401752798","USC","73","Missouri State","13","USC -34.5","DraftKings","59.5","-34.5","-34.5","59.5","",""
"401752798","USC","73","Missouri State","13","USC -36.5","ESPN Bet","60.5","-36.5","-35.5","58.5","",""
"401752798","USC","73","Missouri State","13","USC -36.5","Bovada","60","-36.5","-31.5","59.5","",""
"401757225","Utah State","28","UTEP","16","Utah State -3.5","DraftKings","59.5","-3.5","-3.5","59.5","-180","150"
"401757225","Utah State","28","UTEP","16","Utah State -4.5","ESPN Bet","58.5","-4.5","-3.5","58.5","-200","170"
"401757225","Utah State","28","UTEP","16","Utah State -5.5","Bovada","58.5","-5.5","-3.5","59.5","-165","140"
"401752672","Ole Miss","63","Georgia State","7","Ole Miss -38.5","DraftKings","62.5","-38.5","-38.5","62.5","",""
"401752672","Ole Miss","63","Georgia State","7","Ole Miss -33.5","ESPN Bet","61.5","-33.5","-38.5","62.5","-50000","3500"
"401752672","Ole Miss","63","Georgia State","7","Ole Miss -33.5","Bovada","61","-33.5","-35.5","62.5","",""
"401761592","Louisiana","12","Rice","14","Louisiana -14.5","DraftKings","49.5","-14.5","-14.5","49.5","-625","455"
"401761592","Louisiana","12","Rice","14","Louisiana -9.5","ESPN Bet","48.5","-9.5","-14","49.5","-400","300"
"401761592","Louisiana","12","Rice","14","Louisiana -9.5","Bovada","48","-9.5","-14.5","51.5","-600","425"
"401761594","Texas State","52","Eastern Michigan","27","Texas State -14","DraftKings","58.5","-14","-14","58.5","-600","440"
"401761594","Texas State","52","Eastern Michigan","27","Texas State -13.5","ESPN Bet","56.5","-13.5","-14","58.5","-600","400"
"401761594","Texas State","52","Eastern Michigan","27","Texas State -14.0","Bovada","56","-14","-14.5","58.5","-525","375"
"401760361","Fresno State","42","Georgia Southern","14","Fresno State -2.5","DraftKings","54.5","-2.5","-2.5","54.5","-135","114"
"401760361","Fresno State","42","Georgia Southern","14","Georgia Southern -1.5","ESPN Bet","51.5","1.5","-2","53.5","105","-125"
"401760361","Fresno State","42","Georgia Southern","14","Fresno State -2.0","Bovada","49.5","-2","-1.5","55.5","-130","110"
"401756849","Arizona","40","Hawai'i","6","Arizona -13.5","DraftKings","55.5","-13.5","-13.5","55.5","-550","410"
"401756849","Arizona","40","Hawai'i","6","Arizona -15.5","ESPN Bet","55.5","-15.5","-13.5","56.5","-700","450"
"401756849","Arizona","40","Hawai'i","6","Arizona -15.5","Bovada","55","-15.5","-10.5","53.5","-575","400"
"401752936","Oregon State","15","California","34","Oregon State -3","DraftKings","51.5","-3","-3","51.5","-148","124"
"401752936","Oregon State","15","California","34","California -2.5","ESPN Bet","48.5","2.5","-2.5","51.5","120","-140"
"401752936","Oregon State","15","California","34","California -3.0","Bovada","48","3","-1.5","52.5","-150","130"
"401752805","Washington","38","Colorado State","21","Washington -20.5","DraftKings","52.5","-20.5","-20.5","52.5","-1450","850"
"401752805","Washington","38","Colorado State","21","Washington -22.5","ESPN Bet","51.5","-22.5","-19.5","52.5","-2500","1100"
"401752805","Washington","38","Colorado State","21","Washington -22.5","Bovada","52","-22.5","-18.5","52.5","-1600","800"
"401752800","UCLA","10","Utah","43","Utah -6.5","DraftKings","50.5","6.5","6.5","50.5","195","-238"
"401752800","UCLA","10","Utah","43","Utah -6.5","ESPN Bet","48.5","6.5","6.5","50.5","210","-250"
"401752800","UCLA","10","Utah","43","Utah -6.5","Bovada","49","6.5","3","48.5","100","-120"
"401754522","Miami","27","Notre Dame","24","Notre Dame -2.5","DraftKings","53.5","2.5","2.5","53.5","114","-135"
"401754522","Miami","27","Notre Dame","24","Notre Dame -2.5","ESPN Bet","50.5","2.5","2.5","52.5","120","-140"
"401754522","Miami","27","Notre Dame","24","Notre Dame -3.0","Bovada","50.5","3","2.5","54.5","115","-135"
"401754523","North Carolina","14","TCU","48","TCU -3","DraftKings","59.5","3","3","59.5","130","-155"
"401754523","North Carolina","14","TCU","48","TCU -3.5","ESPN Bet","54.5","3.5","3","59.5","150","-175"
"401754523","North Carolina","14","TCU","48","TCU -3.5","Bovada","55","3.5","-2.5","58.5","140","-165"
"401752822","Iowa State","16","Iowa","13","Iowa State -1.5","DraftKings","","-1.5","-1.5","","",""
"401752822","Iowa State","16","Iowa","13","Iowa State -3.0","Bovada","43","-3","-3","43","-150","130"
"401752822","Iowa State","16","Iowa","13","Iowa State -3.5","ESPN Bet","43.5","-3.5","-2.5","44.5","-155","135"
"401752689","Missouri","42","Kansas","31","Missouri -7","DraftKings","","-7","-7","","",""
"401752689","Missouri","42","Kansas","31","Missouri -5.5","Bovada","51","-5.5","-6.5","54.5","-240","200"
"401752689","Missouri","42","Kansas","31","Missouri -6.5","ESPN Bet","49.5","-6.5","-6.5","51.5","-200","170"
"401752690","Oklahoma","24","Michigan","13","Oklahoma -3","DraftKings","47.5","-3","-3","47.5","-148","124"
"401752690","Oklahoma","24","Michigan","13","Oklahoma -4.0","Bovada","44","-4","-5.5","48","-220","180"
"401752690","Oklahoma","24","Michigan","13","Oklahoma -3.5","ESPN Bet","44.5","-3.5","-2.5","46.5","-175","150"
"401836116","South Dakota State","41","New Hampshire","3","South Dakota State -11","ESPN Bet","43.5","-11","","","",""
"401777352","James Madison","31","Troy","14","James Madison -24.5","Bovada","47.5","-24.5","-21.5","47.5","-2800","1100"
"401777352","James Madison","31","Troy","14","James Madison -24.5","DraftKings","47.5","-24.5","","","-3600","1500"
"401777352","James Madison","31","Troy","14","James Madison -22.5","ESPN Bet","47.5","-22.5","-21.5","47.5","-4000","1300"
"401752680","South Carolina","24","Virginia Tech","11","South Carolina -8.5","DraftKings","48.5","-8.5","-8.5","48.5","-340","270"
"401752680","South Carolina","24","Virginia Tech","11","South Carolina -7.5","ESPN Bet","51.5","-7.5","-8","47.5","-260","215"
"401752680","South Carolina","24","Virginia Tech","11","South Carolina -7.0","Bovada","52","-7","-10.5","45.5","-350","275"
"401752676","Tennessee","45","Syracuse","26","Tennessee -13.5","DraftKings","53.5","-13.5","-13.5","53.5","-550","410"
"401752676","Tennessee","45","Syracuse","26","Tennessee -13.5","ESPN Bet","51.5","-13.5","-14","53.5","-600","400"
"401752676","Tennessee","45","Syracuse","26","Tennessee -13.5","Bovada","51.5","-13.5","-14.5","56.5","-550","390"
"401752841","Oregon","41","Oregon State","7","Oregon -33.5","DraftKings","58.5","-33.5","-26.5","","",""
"401752841","Oregon","41","Oregon State","7","Oregon -34.0","Bovada","58","-34","-35","56.5","",""
"401752841","Oregon","41","Oregon State","7","Oregon -34.5","ESPN Bet","58.5","-34.5","-34.5","56.5","",""
"401752727","Florida","29","Texas","21","Texas -4.5","DraftKings","42.5","4.5","6.5","","170","-205"
"401752727","Florida","29","Texas","21","Texas -4.5","ESPN Bet","42.5","4.5","6.5","53.5","175","-210"
"401752727","Florida","29","Texas","21","Texas -4.5","Bovada","42.5","4.5","7","44","220","-270"
"401756901","Utah","10","Texas Tech","34","Utah -3.5","DraftKings","58.5","-3.5","-3.5","","-175","145"
"401756901","Utah","10","Texas Tech","34","Utah -3.5","Bovada","58","-3.5","-4","55.5","-175","150"
"401756901","Utah","10","Texas Tech","34","Utah -3.5","ESPN Bet","58.5","-3.5","-4.5","55.5","-175","150"
"401752843","Indiana","63","Illinois","10","Indiana -7","DraftKings","51.5","-7","-2.5","","-265","215"
"401752843","Indiana","63","Illinois","10","Indiana -6.5","Bovada","51","-6.5","-4.5","52.5","-210","175"
"401752843","Indiana","63","Illinois","10","Indiana -7.5","ESPN Bet","50.5","-7.5","-4.5","52.5","-270","220"
"401756922","Utah","42","Arizona State","10","Utah -9.5","DraftKings","44.5","-9.5","-2.5","","-355","280"
"401756922","Utah","42","Arizona State","10","Utah -9.5","Bovada","44.5","-9.5","-5.5","49.5","-195","165"
"401756922","Utah","42","Arizona State","10","Utah -8.5","ESPN Bet","42.5","-8.5","-4.5","48.5","-320","260"
"401754553","Florida State","22","Miami","28","Miami -3.5","DraftKings","54.5","3.5","7","","142","-170"
"401754553","Florida State","22","Miami","28","Miami -2.5","ESPN Bet","54.5","2.5","6.5","53.5","150","-175"
"401754553","Florida State","22","Miami","28","Miami -3.5","Bovada","54.5","3.5","5.5","53.5","175","-210"
"401752871","Notre Dame","34","USC","24","Notre Dame -10.5","DraftKings","60.5","-10.5","-10.5","","-395","310"
"401752871","Notre Dame","34","USC","24","Notre Dame -10.5","ESPN Bet","60.5","-10.5","-10","53.5","-400","300"
"401752871","Notre Dame","34","USC","24","Notre Dame -11.0","Bovada","60.5","-11","-8","61.5","-310","255"
"401754564","Miami","21","Louisville","24","Miami -10.5","DraftKings","49.5","-10.5","-6.5","","-440","340"
"401754564","Miami","21","Louisville","24","Miami -10.5","ESPN Bet","49.5","-10.5","-13.5","54.5","-425","320"
"401754564","Miami","21","Louisville","24","Miami -10.5","Bovada","49.5","-10.5","-13","53.5","-550","390"
"401752718","Georgia","21","Alabama","24","Georgia -2.5","DraftKings","53.5","-2.5","-4","","-142","120"
"401752718","Georgia","21","Alabama","24","Georgia -2.5","ESPN Bet","52.5","-2.5","-4","52.5","-130","110"
"401752718","Georgia","21","Alabama","24","Georgia -2.0","Bovada","54","-2","-3","53.5","-160","135"
"401752736","Texas","23","Oklahoma","6","Texas -2.5","DraftKings","44.5","-2.5","-9.5","","-142","120"
"401752736","Texas","23","Oklahoma","6","Texas -2.5","ESPN Bet","43.5","-2.5","-9.5","56.5","-140","120"
"401752736","Texas","23","Oklahoma","6","Texas -2.5","Bovada","44.5","-2.5","-3","42.5","-145","125"
"401754591","Louisville","19","Clemson","20","Louisville -1.5","DraftKings","50.5","-1.5","6.5","60.5","-122","102"
"401754591","Louisville","19","Clemson","20","Louisville -2.5","ESPN Bet","50.5","-2.5","5.5","60.5","-125","105"
"401754591","Louisville","19","Clemson","20","Louisville -1.5","Bovada","51","-1.5","-3.5","51.5","-145","145"
"401752751","South Carolina","22","Alabama","29","Alabama -11.5","DraftKings","47.5","11.5","7.5","","350","-455"
"401752751","South Carolina","22","Alabama","29","Alabama -12.5","ESPN Bet","47.5","12.5","13.5","46.5","360","-500"
"401752751","South Carolina","22","Alabama","29","Alabama -11.5","Bovada","48","11.5","13","47","390","-550"
"401757165","Notre Dame","28","Boise State","7","Notre Dame -21.5","DraftKings","63.5","-21.5","-16.5","","-1600","900"
"401757165","Notre Dame","28","Boise State","7","Notre Dame -21.5","ESPN Bet","63.5","-21.5","-16.5","53.5","-1600","800"
"401757165","Notre Dame","28","Boise State","7","Notre Dame -21.5","Bovada","63","-21.5","-18","64.5","-950","600"
"401754552","North Carolina","10","Clemson","38","Clemson -15.5","DraftKings","47.5","15.5","13.5","","470","-650"
"401754552","North Carolina","10","Clemson","38","Clemson -15.5","ESPN Bet","47.5","15.5","13.5","48.5","500","-800"
"401754552","North Carolina","10","Clemson","38","Clemson -14.5","Bovada","48","14.5","13.5","46.5","390","-550"
"401752766","Georgia","35","Texas","10","Georgia -3.5","DraftKings","50.5","-3.5","-2.5","","-180","150"
"401752766","Georgia","35","Texas","10","Georgia -3.5","ESPN Bet","50.5","-3.5","-2","51.5","-190","160"
"401752766","Georgia","35","Texas","10","Georgia -4.0","Bovada","50.5","-4","-6.5","47.5","-220","180"
"401752870","Oregon","20","Indiana","30","Oregon -7","DraftKings","51.5","-7","-14.5","","-278","225"
"401752870","Oregon","20","Indiana","30","Oregon -7.5","ESPN Bet","51.5","-7.5","-14","55.5","-270","220"
"401752870","Oregon","20","Indiana","30","Oregon -6.5","Bovada","51","-6.5","-9.5","54.5","-310","255"
"401752742","Georgia","43","Ole Miss","35","Georgia -7.5","DraftKings","56.5","-7.5","-10.5","","-285","230"
"401752742","Georgia","43","Ole Miss","35","Georgia -7.5","ESPN Bet","56.5","-7.5","-10.5","53.5","-280","230"
"401752742","Georgia","43","Ole Miss","35","Georgia -7.5","Bovada","56.5","-7.5","-6.5","54","-230","190"
"401756932","Kansas","17","Kansas State","42","Kansas -3.5","DraftKings","55.5","-3.5","4","","-180","150"
"401756932","Kansas","17","Kansas State","42","Kansas -3.5","ESPN Bet","55.5","-3.5","3.5","53.5","-170","145"
"401756932","Kansas","17","Kansas State","42","Kansas -3.5","Bovada","56","-3.5","-2.5","55","-140","120"
"401756923","Arizona State","26","Texas Tech","22","Texas Tech -7.5","DraftKings","52.5","7.5","-4","","260","-325"
"401756923","Arizona State","26","Texas Tech","22","Texas Tech -8.0","Bovada","52","8","10.5","49.5","225","-275"
"401756923","Arizona State","26","Texas Tech","22","Texas Tech -8.5","ESPN Bet","52.5","8.5","10.5","49.5","240","-290"
"401752755","Florida","20","Georgia","24","Georgia -7","DraftKings","50.5","7","7.5","","225","-278"
"401752755","Florida","20","Georgia","24","Georgia -6.5","ESPN Bet","50.5","6.5","8","51.5","230","-280"
"401752755","Florida","20","Georgia","24","Georgia -7.0","Bovada","50","7","7.5","50.5","240","-290"
"401752881","Michigan State","20","Michigan","31","Michigan -13.5","DraftKings","47.5","13.5","8.5","","390","-520"
"401752881","Michigan State","20","Michigan","31","Michigan -13.5","ESPN Bet","47.5","13.5","8","46.5","450","-700"
"401752881","Michigan State","20","Michigan","31","Michigan -13.5","Bovada","47.5","13.5","13.5","49","425","-600"
"401752889","Ohio State","38","Penn State","14","Ohio State -17.5","DraftKings","45.5","-17.5","-4","","-1050","675"
"401752889","Ohio State","38","Penn State","14","Ohio State -17.5","ESPN Bet","45.5","-17.5","-4","50.5","-1600","800"
"401752889","Ohio State","38","Penn State","14","Ohio State -18.0","Bovada","45.5","-18","-21","43.5","-1600","800"
"401752748","LSU","25","Texas A&M","49","Texas A&M -1.5","DraftKings","50.5","1.5","-5.5","","102","-122"
"401752748","LSU","25","Texas A&M","49","Texas A&M -1.5","ESPN Bet","49.5","1.5","-5.5","53.5","105","-125"
"401752748","LSU","25","Texas A&M","49","Texas A&M -1.5","Bovada","50.5","1.5","2.5","48.5","110","-130"
"401754586","Clemson","24","Florida State","10","Clemson -1.5","DraftKings","56.5","-1.5","-16.5","55.5","-118","-102"
"401754586","Clemson","24","Florida State","10","Clemson -1.5","ESPN Bet","57.5","-1.5","-16.5","55.5","-120","-105"
"401754586","Clemson","24","Florida State","10","Clemson -1.5","Bovada","56.5","-1.5","-2.5","56","-135","115"
"401754581","SMU","26","Miami","20","Miami -8.5","DraftKings","50.5","8.5","1.5","","260","-325"
"401754581","SMU","26","Miami","20","Miami -6.5","ESPN Bet","46.5","6.5","10.5","50.5","280","-360"
"401754581","SMU","26","Miami","20","Miami -8.5","Bovada","50.5","8.5","10.5","50.5","325","-435"
"401752765","Alabama","21","Oklahoma","23","Alabama -6.5","DraftKings","45.5","-6.5","-12.5","56.5","-250","205"
"401752765","Alabama","21","Oklahoma","23","Alabama -6.5","ESPN Bet","46.5","-6.5","-12.5","56.5","-250","215"
"401752765","Alabama","21","Oklahoma","23","Alabama -6.5","Bovada","45.5","-6.5","-7","45.5","-260","215"
"401752792","Texas","27","Texas A&M","17","Texas A&M -2.5","DraftKings","54.5","2.5","2.5","","120","-142"
"401752792","Texas","27","Texas A&M","17","Texas A&M -2.5","ESPN Bet","54.5","2.5","-10","51.5","122","-140"
"401752792","Texas","27","Texas A&M","17","Texas A&M -2.5","Bovada","54.5","2.5","3","51.5","115","-135"
"401761665","Louisiana","30","UL Monroe","27","Louisiana -10.5","ESPN Bet","47.5","-10.5","-13.5","48.5","-500","360"
"401761665","Louisiana","30","UL Monroe","27","Louisiana -11.0","Bovada","47.5","-11","-12.5","48.5","-470","345"
"401761665","Louisiana","30","UL Monroe","27","Louisiana -11.5","DraftKings","47.5","-11.5","-13.5","","-485","370"
"401836095","SE Louisiana","3","Illinois State","21","SE Louisiana -2.5","ESPN Bet","54.5","-2.5","","","",""
"401756956","Colorado","17","Arizona State","42","Arizona State -7","DraftKings","47.5","7","4.5","","215","-265"
"401756956","Colorado","17","Arizona State","42","Arizona State -7.0","Bovada","47.5","7","7.5","49","220","-270"
"401756956","Colorado","17","Arizona State","42","Arizona State -6.5","ESPN Bet","47.5","6.5","8.5","48.5","200","-240"
"401752911","Oregon","42","USC","27","Oregon -10.5","DraftKings","59.5","-10.5","-13.5","","-410","320"
"401752911","Oregon","42","USC","27","Oregon -12.5","ESPN Bet","60.5","-12.5","-12","55.5","-425","320"
"401752911","Oregon","42","USC","27","Oregon -11.0","Bovada","59","-11","-9.5","60","-380","290"
"401752775","Florida","11","Tennessee","31","Tennessee -3.5","DraftKings","57.5","3.5","-4","","145","-175"
"401752775","Florida","11","Tennessee","31","Tennessee -3.0","Bovada","58","3","3.5","57.5","165","-195"
"401752775","Florida","11","Tennessee","31","Tennessee -3.5","ESPN Bet","57.5","3.5","3.5","57.5","145","-170"
"401777324","Tulane","34","North Texas","21","North Texas -1.0","Bovada","66.5","1","3","66","115","-135"
"401777324","Tulane","34","North Texas","21","North Texas -1.5","DraftKings","66.5","1.5","","66.5","100","-120"
"401777324","Tulane","34","North Texas","21","North Texas -2.5","ESPN Bet","67.5","2.5","2.5","66.5","110","-130"
"401752823","UNLV","30","UCLA","23","UCLA -2.5","Bovada","54.5","2.5","2","56.5","105","-125"
"401752823","UNLV","30","UCLA","23","UCLA -2.5","ESPN Bet","54.5","2.5","2.5","55.5","115","-135"
"401760371","UNLV","38","Idaho State","31","UNLV -30.5","Bovada","67","-30.5","-24.5","64.5","-3500","1100"
"401760371","UNLV","38","Idaho State","31","UNLV -30.5","ESPN Bet","67.5","-30.5","-24.5","64.5","-10000","2500"
"401752688","Mississippi State","24","Arizona State","20","Arizona State -6.0","Bovada","58.5","6","7","59","225","-275"
"401752688","Mississippi State","24","Arizona State","20","Arizona State -5.5","ESPN Bet","58.5","5.5","6.5","59.5","170","-200"
"401752948","Washington State","36","San Diego State","13","Washington State -2.0","Bovada","46.5","-2","-3","45","-150","130"
"401752948","Washington State","36","San Diego State","13","Washington State -2.5","ESPN Bet","46.5","-2.5","-1.5","45.5","-125","105"
"401754528","Louisville","28","James Madison","14","Louisville -15.0","Bovada","57","-15","-15","57.5","-700","475"
"401754528","Louisville","28","James Madison","14","Louisville -15.5","ESPN Bet","56.5","-15.5","-14.5","57.5","-750","475"
"401767476","Nicholls","20","Incarnate Word","6","Incarnate Word -13.5","Bovada","51.5","13.5","13.5","51.5","-480","350"
"401767476","Nicholls","20","Incarnate Word","6","Incarnate Word -13.5","ESPN Bet","50.5","13.5","","","",""
"401752826","Maryland","20","Northern Illinois","9","Maryland -17.0","Bovada","44.5","-17","-15.5","48.5","-750","500"
"401752826","Maryland","20","Northern Illinois","9","Maryland -16.5","ESPN Bet","44.5","-16.5","-16.5","48.5","-900","550"
"401762518","Tulane","27","Charlotte","0","Tulane -31.5","ESPN Bet","52.5","-31.5","-29.5","52.5","-100000","4000"
"401762518","Tulane","27","Charlotte","0","Tulane -31.0","Bovada","52.5","-31","-30","52.5","",""
"401762518","Tulane","27","Charlotte","0","Tulane -30.5","DraftKings","51.5","-30.5","-28.5","","-8000","2200"
"401762790","Bowling Green","26","Lafayette","7","Bowling Green -21.0","Bovada","53","-21","-14.5","52.5","-1300","725"
"401762790","Bowling Green","26","Lafayette","7","Bowling Green -21.5","ESPN Bet","53.5","-21.5","-21.5","52.5","-1600","800"
"401752709","Miami","26","Florida","7","Miami -8.5","ESPN Bet","51.5","-8.5","-3","55.5","-320","260"
"401752709","Miami","26","Florida","7","Miami -8.5","DraftKings","51.5","-8.5","-3.5","","-340","270"
"401752709","Miami","26","Florida","7","Miami -8.5","Bovada","51","-8.5","-9.5","52.5","-290","240"
"401752873","Michigan","24","Washington","7","Michigan -4.5","ESPN Bet","50.5","-4.5","-10.5","47.5","-175","150"
"401752873","Michigan","24","Washington","7","Michigan -4.0","Bovada","50.5","-4","-6","51","-220","180"
"401752873","Michigan","24","Washington","7","Michigan -4","DraftKings","50.5","-4","-10.5","","-192","160"
"401752804","Oregon","59","Montana State","13","Oregon -28.0","Bovada","56.5","-28","-26.5","55.5","",""
"401752804","Oregon","59","Montana State","13","Oregon -28.5","ESPN Bet","55.5","-28.5","-27.5","56.5","-10000","2500"
"401754618","Syracuse","27","UConn","20","Syracuse -7.0","Bovada","57.5","-7","-9","59","-350","275"
"401754618","Syracuse","27","UConn","20","Syracuse -7.5","ESPN Bet","57.5","-7.5","-7.5","59.5","-275","225"
"401754525","SMU","45","Baylor","48","SMU -3.0","Bovada","65.5","-3","-4","65","-185","160"
"401754525","SMU","45","Baylor","48","SMU -2.5","ESPN Bet","65.5","-2.5","-4.5","60.5","-150","130"
"401752825","Duke","19","Illinois","45","Illinois -2.5","Bovada","49","2.5","2.5","50","110","-130"
"401752825","Duke","19","Illinois","45","Illinois -2.5","ESPN Bet","49.5","2.5","2.5","49.5","115","-135"
"401752811","Penn State","34","Florida International","0","Penn State -42.0","Bovada","53.5","-42","-42","54.5","",""
"401752811","Penn State","34","Florida International","0","Penn State -41.5","ESPN Bet","53.5","-41.5","-41.5","54.5","",""
"401752699","LSU","20","Florida","10","LSU -5.5","ESPN Bet","47.5","-5.5","-5.5","54.5","-210","175"
"401752699","LSU","20","Florida","10","LSU -5.0","Bovada","47","-5","-9.5","50.5","-360","280"
"401752699","LSU","20","Florida","10","LSU -4.5","DraftKings","47.5","-4.5","-5.5","54.5","-218","180"
"401752684","Florida","16","South Florida","18","Florida -18.5","Bovada","58","-18.5","-18","55","-900","575"
"401752684","Florida","16","South Florida","18","Florida -18.5","ESPN Bet","58.5","-18.5","-16.5","54.5","-1000","600"
"401767256","Colgate","39","Monmouth","42","Monmouth -14.5","ESPN Bet","65.5","14.5","","","",""
"401762432","Army","27","Tarleton State","30","Army -14.5","ESPN Bet","47.5","-14.5","-13.5","48.5","-600","400"
"401762432","Army","27","Tarleton State","30","Army -14.0","Bovada","47.5","-14","-16.5","51.5","-750","500"
"401757167","UConn","59","Central Connecticut","13","UConn -29.5","ESPN Bet","51.5","-29.5","-25.5","51.5","-7500","2000"
"401757167","UConn","59","Central Connecticut","13","UConn -28.0","Bovada","51.5","-28","-26.5","51.5","",""
"401756846","Kansas State","21","Iowa State","24","Kansas State -2.5","ESPN Bet","51.5","-2.5","-3","49.5","-145","125"
"401756846","Kansas State","21","Iowa State","24","Kansas State -3.5","DraftKings","49.5","-3.5","-3.5","49.5","-162","136"
"401756846","Kansas State","21","Iowa State","24","Kansas State -3.0","Bovada","51","-3","-2.5","49.5","-165","140"
"401757219","Delaware","35","Delaware State","17","Delaware -30.5","Bovada","55.5","-30.5","-29.5","54.5","",""
"401757219","Delaware","35","Delaware State","17","Delaware -30.5","ESPN Bet","55.5","-30.5","-30","55.5","-10000","2500"
"401762434","Navy","52","VMI","7","Navy -42.5","ESPN Bet","54.5","-42.5","-40.5","50.5","",""
"401762434","Navy","52","VMI","7","Navy -42.0","Bovada","53","-42","-41","53","",""
"401752816","Michigan State","42","Boston College","40","Michigan State -3.5","Bovada","45.5","-3.5","-3","49.5","-150","130"
"401752816","Michigan State","42","Boston College","40","Michigan State -3.5","ESPN Bet","45.5","-3.5","-3.5","46.5","-165","140"
"401756876","Oklahoma State","27","UT Martin","7","Oklahoma State -26.0","Bovada","56.5","-26","-19.5","55.5","-1300","725"
"401756876","Oklahoma State","27","UT Martin","7","","ESPN Bet","56.5","","-22.5","55.5","-4000","1300"
"401752677","Ohio State","14","Texas","7","Ohio State -1.5","ESPN Bet","46.5","-1.5","-2.5","48.5","-125","105"
"401752677","Ohio State","14","Texas","7","Ohio State -3","DraftKings","47.5","-3","-3","","-135","114"
"401752677","Ohio State","14","Texas","7","Ohio State -2.0","Bovada","46.5","-2","-3","50.5","-140","120"
"401767140","Rhode Island","31","Campbell","20","Rhode Island -11.5","ESPN Bet","56.5","-11.5","","","",""
"401779329","Marist","31","New Haven","14","New Haven -3.5","ESPN Bet","48.5","3.5","","","",""
"401752668","Florida","55","Long Island University","0","Florida -46.5","ESPN Bet","56.5","-46.5","-45.5","56.5","",""
"401752668","Florida","55","Long Island University","0","Florida -47.0","Bovada","56.5","-47","-45.5","56.5","",""
"401752666","Arkansas","52","Alabama A&M","7","Arkansas -45.5","ESPN Bet","62.5","-45.5","-46.5","62.5","",""
"401752666","Arkansas","52","Alabama A&M","7","Arkansas -48.5","Bovada","65","-48.5","-46.5","62.5","",""
"401761603","UTSA","36","Texas State","43","UTSA -4.5","ESPN Bet","64.5","-4.5","-4.5","66.5","-190","160"
"401761603","UTSA","36","Texas State","43","UTSA -4.5","Bovada","64.5","-4.5","-5","64.5","-210","175"
"401754517","Duke","45","Elon","17","Duke -36.5","Bovada","51.5","-36.5","-33.5","47.5","",""
"401754517","Duke","45","Elon","17","","ESPN Bet","50.5","","-33.5","47.5","",""
"401752686","Kentucky","23","Ole Miss","30","Ole Miss -8.0","Bovada","51.5","8","8.5","51.5","265","-330"
"401752686","Kentucky","23","Ole Miss","30","Ole Miss -7.5","ESPN Bet","51.5","7.5","9.5","52.5","270","-340"
"401756885","Texas Tech","62","Kent State","14","Texas Tech -48.5","Bovada","60","-48.5","-49","60.5","",""
"401756885","Texas Tech","62","Kent State","14","Texas Tech -47.5","ESPN Bet","59.5","-47.5","-48.5","60.5","",""
"401767126","Portland State","0","Tarleton State","42","Tarleton State -17.5","Bovada","60.5","17.5","17.5","60.5","550","-850"
"401767126","Portland State","0","Tarleton State","42","Tarleton State -16.5","ESPN Bet","55.5","16.5","","","",""
"401754529","Pittsburgh","45","Central Michigan","17","Pittsburgh -21.5","Bovada","48.5","-21.5","-21.5","53","-1800","850"
"401754529","Pittsburgh","45","Central Michigan","17","Pittsburgh -21.5","ESPN Bet","48.5","-21.5","-21.5","53.5","-2000","1000"
"401752812","Indiana","56","Kennesaw State","9","Indiana -35.5","Bovada","51.5","-35.5","-35.5","51","",""
"401752812","Indiana","56","Kennesaw State","9","Indiana -35.5","ESPN Bet","51.5","-35.5","-35.5","50.5","",""
"401757227","Jacksonville State","34","Liberty","24","Liberty -6.0","Bovada","50.5","6","6","51","195","-235"
"401757227","Jacksonville State","34","Liberty","24","Liberty -6.5","ESPN Bet","50.5","6.5","5.5","52.5","180","-215"
"401761588","UL Monroe","29","Saint Francis","0","UL Monroe -31.0","Bovada","47","-31","-23.5","45.5","-3500","1100"
"401761588","UL Monroe","29","Saint Francis","0","UL Monroe -30.5","ESPN Bet","47.5","-30.5","-30.5","46.5","",""
"401752674","Missouri","61","Central Arkansas","6","Missouri -38.5","Bovada","52.5","-38.5","-36.5","51.5","",""
"401752674","Missouri","61","Central Arkansas","6","Missouri -39.5","ESPN Bet","53.5","-39.5","-40.5","52.5","",""
"401756880","Cincinnati","34","Bowling Green","20","Cincinnati -21.5","ESPN Bet","46.5","-21.5","-20.5","46.5","-2000","1000"
"401756880","Cincinnati","34","Bowling Green","20","Cincinnati -22.5","Bovada","46.5","-22.5","-18","49.5","-950","600"
"401752705","Tennessee","41","Georgia","44","Georgia -3.5","ESPN Bet","50.5","3.5","7","50.5","145","-170"
"401752705","Tennessee","41","Georgia","44","Georgia -3.5","DraftKings","50.5","3.5","7.5","50.5","140","-166"
"401752705","Tennessee","41","Georgia","44","Georgia -3.5","Bovada","50.5","3.5","6.5","50.5","150","-210"
"401754623","Georgia Tech","24","Clemson","21","Clemson -2.5","ESPN Bet","49.5","2.5","9.5","58.5","130","-150"
"401754623","Georgia Tech","24","Clemson","21","Clemson -3","DraftKings","51.5","3","8.5","","120","-142"
"401754623","Georgia Tech","24","Clemson","21","Clemson -3.0","Bovada","51","3","6.5","52.5","175","-210"
"401756960","Utah","51","Kansas State","47","Utah -18.5","ESPN Bet","52.5","-18.5","-1.5","54.5","-1200","700"
"401756960","Utah","51","Kansas State","47","Utah -17.5","DraftKings","52.5","-17.5","-16.5","","-850","575"
"401756960","Utah","51","Kansas State","47","Utah -17.5","Bovada","52.5","-17.5","-17","52.5","-900","575"
"401754520","Pittsburgh","61","Duquesne","9","Pittsburgh -39.5","ESPN Bet","58.5","-39.5","-38.5","55.5","",""
"401754520","Pittsburgh","61","Duquesne","9","Pittsburgh -39.0","Bovada","58","-39","-39","57","",""
"401754519","Louisville","51","Eastern Kentucky","17","Louisville -37.5","ESPN Bet","57.5","-37.5","-38","56.5","-7500","2000"
"401754519","Louisville","51","Eastern Kentucky","17","Louisville -38.0","Bovada","56.5","-38","-37.5","56.5","",""
"401756877","Texas Tech","67","Arkansas-Pine Bluff","7","","ESPN Bet","62.5","","-53","62.5","",""
"401756877","Texas Tech","67","Arkansas-Pine Bluff","7","Texas Tech -54.5","Bovada","63.5","-54.5","-52.5","62.5","",""
"401754526","BYU","27","Stanford","3","BYU -20.5","Bovada","44.5","-20.5","-18.5","48","-1000","625"
"401754526","BYU","27","Stanford","3","BYU -20.5","ESPN Bet","43.5","-20.5","-17.5","47.5","-1600","800"
"401756883","Ohio","17","West Virginia","10","West Virginia -3.5","ESPN Bet","58.5","3.5","2.5","60.5","150","-175"
"401756883","Ohio","17","West Virginia","10","West Virginia -3.5","Bovada","58.5","3.5","3","57.5","130","-150"
"401760357","San Diego State","42","Stony Brook","0","San Diego State -19.5","Bovada","53.5","-19.5","-18.5","53.5","-1000","625"
"401760357","San Diego State","42","Stony Brook","0","","ESPN Bet","53.5","","-16","53.5","-1600","800"
"401756850","Arizona State","38","Northern Arizona","19","Arizona State -29.5","ESPN Bet","52.5","-29.5","-28.5","52.5","",""
"401756850","Arizona State","38","Northern Arizona","19","Arizona State -30.5","Bovada","52.5","-30.5","-28.5","52.5","",""
"401762457","Tulsa","35","Abilene Christian","7","Tulsa -5.0","Bovada","59.5","-5","-4.5","62.5","-210","175"
"401762457","Tulsa","35","Abilene Christian","7","Tulsa -5.5","ESPN Bet","59.5","-5.5","-5.5","59.5","-200","170"
"401752759","Alabama","20","LSU","9","Alabama -10.5","ESPN Bet","49.5","-10.5","-4.5","54.5","-380","290"
"401752759","Alabama","20","LSU","9","Alabama -10.0","Bovada","49.5","-10","-11","49.5","-410","305"
"401752759","Alabama","20","LSU","9","Alabama -10","DraftKings","49.5","-10","-5.5","","-380","300"
"401752893","Penn State","24","Indiana","27","Indiana -13.5","ESPN Bet","50.5","13.5","-17","53.5","400","-600"
"401752893","Penn State","24","Indiana","27","Indiana -14.5","DraftKings","49.5","14.5","11.5","","440","-600"
"401752893","Penn State","24","Indiana","27","Indiana -14.0","Bovada","50.5","14","13.5","49.5","410","-585"
"401754638","West Virginia","31","Pittsburgh","24","Pittsburgh -6.5","ESPN Bet","54.5","6.5","2.5","57.5","230","-280"
"401754638","West Virginia","31","Pittsburgh","24","Pittsburgh -7","DraftKings","55.5","7","2.5","","220","-270"
"401754638","West Virginia","31","Pittsburgh","24","Pittsburgh -7.0","Bovada","55","7","4.5","58","175","-210"
"401752693","Texas","38","San José State","7","Texas -37.0","Bovada","52.5","-37","-36","51","",""
"401752693","Texas","38","San José State","7","Texas -36.5","ESPN Bet","52.5","-36.5","-35.5","51.5","",""
"401754524","NC State","35","Virginia","31","NC State -3.0","Bovada","53","-3","-3","55.5","-150","130"
"401754524","NC State","35","Virginia","31","NC State -2.5","ESPN Bet","52.5","-2.5","-2.5","54.5","-150","130"
"401752694","Texas A&M","44","Utah State","22","Texas A&M -34.5","Bovada","57.5","-34.5","-29.5","55.5","-20000","1800"
"401752694","Texas A&M","44","Utah State","22","Texas A&M -34.5","ESPN Bet","57.5","-34.5","-30.5","56.5","",""
"401752682","Arkansas","56","Arkansas State","14","Arkansas -23.5","Bovada","62","-23.5","-21.5","64.5","-1800","850"
"401752682","Arkansas","56","Arkansas State","14","Arkansas -24.5","ESPN Bet","61.5","-24.5","-23.5","63.5","-3000","1200"
"401762461","Western Michigan","30","North Texas","33","North Texas -12.0","Bovada","56","12","10","60","285","-370"
"401762461","Western Michigan","30","North Texas","33","North Texas -12.5","ESPN Bet","56.5","12.5","10.5","60.5","300","-400"
"401754518","Boston College","66","Fordham","10","Boston College -35.0","Bovada","53.5","-35","-34.5","53.5","",""
"401754518","Boston College","66","Fordham","10","Boston College -34.5","ESPN Bet","52.5","-34.5","-36.5","53.5","-100000","4000"
"401756878","West Virginia","45","Robert Morris","3","West Virginia -40.0","Bovada","56.5","-40","-37.5","55.5","",""
"401756878","West Virginia","45","Robert Morris","3","West Virginia -43.5","ESPN Bet","58.5","-43.5","-38.5","55.5","",""
"401756884","Rice","9","Houston","35","Houston -13.5","Bovada","38.5","13.5","13.5","41.5","390","-550"
"401756884","Rice","9","Houston","35","Houston -13.5","ESPN Bet","38.5","13.5","12.5","40.5","450","-700"
"401756853","Iowa State","55","South Dakota","7","Iowa State -16.5","Bovada","47.5","-16.5","-14.5","46.5","",""
"401756853","Iowa State","55","South Dakota","7","Iowa State -13.5","ESPN Bet","47.5","-13.5","-15.5","46.5","-800","500"
"401761598","Georgia State","16","Memphis","38","Memphis -14.5","Bovada","57.5","14.5","14","54","425","-600"
"401761598","Georgia State","16","Memphis","38","Memphis -15.5","ESPN Bet","57.5","15.5","13.5","54.5","500","-800"
"401752820","Wisconsin","42","Middle Tennessee","10","Wisconsin -28.5","Bovada","45.5","-28.5","-27.5","46.5","-6500","1300"
"401752820","Wisconsin","42","Middle Tennessee","10","Wisconsin -28.5","ESPN Bet","44.5","-28.5","-28.5","46.5","",""
"401752789","Oklahoma","17","LSU","13","Oklahoma -11.5","DraftKings","36.5","-11.5","-8.5","","-500","380"
"401752789","Oklahoma","17","LSU","13","Oklahoma -11.5","Bovada","36","-11.5","-10","38.5","-470","345"
"401752789","Oklahoma","17","LSU","13","Oklahoma -11.5","ESPN Bet","36.5","-11.5","-10.5","38.5","-500","400"
"401752795","Illinois","52","Western Illinois","3","Illinois -48.5","Bovada","62.5","-48.5","-45.5","63.5","",""
"401752795","Illinois","52","Western Illinois","3","Illinois -48.5","ESPN Bet","63.5","-48.5","-45.5","61.5","",""
"401757311","Sam Houston","16","Florida International","56","Florida International -10.5","ESPN Bet","50.5","10.5","10.5","51.5","340","-450"
"401757311","Sam Houston","16","Florida International","56","Florida International -10.5","Bovada","51","10.5","10","51.5","285","-370"
"401757311","Sam Houston","16","Florida International","56","Florida International -10.5","DraftKings","50.5","10.5","10.5","","320","-410"
"401762792","Kent State","21","Merrimack","17","Kent State -5.5","Bovada","50.5","-5.5","-6.5","50.5","",""
"401752818","Rutgers","45","Miami (OH)","17","Rutgers -15.5","Bovada","45.5","-15.5","-14","48","-585","410"
"401752818","Rutgers","45","Miami (OH)","17","Rutgers -15.5","ESPN Bet","45.5","-15.5","-13.5","48.5","-750","475"
"401757221","Louisiana Tech","24","SE Louisiana","0","Louisiana Tech -14.5","ESPN Bet","50.5","-14.5","-13.5","48.5","-750","475"
"401757221","Louisiana Tech","24","SE Louisiana","0","Louisiana Tech -14.5","Bovada","51","-14.5","-14.5","50","-700","475"
"401757223","New Mexico State","19","Bryant","3","New Mexico State -19.5","ESPN Bet","52.5","-19.5","-19.5","53.5","-1200","700"
"401757223","New Mexico State","19","Bryant","3","New Mexico State -19.5","Bovada","53.5","-19.5","-19.5","53.5","",""
"401752824","Oregon","69","Oklahoma State","3","Oregon -28.5","Bovada","55.5","-28.5","-28","58.5","-10000","1600"
"401752824","Oregon","69","Oklahoma State","3","Oregon -28.5","ESPN Bet","55.5","-28.5","-27.5","58.5","",""
"401752947","Washington State","13","Idaho","10","Washington State -16.5","ESPN Bet","50.5","-16.5","-9.5","50.5","-1000","600"
"401752947","Washington State","13","Idaho","10","Washington State -17.0","Bovada","51","-17","-14.5","50.5","-850","550"
"401757228","Marshall","20","Missouri State","21","Marshall -7.0","Bovada","53.5","-7","-10","56.5","-410","305"
"401757228","Marshall","20","Missouri State","21","Marshall -7.5","ESPN Bet","53.5","-7.5","-9.5","56.5","-280","230"
"401756881","Colorado","31","Delaware","7","Colorado -23.5","Bovada","49.5","-23.5","-23.5","50","-2500","1000"
"401756881","Colorado","31","Delaware","7","Colorado -23.5","ESPN Bet","49.5","-23.5","-24.5","50.5","-3000","1200"
"401752937","Oregon State","27","Fresno State","36","Oregon State -1.0","Bovada","45.5","-1","-2","48.5","-125","105"
"401752937","Oregon State","27","Fresno State","36","Oregon State -1.5","ESPN Bet","44.5","-1.5","-2.5","48.5","-120","-110"
"401754637","Clemson","27","Troy","16","Clemson -31.0","Bovada","51.5","-31","-32","51.5","-20000","1800"
"401754637","Clemson","27","Troy","16","Clemson -29.5","ESPN Bet","51.5","-29.5","-31.5","51.5","",""
"401762458","Navy","38","UAB","24","Navy -20.5","Bovada","59","-20.5","-21","58.5","-1600","800"
"401762458","Navy","38","UAB","24","Navy -22.5","ESPN Bet","58.5","-22.5","-21.5","59.5","-1600","800"
"401756882","Kansas State","21","Army","24","Kansas State -17.0","Bovada","48.5","-17","-14.5","49","-650","450"
"401756882","Kansas State","21","Army","24","Kansas State -16.5","ESPN Bet","48.5","-16.5","-17.5","46.5","-800","500"
"401752675","Oklahoma","35","Illinois State","3","Oklahoma -39.5","Bovada","61","-39.5","-35.5","61.5","",""
"401752675","Oklahoma","35","Illinois State","3","Oklahoma -38.5","ESPN Bet","60.5","-38.5","-35.5","60.5","-20000","3000"
"401757220","Liberty","28","Maine","7","Liberty -25.5","Bovada","51","-25.5","-25.5","52.5","",""
"401757220","Liberty","28","Maine","7","Liberty -25.5","ESPN Bet","50.5","-25.5","-25.5","52.5","-5000","1500"
"401756851","BYU","69","Portland State","0","BYU -43.5","Bovada","61.5","-43.5","-43.5","61.5","",""
"401756851","BYU","69","Portland State","0","BYU -44.5","ESPN Bet","62.5","-44.5","-34.5","56.5","-50000","3500"
"401754521","SMU","42","East Texas A&M","13","SMU -51.0","Bovada","65","-51","-50.5","63.5","",""
"401754521","SMU","42","East Texas A&M","13","SMU -50.5","ESPN Bet","64.5","-50.5","-50.5","63.5","",""
"401756855","Kansas State","38","North Dakota","35","Kansas State -27.5","Bovada","55.5","-27.5","-25.5","55.5","",""
"401756855","Kansas State","38","North Dakota","35","Kansas State -27.5","ESPN Bet","55.5","-27.5","-28.5","57.5","-5000","1500"
"401757226","Western Kentucky","55","North Alabama","6","Western Kentucky -27.5","Bovada","60.5","-27.5","-28.5","60.5","",""
"401757226","Western Kentucky","55","North Alabama","6","Western Kentucky -27.5","ESPN Bet","60.5","-27.5","-28","60.5","-4000","1300"
"401762433","Memphis","45","Chattanooga","10","Memphis -30.5","Bovada","55.5","-30.5","-28","55.5","",""
"401762433","Memphis","45","Chattanooga","10","Memphis -30.5","ESPN Bet","55.5","-30.5","-27.5","55.5","-10000","2500"
"401752784","Auburn","20","Alabama","27","Alabama -7","DraftKings","48.5","7","6.5","","220","-270"
"401752784","Auburn","20","Alabama","27","Alabama -6.5","ESPN Bet","48.5","6.5","5.5","51.5","238","-280"
"401752784","Auburn","20","Alabama","27","Alabama -7.0","Bovada","48","7","5.5","48.5","185","-225"
"401756852","Houston","27","Stephen F. Austin","0","Houston -24.5","Bovada","54.5","-24.5","-22.5","55.5","-2200","1000"
"401756852","Houston","27","Stephen F. Austin","0","Houston -23.5","ESPN Bet","54.5","-23.5","-22.5","55.5","-3000","1200"
"401767410","Southern","14","North Carolina Central","31","North Carolina Central -10.5","ESPN Bet","47.5","10.5","","","",""
"401752679","Vanderbilt","45","Charleston Southern","3","Vanderbilt -37.5","Bovada","49.5","-37.5","-37.5","48.5","",""
"401752679","Vanderbilt","45","Charleston Southern","3","Vanderbilt -38.5","ESPN Bet","50.5","-38.5","-36","48.5","",""
"401761595","Troy","38","Nicholls","20","Troy -16.5","ESPN Bet","46.5","-16.5","-22.5","50.5","-2500","1100"
"401761595","Troy","38","Nicholls","20","Troy -19.5","Bovada","47.5","-19.5","-21.5","48.5","",""
"401761593","South Alabama","38","Morgan State","21","South Alabama -28.5","Bovada","51.5","-28.5","-28.5","51.5","",""
"401761593","South Alabama","38","Morgan State","21","South Alabama -28.5","ESPN Bet","50.5","-28.5","-28.5","51.5","",""
"401762435","North Texas","51","Lamar","0","North Texas -27.5","Bovada","63.5","-27.5","-24.5","63.5","",""
"401762435","North Texas","51","Lamar","0","North Texas -27.5","ESPN Bet","62.5","-27.5","-27.5","63.5","-7500","2000"
"401761601","South Alabama","31","Tulane","33","Tulane -13.5","Bovada","51.5","13.5","10","51.5","295","-390"
"401761601","South Alabama","31","Tulane","33","Tulane -13.5","ESPN Bet","51.5","13.5","10.5","51.5","400","-600"
"401761590","James Madison","45","Weber State","10","James Madison -26.5","Bovada","54.5","-26.5","-27.5","54.5","",""
"401761590","James Madison","45","Weber State","10","James Madison -27.5","ESPN Bet","54.5","-27.5","-25.5","54.5","-6000","1800"
"401757222","Middle Tennessee","14","Austin Peay","34","Middle Tennessee -14.5","Bovada","53.5","-14.5","-13.5","53.5","-675","460"
"401757222","Middle Tennessee","14","Austin Peay","34","Middle Tennessee -16.5","ESPN Bet","53.5","-16.5","-9.5","53.5","-800","500"
"401756941","Kansas State","20","Texas Tech","43","Texas Tech -7.5","ESPN Bet","51.5","7.5","-4.5","60.5","225","-275"
"401756941","Kansas State","20","Texas Tech","43","Texas Tech -7.5","DraftKings","51.5","7.5","-4.5","","225","-278"
"401756941","Kansas State","20","Texas Tech","43","Texas Tech -7.0","Bovada","52","7","7","52.5","240","-290"
"401762430","UAB","52","Alabama State","42","UAB -21.0","Bovada","53.5","-21","-20","53.5","-1200","700"
"401762430","UAB","52","Alabama State","42","UAB -21.5","ESPN Bet","53.5","-21.5","-20.5","53.5","-2000","1000"
"401752687","LSU","23","Louisiana Tech","7","LSU -36.5","Bovada","49.5","-36.5","-38","52.5","",""
"401752687","LSU","23","Louisiana Tech","7","LSU -36.5","ESPN Bet","49.5","-36.5","-32.5","52.5","",""
"401752814","USC","59","Georgia Southern","20","USC -29.0","Bovada","61.5","-29","-28","64","-10000","1600"
"401752814","USC","59","Georgia Southern","20","USC -28.5","ESPN Bet","62.5","-28.5","-27.5","64.5","",""
"401760359","Air Force","49","Bucknell","13","Air Force -31.0","Bovada","54.5","-31","-32","54.5","",""
"401760359","Air Force","49","Bucknell","13","Air Force -30.5","ESPN Bet","53.5","-30.5","-31","56.5","-10000","2500"
"401752683","Auburn","42","Ball State","3","Auburn -43.0","Bovada","52.5","-43","-43.5","55.5","",""
"401752683","Auburn","42","Ball State","3","Auburn -42.5","ESPN Bet","52.5","-42.5","-42.5","54.5","",""
"401757232","Toledo","45","Western Kentucky","21","Toledo -8.5","Bovada","57.5","-8.5","-5.5","59.5","-220","180"
"401757232","Toledo","45","Western Kentucky","21","Toledo -7.5","ESPN Bet","56.5","-7.5","-6.5","58.5","-300","250"
"401761591","Arkansas State","42","Southeast Missouri State","24","Arkansas State -15.5","ESPN Bet","59.5","-15.5","-10.5","59.5","-750","475"
"401752810","Nebraska","68","Akron","0","Nebraska -34.0","Bovada","47.5","-34","-34","48","",""
"401752810","Nebraska","68","Akron","0","Nebraska -33.5","ESPN Bet","47.5","-33.5","-33.5","47.5","",""
"401752681","Alabama","73","UL Monroe","0","Alabama -34.0","Bovada","50","-34","-37.5","50","",""
"401752681","Alabama","73","UL Monroe","0","Alabama -34.5","ESPN Bet","50.5","-34.5","-36.5","51.5","",""
"401757229","New Mexico State","21","Tulsa","14","Tulsa -3.0","Bovada","52.5","3","2.5","53.5","110","-130"
"401757229","New Mexico State","21","Tulsa","14","Tulsa -3.5","ESPN Bet","53.5","3.5","3.5","52.5","145","-170"
"401762793","Northern Illinois","19","Holy Cross","17","Northern Illinois -13.5","Bovada","48.5","-13.5","-13","51.5","",""
"401762793","Northern Illinois","19","Holy Cross","17","Northern Illinois -13.5","ESPN Bet","48.5","-13.5","-11","51.5","-550","380"
"401757230","Hawai'i","37","Sam Houston","20","Hawai'i -7.0","Bovada","47.5","-7","-10","49","-370","285"
"401757230","Hawai'i","37","Sam Houston","20","Hawai'i -7.5","ESPN Bet","48.5","-7.5","-7.5","49.5","-275","225"
"401752707","Notre Dame","40","Texas A&M","41","Notre Dame -7.5","ESPN Bet","48.5","-7.5","-7","49.5","-250","210"
"401752707","Notre Dame","40","Texas A&M","41","Notre Dame -6.5","DraftKings","49.5","-6.5","-7","49.5","-245","200"
"401752707","Notre Dame","40","Texas A&M","41","Notre Dame -6.5","Bovada","50","-6.5","-6.5","48.5","-240","200"
"401752923","Michigan State","38","Maryland","28","Michigan State -4.0","Bovada","49.5","-4","-4.5","48.5","-185","160"
"401752923","Michigan State","38","Maryland","28","Michigan State -4.5","ESPN Bet","48.5","-4.5","-3.5","47.5","-185","155"
"401752923","Michigan State","38","Maryland","28","Michigan State -4","DraftKings","49.5","-4","-4.5","","-192","160"
"401754614","Stanford","20","Notre Dame","49","Notre Dame -32.5","Bovada","50.5","32.5","32.5","52.5","",""
"401754614","Stanford","20","Notre Dame","49","Notre Dame -32.5","DraftKings","49.5","32.5","29.5","","2500","-9000"
"401754614","Stanford","20","Notre Dame","49","Notre Dame -33.5","ESPN Bet","49.5","33.5","32.5","51.5","3000","-20000"
"401760424","Hawai'i","27","Wyoming","7","Hawai'i -8.5","Bovada","45","-8.5","-10.5","44.5","-350","275"
"401760424","Hawai'i","27","Wyoming","7","Hawai'i -8.5","ESPN Bet","44.5","-8.5","-10.5","44.5","-380","290"
"401760424","Hawai'i","27","Wyoming","7","Hawai'i -8.5","DraftKings","44.5","-8.5","-10.5","","-380","300"
"401752917","Washington","14","Oregon","26","Oregon -6.5","ESPN Bet","51.5","6.5","10.5","52.5","220","-260"
"401752917","Washington","14","Oregon","26","Oregon -6.5","DraftKings","51.5","6.5","7","","210","-258"
"401752917","Washington","14","Oregon","26","Oregon -7.0","Bovada","51","7","7.5","52.5","220","-270"
"401767080","Southern Utah","46","Idaho State","24","Southern Utah -4.5","Bovada","63.5","-4.5","-4.5","63.5","",""
"401767080","Southern Utah","46","Idaho State","24","Southern Utah -4.5","ESPN Bet","62.5","-4.5","","","",""
"401752922","Illinois","20","Northwestern","13","Illinois -7","DraftKings","44.5","-7","-7","","-270","220"
"401752922","Illinois","20","Northwestern","13","Illinois -7.0","Bovada","44","-7","-7","47.5","-270","220"
"401752922","Illinois","20","Northwestern","13","Illinois -7.5","ESPN Bet","44.5","-7.5","-6.5","47.5","-270","220"
"401761667","Texas State","49","South Alabama","26","Texas State -9.5","ESPN Bet","62.5","-9.5","-9.5","63.5","-320","260"
"401761667","Texas State","49","South Alabama","26","Texas State -10.0","Bovada","62.5","-10","-9","63.5","-340","270"
"401761667","Texas State","49","South Alabama","26","Texas State -9.5","DraftKings","62.5","-9.5","-8.5","","-360","285"
"401752916","Nebraska","16","Iowa","40","Iowa -5.5","ESPN Bet","38.5","5.5","-2.5","44.5","190","-225"
"401752916","Nebraska","16","Iowa","40","Iowa -6.0","Bovada","39.5","6","5","39.5","200","-240"
"401752916","Nebraska","16","Iowa","40","Iowa -5.5","DraftKings","38.5","5.5","4","","185","-225"
"401752695","Virginia Tech","20","Vanderbilt","44","Virginia Tech -2.5","ESPN Bet","46.5","-2.5","-1.5","47.5","-130","110"
"401752695","Virginia Tech","20","Vanderbilt","44","Virginia Tech -1.5","Bovada","44.5","-1.5","-1","47.5","-115","-105"
"401752786","Georgia Tech","9","Georgia","16","Georgia -15.5","ESPN Bet","59.5","15.5","13.5","53.5","530","-725"
"401752786","Georgia Tech","9","Georgia","16","Georgia -16.5","Bovada","59.5","16.5","13","59.5","425","-600"
"401752786","Georgia Tech","9","Georgia","16","Georgia -16.5","DraftKings","60.5","16.5","12.5","","525","-750"
"401756934","Utah","53","Colorado","7","Utah -14.5","ESPN Bet","50.5","-14.5","-9.5","55.5","-700","450"
"401756934","Utah","53","Colorado","7","Utah -14","DraftKings","49.5","-14","-14.5","","-625","455"
"401756934","Utah","53","Colorado","7","Utah -14.0","Bovada","50","-14","-15.5","51","-700","475"
"401767602","Davidson","14","Georgetown","51","Georgetown -3.5","ESPN Bet","55.5","3.5","","","",""
"401762868","Massachusetts","14","Bowling Green","45","Bowling Green -14","DraftKings","44.5","14","16.5","","400","-535"
"401762868","Massachusetts","14","Bowling Green","45","Bowling Green -14.0","Bovada","44.5","14","14.5","45.5","475","-700"
"401762868","Massachusetts","14","Bowling Green","45","Bowling Green -14.5","ESPN Bet","44.5","14.5","15.5","44.5","450","-700"
"401761666","Southern Miss","18","Troy","28","Southern Miss -6.5","ESPN Bet","50.5","-6.5","-6.5","50.5","-240","200"
"401761666","Southern Miss","18","Troy","28","Southern Miss -7.0","Bovada","50","-7","-6.5","49.5","-245","205"
"401761666","Southern Miss","18","Troy","28","Southern Miss -7","DraftKings","50.5","-7","-5.5","","-265","215"
"401756854","Kansas","46","Wagner","7","Kansas -45.5","ESPN Bet","57.5","-45.5","-45.5","56.5","",""
"401756854","Kansas","46","Wagner","7","Kansas -46.5","Bovada","57.5","-46.5","-46.5","56.5","",""
"401766898","Florida International","42","Bethune-Cookman","9","Florida International -26.5","ESPN Bet","54.5","-26.5","-31","54.5","-5000","1500"
"401752738","Alabama","37","Tennessee","20","Alabama -8.5","ESPN Bet","60.5","-8.5","-11.5","53.5","-340","270"
"401752738","Alabama","37","Tennessee","20","Alabama -9.0","Bovada","60.5","-9","-8","60.5","-300","250"
"401752738","Alabama","37","Tennessee","20","Alabama -8.5","DraftKings","61.5","-8.5","-12.5","","-340","270"
"401767339","Furman","23","William & Mary","21","Furman -2.5","ESPN Bet","49.5","-2.5","","","",""
"401767657","Sacred Heart","12","Stonehill","7","Sacred Heart -6.5","ESPN Bet","45.5","-6.5","","","",""
"401752799","Iowa","34","UAlbany","7","Iowa -39.5","ESPN Bet","48.5","-39.5","-37.5","48.5","",""
"401756965","Kansas State","24","Colorado","14","Kansas State -16.5","ESPN Bet","50.5","-16.5","-17.5","51.5","-1000","600"
"401756965","Kansas State","24","Colorado","14","Kansas State -16.5","Bovada","49.5","-16.5","-17","51.5","-950","600"
"401756965","Kansas State","24","Colorado","14","Kansas State -16.5","DraftKings","49.5","-16.5","-16.5","","-800","550"
"401752910","UCLA","14","Washington","48","Washington -10.5","ESPN Bet","51.5","10.5","11.5","51.5","340","-450"
"401752910","UCLA","14","Washington","48","Washington -10.5","DraftKings","51.5","10.5","10.5","","330","-425"
"401752910","UCLA","14","Washington","48","Washington -11.0","Bovada","51","11","10.5","52.5","300","-400"
"401767536","Northern Iowa","38","Butler","14","Northern Iowa -16.5","ESPN Bet","53.5","-16.5","","","",""
"401767179","Jackson State","28","Hampton","14","Jackson State -18.5","ESPN Bet","58.5","-18.5","","","",""
"401767549","Youngstown State","24","Mercyhurst","15","Youngstown State -24","ESPN Bet","59.5","-24","","","",""
"401752778","Oklahoma","17","Missouri","6","Oklahoma -4.5","ESPN Bet","42.5","-4.5","-7.5","54.5","-210","175"
"401752778","Oklahoma","17","Missouri","6","Oklahoma -4.5","DraftKings","42.5","-4.5","-10.5","","-218","180"
"401752778","Oklahoma","17","Missouri","6","Oklahoma -4.5","Bovada","42.5","-4.5","-9.5","42.5","-320","260"
"401754600","North Carolina","25","Duke","32","Duke -6.5","ESPN Bet","50.5","6.5","1.5","51.5","215","-260"
"401754600","North Carolina","25","Duke","32","Duke -7","DraftKings","50.5","7","-1.5","","205","-250"
"401754600","North Carolina","25","Duke","32","Duke -7.0","Bovada","50","7","6.5","52","200","-240"
"401752875","Iowa","25","Penn State","24","Iowa -3.5","ESPN Bet","41.5","-3.5","10.5","45.5","-155","135"
"401752875","Iowa","25","Penn State","24","Iowa -3","DraftKings","41.5","-3","-1.5","","-162","136"
"401752875","Iowa","25","Penn State","24","Iowa -3.0","Bovada","41","-3","-3","38.5","-145","125"
"401762516","Memphis","17","Navy","28","Memphis -3.5","ESPN Bet","57.5","-3.5","-5.5","57.5","-175","150"
"401762516","Memphis","17","Navy","28","Memphis -3.5","Bovada","57.5","-3.5","-6","59.5","-170","145"
"401762516","Memphis","17","Navy","28","Memphis -4","DraftKings","57.5","-4","-4.5","","-185","154"
"401767350","Florida A&M","9","Howard","10","Florida A&M -7.5","ESPN Bet","48.5","-7.5","","","",""
"401767209","St. Thomas (MN)","35","Lindenwood","13","Lindenwood -6.5","ESPN Bet","51.5","6.5","","","",""
"401760421","Colorado State","21","Air Force","42","Air Force -2.5","ESPN Bet","47.5","2.5","2.5","50.5","115","-135"
"401760421","Colorado State","21","Air Force","42","Air Force -2.5","Bovada","47.5","2.5","3","48.5","110","-130"
"401760421","Colorado State","21","Air Force","42","Air Force -2.5","DraftKings","47.5","2.5","","49.5","114","-135"
"401756964","Kansas","21","Utah","31","Utah -10.5","ESPN Bet","59.5","10.5","13.5","58.5","340","-450"
"401756964","Kansas","21","Utah","31","Utah -10.0","Bovada","60.5","10","13.5","60.5","340","-460"
"401756964","Kansas","21","Utah","31","Utah -10","DraftKings","60.5","10","13.5","","330","-425"
"401762875","Miami (OH)","45","Ball State","24","Miami (OH) -16.5","ESPN Bet","40.5","-16.5","-17.5","41.5","-900","550"
"401762875","Miami (OH)","45","Ball State","24","Miami (OH) -17.0","Bovada","40.5","-17","-17.5","42.5","-950","600"
"401762875","Miami (OH)","45","Ball State","24","Miami (OH) -16.5","DraftKings","40.5","-16.5","-17.5","","-850","575"
"401762441","UTSA","24","Army","27","UTSA -8.5","ESPN Bet","50.5","-8.5","-6.5","51.5","-320","260"
"401762441","UTSA","24","Army","27","UTSA -8.5","Bovada","50","-8.5","-7","52.5","-300","250"
"401762441","UTSA","24","Army","27","UTSA -8.5","DraftKings","50.5","-8.5","-6.5","","-325","260"
"401752731","Auburn","10","Georgia","20","Georgia -4.5","ESPN Bet","45.5","4.5","7","50.5","175","-210"
"401752731","Auburn","10","Georgia","20","Georgia -4.5","DraftKings","46.5","4.5","7","","180","-218"
"401752731","Auburn","10","Georgia","20","Georgia -4.5","Bovada","46.5","4.5","3.5","46.5","145","-170"
"401767171","Eastern Illinois","24","Dayton","14","Eastern Illinois -9.5","ESPN Bet","47.5","-9.5","","","",""
"401767223","Tennessee State","24","North Carolina A&T","21","Tennessee State -6.5","ESPN Bet","50.5","-6.5","","","",""
"401760422","Utah State","24","Boise State","25","Boise State -1.5","ESPN Bet","54.5","1.5","4.5","55.5","105","-120"
"401760422","Utah State","24","Boise State","25","Boise State -2.0","Bovada","55","2","3","55.5","130","-150"
"401760422","Utah State","24","Boise State","25","Boise State -1.5","DraftKings","54.5","1.5","","55.5","102","-122"
"401757310","Delaware","61","UTEP","31","Delaware -4.5","ESPN Bet","55.5","-4.5","-6.5","54.5","-190","160"
"401757310","Delaware","61","UTEP","31","Delaware -4.5","Bovada","55.5","-4.5","-5","55","-195","165"
"401757310","Delaware","61","UTEP","31","Delaware -4.5","DraftKings","55.5","-4.5","-3.5","","-198","164"
"401752865","Illinois","16","Ohio State","34","Ohio State -15.5","ESPN Bet","51.5","15.5","13.5","50.5","500","-800"
"401752865","Illinois","16","Ohio State","34","Ohio State -14.5","DraftKings","51.5","14.5","13.5","","525","-750"
"401752865","Illinois","16","Ohio State","34","Ohio State -15.0","Bovada","51","15","14.5","50.5","475","-700"
"401767327","Norfolk State","7","Towson","27","Towson -8.5","ESPN Bet","49.5","8.5","","","",""
"401767454","East Tennessee State","45","Murray State","17","East Tennessee State -31","ESPN Bet","54.5","-31","","","",""
"401754613","Virginia","27","Virginia Tech","7","Virginia -9.5","ESPN Bet","53.5","-9.5","-11.5","52.5","-360","280"
"401754613","Virginia","27","Virginia Tech","7","Virginia -8.0","Bovada","52.5","-8","-10.5","52.5","-340","270"
"401754613","Virginia","27","Virginia Tech","7","Virginia -8.5","DraftKings","52.5","-8.5","-10.5","","-340","270"
"401762520","South Florida","52","Rice","3","South Florida -28.5","ESPN Bet","57.5","-28.5","-26.5","59.5","-6000","1800"
"401762520","South Florida","52","Rice","3","South Florida -28.0","Bovada","57.5","-28","-26","59.5","-5000","1300"
"401762520","South Florida","52","Rice","3","South Florida -28.5","DraftKings","57.5","-28.5","-24.5","","-6500","2000"
"401754612","NC State","42","North Carolina","19","NC State -7","DraftKings","48.5","-7","-7.5","","-278","225"
"401754612","NC State","42","North Carolina","19","NC State -7.0","Bovada","49","-7","-7.5","47.5","-275","225"
"401754612","NC State","42","North Carolina","19","NC State -7.5","ESPN Bet","49.5","-7.5","-2.5","53.5","-270","220"
"401761663","Marshall","19","Georgia Southern","24","Marshall -10.5","ESPN Bet","61.5","-10.5","-6.5","60.5","-425","320"
"401761663","Marshall","19","Georgia Southern","24","Marshall -10.0","Bovada","62.5","-10","-7","62","-340","270"
"401761663","Marshall","19","Georgia Southern","24","Marshall -10.5","DraftKings","62.5","-10.5","-6.5","","-425","330"
"401754608","Syracuse","12","Boston College","34","Boston College -2.5","ESPN Bet","54.5","2.5","3.5","53.5","125","-145"
"401754608","Syracuse","12","Boston College","34","Boston College -3.0","Bovada","54","3","3","53","125","-145"
"401754608","Syracuse","12","Boston College","34","Boston College -3","DraftKings","53.5","3","3","","120","-142"
"401752854","Penn State","24","Oregon","30","Penn State -4.5","ESPN Bet","52.5","-4.5","-6.5","52.5","-190","160"
"401752854","Penn State","24","Oregon","30","Penn State -3.5","DraftKings","53.5","-3.5","-5.5","52.5","-180","150"
"401752854","Penn State","24","Oregon","30","Penn State -4.0","Bovada","53","-4","-3.5","52.5","-160","135"
"401752920","Rutgers","36","Penn State","40","Penn State -14.5","ESPN Bet","55.5","14.5","10.5","55.5","450","-700"
"401752920","Rutgers","36","Penn State","40","Penn State -14.0","Bovada","55.5","14","10.5","55.5","400","-575"
"401752920","Rutgers","36","Penn State","40","Penn State -14","DraftKings","55.5","14","11.5","","440","-600"
"401754611","Pittsburgh","7","Miami","38","Miami -6.5","ESPN Bet","49.5","6.5","6.5","51.5","210","-250"
"401754611","Pittsburgh","7","Miami","38","Miami -6.5","Bovada","49","6.5","7","51.5","215","-260"
"401754611","Pittsburgh","7","Miami","38","Miami -6.5","DraftKings","48.5","6.5","7.5","","205","-250"
"401767425","Mississippi Valley State","29","Southern","34","Southern -12.5","ESPN Bet","49.5","12.5","","","",""
"401767298","Samford","3","West Georgia","34","Samford -6.5","ESPN Bet","55.5","-6.5","","","",""
"401762519","Florida Atlantic","3","East Carolina","42","East Carolina -6.5","ESPN Bet","66.5","6.5","6.5","66.5","210","-250"
"401762519","Florida Atlantic","3","East Carolina","42","East Carolina -7.0","Bovada","66","7","6.5","67.5","210","-250"
"401762519","Florida Atlantic","3","East Carolina","42","East Carolina -7","DraftKings","66.5","7","7","","215","-265"
"401767369","Northwestern State","20","Alcorn State","10","Alcorn State -10.5","ESPN Bet","49.5","10.5","","","",""
"401767572","Mercer","10","Presbyterian","15","Mercer -22.5","ESPN Bet","51.5","-22.5","","","",""
"401752790","South Carolina","14","Clemson","28","South Carolina -2.5","DraftKings","45.5","-2.5","2.5","","-135","114"
"401752790","South Carolina","14","Clemson","28","South Carolina -2.5","Bovada","46","-2.5","-2","46.5","-140","120"
"401752790","South Carolina","14","Clemson","28","South Carolina -2.5","ESPN Bet","45.5","-2.5","4.5","53.5","-130","110"
"401767265","North Carolina Central","10","New Hampshire","27","North Carolina Central -4.5","ESPN Bet","50.5","-4.5","","","",""
"401752785","Florida","40","Florida State","21","Florida State -1.5","ESPN Bet","48.5","1.5","-2.5","51.5","-105","-115"
"401752785","Florida","40","Florida State","21","Florida State -1.5","DraftKings","49.5","1.5","-1.5","","-108","-112"
"401752785","Florida","40","Florida State","21","Florida State -1.0","Bovada","49","1","-2.5","50.5","-115","-105"
"401767415","South Carolina State","16","Wofford","15","South Carolina State -9.5","ESPN Bet","49.5","-9.5","","","",""
"401756968","West Virginia","0","Texas Tech","49","Texas Tech -24.5","ESPN Bet","53.5","24.5","20.5","52.5","1200","-3000"
"401756968","West Virginia","0","Texas Tech","49","Texas Tech -24.0","Bovada","53","24","21","53.5","1000","-2200"
"401756968","West Virginia","0","Texas Tech","49","Texas Tech -24.5","DraftKings","53.5","24.5","19.5","","1100","-2100"
"401752726","Alabama","30","Vanderbilt","14","Alabama -13.5","ESPN Bet","58.5","-13.5","-22.5","51.5","-550","380"
"401752726","Alabama","30","Vanderbilt","14","Alabama -13.5","DraftKings","57.5","-13.5","-13.5","","-535","400"
"401752726","Alabama","30","Vanderbilt","14","Alabama -13.5","Bovada","57.5","-13.5","-10.5","56.5","-430","320"
"401767059","Incarnate Word","31","Eastern Washington","21","Incarnate Word -10","ESPN Bet","57.5","-10","","","",""
"401760426","New Mexico","23","San Diego State","17","San Diego State -1.5","ESPN Bet","41.5","1.5","1.5","41.5","-115","-105"
"401760426","New Mexico","23","San Diego State","17","San Diego State -1.0","Bovada","41.5","1","1.5","41.5","100","-120"
"401760426","New Mexico","23","San Diego State","17","San Diego State -1.5","DraftKings","41.5","1.5","3","","-105","-115"
"401767201","Western Carolina","45","Gardner-Webb","52","Western Carolina -6.5","ESPN Bet","57.5","-6.5","","","",""
"401767130","South Dakota State","20","Sacramento State","3","South Dakota State -11.5","ESPN Bet","57.5","-11.5","","","",""
"401767070","San Diego","17","Cal Poly","41","San Diego -1.5","ESPN Bet","49.5","-1.5","","","",""
"401767431","Texas Southern","21","Prairie View A&M","22","Texas Southern -1.5","ESPN Bet","47.5","-1.5","","","",""
"401767156","Utah Tech","24","UC Davis","31","UC Davis -18.5","ESPN Bet","56.5","18.5","","","",""
"401760363","Boise State","51","Eastern Washington","14","Boise State -33.5","ESPN Bet","60.5","-33.5","-29","55.5","-10000","2500"
"401760363","Boise State","51","Eastern Washington","14","Boise State -33.0","Bovada","59.5","-33","-29.5","56.5","-10000","1600"
"401752817","Northwestern","42","Western Illinois","7","Northwestern -30.5","ESPN Bet","48.5","-30.5","-28","51.5","-50000","3500"
"401752817","Northwestern","42","Western Illinois","7","Northwestern -31.5","Bovada","49.5","-31.5","-28.5","51.5","-10000","1600"
"401752813","Minnesota","66","Northwestern State","0","Minnesota -43.0","Bovada","50.5","-43","-43","50.5","",""
"401752813","Minnesota","66","Northwestern State","0","","ESPN Bet","51.5","","-43.5","50.5","",""
"401762462","Temple","55","Howard","7","Temple -28.0","Bovada","47","-28","-27.5","46.5","",""
"401762462","Temple","55","Howard","7","Temple -27.5","ESPN Bet","45.5","-27.5","-25.5","46.5","-10000","2500"
"401752692","Tennessee","72","East Tennessee State","17","Tennessee -39.5","Bovada","58.5","-39.5","-41","56.5","",""
"401752692","Tennessee","72","East Tennessee State","17","Tennessee -40.5","ESPN Bet","58.5","-40.5","-41","56.5","",""
"401752685","Georgia","28","Austin Peay","6","Georgia -47.0","Bovada","55.5","-47","-48","55.5","",""
"401752685","Georgia","28","Austin Peay","6","Georgia -46.5","ESPN Bet","56.5","-46.5","-48.5","55.5","",""
"401762459","East Carolina","56","Campbell","3","East Carolina -30.0","Bovada","56","-30","-29.5","52.5","",""
"401762459","East Carolina","56","Campbell","3","East Carolina -30.5","ESPN Bet","55.5","-30.5","-30","52.5","-7500","2000"
"401752919","USC","29","UCLA","10","USC -21.0","Bovada","59","-21","-21","60.5","-1800","850"
"401752919","USC","29","UCLA","10","USC -21.5","DraftKings","58.5","-21.5","-19.5","","-1650","950"
"401752919","USC","29","UCLA","10","USC -21.5","ESPN Bet","59.5","-21.5","-20.5","61.5","-1800","900"
"401752788","Mississippi State","19","Ole Miss","38","Ole Miss -7.5","ESPN Bet","62.5","7.5","13.5","59.5","235","-279"
"401752788","Mississippi State","19","Ole Miss","38","Ole Miss -7.0","Bovada","63","7","8","63.5","215","-260"
"401752788","Mississippi State","19","Ole Miss","38","Ole Miss -7.5","DraftKings","62.5","7.5","9.5","","245","-305"
"401756963","BYU","41","UCF","21","BYU -17.5","Bovada","46.5","-17.5","-17.5","48.5","-1300","725"
"401756963","BYU","41","UCF","21","BYU -17.5","ESPN Bet","46.5","-17.5","-18.5","47.5","-1400","750"
"401756963","BYU","41","UCF","21","BYU -17.5","DraftKings","46.5","-17.5","-18.5","","-1100","700"
"401760367","Wyoming","31","Northern Iowa","7","Wyoming -14.0","Bovada","47.5","-14","-13.5","47.5","-575","400"
"401760367","Wyoming","31","Northern Iowa","7","Wyoming -13.5","ESPN Bet","45.5","-13.5","-13.5","47.5","-800","500"
"401760366","New Mexico","32","Idaho State","22","New Mexico -17.5","Bovada","60","-17.5","-15.5","63.5","-900","575"
"401760366","New Mexico","32","Idaho State","22","New Mexico -17.5","ESPN Bet","60.5","-17.5","-17","63.5","-900","550"
"401762794","Buffalo","45","Saint Francis","6","Buffalo -37.0","Bovada","48","-37","-35.5","49.5","",""
"401762794","Buffalo","45","Saint Francis","6","Buffalo -37.5","ESPN Bet","48.5","-37.5","-36.5","49.5","",""
"401761602","Southern Miss","38","Jackson State","20","Southern Miss -13.5","Bovada","53","-13.5","-14","52.5","-600","425"
"401761602","Southern Miss","38","Jackson State","20","Southern Miss -13.5","ESPN Bet","52.5","-13.5","-15.5","52.5","-650","425"
"401761599","Old Dominion","54","North Carolina Central","6","Old Dominion -22.0","Bovada","50.5","-22","-20","50.5","-1400","750"
"401761599","Old Dominion","54","North Carolina Central","6","Old Dominion -21.5","ESPN Bet","48.5","-21.5","-20","50.5","-2500","1100"
"401762460","Florida Atlantic","56","Florida A&M","14","Florida Atlantic -21.0","Bovada","51","-21","-20","46.5","-1400","750"
"401762460","Florida Atlantic","56","Florida A&M","14","Florida Atlantic -21.5","ESPN Bet","50.5","-21.5","-21.5","45.5","-2000","1000"
"401757315","New Mexico State","24","Middle Tennessee","31","New Mexico State -3.5","Bovada","52","-3.5","-4.5","54.5","-170","145"
"401757315","New Mexico State","24","Middle Tennessee","31","New Mexico State -3","DraftKings","52.5","-3","-4.5","","-162","136"
"401757315","New Mexico State","24","Middle Tennessee","31","New Mexico State -3.5","ESPN Bet","51.5","-3.5","-4.5","54.5","-155","135"
"401756887","Utah","63","Cal Poly","9","Utah -42.5","Bovada","53.5","-42.5","-41.5","52","",""
"401756887","Utah","63","Cal Poly","9","Utah -42.5","ESPN Bet","52.5","-42.5","-42","51.5","",""
"401762869","Eastern Michigan","21","Western Michigan","31","Western Michigan -10.0","Bovada","49","10","6.5","46.5","190","-230"
"401762869","Eastern Michigan","21","Western Michigan","31","Western Michigan -10","DraftKings","49.5","10","5.5","","300","-380"
"401762869","Eastern Michigan","21","Western Michigan","31","Western Michigan -9.5","ESPN Bet","49.5","9.5","6.5","45.5","340","-450"
"401757231","UTEP","42","UT Martin","17","UTEP -7.5","Bovada","49.5","-7.5","-6.5","51.5","-230","190"
"401757231","UTEP","42","UT Martin","17","UTEP -7.5","ESPN Bet","49.5","-7.5","-6.5","51.5","-300","250"
"401761597","Coastal Carolina","13","Charleston Southern","0","Coastal Carolina -28.5","Bovada","49","-28.5","-28.5","49.5","",""
"401761597","Coastal Carolina","13","Charleston Southern","0","Coastal Carolina -27.5","ESPN Bet","48.5","-27.5","-28.5","49.5","-10000","2500"
"401761600","Louisiana","34","McNeese","10","Louisiana -19.0","Bovada","50","-19","-20.5","52.5","-1500","775"
"401761600","Louisiana","34","McNeese","10","Louisiana -19.5","ESPN Bet","49.5","-19.5","-20","51.5","-1600","800"
"401752819","Purdue","34","Southern Illinois","17","Purdue -19.5","Bovada","52","-19.5","-20","51.5","-1400","750"
"401752819","Purdue","34","Southern Illinois","17","Purdue -22.5","ESPN Bet","52.5","-22.5","-19.5","51.5","-1400","750"
"401757314","Missouri State","30","Louisiana Tech","42","Missouri State -2.5","Bovada","45","-2.5","-3","51.5","-135","115"
"401757314","Missouri State","30","Louisiana Tech","42","Missouri State -2.5","ESPN Bet","45.5","-2.5","-3.5","51.5","-130","110"
"401757314","Missouri State","30","Louisiana Tech","42","Missouri State -2.5","DraftKings","45.5","-2.5","-3","","-135","114"
"401752791","Tennessee","24","Vanderbilt","45","Tennessee -2.5","DraftKings","66.5","-2.5","-5.5","","-130","110"
"401752791","Tennessee","24","Vanderbilt","45","Tennessee -2.0","Bovada","66.5","-2","-3.5","64.5","-140","120"
"401752791","Tennessee","24","Vanderbilt","45","Tennessee -2.5","ESPN Bet","66.5","-2.5","-3.5","64.5","-133","116"
"401752921","Michigan","9","Ohio State","27","Ohio State -9.5","ESPN Bet","43.5","9.5","5.5","47.5","330","-400"
"401752921","Michigan","9","Ohio State","27","Ohio State -9.5","DraftKings","42.5","9.5","5.5","","295","-375"
"401752921","Michigan","9","Ohio State","27","Ohio State -9.5","Bovada","43","9.5","5.5","47.5","305","-410"
"401754620","Wake Forest","42","Western Carolina","10","Wake Forest -17.5","Bovada","60.5","-17.5","-20","61.5","-1400","750"
"401754620","Wake Forest","42","Western Carolina","10","Wake Forest -17.5","ESPN Bet","59.5","-17.5","-20.5","61.5","-1000","600"
"401752787","Louisville","41","Kentucky","0","Louisville -1.0","Bovada","45.5","-1","-4","47.5","-150","130"
"401752787","Louisville","41","Kentucky","0","Kentucky -1.5","DraftKings","45.5","1.5","-6.5","","-105","-115"
"401752787","Louisville","41","Kentucky","0","Kentucky -1.5","ESPN Bet","45.5","1.5","-4.5","47.5","105","-125"
"401754610","Duke","49","Wake Forest","32","Duke -2.5","Bovada","54","-2.5","-3","55","-140","120"
"401754610","Duke","49","Wake Forest","32","Duke -2.5","ESPN Bet","53.5","-2.5","-3.5","54.5","-130","110"
"401754610","Duke","49","Wake Forest","32","Duke -2.5","DraftKings","53.5","-2.5","-3.5","","-130","110"
"401757313","Liberty","42","Kennesaw State","48","Kennesaw State -2.5","ESPN Bet","55.5","2.5","2.5","54.5","125","-145"
"401757313","Liberty","42","Kennesaw State","48","Kennesaw State -2.5","Bovada","55.5","2.5","2","54.5","105","-125"
"401757313","Liberty","42","Kennesaw State","48","Kennesaw State -2.5","DraftKings","55.5","2.5","1.5","","120","-142"
"401756962","Baylor","24","Houston","31","Baylor -2.5","ESPN Bet","57.5","-2.5","-2.5","60.5","-135","115"
"401756962","Baylor","24","Houston","31","Baylor -2.5","Bovada","57","-2.5","-2.5","61.5","-140","120"
"401756962","Baylor","24","Houston","31","Baylor -2.5","DraftKings","56.5","-2.5","-1.5","","-148","124"
"401752815","Ohio State","70","Grambling","0","Ohio State -55.5","Bovada","62.5","-55.5","-55.5","62.5","",""
"401752815","Ohio State","70","Grambling","0","Ohio State -51.5","ESPN Bet","64.5","-51.5","-55.5","62.5","",""
"401762872","Central Michigan","3","Toledo","21","Toledo -11.5","Bovada","46.5","11.5","9.5","44.5","295","-390"
"401762872","Central Michigan","3","Toledo","21","Toledo -10.5","ESPN Bet","46.5","10.5","9.5","44.5","340","-450"
"401762872","Central Michigan","3","Toledo","21","Toledo -11.5","DraftKings","46.5","11.5","10","","330","-425"
"401761596","App State","20","Lindenwood","13","App State -31.5","Bovada","56","-31.5","-31","53","",""
"401761596","App State","20","Lindenwood","13","App State -29.5","ESPN Bet","54.5","-29.5","-31.5","52.5","",""
"401754622","Georgia Tech","59","Gardner-Webb","12","Georgia Tech -37.5","Bovada","60.5","-37.5","-37.5","58.5","",""
"401754622","Georgia Tech","59","Gardner-Webb","12","Georgia Tech -37.5","ESPN Bet","58.5","-37.5","-37.5","58.5","",""
"401754530","California","35","Texas Southern","3","California -44.5","Bovada","54.5","-44.5","-45","54","",""
"401754530","California","35","Texas Southern","3","California -44.5","ESPN Bet","54.5","-44.5","-45","53.5","",""
"401752783","Arkansas","17","Missouri","31","Missouri -4.5","Bovada","54.5","4.5","2","57.5","165","-195"
"401752783","Arkansas","17","Missouri","31","Missouri -4.5","ESPN Bet","54.5","4.5","2.5","58.5","175","-210"
"401752783","Arkansas","17","Missouri","31","Missouri -4.5","DraftKings","54.5","4.5","2.5","","170","-205"
"401762442","North Texas","52","Temple","25","North Texas -20.0","Bovada","65.5","-20","-19.5","66.5","-1300","725"
"401762442","North Texas","52","Temple","25","North Texas -20.5","ESPN Bet","65.5","-20.5","-19.5","64.5","-1800","900"
"401762442","North Texas","52","Temple","25","North Texas -20.5","DraftKings","65.5","-20.5","-18.5","","-1350","800"
"401762795","Eastern Michigan","23","Long Island University","28","Eastern Michigan -22.5","Bovada","54.5","-22.5","-22.5","54.5","-2000","950"
"401762795","Eastern Michigan","23","Long Island University","28","Eastern Michigan -21.5","ESPN Bet","53.5","-21.5","-23.5","54.5","-2000","1000"
"401752836","Indiana","73","Indiana State","0","Indiana -47.5","Bovada","60","-47.5","-48.5","59.5","",""
"401752836","Indiana","73","Indiana State","0","","ESPN Bet","60.5","","-48.5","59.5","",""
"401752836","Indiana","73","Indiana State","0","Indiana -47.5","DraftKings","60.5","-47.5","","59.5","",""
"401756879","Arizona","48","Weber State","3","Arizona -31.5","Bovada","56.5","-31.5","-31.5","56.5","",""
"401756879","Arizona","48","Weber State","3","Arizona -31.5","ESPN Bet","56.5","-31.5","-31.5","56.5","-10000","2500"
"401760365","Nevada","20","Sacramento State","17","Nevada -8.0","Bovada","56","-8","-7.5","54.5","-285","235"
"401760365","Nevada","20","Sacramento State","17","Nevada -9.5","ESPN Bet","55.5","-9.5","-7.5","54.5","-270","220"
"401756893","Houston","36","Colorado","20","Houston -4","DraftKings","45.5","-4","","","-192","160"
"401756893","Houston","36","Colorado","20","Houston -3.5","ESPN Bet","45.5","-3.5","-3.5","43.5","-190","160"
"401756893","Houston","36","Colorado","20","Houston -4.0","Bovada","45","-4","-4.5","43.5","-185","160"
"401756888","Arizona","23","Kansas State","17","Kansas State -1.5","DraftKings","55.5","1.5","","","-102","-118"
"401756888","Arizona","23","Kansas State","17","Kansas State -1.5","ESPN Bet","56.5","1.5","1.5","54.5","105","-120"
"401756888","Arizona","23","Kansas State","17","Kansas State -1.5","Bovada","55.5","1.5","","54.5","-110","-110"
"401754531","Wake Forest","24","NC State","34","NC State -7.5","DraftKings","52.5","7.5","","","240","-298"
"401754531","Wake Forest","24","NC State","34","NC State -7.5","ESPN Bet","52.5","7.5","7.5","55.5","230","-280"
"401754531","Wake Forest","24","NC State","34","NC State -7.0","Bovada","53","7","7","54.5","225","-275"
"401756886","UCF","68","North Carolina A&T","7","UCF -38.0","Bovada","51","-38","-39.5","50.5","",""
"401756886","UCF","68","North Carolina A&T","7","UCF -37","ESPN Bet","51.5","-37","-40","50.5","",""
"401752837","UCLA","10","New Mexico","35","UCLA -15.5","DraftKings","52.5","-15.5","","","-675","490"
"401752837","UCLA","10","New Mexico","35","UCLA -15.5","ESPN Bet","52.5","-15.5","-14.5","52.5","-700","450"
"401752837","UCLA","10","New Mexico","35","UCLA -15.5","Bovada","53","-15.5","-15","53","-700","475"
"401762816","Massachusetts","26","Bryant","27","Massachusetts -14.5","Bovada","52","-14.5","-13","52.5","-575","400"
"401762816","Massachusetts","26","Bryant","27","Massachusetts -16.5","ESPN Bet","52.5","-16.5","-13.5","52.5","-800","500"
"401752691","South Carolina","38","South Carolina State","10","South Carolina -43.0","Bovada","54","-43","-42.5","52.5","",""
"401752691","South Carolina","38","South Carolina State","10","South Carolina -42.5","ESPN Bet","54.5","-42.5","-42","52.5","",""
"401752821","Washington","70","UC Davis","10","Washington -28.0","Bovada","54","-28","-28.5","53.5","",""
"401752821","Washington","70","UC Davis","10","Washington -29.5","ESPN Bet","54.5","-29.5","-28","53.5","-5000","1500"
"401754621","Florida State","77","East Texas A&M","3","Florida State -43.5","ESPN Bet","56.5","-43.5","-44.5","57.5","",""
"401754621","Florida State","77","East Texas A&M","3","Florida State -45.5","Bovada","58.5","-45.5","-43.5","57.5","",""
"401756967","TCU","45","Cincinnati","23","TCU -3.0","Bovada","58.5","-3","-4.5","58","-150","130"
"401756967","TCU","45","Cincinnati","23","TCU -3.5","ESPN Bet","58.5","-3.5","-4.5","58.5","-145","125"
"401756967","TCU","45","Cincinnati","23","TCU -3","DraftKings","58.5","-3","-3","","-148","124"
"401761661","App State","29","Arkansas State","30","App State -1.0","Bovada","54.5","-1","-2","56.5","-105","-115"
"401761661","App State","29","Arkansas State","30","Arkansas State -1.5","ESPN Bet","54.5","1.5","-1.5","56.5","-105","-120"
"401761661","App State","29","Arkansas State","30","Arkansas State -1.5","DraftKings","54.5","1.5","-1.5","","-112","-108"
"401752831","Northwestern","14","Oregon","34","Oregon -25.5","DraftKings","50.5","25.5","","","1400","-3200"
"401752831","Northwestern","14","Oregon","34","Oregon -26.5","Bovada","50.5","26.5","28","51.5","1300","-6500"
"401752831","Northwestern","14","Oregon","34","Oregon -24.5","ESPN Bet","50.5","24.5","27.5","51.5","1800","-6000"
"401754527","Charlotte","3","North Carolina","20","North Carolina -16.5","ESPN Bet","49.5","16.5","16.5","47.5","500","-800"
"401754527","Charlotte","3","North Carolina","20","North Carolina -15.0","Bovada","49.5","15","13","49.5","390","-550"
"401754534","Tulane","34","Duke","27","Tulane -1.5","DraftKings","52.5","-1.5","","","-120","100"
"401754534","Tulane","34","Duke","27","Tulane -1.5","Bovada","52.5","-1.5","-2.5","52.5","-150","130"
"401754534","Tulane","34","Duke","27","Duke -1.5","ESPN Bet","53.5","1.5","-2.5","52.5","-110","-110"
"401752703","Temple","3","Oklahoma","42","Oklahoma -23.5","DraftKings","50.5","23.5","","","1200","-2400"
"401752703","Temple","3","Oklahoma","42","Oklahoma -23.5","Bovada","51","23.5","24.5","51.5","1100","-3300"
"401752703","Temple","3","Oklahoma","42","Oklahoma -24.5","ESPN Bet","51.5","24.5","25.5","51.5","1250","-3000"
"401761608","Troy","7","Memphis","28","Memphis -4.5","DraftKings","51.5","4.5","","","160","-192"
"401761608","Troy","7","Memphis","28","Memphis -4.5","Bovada","51","4.5","6.5","51.5","190","-230"
"401761608","Troy","7","Memphis","28","Memphis -4.5","ESPN Bet","51.5","4.5","","50.5","160","-190"
"401752696","Alabama","38","Wisconsin","14","Alabama -17.5","DraftKings","45.5","-17.5","","","-1200","750"
"401752696","Alabama","38","Wisconsin","14","Alabama -18.5","ESPN Bet","45.5","-18.5","-22.5","46.5","-1600","800"
"401752696","Alabama","38","Wisconsin","14","Alabama -19.5","Bovada","45","-19.5","-20","47","-1500","775"
"401754532","Syracuse","66","Colgate","24","Syracuse -36.5","Bovada","64","-36.5","-37.5","66.5","",""
"401754532","Syracuse","66","Colgate","24","Syracuse -37.5","ESPN Bet","64.5","-37.5","-37.5","66.5","-50000","3500"
"401754532","Syracuse","66","Colgate","24","Syracuse -36.5","DraftKings","64.5","-36.5","-37.5","","",""
"401752938","Texas Tech","45","Oregon State","14","Texas Tech -24.5","DraftKings","61.5","-24.5","","","-2400","1200"
"401752938","Texas Tech","45","Oregon State","14","Texas Tech -24.0","Bovada","61.5","-24","-24","60.5","-2800","1100"
"401752938","Texas Tech","45","Oregon State","14","Texas Tech -23.5","ESPN Bet","61.5","-23.5","-24.5","60.5","-3000","1200"
"401752949","North Texas","59","Washington State","10","North Texas -6.5","DraftKings","57.5","-6.5","","","-278","225"
"401752949","North Texas","59","Washington State","10","North Texas -6.5","Bovada","57.5","-6.5","-5.5","58","-210","175"
"401752949","North Texas","59","Washington State","10","North Texas -6.5","ESPN Bet","58.5","-6.5","-5.5","58.5","-280","230"
"401754536","Virginia Tech","26","Old Dominion","45","Virginia Tech -5.5","DraftKings","50.5","-5.5","","","-225","185"
"401754536","Virginia Tech","26","Old Dominion","45","Virginia Tech -5.5","Bovada","51","-5.5","-8","50.5","-300","250"
"401754536","Virginia Tech","26","Old Dominion","45","Virginia Tech -5.5","ESPN Bet","50.5","-5.5","-6.5","51.5","-215","180"
"401752832","Purdue","17","USC","33","USC -20.5","DraftKings","59.5","20.5","","","850","-1450"
"401752832","Purdue","17","USC","33","USC -20.5","Bovada","59","20.5","21","58","850","-1800"
"401752832","Purdue","17","USC","33","USC -20.5","ESPN Bet","59.5","20.5","21.5","58.5","1000","-2000"
"401752835","Penn State","52","Villanova","6","Penn State -46.5","DraftKings","57.5","-46.5","-47.5","","",""
"401752835","Penn State","52","Villanova","6","Penn State -47.5","ESPN Bet","56.5","-47.5","-47.5","55.5","",""
"401752835","Penn State","52","Villanova","6","Penn State -47.5","Bovada","56.5","-47.5","-48.5","55.5","",""
"401752830","Iowa","47","Massachusetts","7","Iowa -35.5","DraftKings","44.5","-35.5","-35.5","","",""
"401752830","Iowa","47","Massachusetts","7","Iowa -35.0","Bovada","44","-35","-33.5","44.5","",""
"401752830","Iowa","47","Massachusetts","7","Iowa -35.5","ESPN Bet","44.5","-35.5","-33.5","44.5","-100000","4000"
"401752704","South Carolina","7","Vanderbilt","31","South Carolina -3","DraftKings","48.5","-3","","","-155","130"
"401752704","South Carolina","7","Vanderbilt","31","South Carolina -3.0","Bovada","48.5","-3","-5.5","47.5","-220","180"
"401752704","South Carolina","7","Vanderbilt","31","South Carolina -2.5","ESPN Bet","48.5","-2.5","-5.5","47.5","-145","125"
"401756895","Wyoming","6","Utah","31","Utah -24.5","DraftKings","47.5","24.5","","","1400","-3200"
"401756895","Wyoming","6","Utah","31","Utah -24.5","Bovada","47","24.5","22.5","48","1000","-2200"
"401756895","Wyoming","6","Utah","31","Utah -24.5","ESPN Bet","47.5","24.5","22.5","47.5","1300","-4000"
"401762465","Tulsa","23","Navy","42","Navy -14","DraftKings","52.5","14","","","425","-575"
"401762465","Tulsa","23","Navy","42","Navy -13.5","Bovada","52","13.5","14.5","54","450","-650"
"401762465","Tulsa","23","Navy","42","Navy -13.5","ESPN Bet","53.5","13.5","14.5","53.5","450","-700"
"401752838","Maryland","44","Towson","17","Maryland -28.5","ESPN Bet","53.5","-28.5","-28.5","50.5","-7500","2000"
"401752838","Maryland","44","Towson","17","Maryland -28.5","DraftKings","53.5","-28.5","","","-6500","2000"
"401752838","Maryland","44","Towson","17","Maryland -28.5","Bovada","52.5","-28.5","-29.5","50.5","-10000","1600"
"401754535","Miami","49","South Florida","12","Miami -17.5","DraftKings","56.5","-17.5","","","-800","550"
"401754535","Miami","49","South Florida","12","Miami -18.0","Bovada","56.5","-18","-16","54.5","-800","525"
"401754535","Miami","49","South Florida","12","Miami -17.5","ESPN Bet","56.5","-17.5","-15.5","54.5","-800","500"
"401762817","Kent State","28","Buffalo","31","Buffalo -23.5","DraftKings","48.5","23.5","","","1300","-2800"
"401762817","Kent State","28","Buffalo","31","Buffalo -24.5","ESPN Bet","47.5","24.5","22.5","48.5","1300","-4000"
"401762817","Kent State","28","Buffalo","31","Buffalo -24.0","Bovada","48.5","24","23","49","1100","-2800"
"401752839","Michigan","63","Central Michigan","3","Michigan -27.5","DraftKings","42.5","-27.5","","","-4500","1700"
"401752839","Michigan","63","Central Michigan","3","Michigan -28.0","Bovada","43","-28","-27.5","42.5","-4000","1200"
"401752839","Michigan","63","Central Michigan","3","Michigan -27.5","ESPN Bet","42.5","-27.5","-27.5","41.5","-4000","1300"
"401760364","Colorado State","21","Northern Colorado","17","Colorado State -35.0","Bovada","52.5","-35","-35","52.5","",""
"401760364","Colorado State","21","Northern Colorado","17","Colorado State -34.5","ESPN Bet","52.5","-34.5","-34.5","52.5","-100000","4000"
"401757168","Delaware","44","UConn","41","UConn -8.5","DraftKings","52.5","8.5","","","245","-305"
"401757168","Delaware","44","UConn","41","UConn -8.0","Bovada","52.5","8","10","51.5","285","-370"
"401757168","Delaware","44","UConn","41","UConn -9.5","ESPN Bet","51.5","9.5","10.5","51.5","270","-340"
"401752918","Minnesota","17","Wisconsin","7","Wisconsin -2.5","Bovada","38.5","2.5","-2","37.5","110","-130"
"401752918","Minnesota","17","Wisconsin","7","Wisconsin -2.5","ESPN Bet","38.5","2.5","-2.5","38.5","125","-145"
"401752918","Minnesota","17","Wisconsin","7","Wisconsin -2.5","DraftKings","38.5","2.5","-2.5","","120","-142"
"401761662","Coastal Carolina","10","James Madison","59","James Madison -24.0","Bovada","54.5","24","22.5","53.5","1000","-2200"
"401761662","Coastal Carolina","10","James Madison","59","James Madison -23.5","ESPN Bet","53.5","23.5","21.5","53.5","1300","-4000"
"401761662","Coastal Carolina","10","James Madison","59","James Madison -24.5","DraftKings","54.5","24.5","21","","1300","-2800"
"401752697","Auburn","31","South Alabama","15","Auburn -26.5","DraftKings","56.5","-26.5","","","-3600","1500"
"401752697","Auburn","31","South Alabama","15","Auburn -26.0","Bovada","56","-26","-26","53.5","-4000","1200"
"401752697","Auburn","31","South Alabama","15","Auburn -26.5","ESPN Bet","55.5","-26.5","-25.5","53.5","-4000","1300"
"401754615","Missouri State","10","SMU","28","SMU -29.5","DraftKings","60.5","29.5","","","1800","-5000"
"401754615","Missouri State","10","SMU","28","SMU -28.5","ESPN Bet","59.5","28.5","27.5","61.5","2500","-10000"
"401754615","Missouri State","10","SMU","28","SMU -28.5","Bovada","61","28.5","28","61.5","1300","-5000"
"401756890","Arkansas State","16","Iowa State","24","Iowa State -21","DraftKings","55.5","21","","","850","-1450"
"401756890","Arkansas State","16","Iowa State","24","Iowa State -21.5","Bovada","56","21.5","21","55.5","800","-1600"
"401756890","Arkansas State","16","Iowa State","24","Iowa State -20.5","ESPN Bet","55.5","20.5","21.5","54.5","1000","-2000"
"401761607","Southern Miss","38","App State","22","App State -3","DraftKings","55.5","3","","","130","-155"
"401761607","Southern Miss","38","App State","22","App State -3.0","Bovada","56.5","3","1","51.5","-105","-115"
"401761607","Southern Miss","38","App State","22","App State -2.5","ESPN Bet","56.5","2.5","-2.5","53.5","135","-155"
"401754639","North Carolina","41","Richmond","6","North Carolina -24.5","ESPN Bet","47.5","-24.5","-21","46.5","-5000","1500"
"401754639","North Carolina","41","Richmond","6","North Carolina -24.5","DraftKings","47.5","-24.5","","","-2800","1300"
"401754639","North Carolina","41","Richmond","6","North Carolina -24.5","Bovada","48","-24.5","-21.5","46.5","-2800","1100"
"401757257","Louisiana Tech","49","New Mexico State","14","Louisiana Tech -10","DraftKings","42.5","-10","","42.5","-345","275"
"401757257","Louisiana Tech","49","New Mexico State","14","Louisiana Tech -10.0","Bovada","43","-10","-10","42.5","-410","305"
"401757257","Louisiana Tech","49","New Mexico State","14","Louisiana Tech -10.5","ESPN Bet","42.5","-10.5","-12.5","46.5","-380","290"
"401752702","Missouri","52","Louisiana","10","Missouri -27.5","DraftKings","47.5","-27.5","-27.5","","-4500","1700"
"401752702","Missouri","52","Louisiana","10","Missouri -27.5","Bovada","47.5","-27.5","-24.5","48","-4000","1200"
"401752702","Missouri","52","Louisiana","10","Missouri -27.5","ESPN Bet","46.5","-27.5","-22.5","50.5","-4000","1300"
"401756891","Baylor","42","Samford","7","Baylor -51.5","DraftKings","65.5","-51.5","","58.5","",""
"401756891","Baylor","42","Samford","7","Baylor -52.5","ESPN Bet","64.5","-52.5","-47.5","58.5","",""
"401756891","Baylor","42","Samford","7","Baylor -52.0","Bovada","64.5","-52","-48.5","59.5","",""
"401752946","Washington State","32","Oregon State","8","Washington State -14.0","Bovada","42.5","-14","-13.5","43.5","-600","425"
"401752946","Washington State","32","Oregon State","8","Washington State -14","DraftKings","42.5","-14","-12.5","","-650","470"
"401752946","Washington State","32","Oregon State","8","Washington State -14.5","ESPN Bet","42.5","-14.5","-12.5","43.5","-700","450"
"401752698","Kentucky","48","Eastern Michigan","23","Kentucky -26.5","DraftKings","49.5","-26.5","","","-4000","1600"
"401752698","Kentucky","48","Eastern Michigan","23","Kentucky -27.0","Bovada","49.5","-27","-25.5","46.5","-4000","1200"
"401752698","Kentucky","48","Eastern Michigan","23","Kentucky -26.5","ESPN Bet","50.5","-26.5","-25.5","48.5","-3000","1200"
"401752700","Ole Miss","41","Arkansas","35","Ole Miss -3.5","DraftKings","60.5","-3.5","","","-175","145"
"401752700","Ole Miss","41","Arkansas","35","Ole Miss -3.5","Bovada","60.5","-3.5","-8.5","63.5","-350","275"
"401752700","Ole Miss","41","Arkansas","35","Ole Miss -4.5","ESPN Bet","60.5","-4.5","-8.5","60.5","-175","150"
"401754609","California","38","SMU","35","SMU -13.5","Bovada","53.5","13.5","11","53","390","-550"
"401754609","California","38","SMU","35","SMU -13.5","DraftKings","53.5","13.5","10","","400","-535"
"401754609","California","38","SMU","35","SMU -13.5","ESPN Bet","52.5","13.5","10.5","54.5","400","-600"
"401752840","California","27","Minnesota","14","Minnesota -3","DraftKings","41.5","3","","","136","-162"
"401752840","California","27","Minnesota","14","Minnesota -3.0","Bovada","40.5","3","2.5","44","105","-125"
"401752840","California","27","Minnesota","14","Minnesota -3.5","ESPN Bet","39.5","3.5","2.5","43.5","140","-165"
"401760423","San José State","14","Fresno State","41","Fresno State -3.5","Bovada","46","3.5","2.5","47.5","150","-175"
"401760423","San José State","14","Fresno State","41","Fresno State -3","DraftKings","45.5","3","2.5","","136","-162"
"401760423","San José State","14","Fresno State","41","Fresno State -3.5","ESPN Bet","44.5","3.5","2.5","46.5","140","-165"
"401760425","Nevada","17","UNLV","42","UNLV -7.5","Bovada","53","7.5","9.5","53.5","240","-290"
"401760425","Nevada","17","UNLV","42","UNLV -7.5","ESPN Bet","52.5","7.5","9.5","52.5","260","-320"
"401760425","Nevada","17","UNLV","42","UNLV -7.5","DraftKings","52.5","7.5","9.5","","250","-310"
"401754619","Virginia","55","William & Mary","16","Virginia -30.5","DraftKings","54.5","-30.5","","","-6500","2000"
"401754619","Virginia","55","William & Mary","16","Virginia -29.5","ESPN Bet","52.5","-29.5","-26.5","51.5","-7500","2000"
"401754619","Virginia","55","William & Mary","16","Virginia -31.0","Bovada","53.5","-31","-26.5","51.5","-5000","1300"
"401762871","Northern Illinois","31","Kent State","35","Northern Illinois -5.0","Bovada","45","-5","-5","45","-220","180"
"401762871","Northern Illinois","31","Kent State","35","Northern Illinois -4.5","DraftKings","44.5","-4.5","-4.5","","-205","170"
"401762871","Northern Illinois","31","Kent State","35","Northern Illinois -5.5","ESPN Bet","44.5","-5.5","-4.5","44.5","-200","170"
"401752706","Texas","27","UTEP","10","Texas -39.5","DraftKings","52.5","-39.5","","50.5","",""
"401752706","Texas","27","UTEP","10","Texas -39.5","Bovada","52","-39.5","-41.5","51","",""
"401752706","Texas","27","UTEP","10","Texas -40.5","ESPN Bet","52.5","-40.5","-36.5","54.5","",""
"401760368","Utah State","49","Air Force","30","Air Force -4","DraftKings","51.5","4","","","154","-185"
"401760368","Utah State","49","Air Force","30","Air Force -4.5","Bovada","51.5","4.5","3.5","51.5","155","-180"
"401760368","Utah State","49","Air Force","30","Air Force -3.5","ESPN Bet","51.5","3.5","3.5","51.5","160","-190"
"401757258","Nevada","13","Middle Tennessee","14","Nevada -9.0","Bovada","50","-9","-8.5","46.5","-350","275"
"401757258","Nevada","13","Middle Tennessee","14","Nevada -9.5","DraftKings","49.5","-9.5","","","-345","275"
"401757258","Nevada","13","Middle Tennessee","14","Nevada -9.5","ESPN Bet","49.5","-9.5","-9.5","44.5","-320","260"
"401752828","Nebraska","59","Houston Christian","7","Nebraska -48.5","DraftKings","58.5","-48.5","-42.5","","",""
"401752828","Nebraska","59","Houston Christian","7","Nebraska -46.5","ESPN Bet","57.5","-46.5","-42","54.5","",""
"401752828","Nebraska","59","Houston Christian","7","Nebraska -48.5","Bovada","59","-48.5","-42.5","54.5","",""
"401757256","Bowling Green","23","Liberty","13","Liberty -6","DraftKings","51.5","6","","51.5","180","-218"
"401757256","Bowling Green","23","Liberty","13","Liberty -5.5","Bovada","51.5","5.5","6.5","51","200","-240"
"401757256","Bowling Green","23","Liberty","13","Liberty -6.5","ESPN Bet","51.5","6.5","7.5","51.5","190","-225"
"401757233","Florida International","38","Florida Atlantic","28","Florida International -2.0","Bovada","56.5","-2","-1.5","57","-125","105"
"401757233","Florida International","38","Florida Atlantic","28","Florida International -2.5","DraftKings","56.5","-2.5","","","-125","105"
"401757233","Florida International","38","Florida Atlantic","28","Florida International -1.5","ESPN Bet","56.5","-1.5","-4.5","54.5","-125","105"
"401752827","Ohio State","37","Ohio","9","Ohio State -28.0","Bovada","49","-28","-33.5","53.5","-20000","1700"
"401752827","Ohio State","37","Ohio","9","Ohio State -28.5","DraftKings","49.5","-28.5","","51.5","-4500","1700"
"401752827","Ohio State","37","Ohio","9","Ohio State -28.5","ESPN Bet","49.5","-28.5","-25.5","58.5","-50000","3500"
"401757234","Georgia Southern","41","Jacksonville State","34","Georgia Southern -3.0","Bovada","59","-3","-3.5","56.5","-175","150"
"401757234","Georgia Southern","41","Jacksonville State","34","Georgia Southern -3","DraftKings","58.5","-3","-4","","-170","142"
"401757234","Georgia Southern","41","Jacksonville State","34","Georgia Southern -3.5","ESPN Bet","57.5","-3.5","-2.5","54.5","-170","145"
"401752829","Illinois","38","Western Michigan","0","Illinois -27.5","DraftKings","50.5","-27.5","","","-5000","1800"
"401752829","Illinois","38","Western Michigan","0","Illinois -27.5","Bovada","51","-27.5","-28","51.5","-7500","1400"
"401752829","Illinois","38","Western Michigan","0","Illinois -27.5","ESPN Bet","50.5","-27.5","-28.5","51.5","-5000","1500"
"401833985","Montana State","44","Stephen F. Austin","28","Montana State -15.5","DraftKings","56.5","-15.5","","","",""
"401833986","Tarleton State","21","Villanova","26","Tarleton State -14.5","DraftKings","54.5","-14.5","","","",""
"401833987","Montana","52","South Dakota","22","Montana -7.5","DraftKings","59.5","-7.5","","","",""
"401836219","UC Davis","31","Illinois State","42","UC Davis -3","DraftKings","57.5","-3","","","",""
"401756889","Arizona State","34","Texas State","15","Arizona State -18.5","Bovada","61.5","-18.5","-14.5","59.5","-650","450"
"401756889","Arizona State","34","Texas State","15","Arizona State -18.5","DraftKings","61.5","-18.5","","","-1050","675"
"401756889","Arizona State","34","Texas State","15","Arizona State -18.5","ESPN Bet","61.5","-18.5","-14.5","58.5","-1000","600"
"401754533","Stanford","30","Boston College","20","Boston College -14.0","Bovada","44.5","14","10.5","44.5","335","-450"
"401754533","Stanford","30","Boston College","20","Boston College -14","DraftKings","44.5","14","12.5","","425","-575"
"401754533","Stanford","30","Boston College","20","Boston College -13.5","ESPN Bet","46.5","13.5","10.5","43.5","425","-650"
"401761604","Coastal Carolina","0","East Carolina","38","East Carolina -7.0","Bovada","58","7","6","55.5","205","-245"
"401761604","Coastal Carolina","0","East Carolina","38","East Carolina -7","DraftKings","57.5","7","","","220","-270"
"401761604","Coastal Carolina","0","East Carolina","38","East Carolina -7.5","ESPN Bet","56.5","7.5","6.5","55.5","225","-275"
"401762818","Ball State","34","New Hampshire","29","Ball State -3","DraftKings","46.5","-3","","","-148","124"
"401762818","Ball State","34","New Hampshire","29","Ball State -2.5","ESPN Bet","46.5","-2.5","-1","47.5","-145","125"
"401762818","Ball State","34","New Hampshire","29","Ball State -3.0","Bovada","46.5","-3","-3","48","-145","125"
"401762463","UAB","31","Akron","28","UAB -12.5","DraftKings","58.5","-12.5","","","-440","340"
"401762463","UAB","31","Akron","28","UAB -12.0","Bovada","59","-12","-11.5","52.5","-470","345"
"401762463","UAB","31","Akron","28","UAB -13.5","ESPN Bet","59.5","-13.5","-11.5","53.5","-500","360"
"401762870","Buffalo","26","Ohio","31","Ohio -7.0","Bovada","44.5","7","6","47.5","210","-250"
"401762870","Buffalo","26","Ohio","31","Ohio -7.5","ESPN Bet","45.5","7.5","6.5","47.5","200","-240"
"401762870","Buffalo","26","Ohio","31","Ohio -7","DraftKings","44.5","7","4.5","","210","-258"
"401756892","Cincinnati","70","Northwestern State","0","Cincinnati -48.5","DraftKings","55.5","-48.5","-45.5","","",""
"401756892","Cincinnati","70","Northwestern State","0","","ESPN Bet","56.5","","","52.5","",""
"401756892","Cincinnati","70","Northwestern State","0","Cincinnati -48.5","Bovada","55.5","-48.5","-46.5","53.5","",""
"401762464","Charlotte","42","Monmouth","35","Charlotte -3","DraftKings","66.5","-3","","","-155","130"
"401762464","Charlotte","42","Monmouth","35","Charlotte -2.5","ESPN Bet","65.5","-2.5","-3.5","67.5","-140","120"
"401762464","Charlotte","42","Monmouth","35","Charlotte -2.5","Bovada","66","-2.5","-3.5","67.5","-175","150"
"401762466","Rice","38","Prairie View A&M","17","Rice -29.5","DraftKings","48.5","-29.5","","","-6500","2000"
"401762466","Rice","38","Prairie View A&M","17","Rice -28.0","Bovada","48","-28","-29.5","48.5","-10000","1600"
"401762466","Rice","38","Prairie View A&M","17","Rice -29.5","ESPN Bet","48.5","-29.5","-28.5","48.5","-10000","2500"
"401754641","Miami","45","Bethune-Cookman","3","Miami -54.5","ESPN Bet","64.5","-54.5","-56.5","64.5","",""
"401756894","TCU","42","Abilene Christian","21","TCU -42.5","DraftKings","60.5","-42.5","-38.5","","",""
"401756894","TCU","42","Abilene Christian","21","TCU -41.5","ESPN Bet","58.5","-41.5","-38.5","56.5","",""
"401756894","TCU","42","Abilene Christian","21","TCU -42.0","Bovada","60.5","-42","-37.5","56.5","",""
"401752844","Rutgers","28","Iowa","38","Iowa -2.5","DraftKings","46.5","2.5","3","","110","-130"
"401752844","Rutgers","28","Iowa","38","Iowa -2.5","ESPN Bet","46.5","2.5","2.5","46.5","115","-135"
"401752844","Rutgers","28","Iowa","38","Iowa -2.0","Bovada","46.5","2","2","45.5","105","-125"
"401760369","Fresno State","56","Southern","7","Fresno State -37.5","DraftKings","51.5","-37.5","-35.5","","",""
"401760369","Fresno State","56","Southern","7","Fresno State -35.5","ESPN Bet","50.5","-35.5","-35","48.5","",""
"401760369","Fresno State","56","Southern","7","Fresno State -38.5","Bovada","51","-38.5","-35.5","48.5","",""
"401760370","Hawai'i","23","Portland State","3","Hawai'i -35.5","DraftKings","54.5","-35.5","-38.5","","",""
"401760370","Hawai'i","23","Portland State","3","Hawai'i -36.5","ESPN Bet","54.5","-36.5","-38.5","52.5","",""
"401760370","Hawai'i","23","Portland State","3","Hawai'i -37.5","Bovada","54.5","-37.5","-38","53.5","",""
"401754636","TCU","35","SMU","24","TCU -6.5","DraftKings","63.5","-6.5","-4","","-238","195"
"401754636","TCU","35","SMU","24","TCU -6.5","Bovada","63.5","-6.5","-7","63","-245","205"
"401754636","TCU","35","SMU","24","TCU -6.5","ESPN Bet","63.5","-6.5","-6.5","63.5","-225","190"
"401757312","Jacksonville State","37","Western Kentucky","34","Western Kentucky -1.5","Bovada","56.5","1.5","2.5","54.5","115","-135"
"401757312","Jacksonville State","37","Western Kentucky","34","Western Kentucky -1.5","DraftKings","56.5","1.5","3","","105","-125"
"401757312","Jacksonville State","37","Western Kentucky","34","Western Kentucky -1.5","ESPN Bet","56.5","1.5","2.5","55.5","105","-125"
"401752834","Michigan State","41","Youngstown State","24","Michigan State -23.5","DraftKings","55.5","-23.5","","","-2100","1100"
"401752834","Michigan State","41","Youngstown State","24","Michigan State -27.5","ESPN Bet","56.5","-27.5","-23.5","52.5","-3000","1200"
"401752834","Michigan State","41","Youngstown State","24","Michigan State -23.5","Bovada","55","-23.5","-23.5","52.5","-2800","1100"
"401752833","Rutgers","60","Norfolk State","10","Rutgers -44.5","DraftKings","56.5","-44.5","","51.5","",""
"401752833","Rutgers","60","Norfolk State","10","Rutgers -44.5","Bovada","56","-44.5","-44","51.5","",""
"401752833","Rutgers","60","Norfolk State","10","Rutgers -45.5","ESPN Bet","55.5","-45.5","-44.5","55.5","",""
"401762467","UTSA","48","Incarnate Word","20","UTSA -21","DraftKings","62.5","-21","","","-1450","850"
"401762467","UTSA","48","Incarnate Word","20","UTSA -21.5","ESPN Bet","62.5","-21.5","-16.5","61.5","-1600","800"
"401762467","UTSA","48","Incarnate Word","20","UTSA -21.0","Bovada","62","-21","-17.5","61.5","-850","550"
"401756896","Baylor","24","Arizona State","27","Baylor -3","DraftKings","60.5","-3","-2.5","","-142","120"
"401756896","Baylor","24","Arizona State","27","Baylor -3.0","Bovada","60.5","-3","-2.5","59.5","-130","110"
"401756896","Baylor","24","Arizona State","27","Baylor -1.5","ESPN Bet","61.5","-1.5","-2.5","58.5","-140","120"
"401779511","Mercyhurst","48","New Haven","14","Mercyhurst -12.5","ESPN Bet","52.5","-12.5","","","",""
"401762819","Toledo","60","Morgan State","0","Toledo -33.5","DraftKings","54.5","-33.5","-34.5","","",""
"401762819","Toledo","60","Morgan State","0","Toledo -33.5","ESPN Bet","54.5","-33.5","-34.5","51.5","-100000","4000"
"401762819","Toledo","60","Morgan State","0","Toledo -34.0","Bovada","54.5","-34","-33.5","53.5","",""
"401752845","Wisconsin","10","Maryland","27","Wisconsin -10.5","DraftKings","44.5","-10.5","-7.5","","-410","320"
"401752845","Wisconsin","10","Maryland","27","Wisconsin -10.5","Bovada","44.5","-10.5","-7","43.5","-320","260"
"401752845","Wisconsin","10","Maryland","27","Wisconsin -10.5","ESPN Bet","44.5","-10.5","-6.5","43.5","-400","300"
"401752714","Oklahoma","24","Auburn","17","Oklahoma -6.5","DraftKings","47.5","-6.5","-4.5","","-245","200"
"401752714","Oklahoma","24","Auburn","17","Oklahoma -6.5","Bovada","47.5","-6.5","-6","49.5","-240","200"
"401752714","Oklahoma","24","Auburn","17","Oklahoma -6.5","ESPN Bet","47.5","-6.5","-6.5","49.5","-250","210"
"401752847","USC","45","Michigan State","31","USC -18.5","DraftKings","55.5","-18.5","-14.5","","-950","625"
"401752847","USC","45","Michigan State","31","USC -18.5","Bovada","55.5","-18.5","-15.5","55.5","-700","475"
"401752847","USC","45","Michigan State","31","USC -18.5","ESPN Bet","55.5","-18.5","-16.5","56.5","-1000","600"
"401761606","Marshall","38","Eastern Kentucky","7","Marshall -14.5","DraftKings","49.5","-14.5","","","-625","455"
"401761606","Marshall","38","Eastern Kentucky","7","Marshall -17.5","ESPN Bet","51.5","-17.5","-14.5","50.5","-800","500"
"401761606","Marshall","38","Eastern Kentucky","7","Marshall -15.0","Bovada","49","-15","-14","50.5","-550","390"
"401752848","Notre Dame","56","Purdue","30","Notre Dame -24.5","DraftKings","51.5","-24.5","-30.5","","-2400","1200"
"401752848","Notre Dame","56","Purdue","30","Notre Dame -24.5","Bovada","51.5","-24.5","-27","52.5","-5000","1300"
"401752848","Notre Dame","56","Purdue","30","Notre Dame -24.5","ESPN Bet","51.5","-24.5","-26.5","52.5","-3000","1200"
"401752713","Missouri","29","South Carolina","20","Missouri -10","DraftKings","48.5","-10","-3","","-355","280"
"401752713","Missouri","29","South Carolina","20","Missouri -10.0","Bovada","48.5","-10","-11.5","46.5","-550","390"
"401752713","Missouri","29","South Carolina","20","Missouri -10.5","ESPN Bet","48.5","-10.5","-12.5","45.5","-360","280"
"401767658","Lehigh","28","Sacred Heart","10","Lehigh -20","ESPN Bet","42.5","-20","","","",""
"401757235","Kennesaw State","27","Merrimack","13","Kennesaw State -17.5","DraftKings","44.5","-17.5","","44.5","-950","625"
"401757235","Kennesaw State","27","Merrimack","13","Kennesaw State -17.5","ESPN Bet","44.5","-17.5","-10","44.5","-1200","700"
"401757235","Kennesaw State","27","Merrimack","13","Kennesaw State -17.0","Bovada","44.5","-17","-10.5","44.5","-400","300"
"401767771","Stonehill","26","Lafayette","42","Lafayette -14","ESPN Bet","45.5","14","","","",""
"401761605","Georgia State","37","Murray State","21","Georgia State -31.5","DraftKings","63.5","-31.5","","","-10000","3000"
"401761605","Georgia State","37","Murray State","21","Georgia State -32.0","Bovada","63.5","-32","-28.5","63.5","-7500","1400"
"401761605","Georgia State","37","Murray State","21","Georgia State -31.5","ESPN Bet","63.5","-31.5","-32","63.5","",""
"401752701","Mississippi State","63","Alcorn State","0","Mississippi State -42.5","DraftKings","56.5","-42.5","-38.5","","",""
"401752701","Mississippi State","63","Alcorn State","0","Mississippi State -43.0","Bovada","55.5","-43","-39.5","52.5","",""
"401752701","Mississippi State","63","Alcorn State","0","","ESPN Bet","54.5","","-42.5","52.5","",""
"401767626","Marist","23","Bucknell","34","Bucknell -12","ESPN Bet","56.5","12","","","",""
"401767231","Tennessee Tech","45","Chattanooga","17","Tennessee Tech -5.5","ESPN Bet","48.5","-5.5","","","",""
"401767172","Indiana State","38","Eastern Illinois","14","Indiana State -3.5","ESPN Bet","50.5","-3.5","","","",""
"401767550","Youngstown State","56","Robert Morris","17","Youngstown State -19.5","ESPN Bet","50.5","-19.5","","","",""
"401767224","Tennessee State","3","North Dakota State","59","North Dakota State -32.5","ESPN Bet","49.5","32.5","","","",""
"401767719","Georgetown","31","Wagner","20","Georgetown -16","ESPN Bet","48.5","-16","","","",""
"401767579","Samford","13","The Citadel","40","Samford -2.5","ESPN Bet","45.5","-2.5","","","",""
"401767565","Furman","38","Presbyterian","39","Furman -8.5","ESPN Bet","44.5","-8.5","","","",""
"401767089","Idaho","37","St. Thomas (MN)","30","Idaho -21.5","ESPN Bet","47.5","-21.5","","","",""
"401767112","Northern Arizona","38","Utah Tech","31","Northern Arizona -21","ESPN Bet","55.5","-21","","","",""
"401767332","Delaware State","37","UAlbany","32","UAlbany -12.5","ESPN Bet","50.5","12.5","","","",""
"401767336","Villanova","24","Colgate","17","Villanova -20","ESPN Bet","50.5","-20","","","",""
"401767277","Eastern Kentucky","20","Houston Christian","10","Eastern Kentucky -18","ESPN Bet","53.5","-18","","","",""
"401767257","Fordham","28","Monmouth","49","Monmouth -14.5","ESPN Bet","65.5","14.5","","","",""
"401767482","Lamar","20","South Dakota","13","South Dakota -17","ESPN Bet","51.5","17","","","",""
"401767127","North Dakota","50","Portland State","20","North Dakota -36.5","ESPN Bet","58.5","-36.5","","","",""
"401767266","New Hampshire","19","Holy Cross","16","New Hampshire -1.5","ESPN Bet","46.5","-1.5","","","",""
"401767328","Morgan State","22","Towson","27","Towson -10","ESPN Bet","48.5","10","","","",""
"401767681","Princeton","17","Columbia","10","Princeton -3.5","ESPN Bet","48.5","-3.5","","","",""
"401767320","Brown","28","Rhode Island","21","Rhode Island -14.5","ESPN Bet","48.5","14.5","","","",""
"401762470","South Florida","63","South Carolina State","14","South Florida -36.0","Bovada","56.5","-36","-33.5","56","",""
"401762470","South Florida","63","South Carolina State","14","South Florida -36.5","DraftKings","58.5","-36.5","","","-20000","3500"
"401762470","South Florida","63","South Carolina State","14","South Florida -35.5","ESPN Bet","58.5","-35.5","-30","56.5","-100000","4000"
"401754543","Virginia","46","Florida State","38","Florida State -7","DraftKings","59.5","7","7.5","","220","-270"
"401754543","Virginia","46","Florida State","38","Florida State -6.5","ESPN Bet","60.5","6.5","7.5","51.5","230","-280"
"401754543","Virginia","46","Florida State","38","Florida State -7.0","Bovada","60.5","7","7","57.5","215","-260"
"401752939","Oregon State","24","Houston","27","Houston -11.5","ESPN Bet","48.5","11.5","12.5","","360","-500"
"401752939","Oregon State","24","Houston","27","Houston -11.5","DraftKings","48.5","11.5","12.5","","360","-470"
"401752939","Oregon State","24","Houston","27","Houston -12.5","Bovada","47.5","12.5","12.5","48.5","375","-525"
"401754562","Notre Dame","36","NC State","7","Notre Dame -23.5","DraftKings","59.5","-23.5","-21.5","","-2800","1300"
"401754562","Notre Dame","36","NC State","7","Notre Dame -23.5","Bovada","59.5","-23.5","-22.5","62.5","-2000","950"
"401754562","Notre Dame","36","NC State","7","Notre Dame -24.5","ESPN Bet","59.5","-24.5","-22.5","62.5","-2500","1100"
"401761631","James Madison","63","Old Dominion","27","James Madison -3","DraftKings","47.5","-3","-1.5","","-155","130"
"401761631","James Madison","63","Old Dominion","27","James Madison -3.0","Bovada","47.5","-3","-2.5","47.5","-120","100"
"401761631","James Madison","63","Old Dominion","27","James Madison -3.5","ESPN Bet","47.5","-3.5","-2.5","47.5","-145","125"
"401754617","Virginia Tech","38","Wofford","6","Virginia Tech -35.5","Bovada","51.5","-35.5","-35.5","49","",""
"401754617","Virginia Tech","38","Wofford","6","Virginia Tech -34.5","DraftKings","51.5","-34.5","-35.5","","",""
"401754617","Virginia Tech","38","Wofford","6","","ESPN Bet","51.5","","-34.5","48.5","-100000","4000"
"401757278","Middle Tennessee","20","Missouri State","22","Missouri State -2.5","ESPN Bet","52.5","2.5","2.5","","125","-145"
"401757278","Middle Tennessee","20","Missouri State","22","Missouri State -3","DraftKings","51.5","3","3.5","","130","-155"
"401757278","Middle Tennessee","20","Missouri State","22","Missouri State -3.0","Bovada","51.5","3","3","52","130","-150"
"401762481","North Texas","36","South Florida","63","North Texas -2.5","ESPN Bet","68.5","-2.5","-1.5","","-135","115"
"401762481","North Texas","36","South Florida","63","North Texas -2.5","DraftKings","68.5","-2.5","-2.5","","-135","114"
"401762481","North Texas","36","South Florida","63","North Texas -2.5","Bovada","68.5","-2.5","-1.5","66","-125","105"
"401752862","Washington","38","Rutgers","19","Washington -9.5","ESPN Bet","62.5","-9.5","-10.5","","-360","280"
"401752862","Washington","38","Rutgers","19","Washington -9.5","DraftKings","62.5","-9.5","-10","","-360","285"
"401752862","Washington","38","Rutgers","19","Washington -9.5","Bovada","62","-9.5","-10","59","-360","280"
"401762828","Western Michigan","47","Rhode Island","14","Western Michigan -7.5","Bovada","45.5","-7.5","-7.5","43.5","-300","250"
"401762828","Western Michigan","47","Rhode Island","14","Western Michigan -7","DraftKings","45.5","-7","","43.5","-270","220"
"401762828","Western Michigan","47","Rhode Island","14","Western Michigan -8.5","ESPN Bet","44.5","-8.5","-7.5","46.5","-290","240"
"401767691","Harvard","34","Cornell","10","Harvard -32.5","ESPN Bet","58.5","-32.5","","","",""
"401762822","Central Michigan","49","Wagner","10","Central Michigan -29.0","Bovada","47","-29","-29.5","45.5","",""
"401762822","Central Michigan","49","Wagner","10","Central Michigan -29.5","DraftKings","46.5","-29.5","","","-9000","2500"
"401762822","Central Michigan","49","Wagner","10","Central Michigan -30.5","ESPN Bet","46.5","-30.5","-28.5","45.5","-10000","2500"
"401767251","Eastern Kentucky","34","Austin Peay","20","Austin Peay -10","ESPN Bet","46.5","10","","","",""
"401762827","Miami (OH)","38","Lindenwood","0","Miami (OH) -22.5","DraftKings","49.5","-22.5","","","-2100","1100"
"401762827","Miami (OH)","38","Lindenwood","0","Miami (OH) -22.0","Bovada","49","-22","-20","49","-1500","775"
"401762827","Miami (OH)","38","Lindenwood","0","Miami (OH) -22.5","ESPN Bet","49.5","-22.5","-21","49.5","-2500","1100"
"401767034","Bryant","19","Brown","29","Brown -4.5","ESPN Bet","54.5","4.5","","","",""
"401767776","Wagner","7","Mercyhurst","19","Mercyhurst -6","ESPN Bet","46.5","6","","","",""
"401767744","Robert Morris","12","Central Connecticut","24","Central Connecticut -9.5","ESPN Bet","45.5","9.5","","","",""
"401767596","Butler","25","Presbyterian","31","Presbyterian -10.5","ESPN Bet","51.5","10.5","","","",""
"401756902","Arizona State","27","TCU","24","Arizona State -2.5","ESPN Bet","54.5","-2.5","-2.5","","-150","130"
"401756902","Arizona State","27","TCU","24","Arizona State -3","DraftKings","54.5","-3","-1.5","","-148","124"
"401756902","Arizona State","27","TCU","24","Arizona State -3.0","Bovada","54.5","-3","-2.5","55.5","-130","110"
"401767614","Dayton","48","Stetson","14","Dayton -25.5","ESPN Bet","49.5","-25.5","","","",""
"401762480","Tulane","26","East Carolina","19","Tulane -7","DraftKings","53.5","-7","-7","","-270","220"
"401762480","Tulane","26","East Carolina","19","Tulane -6.5","ESPN Bet","53.5","-6.5","-7.5","53.5","-270","220"
"401762480","Tulane","26","East Carolina","19","Tulane -7.0","Bovada","53.5","-7","-7","54.5","-250","210"
"401752728","Georgia","35","Kentucky","14","Georgia -19.5","DraftKings","48.5","-19.5","-20.5","","-1450","850"
"401752728","Georgia","35","Kentucky","14","Georgia -19.5","ESPN Bet","49.5","-19.5","","50.5","-1600","800"
"401752728","Georgia","35","Kentucky","14","Georgia -20.0","Bovada","49","-20","-21","48.5","-1800","850"
"401754557","NC State","56","Campbell","10","NC State -42.5","Bovada","61.5","-42.5","-42.5","61","",""
"401754557","NC State","56","Campbell","10","NC State -42.5","DraftKings","61.5","-42.5","-42.5","","",""
"401754557","NC State","56","Campbell","10","NC State -41.5","ESPN Bet","60.5","-41.5","-42.5","61.5","",""
"401752856","Michigan","24","Wisconsin","10","Michigan -17.5","DraftKings","42.5","-17.5","-16.5","","-800","550"
"401752856","Michigan","24","Wisconsin","10","Michigan -17.5","ESPN Bet","42.5","-17.5","-16.5","41.5","-900","550"
"401752856","Michigan","24","Wisconsin","10","Michigan -17.0","Bovada","42.5","-17","-17","41.5","-850","550"
"401760396","Utah State","30","San José State","25","Utah State -3","DraftKings","63.5","-3","-3.5","","-155","130"
"401760396","Utah State","30","San José State","25","Utah State -3.0","Bovada","63.5","-3","-4","54","-185","160"
"401760396","Utah State","30","San José State","25","Utah State -3.5","ESPN Bet","62.5","-3.5","-4.5","63.5","-155","135"
"401752745","Vanderbilt","31","LSU","24","Vanderbilt -1.5","DraftKings","48.5","-1.5","3.5","","-122","102"
"401752745","Vanderbilt","31","LSU","24","Vanderbilt -1.5","Bovada","48","-1.5","-1.5","49.5","-145","125"
"401752745","Vanderbilt","31","LSU","24","Vanderbilt -1.5","ESPN Bet","48.5","-1.5","-2.5","48.5","-125","105"
"401767437","Illinois State","41","Morehead State","13","Illinois State -31.5","ESPN Bet","52.5","-31.5","","","",""
"401760375","San José State","31","Idaho","28","San José State -14.5","Bovada","51.5","-14.5","-14.5","50.5","-675","460"
"401760375","San José State","31","Idaho","28","San José State -14","DraftKings","51.5","-14","","","-600","440"
"401760375","San José State","31","Idaho","28","San José State -13.5","ESPN Bet","51.5","-13.5","-14","50.5","-700","450"
"401756906","Kansas State","34","UCF","20","Kansas State -5.5","ESPN Bet","48.5","-5.5","-5.5","","-210","175"
"401756906","Kansas State","34","UCF","20","Kansas State -6","DraftKings","48.5","-6","-6.5","","-225","185"
"401756906","Kansas State","34","UCF","20","Kansas State -6.0","Bovada","48.5","-6","-5.5","49","-220","180"
"401752710","LSU","56","SE Louisiana","10","LSU -49.0","Bovada","60","-49","-40.5","51.5","",""
"401752710","LSU","56","SE Louisiana","10","LSU -48.5","ESPN Bet","60.5","-48.5","","51.5","",""
"401767551","Brown","46","Georgetown","0","Georgetown -3.5","ESPN Bet","57.5","3.5","","","",""
"401760377","Utah State","48","McNeese","7","Utah State -23.5","Bovada","63","-23.5","-23.5","61.5","-2500","1000"
"401760377","Utah State","48","McNeese","7","Utah State -24.5","DraftKings","63.5","-24.5","","","-3200","1400"
"401760377","Utah State","48","McNeese","7","Utah State -23.5","ESPN Bet","62.5","-23.5","-23.5","61.5","-2500","1100"
"401762823","Ohio","52","Gardner-Webb","35","Ohio -30.5","Bovada","55","-30.5","-28","51.5","",""
"401762823","Ohio","52","Gardner-Webb","35","Ohio -29.5","ESPN Bet","54.5","-29.5","-25","51.5","-10000","2500"
"401762823","Ohio","52","Gardner-Webb","35","Ohio -30.5","DraftKings","55.5","-30.5","","","-6500","2000"
"401761612","Texas State","35","Nicholls","3","Texas State -32.5","Bovada","57","-32.5","-29.5","54.5","",""
"401761612","Texas State","35","Nicholls","3","Texas State -32.5","DraftKings","57.5","-32.5","","","-9000","2500"
"401761612","Texas State","35","Nicholls","3","Texas State -32.5","ESPN Bet","56.5","-32.5","-29.5","54.5","-20000","3000"
"401767406","Wagner","18","Norfolk State","13","Norfolk State -2.5","ESPN Bet","47.5","2.5","","","",""
"401752859","Ohio State","42","Minnesota","3","Ohio State -23.5","DraftKings","42.5","-23.5","-21","","-2800","1300"
"401752859","Ohio State","42","Minnesota","3","Ohio State -23.5","Bovada","42","-23.5","-24","44.5","-2800","1100"
"401752859","Ohio State","42","Minnesota","3","Ohio State -23.5","ESPN Bet","42.5","-23.5","-24.5","44.5","-2500","1100"
"401760393","Boise State","56","UNLV","31","Boise State -12.5","DraftKings","60.5","-12.5","-8.5","","-485","370"
"401760393","Boise State","56","UNLV","31","Boise State -13.0","Bovada","61","-13","-10.5","63.5","-400","300"
"401760393","Boise State","56","UNLV","31","Boise State -13.5","ESPN Bet","61.5","-13.5","-10.5","62.5","-500","360"
"401767270","Rhode Island","38","New Hampshire","27","Rhode Island -9.5","ESPN Bet","45.5","-9.5","","","",""
"401752869","Wisconsin","0","Iowa","37","Iowa -5.5","DraftKings","37.5","5.5","2.5","","190","-230"
"401752869","Wisconsin","0","Iowa","37","Iowa -5.0","Bovada","37.5","5","4.5","37.5","160","-185"
"401752869","Wisconsin","0","Iowa","37","Iowa -4.5","ESPN Bet","37.5","4.5","3.5","37.5","190","-225"
"401752734","Missouri","24","Alabama","27","Alabama -3.5","ESPN Bet","50.5","3.5","5.5","","140","-165"
"401752734","Missouri","24","Alabama","27","Alabama -3","DraftKings","50.5","3","6.5","","130","-155"
"401752734","Missouri","24","Alabama","27","Alabama -3.0","Bovada","52","3","4","53.5","160","-185"
"401767576","Princeton","14","Mercer","38","Mercer -9.5","ESPN Bet","53.5","9.5","","","",""
"401767739","Colgate","19","Richmond","24","Colgate -1.5","ESPN Bet","55.5","-1.5","","","",""
"401767418","Grambling","20","Texas Southern","21","Grambling -3.5","ESPN Bet","49.5","-3.5","","","",""
"401767567","Western Carolina","52","Furman","7","Western Carolina -3.5","ESPN Bet","67.5","-3.5","","","",""
"401767629","Pennsylvania","28","Marist","9","Pennsylvania -16.5","ESPN Bet","52.5","-16.5","","","",""
"401762840","Massachusetts","21","Buffalo","28","Buffalo -16.5","DraftKings","47.5","16.5","17","","550","-800"
"401762840","Massachusetts","21","Buffalo","28","Buffalo -16.5","Bovada","47.5","16.5","17.5","45.5","575","-900"
"401762840","Massachusetts","21","Buffalo","28","Buffalo -16.5","ESPN Bet","47.5","16.5","17.5","44.5","600","-1000"
"401757260","Jacksonville State","45","Murray State","10","Jacksonville State -35.5","Bovada","60.5","-35.5","-35.5","60.5","",""
"401757260","Jacksonville State","45","Murray State","10","Jacksonville State -35.5","DraftKings","60.5","-35.5","-35.5","","",""
"401757260","Jacksonville State","45","Murray State","10","Jacksonville State -35.5","ESPN Bet","60.5","-35.5","-38.5","60.5","-100000","4000"
"401767455","Murray State","24","SE Louisiana","45","SE Louisiana -21.5","ESPN Bet","51.5","21.5","","","",""
"401767742","Central Connecticut","31","Saint Francis","7","Central Connecticut -11.5","ESPN Bet","44.5","-11.5","","","",""
"401761609","Georgia Southern","45","Maine","17","Georgia Southern -22.0","Bovada","57.5","-22","-22","55.5","-2000","950"
"401761609","Georgia Southern","45","Maine","17","Georgia Southern -20.5","ESPN Bet","57.5","-20.5","-24","55.5","-4000","1300"
"401761609","Georgia Southern","45","Maine","17","Georgia Southern -23.5","DraftKings","57.5","-23.5","","","-2100","1100"
"401767726","Yale","28","Holy Cross","10","Yale -6.5","ESPN Bet","44.5","-6.5","","","",""
"401767735","Lehigh","31","Yale","13","Lehigh -4.5","ESPN Bet","50.5","-4.5","","","",""
"401756904","Iowa State","39","Arizona","14","Iowa State -4","DraftKings","48.5","-4","-7","","-180","150"
"401756904","Iowa State","39","Arizona","14","Iowa State -4.5","ESPN Bet","48.5","-4.5","-7.5","49.5","-170","145"
"401756904","Iowa State","39","Arizona","14","Iowa State -3.5","Bovada","48.5","-3.5","-6.5","49.5","-220","180"
"401757265","Missouri State","42","UT Martin","10","Missouri State -14.0","Bovada","55.5","-14","-13.5","52.5","-575","400"
"401757265","Missouri State","42","UT Martin","10","Missouri State -14.5","DraftKings","55.5","-14.5","","","-600","440"
"401757265","Missouri State","42","UT Martin","10","Missouri State -14.5","ESPN Bet","54.5","-14.5","-14","52.5","",""
"401762471","East Carolina","28","Army","6","East Carolina -3.5","DraftKings","52.5","-3.5","-2.5","","-175","145"
"401762471","East Carolina","28","Army","6","East Carolina -3.5","Bovada","52.5","-3.5","-3","52.5","-160","135"
"401762471","East Carolina","28","Army","6","East Carolina -3.5","ESPN Bet","52.5","-3.5","-3.5","52.5","-170","145"
"401762821","Akron","51","Duquesne","7","Akron -10.5","Bovada","51","-10.5","-9","51.5","-340","270"
"401762821","Akron","51","Duquesne","7","Akron -10.5","ESPN Bet","51.5","-10.5","-8","51.5","-450","340"
"401762821","Akron","51","Duquesne","7","Akron -10.5","DraftKings","51.5","-10.5","","","-425","330"
"401779328","Duquesne","44","New Haven","18","Duquesne -18","ESPN Bet","54.5","-18","","","",""
"401752735","Tennessee","34","Arkansas","31","Tennessee -10","DraftKings","68.5","-10","-13.5","","-425","330"
"401752735","Tennessee","34","Arkansas","31","Tennessee -10.0","Bovada","68.5","-10","-13.5","69.5","-500","360"
"401752735","Tennessee","34","Arkansas","31","Tennessee -10.5","ESPN Bet","68.5","-10.5","-12.5","69.5","-425","320"
"401756914","TCU","35","Colorado","21","TCU -13.5","DraftKings","57.5","-13.5","-13.5","","-550","410"
"401756914","TCU","35","Colorado","21","TCU -13.5","Bovada","57","-13.5","-14.5","58","-650","450"
"401756914","TCU","35","Colorado","21","TCU -14.5","ESPN Bet","56.5","-14.5","-15.5","59.5","-600","400"
"401767084","Montana State","48","Idaho State","14","Montana State -22.5","ESPN Bet","58.5","-22.5","","","",""
"401760388","Colorado State","49","Fresno State","21","Fresno State -5.5","DraftKings","47.5","5.5","7","","170","-205"
"401760388","Colorado State","49","Fresno State","21","Fresno State -6.0","Bovada","47.5","6","6.5","45.5","185","-225"
"401760388","Colorado State","49","Fresno State","21","Fresno State -5.5","ESPN Bet","48.5","5.5","","45.5","170","-200"
"401767116","UC Davis","45","Northern Arizona","24","UC Davis -7","ESPN Bet","62.5","-7","","","",""
"401767353","Sacred Heart","32","Howard","14","Sacred Heart -2.5","ESPN Bet","47.5","-2.5","","","",""
"401762841","Miami (OH)","44","Eastern Michigan","30","Miami (OH) -12.5","DraftKings","47.5","-12.5","-11.5","","-470","360"
"401762841","Miami (OH)","44","Eastern Michigan","30","Miami (OH) -12.5","Bovada","47","-12.5","-11.5","47.5","-550","390"
"401762841","Miami (OH)","44","Eastern Michigan","30","Miami (OH) -11.5","ESPN Bet","47.5","-11.5","-13.5","48.5","-500","360"
"401752740","Auburn","17","Missouri","23","Missouri -1.5","DraftKings","43.5","1.5","-1.5","","-102","-118"
"401752740","Auburn","17","Missouri","23","Missouri -1.5","Bovada","44","1.5","-1.5","44.5","-115","-105"
"401752740","Auburn","17","Missouri","23","Missouri -1.5","ESPN Bet","43.5","1.5","-2.5","44.5","110","-130"
"401767666","Bucknell","33","Richmond","28","Richmond -5","ESPN Bet","50.5","5","","","",""
"401752720","Mississippi State","34","Tennessee","41","Tennessee -7.5","DraftKings","63.5","7.5","10","","235","-290"
"401752720","Mississippi State","34","Tennessee","41","Tennessee -7.5","Bovada","63.5","7.5","9","62.5","235","-285"
"401752720","Mississippi State","34","Tennessee","41","Tennessee -7.5","ESPN Bet","63.5","7.5","8.5","62.5","220","-270"
"401752730","Texas A&M","31","Mississippi State","9","Texas A&M -17.5","DraftKings","57.5","-17.5","-13.5","","-900","600"
"401752730","Texas A&M","31","Mississippi State","9","Texas A&M -17.5","Bovada","56.5","-17.5","-14","58","-600","425"
"401752730","Texas A&M","31","Mississippi State","9","Texas A&M -17.5","ESPN Bet","57.5","-17.5","-14.5","58.5","-900","550"
"401767379","Central Arkansas","41","Arkansas-Pine Bluff","17","Central Arkansas -27","ESPN Bet","55.5","-27","","","",""
"401767659","Long Island University","21","Sacred Heart","24","Long Island University -13.5","ESPN Bet","42.5","-13.5","","","",""
"401767644","Princeton","35","San Diego","42","Princeton -7.5","ESPN Bet","48.5","-7.5","","","",""
"401767697","Central Connecticut","28","Dartmouth","35","Dartmouth -7.5","ESPN Bet","45.5","7.5","","","",""
"401761614","James Madison","35","Georgia Southern","10","James Madison -14.5","DraftKings","54.5","-14.5","-12.5","","-675","490"
"401761614","James Madison","35","Georgia Southern","10","James Madison -15.0","Bovada","54.5","-15","-16","54","-850","550"
"401761614","James Madison","35","Georgia Southern","10","James Madison -16.5","ESPN Bet","54.5","-16.5","-16.5","53.5","-800","500"
"401757277","UTEP","8","Liberty","19","Liberty -1.5","DraftKings","46.5","1.5","3","","105","-125"
"401757277","UTEP","8","Liberty","19","Liberty -1.5","ESPN Bet","47.5","1.5","2.5","46.5","105","-125"
"401757277","UTEP","8","Liberty","19","Liberty -2.0","Bovada","46.5","2","2.5","47","120","-140"
"401756913","Houston","11","Texas Tech","35","Texas Tech -13.5","DraftKings","51.5","13.5","8.5","","390","-520"
"401756913","Houston","11","Texas Tech","35","Texas Tech -13.0","Bovada","51.5","13","12","50","355","-490"
"401756913","Houston","11","Texas Tech","35","Texas Tech -11.5","ESPN Bet","51.5","11.5","12.5","50.5","400","-600"
"401762837","Kent State","42","Massachusetts","6","Kent State -1.5","DraftKings","49.5","-1.5","-3","","-115","-105"
"401762837","Kent State","42","Massachusetts","6","Kent State -1.0","Bovada","50","-1","-2.5","48","-135","115"
"401762837","Kent State","42","Massachusetts","6","Kent State -1.5","ESPN Bet","49.5","-1.5","-2.5","49.5","-105","-115"
"401767637","Stetson","21","Morehead State","14","Morehead State -7","ESPN Bet","54.5","7","","","",""
"401752737","Texas A&M","34","Florida","17","Texas A&M -7","DraftKings","47.5","-7","-9.5","","-258","210"
"401752737","Texas A&M","34","Florida","17","Texas A&M -7.0","Bovada","48","-7","-7.5","45","-310","255"
"401752737","Texas A&M","34","Florida","17","Texas A&M -6.5","ESPN Bet","48.5","-6.5","-8.5","47.5","-250","210"
"401756924","BYU","24","Utah","21","Utah -4","DraftKings","49.5","4","2.5","","170","-205"
"401756924","BYU","24","Utah","21","Utah -4.0","Bovada","49.5","4","3.5","47.5","135","-160"
"401756924","BYU","24","Utah","21","Utah -5.5","ESPN Bet","49.5","5.5","3.5","47.5","175","-210"
"401767470","Houston Christian","20","Northwestern State","17","Houston Christian -12.5","ESPN Bet","52.5","-12.5","","","",""
"401767196","Eastern Illinois","10","Gardner-Webb","21","Gardner-Webb -4.5","ESPN Bet","58.5","4.5","","","",""
"401761629","App State","37","Coastal Carolina","45","App State -10.5","DraftKings","48.5","-10.5","-9.5","","-395","310"
"401761629","App State","37","Coastal Carolina","45","App State -10.5","Bovada","48","-10.5","-11.5","49.5","-450","335"
"401761629","App State","37","Coastal Carolina","45","App State -10.5","ESPN Bet","47.5","-10.5","-11.5","49.5","-425","320"
"401769868","Nicholls","10","West Georgia","34","Nicholls -6.5","ESPN Bet","44.5","-6.5","","","",""
"401767733","Duquesne","21","Lehigh","35","Lehigh -7.5","ESPN Bet","44.5","7.5","","","",""
"401767660","Central Connecticut","42","Sacred Heart","35","Central Connecticut -5.5","ESPN Bet","45.5","-5.5","","","",""
"401752853","Iowa","15","Indiana","20","Indiana -9.5","DraftKings","47.5","9.5","3","","270","-340"
"401752853","Iowa","15","Indiana","20","Indiana -8.5","ESPN Bet","47.5","8.5","2.5","48.5","260","-320"
"401752853","Iowa","15","Indiana","20","Indiana -9.5","Bovada","47.5","9.5","7.5","50","240","-290"
"401767721","Columbia","19","Georgetown","10","Columbia -11.5","ESPN Bet","50.5","-11.5","","","",""
"401757280","Kennesaw State","35","Louisiana Tech","7","Louisiana Tech -4.5","DraftKings","46.5","4.5","5.5","","170","-205"
"401757280","Kennesaw State","35","Louisiana Tech","7","Louisiana Tech -5.5","ESPN Bet","45.5","5.5","5.5","45.5","165","-195"
"401757280","Kennesaw State","35","Louisiana Tech","7","Louisiana Tech -4.5","Bovada","46.5","4.5","6.5","45.5","215","-260"
"401756917","Cincinnati","20","UCF","11","Cincinnati -10","DraftKings","55.5","-10","-10.5","","-395","310"
"401756917","Cincinnati","20","UCF","11","Cincinnati -10.5","Bovada","55.5","-10.5","-10.5","55.5","-410","305"
"401756917","Cincinnati","20","UCF","11","Cincinnati -10.5","ESPN Bet","55.5","-10.5","-10.5","56.5","-400","300"
"401756908","West Virginia","14","Utah","48","Utah -13.5","DraftKings","46.5","13.5","12.5","","400","-535"
"401756908","West Virginia","14","Utah","48","Utah -13.5","Bovada","47","13.5","10.5","50.5","290","-380"
"401756908","West Virginia","14","Utah","48","Utah -12.5","ESPN Bet","46.5","12.5","9.5","49.5","400","-600"
"401767772","Stonehill","21","Pennsylvania","24","Pennsylvania -17.5","ESPN Bet","49.5","17.5","","","",""
"401752857","Maryland","20","Washington","24","Washington -5.5","DraftKings","52.5","5.5","7.5","","185","-225"
"401752857","Maryland","20","Washington","24","Washington -5.5","Bovada","52","5.5","4.5","53.5","185","-225"
"401752857","Maryland","20","Washington","24","Washington -5.5","ESPN Bet","53.5","5.5","5.5","52.5","170","-200"
"401752732","LSU","20","South Carolina","10","LSU -8.5","DraftKings","44.5","-8.5","-10.5","","-325","260"
"401752732","LSU","20","South Carolina","10","LSU -8.0","Bovada","44.5","-8","-10","44.5","-370","285"
"401752732","LSU","20","South Carolina","10","LSU -8.5","ESPN Bet","44.5","-8.5","-9.5","44.5","-340","270"
"401756928","UCF","45","West Virginia","13","UCF -6.5","DraftKings","46.5","-6.5","-9.5","","-238","195"
"401756928","UCF","45","West Virginia","13","UCF -6.5","ESPN Bet","47.5","-6.5","-7.5","49.5","-230","195"
"401756928","UCF","45","West Virginia","13","UCF -6.5","Bovada","46","-6.5","-7","48.5","-275","225"
"401767439","Murray State","32","Illinois State","46","Illinois State -23.5","ESPN Bet","58.5","23.5","","","",""
"401767537","South Dakota State","31","Northern Iowa","3","South Dakota State -28.5","ESPN Bet","47.5","-28.5","","","",""
"401767448","Indiana State","14","South Dakota","19","South Dakota -15.5","ESPN Bet","56.5","15.5","","","",""
"401767359","Southern","7","Alabama State","30","Alabama State -6.5","ESPN Bet","56.5","6.5","","","",""
"401767627","Wagner","10","Marist","21","Wagner -7.5","ESPN Bet","50.5","-7.5","","","",""
"401752850","Illinois","34","USC","32","USC -6.5","DraftKings","62.5","6.5","1.5","","205","-250"
"401752850","Illinois","34","USC","32","USC -6.5","ESPN Bet","62.5","6.5","1.5","56.5","195","-230"
"401752850","Illinois","34","USC","32","USC -6.5","Bovada","62","6.5","6.5","58.5","200","-240"
"401762825","Ohio","35","Bowling Green","20","Ohio -7.5","DraftKings","49.5","-7.5","-10","","-325","260"
"401762825","Ohio","35","Bowling Green","20","Ohio -8.0","Bovada","50","-8","-11","51","-430","320"
"401762825","Ohio","35","Bowling Green","20","Ohio -7.5","ESPN Bet","49.5","-7.5","-10.5","50.5","-300","250"
"401767734","Lehigh","44","Pennsylvania","30","Lehigh -9.5","ESPN Bet","47.5","-9.5","","","",""
"401767751","Duquesne","34","Stonehill","14","Duquesne -7.5","ESPN Bet","49.5","-7.5","","","",""
"401767267","Dartmouth","27","New Hampshire","20","New Hampshire -2","ESPN Bet","45.5","2","","","",""
"401757279","Sam Houston","27","Jacksonville State","29","Jacksonville State -7","DraftKings","53.5","7","8.5","","225","-278"
"401757279","Sam Houston","27","Jacksonville State","29","Jacksonville State -7.5","ESPN Bet","52.5","7.5","9.5","55.5","240","-290"
"401757279","Sam Houston","27","Jacksonville State","29","Jacksonville State -7.0","Bovada","54","7","9","55.5","280","-360"
"401761622","Georgia Southern","35","Southern Miss","38","Southern Miss -3","DraftKings","59.5","3","1.5","","120","-142"
"401761622","Georgia Southern","35","Southern Miss","38","Southern Miss -2.5","ESPN Bet","60.5","2.5","-1.5","59.5","130","-150"
"401761622","Georgia Southern","35","Southern Miss","38","Southern Miss -3.0","Bovada","60","3","2.5","60.5","115","-135"
"401761625","James Madison","24","Louisiana","14","James Madison -18.5","DraftKings","44.5","-18.5","-17.5","","-1050","675"
"401761625","James Madison","24","Louisiana","14","James Madison -18.5","Bovada","45","-18.5","-17.5","46.5","-850","550"
"401761625","James Madison","24","Louisiana","14","James Madison -18.5","ESPN Bet","45.5","-18.5","-16.5","46.5","-1200","700"
"401767390","Bethune-Cookman","45","Southern","14","Bethune-Cookman -1","ESPN Bet","53.5","-1","","","",""
"401767461","East Texas A&M","23","Lamar","33","Lamar -7.5","ESPN Bet","53.5","7.5","","","",""
"401767667","Lafayette","62","Bucknell","24","Lafayette -10","ESPN Bet","62.5","-10","","","",""
"401762843","Ohio","48","Northern Illinois","21","Ohio -10.5","DraftKings","41.5","-10.5","-12.5","","-425","330"
"401762843","Ohio","48","Northern Illinois","21","Ohio -10.5","Bovada","41.5","-10.5","-12","43.5","-470","345"
"401762843","Ohio","48","Northern Illinois","21","Ohio -11.5","ESPN Bet","42.5","-11.5","-11.5","43.5","-400","300"
"401754569","Boston College","23","UConn","38","UConn -2.5","DraftKings","58.5","2.5","-2.5","","110","-130"
"401754569","Boston College","23","UConn","38","UConn -2.5","Bovada","58","2.5","-2","55.5","-120","100"
"401754569","Boston College","23","UConn","38","UConn -2.5","ESPN Bet","58.5","2.5","-1.5","56.5","110","-130"
"401762483","Army","24","Charlotte","7","Army -17.5","DraftKings","45.5","-17.5","-20.5","","-850","575"
"401762483","Army","24","Charlotte","7","Army -17.5","ESPN Bet","44.5","-17.5","-20.5","","-900","550"
"401762483","Army","24","Charlotte","7","Army -17.5","Bovada","45.5","-17.5","-17.5","47","-900","575"
"401767304","Tarleton State","59","Mississippi Valley State","3","Tarleton State -44.5","ESPN Bet","57.5","-44.5","","","",""
"401767232","Tennessee Tech","72","Davidson","14","Tennessee Tech -40.5","ESPN Bet","65.5","-40.5","","","",""
"401767307","Utah Tech","23","Tarleton State","41","Tarleton State -28","ESPN Bet","59.5","28","","","",""
"401767313","Alabama A&M","45","Mississippi Valley State","25","Alabama A&M -21","ESPN Bet","60.5","-21","","","",""
"401752724","Texas A&M","16","Auburn","10","Texas A&M -6.5","DraftKings","51.5","-6.5","-6.5","","-238","195"
"401752724","Texas A&M","16","Auburn","10","Texas A&M -6.5","ESPN Bet","51.5","-6.5","-6.5","46.5","-225","190"
"401752724","Texas A&M","16","Auburn","10","Texas A&M -6.5","Bovada","51.5","-6.5","-7","51.5","-240","200"
"401767653","Stetson","7","Harvard","59","Harvard -35.5","ESPN Bet","56.5","35.5","","","",""
"401767192","Merrimack","13","Maine","20","Maine -2.5","ESPN Bet","45.5","2.5","","","",""
"401757271","Old Dominion","21","Liberty","7","Old Dominion -14.5","DraftKings","53.5","-14.5","-8.5","","-675","490"
"401757271","Old Dominion","21","Liberty","7","Old Dominion -14.5","Bovada","53.5","-14.5","-15.5","51","-650","450"
"401757271","Old Dominion","21","Liberty","7","Old Dominion -14.5","ESPN Bet","53.5","-14.5","-15.5","52.5","-700","450"
"401767343","Sacred Heart","35","Delaware State","31","Delaware State -5","ESPN Bet","54.5","5","","","",""
"401767628","Marist","19","San Diego","14","San Diego -8.5","ESPN Bet","51.5","8.5","","","",""
"401767216","Southeast Missouri State","30","North Alabama","21","Southeast Missouri State -15.5","ESPN Bet","55.5","-15.5","","","",""
"401767720","Georgetown","37","Lafayette","42","Georgetown -1.5","ESPN Bet","53.5","-1.5","","","",""
"401762824","Toledo","45","Akron","3","Toledo -21.5","DraftKings","50.5","-21.5","-21","","-2100","1100"
"401762824","Toledo","45","Akron","3","Toledo -21.0","Bovada","50","-21","-21","48.5","-1800","850"
"401762824","Toledo","45","Akron","3","Toledo -22.5","ESPN Bet","49.5","-22.5","-21.5","47.5","-2000","1000"
"401767689","Yale","41","Cornell","24","Yale -19.5","ESPN Bet","48.5","-19.5","","","",""
"401767674","Lafayette","24","Fordham","10","Lafayette -15.5","ESPN Bet","55.5","-15.5","","","",""
"401752744","South Carolina","7","Oklahoma","26","Oklahoma -4.5","DraftKings","42.5","4.5","3.5","","160","-192"
"401752744","South Carolina","7","Oklahoma","26","Oklahoma -4.5","ESPN Bet","43.5","4.5","4.5","42.5","165","-195"
"401752744","South Carolina","7","Oklahoma","26","Oklahoma -4.0","Bovada","43","4","5","42.5","185","-225"
"401762842","Toledo","45","Kent State","10","Toledo -25.5","DraftKings","48.5","-25.5","-23.5","","-4000","1600"
"401762842","Toledo","45","Kent State","10","Toledo -25.0","Bovada","48.5","-25","-24.5","52.5","-3500","1100"
"401762842","Toledo","45","Kent State","10","Toledo -25.5","ESPN Bet","48.5","-25.5","-24.5","52.5","-3000","1200"
"401767672","Colgate","44","Fordham","21","Colgate -7","ESPN Bet","59.5","-7","","","",""
"401761626","Marshall","48","Old Dominion","24","Old Dominion -14.5","DraftKings","57.5","14.5","12.5","","440","-600"
"401761626","Marshall","48","Old Dominion","24","Old Dominion -14.5","Bovada","57.5","14.5","14","55","410","-585"
"401761626","Marshall","48","Old Dominion","24","Old Dominion -14.5","ESPN Bet","57.5","14.5","14.5","55.5","475","-750"
"401752867","Maryland","31","Nebraska","34","Nebraska -7","DraftKings","47.5","7","5.5","","225","-278"
"401752867","Maryland","31","Nebraska","34","Nebraska -7.0","Bovada","47","7","5.5","48","170","-200"
"401752867","Maryland","31","Nebraska","34","Nebraska -6.5","ESPN Bet","47.5","6.5","5.5","47.5","240","-290"
"401767413","Florida A&M","7","North Carolina Central","45","North Carolina Central -12","ESPN Bet","51.5","12","","","",""
"401767605","Davidson","13","St. Thomas (MN)","57","St. Thomas (MN) -21.5","ESPN Bet","56.5","21.5","","","",""
"401767309","Alabama A&M","41","Alcorn State","31","Alabama A&M -3.5","ESPN Bet","49.5","-3.5","","","",""
"401767318","Holy Cross","7","Rhode Island","9","Rhode Island -3.5","ESPN Bet","46.5","3.5","","","",""
"401767269","New Hampshire","7","Villanova","37","Villanova -5.5","ESPN Bet","47.5","5.5","","","",""
"401752739","Arkansas","42","Texas A&M","45","Texas A&M -7.5","DraftKings","57.5","7.5","8.5","","230","-285"
"401752739","Arkansas","42","Texas A&M","45","Texas A&M -7.0","Bovada","57.5","7","8","61","250","-300"
"401752739","Arkansas","42","Texas A&M","45","Texas A&M -8.5","ESPN Bet","57.5","8.5","7.5","62.5","240","-290"
"401767258","Monmouth","51","Villanova","33","Monmouth -3.5","ESPN Bet","65.5","-3.5","","","",""
"401761630","Georgia Southern","41","Georgia State","24","Georgia Southern -6.5","DraftKings","58.5","-6.5","-6","","-238","195"
"401761630","Georgia Southern","41","Georgia State","24","Georgia Southern -6.5","Bovada","59","-6.5","-6.5","58","-240","200"
"401761630","Georgia Southern","41","Georgia State","24","Georgia Southern -6.5","ESPN Bet","58.5","-6.5","-6.5","57.5","-215","180"
"401754559","Florida State","31","Pittsburgh","34","Florida State -10.5","DraftKings","56.5","-10.5","-8.5","","-410","320"
"401754559","Florida State","31","Pittsburgh","34","Florida State -10.5","Bovada","57","-10.5","-9.5","58","-360","280"
"401754559","Florida State","31","Pittsburgh","34","Florida State -11.5","ESPN Bet","57.5","-11.5","-9.5","58.5","-400","300"
"401762484","Temple","31","Navy","32","Navy -10","DraftKings","52.5","10","9.5","","280","-355"
"401762484","Temple","31","Navy","32","Navy -10.0","Bovada","52.5","10","7.5","52.5","240","-290"
"401762484","Temple","31","Navy","32","Navy -10.5","ESPN Bet","52.5","10.5","8.5","53.5","280","-360"
"401767752","Duquesne","52","Saint Francis","7","Duquesne -14.5","ESPN Bet","48.5","-14.5","","","",""
"401767511","North Dakota State","45","Southern Illinois","17","North Dakota State -20","ESPN Bet","58.5","-20","","","",""
"401762472","Florida Atlantic","26","Memphis","55","Memphis -14","DraftKings","62.5","14","14","","425","-575"
"401762472","Florida Atlantic","26","Memphis","55","Memphis -14.0","Bovada","63","14","13.5","61.5","410","-585"
"401762472","Florida Atlantic","26","Memphis","55","Memphis -13.5","ESPN Bet","62.5","13.5","13.5","61.5","450","-700"
"401767268","New Hampshire","24","UAlbany","6","New Hampshire -13","ESPN Bet","44.5","-13","","","",""
"401767593","Wofford","10","Richmond","14","Richmond -6.5","ESPN Bet","40.5","6.5","","","",""
"401767120","South Dakota","24","Northern Colorado","17","South Dakota -21.5","ESPN Bet","50.5","-21.5","","","",""
"401762489","Charlotte","14","Temple","49","Temple -10","DraftKings","47.5","10","12.5","","310","-395"
"401762489","Charlotte","14","Temple","49","Temple -9.5","Bovada","48","9.5","11","47.5","325","-435"
"401762489","Charlotte","14","Temple","49","Temple -9.5","ESPN Bet","46.5","9.5","11.5","46.5","320","-425"
"401762482","Florida Atlantic","53","UAB","33","Florida Atlantic -4.5","DraftKings","66.5","-4.5","-4.5","","-205","170"
"401762482","Florida Atlantic","53","UAB","33","Florida Atlantic -4.5","Bovada","66","-4.5","-5.5","69.5","-200","170"
"401762482","Florida Atlantic","53","UAB","33","Florida Atlantic -5.5","ESPN Bet","65.5","-5.5","-4.5","69.5","-195","165"
"401767274","North Carolina A&T","16","South Carolina State","22","South Carolina State -9.5","ESPN Bet","58.5","9.5","","","",""
"401754544","Boston College","24","California","28","Boston College -6","DraftKings","54.5","-6","-4.5","","-230","190"
"401754544","Boston College","24","California","28","Boston College -6.0","Bovada","53.5","-6","-6","52","-225","185"
"401754544","Boston College","24","California","28","Boston College -6.5","ESPN Bet","54.5","-6.5","-6.5","51.5","-200","170"
"401767342","Saint Francis","10","Delaware State","39","Delaware State -7.5","ESPN Bet","47.5","7.5","","","",""
"401767758","Stonehill","10","Long Island University","3","Long Island University -6","ESPN Bet","46.5","6","","","",""
"401767615","Morehead State","28","Dayton","35","Dayton -9.5","ESPN Bet","46.5","9.5","","","",""
"401767133","Weber State","27","Sacramento State","55","Sacramento State -8.5","ESPN Bet","55.5","8.5","","","",""
"401767236","UT Martin","32","Western Illinois","31","UT Martin -14.5","ESPN Bet","62.5","-14.5","","","",""
"401767149","Elon","55","Davidson","7","Elon -27.5","ESPN Bet","59.5","-27.5","","","",""
"401767106","Montana State","41","San Diego","7","Montana State -31","ESPN Bet","52.5","-31","","","",""
"401767574","The Citadel","0","Mercer","38","Mercer -2.5","ESPN Bet","42.5","2.5","","","",""
"401767604","Stetson","35","Davidson","32","Davidson -6.5","ESPN Bet","61.5","6.5","","","",""
"401752741","Florida","23","Mississippi State","21","Florida -9.5","DraftKings","50.5","-9.5","-9.5","","-360","285"
"401752741","Florida","23","Mississippi State","21","Florida -9.5","Bovada","51","-9.5","-10","52.5","-390","295"
"401752741","Florida","23","Mississippi State","21","Florida -9.5","ESPN Bet","51.5","-9.5","-9.5","52.5","-360","280"
"401761624","Georgia State","20","App State","41","App State -3","DraftKings","55.5","3","4.5","","130","-155"
"401761624","Georgia State","20","App State","41","App State -3.0","Bovada","55.5","3","3","55","130","-150"
"401761624","Georgia State","20","App State","41","App State -2.5","ESPN Bet","55.5","2.5","3.5","56.5","130","-150"
"401767560","East Tennessee State","45","VMI","10","East Tennessee State -16.5","ESPN Bet","55.5","-16.5","","","",""
"401767699","Dartmouth","17","Yale","16","Dartmouth -2.5","ESPN Bet","53.5","-2.5","","","",""
"401761633","UL Monroe","14","Troy","37","Troy -4.5","DraftKings","45.5","4.5","4.5","","170","-205"
"401761633","UL Monroe","14","Troy","37","Troy -4.5","Bovada","46","4.5","5.5","46.5","190","-230"
"401761633","UL Monroe","14","Troy","37","Troy -5.5","ESPN Bet","45.5","5.5","5.5","46.5","170","-200"
"401760380","Northern Illinois","3","San Diego State","6","San Diego State -1.5","DraftKings","41.5","1.5","2.5","","105","-125"
"401760380","Northern Illinois","3","San Diego State","6","San Diego State -2.0","Bovada","42","2","3","43","125","-145"
"401760380","Northern Illinois","3","San Diego State","6","San Diego State -1.5","ESPN Bet","42.5","1.5","2.5","42.5","115","-135"
"401767636","Presbyterian","41","Morehead State","0","Presbyterian -23.5","ESPN Bet","54.5","-23.5","","","",""
"401761632","Marshall","40","Texas State","37","Texas State -3","DraftKings","65.5","3","5.5","","130","-155"
"401761632","Marshall","40","Texas State","37","Texas State -3.0","Bovada","66","3","4","65","130","-150"
"401761632","Marshall","40","Texas State","37","Texas State -2.5","ESPN Bet","65.5","2.5","3.5","64.5","125","-145"
"401767238","Abilene Christian","28","Stephen F. Austin","20","Stephen F. Austin -2.5","ESPN Bet","51.5","2.5","","","",""
"401767150","Western Carolina","31","Elon","37","Elon -2.5","ESPN Bet","59.5","2.5","","","",""
"401767541","South Dakota","42","Drake","21","South Dakota -17","ESPN Bet","46.5","-17","","","",""
"401752849","Minnesota","31","Rutgers","28","Minnesota -3.5","ESPN Bet","51.5","-3.5","-3.5","","-175","150"
"401752849","Minnesota","31","Rutgers","28","Minnesota -3.5","DraftKings","51.5","-3.5","-4.5","","-175","145"
"401752849","Minnesota","31","Rutgers","28","Minnesota -4.0","Bovada","51.5","-4","-5.5","51.5","-220","180"
"401767032","Bryant","24","Towson","26","Towson -9.5","ESPN Bet","54.5","9.5","","","",""
"401752878","Indiana","38","Michigan State","13","Indiana -26.5","DraftKings","49.5","-26.5","-25.5","","-3600","1500"
"401752878","Indiana","38","Michigan State","13","Indiana -26.5","Bovada","49.5","-26.5","-26.5","52.5","-5000","1300"
"401752878","Indiana","38","Michigan State","13","Indiana -26.5","ESPN Bet","49.5","-26.5","-26.5","53.5","",""
"401767763","Merrimack","24","Robert Morris","7","Merrimack -8","ESPN Bet","44.5","-8","","","",""
"401752866","Penn State","21","Northwestern","22","Penn State -20.5","DraftKings","46.5","-20.5","-21.5","","-1350","800"
"401752866","Penn State","21","Northwestern","22","Penn State -20.5","Bovada","46.5","-20.5","-22.5","48.5","-1600","800"
"401752866","Penn State","21","Northwestern","22","Penn State -20.5","ESPN Bet","46.5","-20.5","-21.5","48.5","-1600","800"
"401767407","Wofford","31","Norfolk State","14","Wofford -7.5","ESPN Bet","44.5","-7.5","","","",""
"401767363","Jackson State","38","Alabama State","34","Jackson State -8.5","ESPN Bet","56.5","-8.5","","","",""
"401752876","Rutgers","10","Oregon","56","Oregon -17.5","DraftKings","62.5","17.5","16.5","","650","-1000"
"401752876","Rutgers","10","Oregon","56","Oregon -17.5","Bovada","62","17.5","15.5","59","525","-800"
"401752876","Rutgers","10","Oregon","56","Oregon -18.5","ESPN Bet","61.5","18.5","15.5","58.5","600","-1000"
"401767173","Eastern Illinois","30","Illinois State","42","Illinois State -20.5","ESPN Bet","50.5","20.5","","","",""
"401757282","Liberty","30","New Mexico State","27","Liberty -10.5","DraftKings","48.5","-10.5","-9.5","","-440","340"
"401757282","Liberty","30","New Mexico State","27","Liberty -11.5","ESPN Bet","48.5","-11.5","-10.5","48.5","-425","320"
"401757282","Liberty","30","New Mexico State","27","Liberty -10.5","Bovada","47.5","-10.5","-10.5","46.5","-400","320"
"401762839","Bowling Green","6","Central Michigan","27","Bowling Green -3","DraftKings","43.5","-3","-5.5","","-155","130"
"401762839","Bowling Green","6","Central Michigan","27","Bowling Green -3.0","Bovada","43.5","-3","-6","43.5","-225","185"
"401762839","Bowling Green","6","Central Michigan","27","Bowling Green -3.5","ESPN Bet","44.5","-3.5","-6.5","43.5","-155","135"
"401767613","Robert Morris","14","Dayton","17","Robert Morris -2.5","ESPN Bet","41.5","-2.5","","","",""
"401767189","William & Mary","28","Maine","27","William & Mary -7","ESPN Bet","48.5","-7","","","",""
"401754546","Wake Forest","29","Georgia Tech","30","Georgia Tech -13.5","DraftKings","53.5","13.5","17","","410","-550"
"401754546","Wake Forest","29","Georgia Tech","30","Georgia Tech -13.0","Bovada","53","13","15.5","54","460","-675"
"401754546","Wake Forest","29","Georgia Tech","30","Georgia Tech -11.5","ESPN Bet","53.5","11.5","14.5","53.5","400","-600"
"401762838","Ball State","42","Akron","28","Akron -2.5","DraftKings","44.5","2.5","-1.5","","105","-125"
"401762838","Ball State","42","Akron","28","Akron -2.0","Bovada","44","2","-1.5","43.5","-115","-105"
"401762838","Ball State","42","Akron","28","Ball State -1.5","ESPN Bet","43.5","-1.5","-1.5","43.5","105","-125"
"401757170","Buffalo","17","UConn","20","UConn -3","DraftKings","51.5","3","2.5","","130","-155"
"401757170","Buffalo","17","UConn","20","UConn -3.0","Bovada","51","3","3","51.5","120","-140"
"401757170","Buffalo","17","UConn","20","UConn -2.5","ESPN Bet","51.5","2.5","2.5","51.5","125","-145"
"401767673","Fordham","26","Holy Cross","21","Holy Cross -14.5","ESPN Bet","45.5","14.5","","","",""
"401767594","Butler","31","Marist","28","Butler -6.5","ESPN Bet","47.5","-6.5","","","",""
"401767698","Pennsylvania","36","Dartmouth","24","Dartmouth -3","ESPN Bet","56.5","3","","","",""
"401754560","Georgia Tech","35","Virginia Tech","20","Georgia Tech -14","DraftKings","55.5","-14","-14.5","","-600","440"
"401754560","Georgia Tech","35","Virginia Tech","20","Georgia Tech -14.0","Bovada","55.5","-14","-14.5","55.5","-675","460"
"401754560","Georgia Tech","35","Virginia Tech","20","Georgia Tech -14.5","ESPN Bet","55.5","-14.5","-14.5","55.5","-600","400"
"401767154","Elon","21","Villanova","29","Villanova -6.5","ESPN Bet","50.5","6.5","","","",""
"401767079","Montana","28","Cal Poly","9","Montana -17.5","ESPN Bet","63.5","-17.5","","","",""
"401767105","Montana State","24","South Dakota State","30","South Dakota State -3","ESPN Bet","50.5","3","","","",""
"401767098","Montana","24","North Dakota","23","Montana -1.5","ESPN Bet","54.5","-1.5","","","",""
"401752863","Michigan State","13","UCLA","38","Michigan State -7","DraftKings","51.5","-7","-8.5","","-270","220"
"401752863","Michigan State","13","UCLA","38","Michigan State -7.0","Bovada","52","-7","-7.5","55.5","-290","240"
"401752863","Michigan State","13","UCLA","38","Michigan State -6.5","ESPN Bet","51.5","-6.5","-7.5","55.5","-260","215"
"401767242","West Georgia","13","Abilene Christian","30","West Georgia -1.5","ESPN Bet","53.5","-1.5","","","",""
"401767504","North Dakota","35","Youngstown State","17","North Dakota -9","ESPN Bet","63.5","-9","","","",""
"401767107","Montana State","17","Mercyhurst","0","Montana State -29.5","ESPN Bet","60.5","-29.5","","","",""
"401752874","Northwestern","19","Purdue","0","Northwestern -3","DraftKings","47.5","-3","-3","","-162","136"
"401752874","Northwestern","19","Purdue","0","Northwestern -3.5","Bovada","47","-3.5","-3.5","48.5","-165","140"
"401752874","Northwestern","19","Purdue","0","Northwestern -3.5","ESPN Bet","46.5","-3.5","-3.5","48.5","-155","135"
"401754568","Syracuse","13","Pittsburgh","30","Pittsburgh -9.5","DraftKings","54.5","9.5","10.5","","280","-355"
"401754568","Syracuse","13","Pittsburgh","30","Pittsburgh -9.5","Bovada","54.5","9.5","11.5","57","330","-440"
"401754568","Syracuse","13","Pittsburgh","30","Pittsburgh -8.5","ESPN Bet","54.5","8.5","11.5","56.5","300","-400"
"401754545","Syracuse","3","Duke","38","Duke -4","DraftKings","59.5","4","6.5","","160","-192"
"401754545","Syracuse","3","Duke","38","Duke -4.5","Bovada","59.5","4.5","5.5","59","180","-220"
"401754545","Syracuse","3","Duke","38","Duke -3.5","ESPN Bet","59.5","3.5","5.5","58.5","165","-195"
"401767510","North Dakota State","51","South Dakota","13","North Dakota State -25.5","ESPN Bet","50.5","-25.5","","","",""
"401767621","Drake","41","Valparaiso","0","Drake -25","ESPN Bet","47.5","-25","","","",""
"401767317","Stony Brook","17","Rhode Island","31","Rhode Island -7","ESPN Bet","47.5","7","","","",""
"401767141","Campbell","24","Furman","28","Furman -1.5","ESPN Bet","53.5","1.5","","","",""
"401754547","Pittsburgh","27","Louisville","34","Louisville -3","DraftKings","53.5","3","5.5","","130","-155"
"401754547","Pittsburgh","27","Louisville","34","Louisville -3.0","Bovada","54","3","3.5","56.5","140","-165"
"401754547","Pittsburgh","27","Louisville","34","Louisville -3.5","ESPN Bet","52.5","3.5","3.5","55.5","140","-165"
"401767249","Austin Peay","42","Utah Tech","10","Austin Peay -14","ESPN Bet","46.5","-14","","","",""
"401767757","Mercyhurst","22","Long Island University","13","Mercyhurst -3.5","ESPN Bet","50.5","-3.5","","","",""
"401767099","Montana","63","Indiana State","20","Montana -21","ESPN Bet","56.5","-21","","","",""
"401762835","Bowling Green","28","Toledo","23","Toledo -10.5","DraftKings","45.5","10.5","7","","320","-410"
"401762835","Bowling Green","28","Toledo","23","Toledo -11.0","Bovada","46","11","8.5","49.5","275","-350"
"401762835","Bowling Green","28","Toledo","23","Toledo -10.5","ESPN Bet","45.5","10.5","9.5","49.5","320","-425"
"401767143","Hampton","21","Campbell","38","Campbell -3.5","ESPN Bet","56.5","3.5","","","",""
"401767165","Charleston Southern","13","Tennessee Tech","27","Tennessee Tech -30.5","ESPN Bet","53.5","30.5","","","",""
"401760394","Colorado State","19","Hawai'i","31","Colorado State -2.5","DraftKings","53.5","-2.5","1.5","","-135","114"
"401760394","Colorado State","19","Hawai'i","31","Colorado State -3.0","Bovada","53.5","-3","","53.5","-120","100"
"401760394","Colorado State","19","Hawai'i","31","Colorado State -2.5","ESPN Bet","53.5","-2.5","1.5","54.5","-130","110"
"401761628","South Alabama","14","Arkansas State","15","South Alabama -8.5","DraftKings","57.5","-8.5","-6","","-325","260"
"401761628","South Alabama","14","Arkansas State","15","South Alabama -8.5","ESPN Bet","57.5","-8.5","-7.5","58.5","-300","250"
"401761628","South Alabama","14","Arkansas State","15","South Alabama -8.5","Bovada","57","-8.5","-7.5","60.5","-290","240"
"401767292","San Diego","30","Southern Utah","27","Southern Utah -20.5","ESPN Bet","53.5","20.5","","","",""
"401767322","Stony Brook","41","Fordham","18","Stony Brook -4","ESPN Bet","54.5","-4","","","",""
"401767286","Illinois State","38","North Alabama","36","Illinois State -17","ESPN Bet","58.5","-17","","","",""
"401767352","Richmond","13","Howard","12","Richmond -16","ESPN Bet","43.5","-16","","","",""
"401754548","NC State","21","Virginia Tech","23","NC State -10","DraftKings","57.5","-10","-7.5","","-360","285"
"401754548","NC State","21","Virginia Tech","23","NC State -10.0","Bovada","57.5","-10","-10.5","57","-410","305"
"401754548","NC State","21","Virginia Tech","23","NC State -10.5","ESPN Bet","56.5","-10.5","-10.5","58.5","-380","290"
"401767259","Monmouth","49","Delaware State","38","Monmouth -21.5","ESPN Bet","76.5","-21.5","","","",""
"401761623","Coastal Carolina","23","UL Monroe","8","UL Monroe -3","DraftKings","46.5","3","2.5","","124","-148"
"401761623","Coastal Carolina","23","UL Monroe","8","UL Monroe -3.0","Bovada","46.5","3","2.5","44.5","110","-130"
"401761623","Coastal Carolina","23","UL Monroe","8","UL Monroe -2.5","ESPN Bet","45.5","2.5","2.5","43.5","130","-150"
"401767260","Towson","31","Monmouth","42","Monmouth -7","ESPN Bet","75.5","7","","","",""
"401767220","Southeast Missouri State","28","Tennessee State","12","Southeast Missouri State -16.5","ESPN Bet","50.5","-16.5","","","",""
"401756925","Houston","31","Arizona","28","Arizona -1.5","DraftKings","47.5","1.5","-2.5","","100","-120"
"401756925","Houston","31","Arizona","28","Arizona -2.0","Bovada","47","2","-2","47","-130","110"
"401756925","Houston","31","Arizona","28","Arizona -2.5","ESPN Bet","47.5","2.5","-1.5","46.5","110","-130"
"401767217","North Dakota State","41","Southeast Missouri State","14","North Dakota State -31.5","ESPN Bet","54.5","-31.5","","","",""
"401767502","North Dakota","58","Valparaiso","7","North Dakota -44","ESPN Bet","59.5","-44","","","",""
"401762833","Akron","7","Miami (OH)","20","Miami (OH) -11.5","DraftKings","47.5","11.5","9.5","","350","-455"
"401762833","Akron","7","Miami (OH)","20","Miami (OH) -11.5","ESPN Bet","47.5","11.5","9.5","","360","-500"
"401762833","Akron","7","Miami (OH)","20","Miami (OH) -12.0","Bovada","47.5","12","10","45.5","290","-380"
"401767616","Valparaiso","10","Dayton","41","Dayton -15","ESPN Bet","44.5","15","","","",""
"401767287","North Alabama","21","Central Arkansas","49","Central Arkansas -4","ESPN Bet","59.5","4","","","",""
"401752725","Vanderbilt","55","Utah State","35","Vanderbilt -23.5","DraftKings","57.5","-23.5","-21.5","","-2100","1100"
"401752725","Vanderbilt","55","Utah State","35","Vanderbilt -23.0","Bovada","57.5","-23","-22.5","59.5","-2000","950"
"401752725","Vanderbilt","55","Utah State","35","Vanderbilt -24.5","ESPN Bet","58.5","-24.5","-22.5","59.5","-2000","1000"
"401760378","Air Force","35","Hawai'i","44","Air Force -7","DraftKings","52.5","-7","-5.5","","-278","225"
"401760378","Air Force","35","Hawai'i","44","Air Force -7.0","Bovada","52","-7","-4.5","54","-210","175"
"401760378","Air Force","35","Hawai'i","44","Air Force -6.5","ESPN Bet","52.5","-6.5","-4.5","53.5","-250","210"
"401767152","Elon","41","Hampton","20","Elon -17.5","ESPN Bet","55.5","-17.5","","","",""
"401767399","Georgetown","27","Morgan State","24","Morgan State -2.5","ESPN Bet","47.5","2.5","","","",""
"401757283","Jacksonville State","38","Delaware","25","Delaware -3","DraftKings","55.5","3","2.5","","130","-155"
"401757283","Jacksonville State","38","Delaware","25","Delaware -2.5","ESPN Bet","55.5","2.5","2.5","","130","-150"
"401757283","Jacksonville State","38","Delaware","25","Delaware -3.0","Bovada","56","3","1.5","57.5","105","-125"
"401757284","Sam Houston","17","UTEP","35","UTEP -3.5","DraftKings","46.5","3.5","-2.5","","145","-175"
"401757284","Sam Houston","17","UTEP","35","UTEP -3.5","ESPN Bet","47.5","3.5","-2.5","47.5","140","-165"
"401757284","Sam Houston","17","UTEP","35","UTEP -3.5","Bovada","46.5","3.5","2.5","47.5","115","-135"
"401762486","East Carolina","41","Tulsa","27","East Carolina -16.5","DraftKings","54.5","-16.5","-15.5","","-750","525"
"401762486","East Carolina","41","Tulsa","27","East Carolina -16.5","ESPN Bet","54.5","-16.5","-16.5","52.5","-900","550"
"401762486","East Carolina","41","Tulsa","27","East Carolina -16.5","Bovada","55","-16.5","-16.5","54.5","-800","525"
"401756927","TCU","42","Baylor","36","TCU -3.5","DraftKings","66.5","-3.5","-3","","-162","136"
"401756927","TCU","42","Baylor","36","TCU -3.5","Bovada","66.5","-3.5","-3","66.5","-150","130"
"401756927","TCU","42","Baylor","36","TCU -3.5","ESPN Bet","67.5","-3.5","-3.5","66.5","-165","140"
"401767588","Bucknell","35","VMI","28","Bucknell -8.5","ESPN Bet","53.5","-8.5","","","",""
"401756921","Texas Tech","42","Kansas","17","Texas Tech -13.5","DraftKings","58.5","-13.5","-14","","-600","440"
"401756921","Texas Tech","42","Kansas","17","Texas Tech -13.5","Bovada","58.5","-13.5","-14.5","60.5","-650","450"
"401756921","Texas Tech","42","Kansas","17","Texas Tech -13.5","ESPN Bet","58.5","-13.5","-14.5","60.5","-650","425"
"401767622","San Diego","16","Drake","19","San Diego -1.5","ESPN Bet","","-1.5","","","",""
"401767182","Howard","34","Hampton","7","Hampton -3","ESPN Bet","46.5","3","","","",""
"401752872","Minnesota","24","Nebraska","6","Nebraska -7","DraftKings","47.5","7","5.5","","210","-258"
"401752872","Minnesota","24","Nebraska","6","Nebraska -6.5","ESPN Bet","48.5","6.5","5.5","47.5","210","-250"
"401752872","Minnesota","24","Nebraska","6","Nebraska -7.0","Bovada","47.5","7","6.5","48","200","-240"
"401767545","South Dakota State","51","Mercyhurst","7","South Dakota State -32.5","ESPN Bet","58.5","-32.5","","","",""
"401767233","Tennessee Tech","66","Western Illinois","20","Tennessee Tech -35.5","ESPN Bet","66.5","-35.5","","","",""
"401762491","North Texas","55","UTSA","17","North Texas -4","DraftKings","64.5","-4","-5.5","","-192","160"
"401762491","North Texas","55","UTSA","17","North Texas -4.0","Bovada","64","-4","-5.5","67.5","-220","180"
"401762491","North Texas","55","UTSA","17","North Texas -3.5","ESPN Bet","63.5","-3.5","-5.5","67.5","-175","150"
"401767090","Idaho","20","Utah Tech","6","Idaho -16.5","ESPN Bet","52.5","-16.5","","","",""
"401767272","North Carolina A&T","20","North Carolina Central","62","North Carolina Central -13","ESPN Bet","48.5","13","","","",""
"401762836","Eastern Michigan","16","Northern Illinois","10","Northern Illinois -1.5","DraftKings","48.5","1.5","-1.5","","-102","-118"
"401762836","Eastern Michigan","16","Northern Illinois","10","Northern Illinois -1.5","Bovada","48","1.5","-1","48.5","100","-120"
"401762836","Eastern Michigan","16","Northern Illinois","10","Northern Illinois -1.5","ESPN Bet","48.5","1.5","1.5","49.5","110","-120"
"401767122","Idaho","33","Northern Colorado","49","Idaho -18.5","ESPN Bet","47.5","-18.5","","","",""
"401761668","Louisiana","10","Southern Miss","22","Southern Miss -4.5","DraftKings","54.5","4.5","2.5","","164","-198"
"401761668","Louisiana","10","Southern Miss","22","Southern Miss -4.0","Bovada","54.5","4","4","54.5","160","-185"
"401761668","Louisiana","10","Southern Miss","22","Southern Miss -4.5","ESPN Bet","54.5","4.5","4.5","53.5","155","-185"
"401760379","Boise State","47","App State","14","Boise State -16.5","DraftKings","59.5","-16.5","-17.5","","-900","600"
"401760379","Boise State","47","App State","14","Boise State -16.5","Bovada","59.5","-16.5","-17.5","58.5","-850","550"
"401760379","Boise State","47","App State","14","Boise State -17.5","ESPN Bet","59.5","-17.5","-16.5","61.5","-900","550"
"401767191","Maine","37","North Carolina A&T","30","Maine -13.5","ESPN Bet","48.5","-13.5","","","",""
"401767592","Wofford","21","Western Carolina","23","Western Carolina -10.5","ESPN Bet","53.5","10.5","","","",""
"401754371","California","21","North Carolina","18","California -7.5","DraftKings","45.5","-7.5","-12.5","","-340","270"
"401754371","California","21","North Carolina","18","California -7.5","Bovada","46.5","-7.5","-11.5","47.5","-415","310"
"401754371","California","21","North Carolina","18","California -8.5","ESPN Bet","47.5","-8.5","-12.5","46.5","-320","260"
"401767161","Charleston Southern","28","Lindenwood","35","Lindenwood -2.5","ESPN Bet","47.5","2.5","","","",""
"401767679","Lafayette","38","Columbia","14","Lafayette -3.5","ESPN Bet","54.5","-3.5","","","",""
"401767405","Norfolk State","28","Sacred Heart","31","Norfolk State -1","ESPN Bet","47.5","-1","","","",""
"401752733","Ole Miss","24","Washington State","21","Ole Miss -33.5","DraftKings","58.5","-33.5","-32.5","","",""
"401752733","Ole Miss","24","Washington State","21","Ole Miss -33.0","Bovada","58.5","-33","-32.5","59","",""
"401752733","Ole Miss","24","Washington State","21","Ole Miss -32.5","ESPN Bet","58.5","-32.5","-32.5","59.5","",""
"401762488","Tulane","24","Army","17","Tulane -10","DraftKings","44.5","-10","-10.5","","-360","285"
"401762488","Tulane","24","Army","17","Tulane -9.5","Bovada","44.5","-9.5","-10.5","46.5","-415","310"
"401762488","Tulane","24","Army","17","Tulane -10.5","ESPN Bet","44.5","-10.5","-10.5","46.5","-360","280"
"401762826","Central Michigan","24","Eastern Michigan","13","Central Michigan -3","DraftKings","55.5","-3","-4.5","","-162","136"
"401762826","Central Michigan","24","Eastern Michigan","13","Central Michigan -3.0","Bovada","54.5","-3","-6","54","-220","180"
"401762826","Central Michigan","24","Eastern Michigan","13","Central Michigan -3.5","ESPN Bet","55.5","-3.5","-5.5","54.5","-145","125"
"401767311","Bethune-Cookman","41","Alabama A&M","34","Alabama A&M -4.5","ESPN Bet","58.5","4.5","","","",""
"401767531","VMI","14","Chattanooga","21","Chattanooga -8","ESPN Bet","52.5","8","","","",""
"401767225","Tennessee State","21","Alabama A&M","23","Alabama A&M -1","ESPN Bet","55.5","1","","","",""
"401752877","Wisconsin","0","Ohio State","34","Ohio State -24.5","DraftKings","41.5","24.5","28.5","","1300","-2800"
"401752877","Wisconsin","0","Ohio State","34","Ohio State -24.5","Bovada","41","24.5","27","42","1300","-6500"
"401752877","Wisconsin","0","Ohio State","34","Ohio State -24.5","ESPN Bet","41.5","24.5","26.5","40.5","",""
"401757281","Western Kentucky","6","Florida International","25","Western Kentucky -9.5","ESPN Bet","55.5","-9.5","-8.5","55.5","-380","290"
"401757281","Western Kentucky","6","Florida International","25","Western Kentucky -10","DraftKings","55.5","-10","-8.5","","-375","295"
"401757281","Western Kentucky","6","Florida International","25","Western Kentucky -10.0","Bovada","55.5","-10","-8.5","57.5","-300","250"
"401767589","Richmond","38","VMI","14","Richmond -17","ESPN Bet","42.5","-17","","","",""
"401756918","Colorado","24","Iowa State","17","Iowa State -3","DraftKings","52.5","3","4.5","","124","-148"
"401756918","Colorado","24","Iowa State","17","Iowa State -3.0","Bovada","52.5","3","5","51.5","175","-210"
"401756918","Colorado","24","Iowa State","17","Iowa State -2.5","ESPN Bet","52.5","2.5","4.5","53.5","130","-150"
"401752851","Northwestern","17","UCLA","14","Northwestern -6","DraftKings","45.5","-6","-5.5","","-218","180"
"401752851","Northwestern","17","UCLA","14","Northwestern -6.0","Bovada","46","-6","-6.5","46","-220","190"
"401752851","Northwestern","17","UCLA","14","Northwestern -6.5","ESPN Bet","46.5","-6.5","-6.5","45.5","-200","170"
"401767082","Northern Colorado","18","Idaho State","26","Idaho State -3.5","ESPN Bet","54.5","3.5","","","",""
"401767164","Gardner-Webb","30","Charleston Southern","27","Gardner-Webb -13.5","ESPN Bet","51.5","-13.5","","","",""
"401767060","Northern Iowa","17","Eastern Washington","14","Northern Iowa -4.5","ESPN Bet","54.5","-4.5","","","",""
"401767033","Bryant","14","Maine","34","Bryant -2.5","ESPN Bet","49.5","-2.5","","","",""
"401767114","Northern Arizona","31","Incarnate Word","23","Northern Arizona -5.5","ESPN Bet","54.5","-5.5","","","",""
"401756905","Kansas","34","Cincinnati","37","Kansas -5.5","DraftKings","55.5","-5.5","-6","","-218","180"
"401756905","Kansas","34","Cincinnati","37","Kansas -5.5","Bovada","56","-5.5","-6","55.5","-225","185"
"401756905","Kansas","34","Cincinnati","37","Kansas -4.5","ESPN Bet","57.5","-4.5","-5.5","54.5","-200","170"
"401769866","Lafayette","28","Princeton","38","Lafayette -7","ESPN Bet","60.5","-7","","","",""
"401762834","Western Michigan","42","Ball State","0","Western Michigan -9.5","DraftKings","43.5","-9.5","-10","","-340","270"
"401762834","Western Michigan","42","Ball State","0","Western Michigan -9.5","Bovada","43","-9.5","-9.5","43","-350","275"
"401762834","Western Michigan","42","Ball State","0","Western Michigan -9.5","ESPN Bet","42.5","-9.5","-9.5","43.5","-360","280"
"401762487","UAB","31","Memphis","24","Memphis -23.5","DraftKings","59.5","23.5","21.5","","1100","-2100"
"401762487","UAB","31","Memphis","24","Memphis -23.5","Bovada","59.5","23.5","21.5","64.5","850","-1800"
"401762487","UAB","31","Memphis","24","Memphis -23.5","ESPN Bet","59.5","23.5","21.5","64.5","1200","-3000"
"401767190","Maine","10","Stonehill","13","Maine -21","ESPN Bet","51.5","-21","","","",""
"401762473","Navy","21","Rice","13","Navy -14","DraftKings","45.5","-14","-14","","-600","440"
"401762473","Navy","21","Rice","13","Navy -14.0","Bovada","46","-14","-14.5","45.5","-625","430"
"401762473","Navy","21","Rice","13","Navy -14.5","ESPN Bet","45.5","-14.5","-14.5","45.5","-650","425"
"401767319","Rhode Island","28","Long Island University","7","Rhode Island -16.5","ESPN Bet","45.5","-16.5","","","",""
"401767361","Florida A&M","14","Alabama State","42","Alabama State -4","ESPN Bet","50.5","4","","","",""
"401767211","Lindenwood","30","UT Martin","14","UT Martin -1.5","ESPN Bet","52.5","1.5","","","",""
"401756926","Oklahoma State","17","Cincinnati","49","Cincinnati -23.5","DraftKings","57.5","23.5","21.5","","1200","-2400"
"401756926","Oklahoma State","17","Cincinnati","49","Cincinnati -24.0","Bovada","58","24","20.5","57","850","-1800"
"401756926","Oklahoma State","17","Cincinnati","49","Cincinnati -23.5","ESPN Bet","57.5","23.5","20.5","58.5","1200","-3000"
"401756916","Arizona","27","BYU","33","BYU -2.5","DraftKings","46.5","2.5","3","","120","-142"
"401756916","Arizona","27","BYU","33","BYU -2.5","Bovada","47","2.5","2.5","48.5","110","-130"
"401756916","Arizona","27","BYU","33","BYU -2.5","ESPN Bet","46.5","2.5","2.5","47.5","120","-140"
"401767736","Columbia","7","Lehigh","31","Lehigh -12.5","ESPN Bet","46.5","12.5","","","",""
"401767529","Chattanooga","63","Stetson","0","Chattanooga -27.5","ESPN Bet","54.5","-27.5","","","",""
"401767580","Western Carolina","50","Samford","35","Western Carolina -10.5","ESPN Bet","58.5","-10.5","","","",""
"401760387","Boise State","41","New Mexico","25","Boise State -14.5","DraftKings","58.5","-14.5","-16.5","","-650","470"
"401760387","Boise State","41","New Mexico","25","Boise State -14.5","Bovada","58.5","-14.5","-16.5","59.5","-850","550"
"401760387","Boise State","41","New Mexico","25","Boise State -15.5","ESPN Bet","57.5","-15.5","-16.5","60.5","-750","475"
"401757274","New Mexico","38","New Mexico State","20","New Mexico -16.5","DraftKings","53.5","-16.5","-10","","-750","525"
"401757274","New Mexico","38","New Mexico State","20","New Mexico -16.5","Bovada","53.5","-16.5","-14","54.5","-575","400"
"401757274","New Mexico","38","New Mexico State","20","New Mexico -17.5","ESPN Bet","53.5","-17.5","-13.5","54.5","-750","475"
"401767323","Stony Brook","35","Merrimack","10","Stony Brook -7","ESPN Bet","47.5","-7","","","",""
"401767595","St. Thomas (MN)","14","Butler","21","St. Thomas (MN) -6.5","ESPN Bet","48.5","-6.5","","","",""
"401760392","Air Force","24","Wyoming","21","Air Force -4","DraftKings","56.5","-4","-6","","-180","150"
"401760392","Air Force","24","Wyoming","21","Air Force -4.0","Bovada","56.5","-4","-5","58.5","-220","180"
"401760392","Air Force","24","Wyoming","21","Air Force -3.5","ESPN Bet","56.5","-3.5","-5.5","58.5","-175","150"
"401767573","Mercer","22","Wofford","21","Mercer -10.5","ESPN Bet","42.5","-10.5","","","",""
"401767329","Towson","28","Youngstown State","31","Youngstown State -3","ESPN Bet","54.5","3","","","",""
"401757269","Southern Miss","42","Jacksonville State","25","Southern Miss -4.5","DraftKings","55.5","-4.5","-2.5","","-192","160"
"401757269","Southern Miss","42","Jacksonville State","25","Southern Miss -4.5","Bovada","56","-4.5","-3.5","57","-185","160"
"401757269","Southern Miss","42","Jacksonville State","25","Southern Miss -5.5","ESPN Bet","55.5","-5.5","-4.5","57.5","-195","165"
"401767337","Villanova","31","William & Mary","24","Villanova -6.5","ESPN Bet","50.5","-6.5","","","",""
"401767690","Cornell","21","Colgate","41","Colgate -1.5","ESPN Bet","54.5","1.5","","","",""
"401752951","Virginia","22","Washington State","20","Virginia -16.5","DraftKings","56.5","-16.5","-19.5","","-800","550"
"401752951","Virginia","22","Washington State","20","Virginia -16.5","Bovada","56.5","-16.5","-18","56.5","-1000","625"
"401752951","Virginia","22","Washington State","20","Virginia -16.5","ESPN Bet","56.5","-16.5","-16.5","57.5","-900","550"
"401754561","SMU","34","Stanford","10","SMU -19.5","DraftKings","55.5","-19.5","-18.5","","-1050","675"
"401754561","SMU","34","Stanford","10","SMU -19.5","Bovada","55.5","-19.5","-18","56.5","-1000","625"
"401754561","SMU","34","Stanford","10","SMU -19.5","ESPN Bet","55.5","-19.5","-17.5","56.5","-1200","700"
"401767300","West Georgia","35","East Tennessee State","31","West Georgia -5.5","ESPN Bet","52.5","-5.5","","","",""
"401767278","West Georgia","33","Eastern Kentucky","12","West Georgia -10.5","ESPN Bet","49.5","-10.5","","","",""
"401767566","Samford","13","Furman","31","Furman -7","ESPN Bet","54.5","7","","","",""
"401767559","Furman","31","East Tennessee State","22","Furman -0.5","ESPN Bet","54.5","-0.5","","","",""
"401761627","Texas State","41","Troy","48","Texas State -7.5","DraftKings","53.5","-7.5","-10","","-298","240"
"401761627","Texas State","41","Troy","48","Texas State -7.5","Bovada","53.5","-7.5","-10.5","53.5","-415","310"
"401761627","Texas State","41","Troy","48","Texas State -7.5","ESPN Bet","53.5","-7.5","-10.5","54.5","-290","240"
"401752743","Kentucky","13","Texas","16","Texas -12.5","DraftKings","45.5","12.5","13.5","","360","-470"
"401752743","Kentucky","13","Texas","16","Texas -12.0","Bovada","45","12","12","43.5","345","-470"
"401752743","Kentucky","13","Texas","16","Texas -13.5","ESPN Bet","45.5","13.5","12.5","43.5","400","-600"
"401767388","South Carolina State","55","Bethune-Cookman","41","South Carolina State -18","ESPN Bet","47.5","-18","","","",""
"401767664","Bucknell","24","Lehigh","41","Lehigh -14","ESPN Bet","54.5","14","","","",""
"401762474","Tulsa","14","Tulane","31","Tulane -14.5","DraftKings","52.5","14.5","14.5","","500","-700"
"401762474","Tulsa","14","Tulane","31","Tulane -14.5","Bovada","52","14.5","13.5","55","390","-550"
"401762474","Tulsa","14","Tulane","31","Tulane -14.5","ESPN Bet","52.5","14.5","13.5","53.5","475","-750"
"401767142","Campbell","35","Western Carolina","42","Western Carolina -6.5","ESPN Bet","68.5","6.5","","","",""
"401767727","Holy Cross","24","Harvard","59","Harvard -14","ESPN Bet","48.5","14","","","",""
"401756920","Oklahoma State","17","Houston","39","Houston -14.5","DraftKings","47.5","14.5","14","","470","-650"
"401756920","Oklahoma State","17","Houston","39","Houston -14.5","Bovada","48","14.5","13.5","47.5","410","-585"
"401756920","Oklahoma State","17","Houston","39","Houston -14.5","ESPN Bet","47.5","14.5","14.5","46.5","475","-750"
"401754567","Stanford","20","Florida State","13","Florida State -17.5","DraftKings","55.5","17.5","16.5","","575","-850"
"401754567","Stanford","20","Florida State","13","Florida State -17.5","Bovada","55","17.5","17.5","54.5","625","-1000"
"401754567","Stanford","20","Florida State","13","Florida State -17.5","ESPN Bet","55.5","17.5","17.5","54.5","750","-1400"
"401767426","SE Louisiana","56","Mississippi Valley State","3","SE Louisiana -32.5","ESPN Bet","51.5","-32.5","","","",""
"401767743","Merrimack","16","Central Connecticut","14","Merrimack -1.5","ESPN Bet","42.5","-1.5","","","",""
"401760395","New Mexico","24","Nevada","22","New Mexico -14","DraftKings","49.5","-14","-10.5","","-550","410"
"401760395","New Mexico","24","Nevada","22","New Mexico -14.0","Bovada","49.5","-14","-10.5","48.5","-400","-400"
"401760395","New Mexico","24","Nevada","22","New Mexico -14.5","ESPN Bet","49.5","-14.5","-10.5","48.5","-650","425"
"401752722","South Carolina","35","Kentucky","13","South Carolina -5.5","DraftKings","46.5","-5.5","-6","","-218","180"
"401752722","South Carolina","35","Kentucky","13","South Carolina -5.0","Bovada","47","-5","-6.5","47","-225","185"
"401752722","South Carolina","35","Kentucky","13","South Carolina -6.5","ESPN Bet","46.5","-6.5","-6.5","47.5","-200","170"
"401767062","Montana State","57","Eastern Washington","3","Montana State -21","ESPN Bet","57.5","-21","","","",""
"401767175","Eastern Illinois","31","Tennessee State","7","Eastern Illinois -5","ESPN Bet","50.5","-5","","","",""
"401767202","Gardner-Webb","23","The Citadel","13","Gardner-Webb -3.5","ESPN Bet","54.5","-3.5","","","",""
"401767333","UAlbany","13","Cornell","10","Cornell -3","ESPN Bet","50.5","3","","","",""
"401761617","North Texas","36","South Alabama","22","North Texas -13.5","DraftKings","63.5","-13.5","-10.5","","-500","380"
"401761617","North Texas","36","South Alabama","22","North Texas -13.0","Bovada","63.5","-13","-13","63","-500","360"
"401761617","North Texas","36","South Alabama","22","North Texas -11.5","ESPN Bet","63.5","-11.5","-12.5","63.5","-500","360"
"401767645","San Diego","30","St. Thomas (MN)","27","San Diego -1","ESPN Bet","53.5","-1","","","",""
"401767241","Abilene Christian","52","North Alabama","23","Abilene Christian -11.5","ESPN Bet","58.5","-11.5","","","",""
"401754563","Oregon State","14","Wake Forest","39","Wake Forest -1.5","DraftKings","47.5","1.5","2.5","","100","-120"
"401754563","Oregon State","14","Wake Forest","39","Wake Forest -1.5","Bovada","48","1.5","2.5","52.5","110","-130"
"401754563","Oregon State","14","Wake Forest","39","Wake Forest -1.5","ESPN Bet","47.5","1.5","2.5","52.5","110","-130"
"401767235","UT Martin","10","Southern Illinois","37","Southern Illinois -3","ESPN Bet","52.5","3","","","",""
"401767210","Lindenwood","30","Stony Brook","27","Stony Brook -3.5","ESPN Bet","58.5","3.5","","","",""
"401760386","UNLV","51","Air Force","48","UNLV -7","DraftKings","65.5","-7","-7","","-250","205"
"401760386","UNLV","51","Air Force","48","UNLV -7.0","Bovada","65.5","-7","-7","68.5","-270","220"
"401760386","UNLV","51","Air Force","48","UNLV -7.5","ESPN Bet","66.5","-7.5","-7.5","68.5","-240","200"
"401756907","Oklahoma State","27","Baylor","45","Baylor -21","DraftKings","58.5","21","17.5","","850","-1450"
"401756907","Oklahoma State","27","Baylor","45","Baylor -21.0","Bovada","59","21","20.5","59.5","775","-1500"
"401756907","Oklahoma State","27","Baylor","45","Baylor -21.5","ESPN Bet","58.5","21.5","20.5","59.5","1000","-2000"
"401767174","Western Illinois","23","Eastern Illinois","31","Western Illinois -2.5","ESPN Bet","62.5","-2.5","","","",""
"401767362","Alabama State","52","Bethune-Cookman","35","Alabama State -13","ESPN Bet","57.5","-13","","","",""
"401762490","South Florida","48","Florida Atlantic","13","South Florida -20.5","DraftKings","72.5","-20.5","-18.5","","-1450","850"
"401762490","South Florida","48","Florida Atlantic","13","South Florida -20.5","Bovada","72.5","-20.5","-22.5","73","-1900","900"
"401762490","South Florida","48","Florida Atlantic","13","South Florida -20.5","ESPN Bet","72.5","-20.5","-22.5","74.5","-1600","800"
"401767248","Austin Peay","56","Morehead State","7","Austin Peay -25.5","ESPN Bet","49.5","-25.5","","","",""
"401767031","Campbell","50","Bryant","48","Bryant -1.5","ESPN Bet","51.5","1.5","","","",""
"401754565","Clemson","24","SMU","35","Clemson -3.5","DraftKings","49.5","-3.5","-11.5","","-180","150"
"401754565","Clemson","24","SMU","35","Clemson -3.5","Bovada","50","-3.5","-10","55","-350","275"
"401754565","Clemson","24","SMU","35","Clemson -5.5","ESPN Bet","49.5","-5.5","-9.5","54.5","-175","150"
"401756919","Kansas State","41","TCU","28","TCU -3","DraftKings","54.5","3","2.5","","124","-148"
"401756919","Kansas State","41","TCU","28","TCU -3.0","Bovada","54.5","3","1.5","57.5","100","-120"
"401756919","Kansas State","41","TCU","28","TCU -2.5","ESPN Bet","54.5","2.5","1.5","57.5","120","-140"
"401761615","Louisiana","54","Marshall","51","Marshall -2.5","DraftKings","47.5","2.5","-3.5","","110","-130"
"401761615","Louisiana","54","Marshall","51","Marshall -2.5","Bovada","48","2.5","-2.5","46.5","-130","110"
"401761615","Louisiana","54","Marshall","51","Marshall -1.5","ESPN Bet","48.5","1.5","-2.5","46.5","115","-135"
"401767115","Portland State","17","Northern Arizona","31","Northern Arizona -21","ESPN Bet","54.5","21","","","",""
"401767273","William & Mary","38","North Carolina A&T","34","William & Mary -20.5","ESPN Bet","53.5","-20.5","","","",""
"401767544","South Dakota State","37","Drake","21","South Dakota State -34","ESPN Bet","47.5","-34","","","",""
"401767218","Southeast Missouri State","31","Southern Illinois","59","Southern Illinois -5.5","ESPN Bet","54.5","5.5","","","",""
"401761616","UL Monroe","28","Arkansas State","16","UL Monroe -1.5","DraftKings","55.5","-1.5","-1.5","","-115","-105"
"401761616","UL Monroe","28","Arkansas State","16","UL Monroe -1.5","Bovada","55.5","-1.5","-3","56.5","-175","150"
"401761616","UL Monroe","28","Arkansas State","16","UL Monroe -1.5","ESPN Bet","55.5","-1.5","-3.5","56.5","-115","-105"
"401767226","Tennessee State","8","Tennessee Tech","35","Tennessee Tech -31.5","ESPN Bet","56.5","31.5","","","",""
"401767324","UAlbany","12","Stony Brook","47","Stony Brook -7","ESPN Bet","48.5","7","","","",""
"401762485","UTSA","61","Rice","13","UTSA -8.5","DraftKings","48.5","-8.5","-10.5","","-340","270"
"401762485","UTSA","61","Rice","13","UTSA -9.5","Bovada","48.5","-9.5","-13","49.5","-510","370"
"401762485","UTSA","61","Rice","13","UTSA -9.5","ESPN Bet","48.5","-9.5","-12.5","49.5","-360","280"
"401767458","Texas Southern","7","Lamar","31","Lamar -9.5","ESPN Bet","45.5","9.5","","","",""
"401767433","Prairie View A&M","27","Northwestern State","24","Prairie View A&M -10.5","ESPN Bet","46.5","-10.5","","","",""
"401752721","Missouri","42","Massachusetts","6","Missouri -44.5","DraftKings","57.5","-44.5","-42.5","","",""
"401752721","Missouri","42","Massachusetts","6","Missouri -44.5","Bovada","57","-44.5","-42.5","55","",""
"401752721","Missouri","42","Massachusetts","6","Missouri -44.5","ESPN Bet","56.5","-44.5","-43.5","55.5","",""
"401767427","Mississippi Valley State","20","Texas Southern","23","Texas Southern -13.5","ESPN Bet","47.5","13.5","","","",""
"401767484","Lamar","24","Nicholls","17","Lamar -3.5","ESPN Bet","41.5","-3.5","","","",""
"401760389","Hawai'i","44","Utah State","26","Utah State -1.5","DraftKings","57.5","1.5","-1.5","","-102","-118"
"401760389","Hawai'i","44","Utah State","26","Utah State -2.0","Bovada","56.5","2","-2","58.5","-115","-105"
"401760389","Hawai'i","44","Utah State","26","Utah State -1.5","ESPN Bet","57.5","1.5","-1.5","58.5","105","-125"
"401767305","Central Arkansas","10","Tarleton State","56","Tarleton State -13","ESPN Bet","56.5","13","","","",""
"401767306","Tarleton State","52","Chattanooga","24","Tarleton State -27","ESPN Bet","55.5","-27","","","",""
"401767558","East Tennessee State","34","Mercer","38","Mercer -2","ESPN Bet","52.5","2","","","",""
"401757272","UTEP","11","Louisiana Tech","30","Louisiana Tech -3.5","DraftKings","48.5","3.5","4","","154","-185"
"401757272","UTEP","11","Louisiana Tech","30","Louisiana Tech -3.5","Bovada","48","3.5","3","48.5","140","-165"
"401757272","UTEP","11","Louisiana Tech","30","Louisiana Tech -3.5","ESPN Bet","47.5","3.5","3.5","48.5","160","-190"
"401767371","Alcorn State","12","Prairie View A&M","13","Prairie View A&M -3","ESPN Bet","47.5","3","","","",""
"401760391","Wyoming","35","San José State","28","San José State -1.5","DraftKings","50.5","1.5","1.5","","102","-122"
"401760391","Wyoming","35","San José State","28","San José State -1.5","Bovada","49.5","1.5","1.5","49.5","105","-125"
"401760391","Wyoming","35","San José State","28","San José State -1.5","ESPN Bet","49.5","1.5","2.5","49.5","105","-125"
"401767159","McNeese","41","Weber State","42","Weber State -3","ESPN Bet","52.5","3","","","",""
"401767416","Grambling","31","East Texas A&M","28","East Texas A&M -3.5","ESPN Bet","54.5","3.5","","","",""
"401757273","Missouri State","22","Western Kentucky","27","Western Kentucky -3.5","DraftKings","59.5","3.5","7","","145","-175"
"401757273","Missouri State","22","Western Kentucky","27","Western Kentucky -3.5","Bovada","59.5","3.5","5.5","59.5","175","-210"
"401757273","Missouri State","22","Western Kentucky","27","Western Kentucky -3.5","ESPN Bet","59.5","3.5","5.5","60.5","160","-190"
"401757270","Kennesaw State","24","Middle Tennessee","16","Kennesaw State -7","DraftKings","54.5","-7","-7","","-250","205"
"401757270","Kennesaw State","24","Middle Tennessee","16","Kennesaw State -7.0","Bovada","53.5","-7","-6.5","51","-230","190"
"401757270","Kennesaw State","24","Middle Tennessee","16","Kennesaw State -7.5","ESPN Bet","54.5","-7.5","-6.5","52.5","-225","190"
"401767530","Chattanooga","10","The Citadel","28","Chattanooga -15.5","ESPN Bet","47.5","-15.5","","","",""
"401767183","Hampton","41","Norfolk State","34","Hampton -4.5","ESPN Bet","54.5","-4.5","","","",""
"401752864","Minnesota","27","Purdue","20","Minnesota -7.5","DraftKings","49.5","-7.5","-10.5","","-298","240"
"401752864","Minnesota","27","Purdue","20","Minnesota -7.0","Bovada","49.5","-7","-10","51.5","-370","285"
"401752864","Minnesota","27","Purdue","20","Minnesota -7.5","ESPN Bet","49.5","-7.5","-9.5","52.5","-300","250"
"401760390","Nevada","10","San Diego State","44","San Diego State -6.5","DraftKings","42.5","6.5","7","","200","-245"
"401760390","Nevada","10","San Diego State","44","San Diego State -6.5","Bovada","42.5","6.5","6.5","41.5","200","-240"
"401760390","Nevada","10","San Diego State","44","San Diego State -6.5","ESPN Bet","42.5","6.5","6.5","42.5","190","-225"
"401783278","UAlbany","17","New Haven","24","UAlbany -19.5","ESPN Bet","45.5","-19.5","","","",""
"401767121","Houston Christian","23","Northern Colorado","26","Houston Christian -1.5","ESPN Bet","47.5","-1.5","","","",""
"401754573","North Carolina","16","Virginia","17","Virginia -12.5","ESPN Bet","51.5","12.5","9.5","51.5","320","-425"
"401754573","North Carolina","16","Virginia","17","Virginia -11.5","DraftKings","50.5","11.5","10","","340","-440"
"401754573","North Carolina","16","Virginia","17","Virginia -11.0","Bovada","50.5","11","9","53","270","-340"
"401752941","Oregon State","45","Lafayette","13","Oregon State -21.0","Bovada","56.5","-21","-22.5","54.5","-2000","950"
"401752941","Oregon State","45","Lafayette","13","Oregon State -21","DraftKings","56.5","-21","","","-2100","1100"
"401752941","Oregon State","45","Lafayette","13","Oregon State -21.5","ESPN Bet","55.5","-21.5","-23.5","54.5","-1800","900"
"401756903","Colorado","21","BYU","24","BYU -6.5","DraftKings","48.5","6.5","4","","205","-250"
"401756903","Colorado","21","BYU","24","BYU -6.5","Bovada","49","6.5","6.5","47.5","190","-230"
"401756903","Colorado","21","BYU","24","BYU -6.5","ESPN Bet","48.5","6.5","6.5","47.5","200","-240"
"401767552","Harvard","41","Brown","7","Harvard -16.5","ESPN Bet","57.5","-16.5","","","",""
"401767503","Northern Iowa","7","North Dakota","35","North Dakota -15","ESPN Bet","53.5","15","","","",""
"401767597","Dayton","17","Butler","23","Dayton -2.5","ESPN Bet","46.5","-2.5","","","",""
"401754566","Duke","18","Georgia Tech","27","Duke -3.5","Bovada","60.5","-3.5","-2.5","61","-145","125"
"401754566","Duke","18","Georgia Tech","27","Duke -3.5","DraftKings","60.5","-3.5","1.5","","-175","145"
"401754566","Duke","18","Georgia Tech","27","Duke -3.5","ESPN Bet","61.5","-3.5","-2.5","60.5","-165","140"
"401752879","UCLA","20","Maryland","17","UCLA -3.5","Bovada","52.5","-3.5","-2.5","52.5","-145","125"
"401752879","UCLA","20","Maryland","17","UCLA -4","DraftKings","52.5","-4","1.5","","-185","154"
"401752879","UCLA","20","Maryland","17","UCLA -4.5","ESPN Bet","52.5","-4.5","-3.5","52.5","-185","155"
"401767701","Dartmouth","49","Columbia","3","Dartmouth -12.5","ESPN Bet","46.5","-12.5","","","",""
"401757288","New Mexico State","17","Missouri State","24","Missouri State -2.5","ESPN Bet","51.5","2.5","2.5","52.5","120","-140"
"401757288","New Mexico State","17","Missouri State","24","Missouri State -2.5","DraftKings","51.5","2.5","1.5","","114","-135"
"401757288","New Mexico State","17","Missouri State","24","Missouri State -2.5","Bovada","51.5","2.5","2","52","105","-125"
"401752885","Indiana","56","UCLA","6","Indiana -26.5","DraftKings","53.5","-26.5","-23.5","","-4000","1600"
"401752885","Indiana","56","UCLA","6","Indiana -27.5","ESPN Bet","53.5","-27.5","-24.5","","-4000","1300"
"401752885","Indiana","56","UCLA","6","Indiana -27.5","Bovada","53.5","-27.5","-24.5","54.5","-2800","1100"
"401767408","Norfolk State","20","South Carolina State","51","South Carolina State -14.5","ESPN Bet","53.5","14.5","","","",""
"401767101","Sacramento State","35","Montana","49","Montana -6","ESPN Bet","61.5","6","","","",""
"401767493","Nicholls","31","McNeese","7","Nicholls -5.5","ESPN Bet","43.5","-5.5","","","",""
"401767617","Dayton","35","Presbyterian","19","Presbyterian -8.5","ESPN Bet","50.5","8.5","","","",""
"401767252","Austin Peay","56","North Alabama","28","Austin Peay -19.5","ESPN Bet","57.5","-19.5","","","",""
"401767486","Northwestern State","14","Lamar","41","Lamar -24.5","ESPN Bet","47.5","24.5","","","",""
"401767555","Pennsylvania","28","Brown","21","Pennsylvania -11.5","ESPN Bet","50.5","-11.5","","","",""
"401752887","Maryland","10","Indiana","55","Indiana -21","DraftKings","50.5","21","16.5","","1100","-2100"
"401752887","Maryland","10","Indiana","55","Indiana -21.5","ESPN Bet","50.5","21.5","21.5","51.5","1100","-2500"
"401752887","Maryland","10","Indiana","55","Indiana -21.0","Bovada","51","21","21","51.5","850","-1800"
"401767094","Northern Arizona","32","Idaho","35","Northern Arizona -5.5","ESPN Bet","52.5","-5.5","","","",""
"401767346","Delaware State","27","Norfolk State","20","Delaware State -17.5","ESPN Bet","57.5","-17.5","","","",""
"401767181","North Carolina A&T","33","Hampton","30","Hampton -3","ESPN Bet","48.5","3","","","",""
"401767061","Eastern Washington","52","Western Illinois","31","Eastern Washington -13","ESPN Bet","58.5","-13","","","",""
"401754571","Georgia Tech","41","Syracuse","16","Georgia Tech -17.5","ESPN Bet","53.5","-17.5","-17.5","54.5","-1000","600"
"401754571","Georgia Tech","41","Syracuse","16","Georgia Tech -17.5","DraftKings","52.5","-17.5","-18.5","","-1000","650"
"401754571","Georgia Tech","41","Syracuse","16","Georgia Tech -17.5","Bovada","52.5","-17.5","-18","55","-1000","625"
"401767774","Mercyhurst","15","Stonehill","22","Mercyhurst -7.5","ESPN Bet","44.5","-7.5","","","",""
"401754558","Boston College","10","Clemson","41","Clemson -14","DraftKings","54.5","14","12.5","","455","-625"
"401754558","Boston College","10","Clemson","41","Clemson -14.0","Bovada","54","14","13.5","53.5","400","-575"
"401754558","Boston College","10","Clemson","41","Clemson -13.5","ESPN Bet","54.5","13.5","14.5","55.5","450","-700"
"401767759","Long Island University","17","Robert Morris","7","Long Island University -9.5","ESPN Bet","42.5","-9.5","","","",""
"401752758","Texas","34","Vanderbilt","31","Texas -3.5","DraftKings","48.5","-3.5","-3.5","","-175","145"
"401752758","Texas","34","Vanderbilt","31","Texas -3.5","ESPN Bet","48.5","-3.5","-2.5","45.5","-150","130"
"401752758","Texas","34","Vanderbilt","31","Texas -3.5","Bovada","48.5","-3.5","-3","45.5","-120","100"
"401760401","Air Force","17","Army","20","Army -1.5","DraftKings","48.5","1.5","1.5","","-110","-110"
"401760401","Air Force","17","Army","20","Army -1.5","ESPN Bet","48.5","1.5","1.5","49.5","-105","-115"
"401760401","Air Force","17","Army","20","Army -1.0","Bovada","48.5","1","1","49.5","-110","-110"
"401752757","Tennessee","27","Oklahoma","33","Tennessee -3","DraftKings","55.5","-3","-2.5","","-155","130"
"401752757","Tennessee","27","Oklahoma","33","Tennessee -2.5","ESPN Bet","55.5","-2.5","-3.5","56.5","-130","110"
"401752757","Tennessee","27","Oklahoma","33","Tennessee -3.0","Bovada","56","-3","-3.5","56","-170","145"
"401754579","NC State","48","Georgia Tech","36","Georgia Tech -4.5","DraftKings","58.5","4.5","4.5","","164","-198"
"401754579","NC State","48","Georgia Tech","36","Georgia Tech -4.5","ESPN Bet","58.5","4.5","6.5","57.5","170","-200"
"401754579","NC State","48","Georgia Tech","36","Georgia Tech -4.0","Bovada","58.5","4","6.5","57.5","190","-230"
"401752950","Colorado State","3","Washington State","20","Colorado State -4.5","DraftKings","48.5","-4.5","-4","","-205","170"
"401752950","Colorado State","3","Washington State","20","Colorado State -4.5","Bovada","48.5","-4.5","-4.5","50.5","-200","170"
"401752950","Colorado State","3","Washington State","20","Colorado State -6.5","ESPN Bet","48.5","-6.5","-4.5","50.5","-200","170"
"401767279","Eastern Kentucky","27","Nicholls","7","Eastern Kentucky -2.5","ESPN Bet","42.5","-2.5","","","",""
"401767108","Northern Arizona","10","Montana State","34","Montana State -7.5","ESPN Bet","59.5","7.5","","","",""
"401757289","Kennesaw State","33","UTEP","20","Kennesaw State -12.5","ESPN Bet","53.5","-12.5","-8.5","48.5","-550","380"
"401757289","Kennesaw State","33","UTEP","20","Kennesaw State -11.5","Bovada","53","-11.5","-9.5","51","-380","290"
"401757289","Kennesaw State","33","UTEP","20","Kennesaw State -12.5","DraftKings","52.5","-12.5","-10","","-440","340"
"401762501","Memphis","32","Tulane","38","Memphis -3","DraftKings","53.5","-3","-4.5","","-155","130"
"401762501","Memphis","32","Tulane","38","Memphis -3.5","ESPN Bet","53.5","-3.5","-7.5","57.5","-150","130"
"401762501","Memphis","32","Tulane","38","Memphis -3.0","Bovada","54","-3","-6.5","55.5","-230","190"
"401752750","Oklahoma","26","Ole Miss","34","Oklahoma -5.5","DraftKings","52.5","-5.5","-2.5","","-198","164"
"401752750","Oklahoma","26","Ole Miss","34","Oklahoma -5.5","ESPN Bet","52.5","-5.5","-3.5","50.5","-195","165"
"401752750","Oklahoma","26","Ole Miss","34","Oklahoma -5.5","Bovada","52.5","-5.5","-4.5","51.5","-200","170"
"401752752","Vanderbilt","17","Missouri","10","Vanderbilt -3","DraftKings","52.5","-3","-1.5","","-162","136"
"401752752","Vanderbilt","17","Missouri","10","Vanderbilt -3.5","ESPN Bet","52.5","-3.5","-2.5","","-145","125"
"401752752","Vanderbilt","17","Missouri","10","Vanderbilt -3.0","Bovada","52.5","-3","-3","52.5","-150","130"
"401752749","Mississippi State","38","Texas","45","Texas -8.5","DraftKings","48.5","8.5","8.5","","260","-325"
"401752749","Mississippi State","38","Texas","45","Texas -8.5","ESPN Bet","49.5","8.5","6.5","45.5","270","-340"
"401752749","Mississippi State","38","Texas","45","Texas -8.0","Bovada","48.5","8","6.5","46","190","-230"
"401767237","Western Illinois","51","Valparaiso","30","Western Illinois -17","ESPN Bet","49.5","-17","","","",""
"401767308","Utah Tech","20","Northern Iowa","9","Northern Iowa -6.5","ESPN Bet","49.5","6.5","","","",""
"401752761","Ole Miss","49","The Citadel","0","Ole Miss -51.5","DraftKings","63.5","-51.5","-51.5","","",""
"401752761","Ole Miss","49","The Citadel","0","Ole Miss -52.5","ESPN Bet","63.5","-52.5","-51.5","63.5","",""
"401752761","Ole Miss","49","The Citadel","0","Ole Miss -51.5","Bovada","63.5","-51.5","-52.5","63.5","",""
"401762494","Memphis","34","South Florida","31","South Florida -3.5","DraftKings","58.5","3.5","-3","","145","-175"
"401762494","Memphis","34","South Florida","31","South Florida -3.5","ESPN Bet","58.5","3.5","3.5","68.5","135","-155"
"401762494","Memphis","34","South Florida","31","South Florida -3.5","Bovada","59.5","3.5","3.5","65.5","160","-185"
"401752880","Washington","42","Illinois","25","Washington -3.5","DraftKings","54.5","-3.5","-4.5","","-166","140"
"401752880","Washington","42","Illinois","25","Washington -3.5","ESPN Bet","54.5","-3.5","-4.5","55.5","-150","130"
"401752880","Washington","42","Illinois","25","Washington -3.0","Bovada","54.5","-3","-5","56.5","-210","175"
"401757287","Delaware","31","Middle Tennessee","28","Delaware -9.5","ESPN Bet","55.5","-9.5","-10.5","52.5","-340","270"
"401757287","Delaware","31","Middle Tennessee","28","Delaware -8.5","DraftKings","55.5","-8.5","-10.5","","-345","275"
"401757287","Delaware","31","Middle Tennessee","28","Delaware -8.0","Bovada","55","-8","-10","55","-390","295"
"401752884","Purdue","24","Rutgers","27","Purdue -2.5","ESPN Bet","60.5","-2.5","2.5","57.5","-135","115"
"401752884","Purdue","24","Rutgers","27","Purdue -2.5","DraftKings","60.5","-2.5","2.5","","-142","120"
"401752884","Purdue","24","Rutgers","27","Purdue -2.5","Bovada","60","-2.5","2.5","59.5","110","-130"
"401767754","Wagner","24","Duquesne","13","Duquesne -23.5","ESPN Bet","47.5","23.5","","","",""
"401757295","Delaware","25","Louisiana Tech","24","Louisiana Tech -5.5","ESPN Bet","57.5","5.5","5.5","57.5","180","-215"
"401757295","Delaware","25","Louisiana Tech","24","Louisiana Tech -5.5","DraftKings","56.5","5.5","4.5","","180","-218"
"401757295","Delaware","25","Louisiana Tech","24","Louisiana Tech -5.5","Bovada","56.5","5.5","4.5","57.5","185","-225"
"401767706","Columbia","14","Harvard","31","Harvard -29.5","ESPN Bet","48.5","29.5","","","",""
"401767316","Stony Brook","38","North Carolina A&T","12","Stony Brook -18.5","ESPN Bet","53.5","-18.5","","","",""
"401767095","Idaho","14","UC Davis","28","UC Davis -2.5","ESPN Bet","59.5","2.5","","","",""
"401767669","Fordham","19","Bucknell","37","Fordham -3.5","ESPN Bet","56.5","-3.5","","","",""
"401767077","Idaho State","27","Cal Poly","17","Idaho State -7.5","ESPN Bet","62.5","-7.5","","","",""
"401767117","Northern Arizona","49","Northern Colorado","10","Northern Arizona -12.5","ESPN Bet","56.5","-12.5","","","",""
"401754549","Stanford","30","San José State","29","Stanford -3","DraftKings","49.5","-3","-1.5","","-148","124"
"401754549","Stanford","30","San José State","29","Stanford -3.0","Bovada","50","-3","-1.5","49.5","-125","105"
"401754549","Stanford","30","San José State","29","Stanford -3.5","ESPN Bet","49.5","-3.5","-2.5","49.5","-140","120"
"401767665","Bucknell","30","Saint Francis","23","Bucknell -18.5","ESPN Bet","49.5","-18.5","","","",""
"401767312","Alabama A&M","24","Jackson State","57","Jackson State -14.5","ESPN Bet","55.5","14.5","","","",""
"401767347","Morgan State","12","Delaware State","14","Delaware State -3.5","ESPN Bet","54.5","3.5","","","",""
"401754575","Syracuse","10","North Carolina","27","Syracuse -1.5","DraftKings","45.5","-1.5","","","-115","-105"
"401754575","Syracuse","10","North Carolina","27","Syracuse -1.5","ESPN Bet","45.5","-1.5","-1.5","48.5","-120","-105"
"401754575","Syracuse","10","North Carolina","27","Syracuse -1.5","Bovada","45.5","-1.5","-2","46","-130","110"
"401767773","Yale","47","Stonehill","7","Yale -21.5","ESPN Bet","44.5","-21.5","","","",""
"401754597","Pittsburgh","15","Notre Dame","37","Notre Dame -12.5","DraftKings","55.5","12.5","10","","370","-485"
"401754597","Pittsburgh","15","Notre Dame","37","Notre Dame -12.5","ESPN Bet","54.5","12.5","11.5","56.5","380","-550"
"401754597","Pittsburgh","15","Notre Dame","37","Notre Dame -13.0","Bovada","55","13","10.5","56.5","305","-410"
"401754593","Duke","17","Virginia","34","Duke -5.5","DraftKings","59.5","-5.5","-5.5","","-218","180"
"401754593","Duke","17","Virginia","34","Duke -5.5","ESPN Bet","60.5","-5.5","-6.5","59.5","-215","180"
"401754593","Duke","17","Virginia","34","Duke -5.0","Bovada","60","-5","-6.5","58.5","-230","190"
"401756949","Baylor","28","Utah","55","Utah -9.5","DraftKings","60.5","9.5","9.5","","285","-360"
"401756949","Baylor","28","Utah","55","Utah -9.5","ESPN Bet","61.5","9.5","7.5","60.5","280","-360"
"401756949","Baylor","28","Utah","55","Utah -9.5","Bovada","60.5","9.5","9","60.5","","275"
"401752904","Oregon","42","Minnesota","13","Oregon -26.5","ESPN Bet","45.5","-26.5","-21.5","44.5","-6000","1800"
"401752904","Oregon","42","Minnesota","13","Oregon -26.5","DraftKings","46.5","-26.5","-22.5","","-3600","1500"
"401752904","Oregon","42","Minnesota","13","Oregon -27.0","Bovada","46","-27","-23","45.5","-2500","1000"
"401760414","UNLV","29","Utah State","26","UNLV -4.5","ESPN Bet","68.5","-4.5","-5.5","69.5","-195","165"
"401760414","UNLV","29","Utah State","26","UNLV -4.5","DraftKings","68.5","-4.5","","","-198","164"
"401760414","UNLV","29","Utah State","26","UNLV -5.0","Bovada","68.5","-5","-4.5","71.5","-185","160"
"401756942","Utah","45","Cincinnati","14","Utah -11.5","DraftKings","57.5","-11.5","-5.5","","-410","320"
"401756942","Utah","45","Cincinnati","14","Utah -9.5","ESPN Bet","58.5","-9.5","-7.5","57.5","-425","320"
"401756942","Utah","45","Cincinnati","14","Utah -11.0","Bovada","57.5","-11","-7","56","-285","235"
"401767102","Weber State","17","Montana","38","Montana -19.5","ESPN Bet","61.5","19.5","","","",""
"401767746","Central Connecticut","10","Long Island University","7","Central Connecticut -5.5","ESPN Bet","42.5","-5.5","","","",""
"401767723","Lehigh","41","Georgetown","0","Lehigh -24","ESPN Bet","47.5","-24","","","",""
"401752762","Mississippi State","21","Georgia","41","Georgia -9.5","DraftKings","56.5","9.5","9.5","","275","-345"
"401752762","Mississippi State","21","Georgia","41","Georgia -9.5","ESPN Bet","56.5","9.5","8.5","57.5","290","-380"
"401752762","Mississippi State","21","Georgia","41","Georgia -9.5","Bovada","56.5","9.5","7.5","57.5","240","-290"
"401767113","Southern Utah","49","Northern Arizona","52","Northern Arizona -3.5","ESPN Bet","55.5","3.5","","","",""
"401767072","Stephen F. Austin","35","Cal Poly","17","Stephen F. Austin -10.5","ESPN Bet","54.5","-10.5","","","",""
"401762860","Miami (OH)","3","Toledo","24","Toledo -6.5","ESPN Bet","44.5","6.5","2.5","","200","-240"
"401762860","Miami (OH)","3","Toledo","24","Toledo -5.5","DraftKings","44.5","5.5","3","","190","-230"
"401762860","Miami (OH)","3","Toledo","24","Toledo -5.5","Bovada","44","5.5","3","44.5","135","-160"
"401767747","Central Connecticut","40","Stonehill","10","Central Connecticut -10","ESPN Bet","41.5","-10","","","",""
"401767146","Campbell","27","William & Mary","30","William & Mary -6.5","ESPN Bet","56.5","6.5","","","",""
"401752945","Tulsa","31","Oregon State","14","Tulsa -1.5","ESPN Bet","50.5","-1.5","-1.5","50.5","-125","105"
"401752945","Tulsa","31","Oregon State","14","Tulsa -1.5","DraftKings","50.5","-1.5","","","-115","-105"
"401752945","Tulsa","31","Oregon State","14","Tulsa -1.0","Bovada","50.5","-1","1","50.5","","-105"
"401767163","Charleston Southern","31","South Carolina State","24","South Carolina State -10.5","ESPN Bet","51.5","10.5","","","",""
"401767546","Youngstown State","30","South Dakota State","35","South Dakota State -15","ESPN Bet","55.5","15","","","",""
"401762857","Western Michigan","17","Ohio","13","Western Michigan -1.5","ESPN Bet","46.5","-1.5","1.5","","-120","-110"
"401762857","Western Michigan","17","Ohio","13","Western Michigan -1.5","DraftKings","47.5","-1.5","2.5","","-120","100"
"401762857","Western Michigan","17","Ohio","13","Western Michigan -1.5","Bovada","47","-1.5","1.5","47.5","105","-125"
"401752868","USC","31","Michigan","13","USC -3","DraftKings","58.5","-3","1.5","","-166","140"
"401752868","USC","31","Michigan","13","USC -3.0","Bovada","58","-3","-2.5","54.5","-125","105"
"401752868","USC","31","Michigan","13","USC -2.5","ESPN Bet","57.5","-2.5","-1.5","57.5","-145","125"
"401756931","Iowa State","27","BYU","41","Iowa State -2.5","DraftKings","48.5","-2.5","1.5","","-142","120"
"401756931","Iowa State","27","BYU","41","Iowa State -2.5","ESPN Bet","49.5","-2.5","-2.5","48.5","-130","110"
"401756931","Iowa State","27","BYU","41","Iowa State -2.5","Bovada","49","-2.5","-2","49","-130","110"
"401762499","North Texas","31","Navy","17","North Texas -6.5","DraftKings","68.5","-6.5","-4.5","","-245","200"
"401762499","North Texas","31","Navy","17","North Texas -6.5","ESPN Bet","68.5","-6.5","-5.5","63.5","-240","200"
"401762499","North Texas","31","Navy","17","North Texas -6.5","Bovada","68.5","-6.5","-6.5","64","-210","175"
"401767705","Princeton","14","Harvard","35","Harvard -17.5","ESPN Bet","53.5","17.5","","","",""
"401761639","Texas State","20","James Madison","52","James Madison -7.5","ESPN Bet","55.5","7.5","6.5","59.5","220","-270"
"401761639","Texas State","20","James Madison","52","James Madison -7.5","Bovada","55","7.5","6","58.5","195","-235"
"401761639","Texas State","20","James Madison","52","James Madison -7","DraftKings","55.5","7","6.5","","235","-290"
"401767315","Grambling","13","Alabama A&M","10","Grambling -3.5","ESPN Bet","56.5","-3.5","","","",""
"401767768","Saint Francis","20","Wagner","23","Wagner -6.5","ESPN Bet","37.5","6.5","","","",""
"401767553","Brown","21","Princeton","40","Brown -3.5","ESPN Bet","51.5","-3.5","","","",""
"401752769","Ole Miss","34","Florida","24","Ole Miss -10.5","DraftKings","53.5","-10.5","-7.5","","-440","340"
"401752769","Ole Miss","34","Florida","24","Ole Miss -10.5","Bovada","53.5","-10.5","-14","53","-750","500"
"401752769","Ole Miss","34","Florida","24","Ole Miss -11.5","ESPN Bet","53.5","-11.5","-13.5","52.5","-460","370"
"401762510","Navy","41","South Florida","38","South Florida -8.5","ESPN Bet","62.5","8.5","10.5","63.5","270","-340"
"401762510","Navy","41","South Florida","38","South Florida -9.5","DraftKings","62.5","9.5","10","","270","-340"
"401762510","Navy","41","South Florida","38","South Florida -8.5","Bovada","63","8.5","10","64.5","295","-390"
"401762858","Central Michigan","38","Buffalo","19","Central Michigan -2.5","ESPN Bet","44.5","-2.5","-2.5","43.5","-130","110"
"401762858","Central Michigan","38","Buffalo","19","Central Michigan -2.5","DraftKings","44.5","-2.5","-2.5","","-135","114"
"401762858","Central Michigan","38","Buffalo","19","Central Michigan -2.0","Bovada","45","-2","-2","43.5","-130","110"
"401762859","Massachusetts","3","Northern Illinois","45","Northern Illinois -8.5","ESPN Bet","43.5","8.5","10.5","42.5","290","-380"
"401762859","Massachusetts","3","Northern Illinois","45","Northern Illinois -9.5","DraftKings","43.5","9.5","11.5","","285","-360"
"401762859","Massachusetts","3","Northern Illinois","45","Northern Illinois -9.5","Bovada","43","9.5","11","43","305","-410"
"401767131","Sacramento State","49","Mercyhurst","28","Sacramento State -21.5","ESPN Bet","57.5","-21.5","","","",""
"401767568","Wofford","31","Furman","13","Wofford -2.5","ESPN Bet","41.5","-2.5","","","",""
"401767240","Incarnate Word","38","Abilene Christian","7","Incarnate Word -2","ESPN Bet","56.5","-2","","","",""
"401767294","Tarleton State","52","Southern Utah","42","Tarleton State -20.5","ESPN Bet","64.5","-20.5","","","",""
"401752901","Indiana","31","Wisconsin","7","Indiana -28.5","DraftKings","43.5","-28.5","-30.5","","-4500","1700"
"401752901","Indiana","31","Wisconsin","7","Indiana -27.5","ESPN Bet","43.5","-27.5","-30.5","43.5","-10000","2500"
"401752901","Indiana","31","Wisconsin","7","Indiana -28.0","Bovada","43.5","-28","-30.5","44.5","",""
"401754595","Miami","41","NC State","7","Miami -16.5","DraftKings","54.5","-16.5","-14.5","","-700","500"
"401754595","Miami","41","NC State","7","Miami -15.5","Bovada","55","-15.5","-14.5","55","-625","430"
"401754595","Miami","41","NC State","7","Miami -16.5","ESPN Bet","54.5","-16.5","-14.5","55.5","-900","550"
"401756952","Oklahoma State","6","Kansas State","14","Kansas State -19.5","ESPN Bet","50.5","19.5","19.5","54.5","800","-1600"
"401756952","Oklahoma State","6","Kansas State","14","Kansas State -19.5","DraftKings","50.5","19.5","20.5","","800","-1350"
"401756952","Oklahoma State","6","Kansas State","14","Kansas State -19.5","Bovada","50","19.5","20","54.5","725","-1300"
"401762856","Akron","35","Kent State","42","Akron -7.5","ESPN Bet","49.5","-7.5","-4.5","","-290","240"
"401762856","Akron","35","Kent State","42","Akron -7.5","DraftKings","49.5","-7.5","-4.5","","-310","250"
"401762856","Akron","35","Kent State","42","Akron -7.5","Bovada","49.5","-7.5","-5","47.5","-220","180"
"401761649","Old Dominion","33","Troy","0","Old Dominion -9.5","ESPN Bet","53.5","-9.5","-10.5","53.5","-400","300"
"401761649","Old Dominion","33","Troy","0","Old Dominion -10.0","Bovada","53","-10","-11.5","53","-450","335"
"401761649","Old Dominion","33","Troy","0","Old Dominion -9.5","DraftKings","53.5","-9.5","-10","","-355","280"
"401756930","Cincinnati","41","Baylor","20","Cincinnati -3.5","DraftKings","68.5","-3.5","-3.5","","-175","145"
"401756930","Cincinnati","41","Baylor","20","Cincinnati -3.5","ESPN Bet","69.5","-3.5","-5.5","66.5","-155","135"
"401756930","Cincinnati","41","Baylor","20","Cincinnati -3.5","Bovada","68.5","-3.5","-5.5","66.5","-220","180"
"401767607","Davidson","28","San Diego","40","San Diego -28.5","ESPN Bet","56.5","28.5","","","",""
"401756944","TCU","17","Iowa State","20","TCU -7.5","DraftKings","58.5","-7.5","-3","","-298","240"
"401756944","TCU","17","Iowa State","20","TCU -7.5","Bovada","58","-7.5","-6.5","57.5","-230","190"
"401756944","TCU","17","Iowa State","20","TCU -7.5","ESPN Bet","58.5","-7.5","-6.5","57.5","-275","225"
"401767239","Abilene Christian","45","Austin Peay","31","Austin Peay -2","ESPN Bet","54.5","2","","","",""
"401752892","Nebraska","17","USC","21","USC -4.5","DraftKings","59.5","4.5","4.5","","154","-185"
"401752892","Nebraska","17","USC","21","USC -4.5","ESPN Bet","58.5","4.5","6.5","58.5","150","-175"
"401752892","Nebraska","17","USC","21","USC -4.5","Bovada","60","4.5","6","58","205","-245"
"401762443","UTSA","48","Tulane","26","Tulane -5.5","ESPN Bet","54.5","5.5","5.5","55.5","190","-225"
"401762443","UTSA","48","Tulane","26","Tulane -6","DraftKings","54.5","6","3.5","","195","-238"
"401762443","UTSA","48","Tulane","26","Tulane -6.0","Bovada","54","6","4","55.5","160","160"
"401767364","Prairie View A&M","28","Alabama State","31","Alabama State -10.5","ESPN Bet","52.5","10.5","","","",""
"401767685","Yale","24","Columbia","10","Yale -21.5","ESPN Bet","46.5","-21.5","","","",""
"401767755","Long Island University","29","Duquesne","11","Duquesne -7","ESPN Bet","43.5","7","","","",""
"401752905","Northwestern","22","Michigan","24","Michigan -10","DraftKings","41.5","10","10","","320","-410"
"401752905","Northwestern","22","Michigan","24","Michigan -10.5","ESPN Bet","42.5","10.5","10.5","40.5","360","-500"
"401752905","Northwestern","22","Michigan","24","Michigan -10.0","Bovada","42","10","10","40.5","375","-525"
"401762497","Rice","14","Memphis","38","Memphis -13.5","ESPN Bet","48.5","13.5","13.5","54.5","450","-700"
"401762497","Rice","14","Memphis","38","Memphis -14.0","Bovada","48","14","14","49.5","450","-650"
"401762497","Rice","14","Memphis","38","Memphis -14","DraftKings","48.5","14","17.5","","490","-675"
"401767704","Harvard","31","Merrimack","7","Harvard -27.5","ESPN Bet","49.5","-27.5","","","",""
"401767198","Eastern Illinois","20","UT Martin","27","UT Martin -4.5","ESPN Bet","50.5","4.5","","","",""
"401767661","Sacred Heart","35","New Haven","20","Sacred Heart -15.5","ESPN Bet","49.5","-15.5","","","",""
"401767219","UT Martin","34","Southeast Missouri State","10","Southeast Missouri State -3","ESPN Bet","56.5","3","","","",""
"401767151","East Tennessee State","26","Elon","16","East Tennessee State -2","ESPN Bet","56.5","-2","","","",""
"401756900","Oklahoma State","12","Tulsa","19","Oklahoma State -10.5","ESPN Bet","54.5","-10.5","-13.5","55.5","-425","320"
"401756900","Oklahoma State","12","Tulsa","19","Oklahoma State -10","DraftKings","54.5","-10","-13.5","","-375","295"
"401756900","Oklahoma State","12","Tulsa","19","Oklahoma State -10.0","Bovada","55","-10","-13.5","56.5","-510","370"
"401767460","Northwestern State","10","East Texas A&M","40","East Texas A&M -7","ESPN Bet","54.5","7","","","",""
"401767262","Monmouth","13","New Hampshire","34","Monmouth -12.5","ESPN Bet","61.5","-12.5","","","",""
"401761634","Georgia State","31","South Alabama","38","South Alabama -5.5","ESPN Bet","54.5","5.5","6.5","53.5","180","-215"
"401761634","Georgia State","31","South Alabama","38","South Alabama -6","DraftKings","53.5","6","6.5","","185","-225"
"401761634","Georgia State","31","South Alabama","38","South Alabama -6.0","Bovada","54","6","6","55.5","190","-230"
"401752942","Wake Forest","13","SMU","12","SMU -5.5","ESPN Bet","52.5","5.5","3.5","56.5","195","-230"
"401752942","Wake Forest","13","SMU","12","SMU -5.5","DraftKings","52.5","5.5","4.5","","180","-218"
"401752942","Wake Forest","13","SMU","12","SMU -5.5","Bovada","53","5.5","3.5","53.5","150","-175"
"401788997","Yale","35","Pennsylvania","13","Yale -6.5","ESPN Bet","53.5","-6.5","","","",""
"401756953","Texas Tech","48","UCF","9","Texas Tech -24.5","ESPN Bet","48.5","-24.5","-23.5","47.5","-3000","1200"
"401756953","Texas Tech","48","UCF","9","Texas Tech -24.5","DraftKings","48.5","-24.5","","47.5","-2800","1300"
"401756953","Texas Tech","48","UCF","9","Texas Tech -24.0","Bovada","48.5","-24","-23.5","48.5","-2500","1000"
"401752906","Illinois","24","Maryland","6","Illinois -15.5","ESPN Bet","51.5","-15.5","-14.5","","-900","550"
"401752906","Illinois","24","Maryland","6","Illinois -16.5","DraftKings","51.5","-16.5","-13.5","","-750","525"
"401752906","Illinois","24","Maryland","6","Illinois -16.5","Bovada","52","-16.5","-14","53.5","-600","425"
"401752772","Texas A&M","31","South Carolina","30","Texas A&M -16.5","ESPN Bet","49.5","-16.5","-17.5","48.5","-800","500"
"401752772","Texas A&M","31","South Carolina","30","Texas A&M -16.5","DraftKings","49.5","-16.5","-18.5","","-900","600"
"401752772","Texas A&M","31","South Carolina","30","Texas A&M -16.5","Bovada","49.5","-16.5","-18.5","48","-1300","725"
"401752907","USC","26","Iowa","21","USC -6.5","ESPN Bet","48.5","-6.5","-6.5","49.5","-230","200"
"401752907","USC","26","Iowa","21","USC -6.5","DraftKings","48.5","-6.5","-6.5","","-230","190"
"401752907","USC","26","Iowa","21","USC -6.5","Bovada","48.5","-6.5","-6.5","49.5","-245","205"
"401752763","Missouri","17","Texas A&M","38","Texas A&M -7","DraftKings","48.5","7","6.5","","215","-265"
"401752763","Missouri","17","Texas A&M","38","Texas A&M -6.5","ESPN Bet","48.5","6.5","4.5","49.5","225","-275"
"401752763","Missouri","17","Texas A&M","38","Texas A&M -7.0","Bovada","48","7","6","49.5","190","-230"
"401756950","BYU","44","TCU","13","BYU -3","DraftKings","51.5","-3","-4.5","","-155","130"
"401756950","BYU","44","TCU","13","BYU -2.5","ESPN Bet","51.5","-2.5","-5.5","51.5","-155","135"
"401756950","BYU","44","TCU","13","BYU -3.0","Bovada","52","-3","-6","52.5","-210","175"
"401767769","Saint Francis","15","Mercyhurst","16","Mercyhurst -10","ESPN Bet","43.5","10","","","",""
"401767385","Arkansas-Pine Bluff","40","Southern","21","Southern -1","ESPN Bet","52.5","1","","","",""
"401767275","North Carolina A&T","9","Towson","62","Towson -7.5","ESPN Bet","49.5","7.5","","","",""
"401752900","Ohio State","48","UCLA","10","Ohio State -33.5","DraftKings","46.5","-33.5","-31.5","","-6500","2000"
"401752900","Ohio State","48","UCLA","10","Ohio State -32.5","ESPN Bet","46.5","-32.5","-30.5","48.5","-20000","3000"
"401752900","Ohio State","48","UCLA","10","Ohio State -33.0","Bovada","46.5","-33","-31.5","48.5","",""
"401756951","Cincinnati","24","Arizona","30","Cincinnati -6.5","ESPN Bet","56.5","-6.5","-5.5","56.5","-210","175"
"401756951","Cincinnati","24","Arizona","30","Cincinnati -5.5","DraftKings","56.5","-5.5","","","-205","170"
"401756951","Cincinnati","24","Arizona","30","Cincinnati -6.0","Bovada","56","-6","-6","56.5","-225","185"
"401767483","Lamar","35","Central Arkansas","32","Lamar -6.5","ESPN Bet","48.5","-6.5","","","",""
"401767381","Texas Southern","51","Arkansas-Pine Bluff","7","Texas Southern -6","ESPN Bet","48.5","-6","","","",""
"401752902","Washington","49","Purdue","13","Washington -14.5","ESPN Bet","51.5","-14.5","-15.5","52.5","-1200","700"
"401752902","Washington","49","Purdue","13","Washington -14.5","DraftKings","51.5","-14.5","-16.5","","-750","525"
"401752902","Washington","49","Purdue","13","Washington -15.5","Bovada","51","-15.5","-16.5","55","-900","575"
"401767505","Southern Illinois","19","North Dakota","38","North Dakota -3","ESPN Bet","59.5","3","","","",""
"401767132","Sacramento State","45","Central Arkansas","16","Sacramento State -15.5","ESPN Bet","59.5","-15.5","","","",""
"401754372","Virginia Tech","42","California","34","Virginia Tech -6.5","ESPN Bet","50.5","-6.5","-2.5","49.5","-230","195"
"401754372","Virginia Tech","42","California","34","Virginia Tech -6.0","Bovada","51","-6","-4.5","49.5","-185","160"
"401754372","Virginia Tech","42","California","34","Virginia Tech -6","DraftKings","50.5","-6","-2.5","","-225","185"
"401779510","Long Island University","38","New Haven","16","Long Island University -10","ESPN Bet","46.5","-10","","","",""
"401756945","Texas Tech","29","BYU","7","Texas Tech -13.5","DraftKings","50.5","-13.5","-8.5","","-500","380"
"401756945","Texas Tech","29","BYU","7","Texas Tech -13.5","ESPN Bet","","-13.5","-10.5","52.5","-500","360"
"401756945","Texas Tech","29","BYU","7","Texas Tech -13.5","Bovada","50","-13.5","-10.5","53.5","-400","300"
"401767160","Weber State","38","Butler","24","Weber State -16","ESPN Bet","53.5","-16","","","",""
"401767641","Presbyterian","42","Stetson","7","Presbyterian -34.5","ESPN Bet","56.5","-34.5","","","",""
"401767523","SE Louisiana","45","UT Rio Grande Valley","31","SE Louisiana -18","ESPN Bet","53.5","-18","","","",""
"401767063","Eastern Washington","35","Portland State","27","Eastern Washington -11","ESPN Bet","59.5","-11","","","",""
"401767136","Bryant","7","Monmouth","35","Monmouth -14","ESPN Bet","59.5","14","","","",""
"401767375","Texas Southern","14","Alcorn State","33","Texas Southern -6.5","ESPN Bet","47.5","-6.5","","","",""
"401752764","Vanderbilt","45","Auburn","38","Vanderbilt -6","DraftKings","46.5","-6","-5.5","","-230","190"
"401752764","Vanderbilt","45","Auburn","38","Vanderbilt -6.0","Bovada","46","-6","-7.5","45.5","-275","225"
"401752764","Vanderbilt","45","Auburn","38","Vanderbilt -5.5","ESPN Bet","46.5","-5.5","-7.5","45.5","-230","195"
"401767623","Marist","17","Drake","31","Drake -12.5","ESPN Bet","47.5","12.5","","","",""
"401752898","Iowa","16","Oregon","18","Oregon -4.5","DraftKings","41.5","4.5","7.5","","164","-198"
"401752898","Iowa","16","Oregon","18","Oregon -4.5","Bovada","41","4.5","6","43.5","190","-230"
"401752898","Iowa","16","Oregon","18","Oregon -4.5","ESPN Bet","42.5","4.5","5.5","43.5","165","-195"
"401767731","Lehigh","38","Holy Cross","3","Lehigh -20","ESPN Bet","45.5","-20","","","",""
"401762506","UAB","24","North Texas","53","North Texas -17.5","ESPN Bet","69.5","17.5","17.5","69.5","600","-1000"
"401762506","UAB","24","North Texas","53","North Texas -17.5","DraftKings","68.5","17.5","19.5","","650","-1000"
"401762506","UAB","24","North Texas","53","North Texas -17.5","Bovada","69","17.5","18","69.5","625","-1000"
"401754596","Wake Forest","28","North Carolina","12","Wake Forest -3.5","ESPN Bet","37.5","-3.5","-6.5","38.5","-170","145"
"401754596","Wake Forest","28","North Carolina","12","Wake Forest -3.5","DraftKings","37.5","-3.5","-5.5","","-175","145"
"401754596","Wake Forest","28","North Carolina","12","Wake Forest -3.5","Bovada","38","-3.5","-6","39.5","-165","140"
"401767157","UC Davis","50","Southern Utah","34","UC Davis -6.5","ESPN Bet","61.5","-6.5","","","",""
"401762468","Charlotte","17","Rice","28","Rice -1.5","ESPN Bet","41.5","1.5","5.5","46.5","110","-130"
"401762468","Charlotte","17","Rice","28","Rice -1.5","DraftKings","42.5","1.5","6.5","","102","-122"
"401762468","Charlotte","17","Rice","28","Rice -2.0","Bovada","42","2","4.5","42.5","180","-220"
"401767417","Prairie View A&M","28","Grambling","13","Grambling -3","ESPN Bet","52.5","3","","","",""
"401767083","Idaho State","38","Montana","42","Montana -13.5","ESPN Bet","62.5","13.5","","","",""
"401767700","Fordham","13","Dartmouth","30","Dartmouth -12.5","ESPN Bet","54.5","12.5","","","",""
"401761635","Old Dominion","24","App State","21","Old Dominion -12.5","ESPN Bet","60.5","-12.5","-13.5","58.5","-550","380"
"401761635","Old Dominion","24","App State","21","Old Dominion -13.5","DraftKings","62.5","-13.5","-13.5","","-500","380"
"401761635","Old Dominion","24","App State","21","Old Dominion -13.5","Bovada","62.5","-13.5","-13","62","-575","400"
"401767668","Bucknell","24","Georgetown","31","Bucknell -1.5","ESPN Bet","57.5","-1.5","","","",""
"401761642","South Alabama","22","Louisiana","31","South Alabama -3.5","DraftKings","52.5","-3.5","-4.5","","-180","150"
"401761642","South Alabama","22","Louisiana","31","South Alabama -3.5","ESPN Bet","52.5","-3.5","-5.5","54.5","-175","150"
"401761642","South Alabama","22","Louisiana","31","South Alabama -3.5","Bovada","53","-3.5","-4","55","-180","155"
"401767391","Bethune-Cookman","42","Mississippi Valley State","34","Bethune-Cookman -22","ESPN Bet","58.5","-22","","","",""
"401767598","Butler","19","Drake","24","Drake -6.5","ESPN Bet","47.5","6.5","","","",""
"401757166","Notre Dame","49","Navy","10","Notre Dame -30.5","DraftKings","54.5","-30.5","-24.5","","-6500","2000"
"401757166","Notre Dame","49","Navy","10","Notre Dame -30.5","Bovada","55","-30.5","-24.5","56.5","-3500","1100"
"401757166","Notre Dame","49","Navy","10","Notre Dame -30.5","ESPN Bet","54.5","-30.5","-24.5","56.5","-7500","2000"
"401767676","Brown","22","Yale","34","Yale -13.5","ESPN Bet","50.5","13.5","","","",""
"401754594","Florida State","34","Virginia Tech","14","Florida State -13.5","ESPN Bet","53.5","-13.5","-10.5","54.5","-700","450"
"401754594","Florida State","34","Virginia Tech","14","Florida State -14.5","DraftKings","55.5","-14.5","-12.5","","-575","425"
"401754594","Florida State","34","Virginia Tech","14","Florida State -14.0","Bovada","55","-14","-11.5","54.5","-575","400"
"401752895","UCLA","21","Nebraska","28","UCLA -1.5","DraftKings","45.5","-1.5","4.5","","-125","105"
"401752895","UCLA","21","Nebraska","28","UCLA -2.0","Bovada","46","-2","-3","44","-150","130"
"401752895","UCLA","21","Nebraska","28","UCLA -2.5","ESPN Bet","45.5","-2.5","-2.5","43.5","-125","105"
"401760408","Hawai'i","38","San Diego State","6","San Diego State -6.5","DraftKings","48.5","6.5","2.5","","210","-258"
"401760408","Hawai'i","38","San Diego State","6","San Diego State -6.5","Bovada","48","6.5","4.5","51.5","175","-210"
"401760408","Hawai'i","38","San Diego State","6","San Diego State -6.5","ESPN Bet","47.5","6.5","5.5","50.5","210","-250"
"401762498","Temple","14","East Carolina","45","East Carolina -5.5","DraftKings","58.5","5.5","4.5","","185","-225"
"401762498","Temple","14","East Carolina","45","East Carolina -5.5","ESPN Bet","58.5","5.5","4.5","57.5","180","-215"
"401762498","Temple","14","East Carolina","45","East Carolina -5.0","Bovada","58","5","4.5","57.5","170","-200"
"401767162","William & Mary","34","Charleston Southern","7","William & Mary -11.5","ESPN Bet","45.5","-11.5","","","",""
"401767513","North Dakota State","38","Youngstown State","30","North Dakota State -26.5","ESPN Bet","60.5","-26.5","","","",""
"401767765","Stonehill","17","Robert Morris","20","Stonehill -6.5","ESPN Bet","40.5","-6.5","","","",""
"401767184","Villanova","56","Hampton","14","Villanova -24.5","ESPN Bet","55.5","-24.5","","","",""
"401767535","Chattanooga","45","Furman","28","Chattanooga -6","ESPN Bet","51.5","-6","","","",""
"401752770","Missouri","49","Mississippi State","27","Missouri -7.5","ESPN Bet","50.5","-7.5","-5.5","51.5","-250","210"
"401752770","Missouri","49","Mississippi State","27","Missouri -7.5","DraftKings","50.5","-7.5","","50.5","-278","225"
"401752770","Missouri","49","Mississippi State","27","Missouri -7.0","Bovada","50","-7","-6.5","51.5","-245","205"
"401767412","East Texas A&M","42","North Carolina Central","50","North Carolina Central -14.5","ESPN Bet","56.5","14.5","","","",""
"401752746","Arkansas","24","Auburn","33","Arkansas -2.5","ESPN Bet","55.5","-2.5","-1.5","","-125","105"
"401752746","Arkansas","24","Auburn","33","Arkansas -2.5","DraftKings","56.5","-2.5","-1.5","","-135","114"
"401752746","Arkansas","24","Auburn","33","Arkansas -2.5","Bovada","56","-2.5","","57","100","-120"
"401767176","Maine","35","Elon","14","Elon -4.5","ESPN Bet","49.5","4.5","","","",""
"401767422","Southern","13","Jackson State","38","Jackson State -9.5","ESPN Bet","50.5","9.5","","","",""
"401767271","New Hampshire","34","William & Mary","24","New Hampshire -1.5","ESPN Bet","48.5","-1.5","","","",""
"401762849","Bowling Green","3","Buffalo","28","Bowling Green -2.5","DraftKings","44.5","-2.5","-1.5","","-130","110"
"401762849","Bowling Green","3","Buffalo","28","Bowling Green -2.5","ESPN Bet","44.5","-2.5","-2.5","43.5","-145","125"
"401762849","Bowling Green","3","Buffalo","28","Bowling Green -2.5","Bovada","44","-2.5","-2","43.5","-125","105"
"401767606","Drake","45","Davidson","0","Drake -33.5","ESPN Bet","58.5","-33.5","","","",""
"401760376","Miami (OH)","38","UNLV","41","UNLV -2.5","DraftKings","49.5","2.5","5.5","","110","-130"
"401760376","Miami (OH)","38","UNLV","41","UNLV -1.5","ESPN Bet","49.5","1.5","3.5","","110","-130"
"401760376","Miami (OH)","38","UNLV","41","UNLV -1.5","Bovada","49","1.5","3.5","48.5","145","-170"
"401767335","William & Mary","37","UAlbany","7","William & Mary -19","ESPN Bet","50.5","-19","","","",""
"401767608","Morehead State","28","Davidson","24","Morehead State -10.5","ESPN Bet","58.5","-10.5","","","",""
"401767766","Robert Morris","20","Wagner","24","Robert Morris -2.5","ESPN Bet","37.5","-2.5","","","",""
"401761650","Georgia Southern","45","Coastal Carolina","40","Georgia Southern -3","DraftKings","59.5","-3","-1.5","","-155","130"
"401761650","Georgia Southern","45","Coastal Carolina","40","Georgia Southern -3.0","Bovada","59.5","-3","-3","58","-135","115"
"401761650","Georgia Southern","45","Coastal Carolina","40","Georgia Southern -3.5","ESPN Bet","58.5","-3.5","-2.5","57.5","-150","130"
"401767675","Fordham","6","Lehigh","27","Lehigh -24.5","ESPN Bet","51.5","24.5","","","",""
"401754583","Boston College","10","Notre Dame","25","Notre Dame -31.5","DraftKings","55.5","31.5","27.5","","2000","-6500"
"401754583","Boston College","10","Notre Dame","25","Notre Dame -30.5","ESPN Bet","55.5","30.5","29.5","","3000","-20000"
"401754583","Boston College","10","Notre Dame","25","Notre Dame -31.0","Bovada","55","31","28.5","57.5","",""
"401767355","Howard","14","North Carolina Central","35","North Carolina Central -15","ESPN Bet","51.5","15","","","",""
"401767642","Presbyterian","43","Valparaiso","14","Presbyterian -31.5","ESPN Bet","51.5","-31.5","","","",""
"401767624","Drake","13","St. Thomas (MN)","20","Drake -2.5","ESPN Bet","47.5","-2.5","","","",""
"401762469","Army","38","North Texas","45","North Texas -2.5","DraftKings","50.5","2.5","-1.5","","120","-142"
"401762469","Army","38","North Texas","45","North Texas -2.5","ESPN Bet","50.5","2.5","-1.5","53.5","115","-135"
"401762469","Army","38","North Texas","45","North Texas -2.5","Bovada","51","2.5","1","52","-110","-110"
"401767197","Southeast Missouri State","42","Eastern Illinois","13","Southeast Missouri State -7.5","ESPN Bet","52.5","-7.5","","","",""
"401767370","Alcorn State","20","Arkansas-Pine Bluff","24","Arkansas-Pine Bluff -7","ESPN Bet","50.5","7","","","",""
"401757174","UConn","26","Air Force","16","UConn -7.5","DraftKings","64.5","-7.5","-7","","-305","245"
"401757174","UConn","26","Air Force","16","UConn -7.5","ESPN Bet","64.5","-7.5","-8.5","63.5","-290","240"
"401757174","UConn","26","Air Force","16","UConn -7.5","Bovada","64.5","-7.5","-8","63.5","-320","260"
"401754574","Pittsburgh","53","NC State","34","Pittsburgh -5.5","ESPN Bet","52.5","-5.5","-7.5","55.5","-190","160"
"401754574","Pittsburgh","53","NC State","34","Pittsburgh -4.5","DraftKings","52.5","-4.5","-7.5","","-205","170"
"401754574","Pittsburgh","53","NC State","34","Pittsburgh -5.0","Bovada","53","-5","-8.5","58.5","-310","255"
"401762507","Charlotte","7","UTSA","28","UTSA -16.5","DraftKings","57.5","16.5","18.5","","525","-750"
"401762507","Charlotte","7","UTSA","28","UTSA -17.0","Bovada","57.5","17","18","61","625","-1000"
"401762507","Charlotte","7","UTSA","28","UTSA -17.5","ESPN Bet","57.5","17.5","17.5","60.5","550","-900"
"401754578","Florida State","42","Wake Forest","7","Florida State -12.5","DraftKings","50.5","-12.5","-7","","-440","340"
"401754578","Florida State","42","Wake Forest","7","Florida State -12.5","ESPN Bet","50.5","-12.5","-8.5","52.5","-425","320"
"401754578","Florida State","42","Wake Forest","7","Florida State -13.0","Bovada","51","-13","-7.5","52","-290","240"
"401767618","San Diego","31","Dayton","13","San Diego -3.5","ESPN Bet","48.5","-3.5","","","",""
"401767693","Cornell","20","Princeton","17","Princeton -3.5","ESPN Bet","50.5","3.5","","","",""
"401767186","Hampton","7","Maine","35","Maine -14.5","ESPN Bet","50.5","14.5","","","",""
"401761610","Eastern Michigan","34","Louisiana","31","Louisiana -2.5","DraftKings","51.5","2.5","6.5","","114","-135"
"401761610","Eastern Michigan","34","Louisiana","31","Louisiana -2.5","Bovada","51","2.5","3","52","140","-165"
"401761610","Eastern Michigan","34","Louisiana","31","Louisiana -1.5","ESPN Bet","51.5","1.5","2.5","51.5","120","-140"
"401767692","Cornell","30","Bucknell","20","Cornell -4","ESPN Bet","60.5","-4","","","",""
"401767491","Stephen F. Austin","34","McNeese","17","Stephen F. Austin -13.5","ESPN Bet","55.5","-13.5","","","",""
"401767638","Valparaiso","13","Morehead State","17","Morehead State -6.5","ESPN Bet","48.5","6.5","","","",""
"401754580","Virginia Tech","16","Louisville","28","Louisville -10.5","DraftKings","52.5","10.5","11.5","","310","-395"
"401754580","Virginia Tech","16","Louisville","28","Louisville -10.5","ESPN Bet","52.5","10.5","10.5","53.5","300","-400"
"401754580","Virginia Tech","16","Louisville","28","Louisville -10.5","Bovada","52.5","10.5","10","54","295","-390"
"401767205","Tennessee Tech","27","Gardner-Webb","21","Tennessee Tech -19","ESPN Bet","62.5","-19","","","",""
"401767473","Nicholls","31","Houston Christian","7","Nicholls -11.5","ESPN Bet","41.5","-11.5","","","",""
"401767293","Southern Utah","24","West Georgia","27","West Georgia -1","ESPN Bet","59.5","1","","","",""
"401754640","UCF","34","North Carolina","9","UCF -7","DraftKings","46.5","-7","-3.5","","-245","200"
"401754640","UCF","34","North Carolina","9","UCF -7.0","Bovada","47","-7","-6.5","50","-240","200"
"401754640","UCF","34","North Carolina","9","UCF -7.5","ESPN Bet","45.5","-7.5","-6.5","50.5","-270","220"
"401769849","Lafayette","59","Colgate","42","Lafayette -6.5","ESPN Bet","58.5","-6.5","","","",""
"401762844","Buffalo","16","Akron","24","Buffalo -10","DraftKings","48.5","-10","-10","","-395","310"
"401762844","Buffalo","16","Akron","24","Buffalo -10.5","ESPN Bet","48.5","-10.5","-10.5","47.5","-400","300"
"401762844","Buffalo","16","Akron","24","Buffalo -10.0","Bovada","49","-10","-11","47.5","-415","310"
"401767261","Monmouth","49","Stony Brook","21","Monmouth -9","ESPN Bet","73.5","-9","","","",""
"401767650","Stetson","10","St. Thomas (MN)","52","St. Thomas (MN) -25.5","ESPN Bet","54.5","25.5","","","",""
"401761651","Georgia State","18","Marshall","30","Marshall -9.5","DraftKings","59.5","9.5","5.5","","270","-340"
"401761651","Georgia State","18","Marshall","30","Marshall -9.5","Bovada","60.5","9.5","6.5","63.5","220","-270"
"401761651","Georgia State","18","Marshall","30","Marshall -9.5","ESPN Bet","59.5","9.5","6.5","62.5","280","-360"
"401752860","Nebraska","38","Michigan State","27","Nebraska -12.5","DraftKings","48.5","-12.5","-10","","-485","370"
"401752860","Nebraska","38","Michigan State","27","Nebraska -13.5","Bovada","48.5","-13.5","-10.5","53.5","-410","305"
"401752860","Nebraska","38","Michigan State","27","Nebraska -12.5","ESPN Bet","49.5","-12.5","-10.5","53.5","-550","380"
"401754551","California","21","Duke","45","Duke -3.5","DraftKings","54.5","3.5","1.5","","145","-175"
"401754551","California","21","Duke","45","Duke -3.5","Bovada","54.5","3.5","3","56","125","-145"
"401754551","California","21","Duke","45","Duke -3.5","ESPN Bet","55.5","3.5","3.5","56.5","140","-165"
"401761652","James Madison","58","App State","10","James Madison -21","DraftKings","53.5","-21","-19.5","","-1800","1000"
"401761652","James Madison","58","App State","10","James Madison -21.5","Bovada","53.5","-21.5","-19.5","54","-1500","775"
"401761652","James Madison","58","App State","10","James Madison -19.5","ESPN Bet","54.5","-19.5","-19.5","53.5","-2000","1000"
"401752890","Michigan","21","Purdue","16","Michigan -21","DraftKings","48.5","-21","-20.5","","-1800","1000"
"401752890","Michigan","21","Purdue","16","Michigan -22.5","ESPN Bet","48.5","-22.5","-21.5","50.5","-2000","1000"
"401752890","Michigan","21","Purdue","16","Michigan -21.0","Bovada","49","-21","-21","51.5","-2000","950"
"401754542","Georgia Tech","45","Temple","24","Georgia Tech -24.5","DraftKings","52.5","-24.5","-24.5","","-2400","1200"
"401754542","Georgia Tech","45","Temple","24","Georgia Tech -24.5","Bovada","53.5","-24.5","-24","53.5","-2500","1000"
"401754542","Georgia Tech","45","Temple","24","Georgia Tech -24.5","ESPN Bet","52.5","-24.5","-23.5","53.5","-3000","1200"
"401767066","Eastern Washington","13","Sacramento State","35","Sacramento State -8.5","ESPN Bet","59.5","8.5","","","",""
"401767730","Holy Cross","13","Lafayette","21","Lafayette -3","ESPN Bet","49.5","3","","","",""
"401767199","Eastern Illinois","9","Tennessee Tech","21","Tennessee Tech -24.5","ESPN Bet","52.5","24.5","","","",""
"401756935","West Virginia","17","TCU","23","TCU -16.5","DraftKings","55.5","16.5","14.5","","525","-750"
"401756935","West Virginia","17","TCU","23","TCU -16.5","ESPN Bet","55.5","16.5","14.5","55.5","450","-700"
"401756935","West Virginia","17","TCU","23","TCU -16.5","Bovada","55.5","16.5","15","57","460","-675"
"401767035","Rhode Island","38","Bryant","17","Rhode Island -18.5","ESPN Bet","","-18.5","","","",""
"401767722","Georgetown","21","Colgate","17","Colgate -7","ESPN Bet","55.5","7","","","",""
"401762847","Central Michigan","38","Massachusetts","13","Central Michigan -16.5","DraftKings","46.5","-16.5","-16.5","","-800","550"
"401762847","Central Michigan","38","Massachusetts","13","Central Michigan -16.5","Bovada","46.5","-16.5","-16","47","-700","475"
"401762847","Central Michigan","38","Massachusetts","13","Central Michigan -17.5","ESPN Bet","46.5","-17.5","-16.5","46.5","-900","550"
"401767145","North Carolina A&T","28","Campbell","24","Campbell -3","ESPN Bet","55.5","3","","","",""
"401752891","Illinois","35","Rutgers","13","Illinois -13.5","DraftKings","63.5","-13.5","-10.5","","-500","380"
"401752891","Illinois","35","Rutgers","13","Illinois -12.5","ESPN Bet","63.5","-12.5","-13.5","62.5","-500","360"
"401752891","Illinois","35","Rutgers","13","Illinois -13.0","Bovada","63.5","-13","-13","63.5","-470","345"
"401767193","Maine","28","Stony Brook","21","Maine -1","ESPN Bet","46.5","-1","","","",""
"401767086","UC Davis","36","Idaho State","38","UC Davis -11.5","ESPN Bet","64.5","-11.5","","","",""
"401767440","Illinois State","35","Youngstown State","40","Illinois State -2","ESPN Bet","56.5","-2","","","",""
"401767609","Davidson","14","Presbyterian","13","Presbyterian -22.5","ESPN Bet","57.5","22.5","","","",""
"401767073","Sacramento State","24","Cal Poly","32","Sacramento State -18","ESPN Bet","57.5","-18","","","",""
"401754642","Louisville","40","Bowling Green","17","Louisville -26.5","DraftKings","50.5","-26.5","-27.5","","-4000","1600"
"401754642","Louisville","40","Bowling Green","17","Louisville -26.5","Bovada","51","-26.5","-27","52","-6500","1300"
"401754642","Louisville","40","Bowling Green","17","Louisville -25.5","ESPN Bet","50.5","-25.5","-27.5","52.5","-5000","1500"
"401762508","East Carolina","31","Memphis","27","East Carolina -3","DraftKings","56.5","-3","-2.5","","-148","124"
"401762508","East Carolina","31","Memphis","27","East Carolina -3.0","Bovada","57","-3","-3","60.5","-145","125"
"401762508","East Carolina","31","Memphis","27","East Carolina -2.5","ESPN Bet","57.5","-2.5","-2.5","60.5","-150","130"
"401769068","Colgate","23","Merrimack","20","Colgate -7","ESPN Bet","47.5","-7","","","",""
"401767534","Chattanooga","28","Western Carolina","35","Western Carolina -3.5","ESPN Bet","62.5","3.5","","","",""
"401767703","Dartmouth","20","Princeton","17","Dartmouth -10.5","ESPN Bet","49.5","-10.5","","","",""
"401754554","Louisville","27","Virginia","30","Louisville -6.5","DraftKings","59.5","-6.5","-7.5","","-250","205"
"401754554","Louisville","27","Virginia","30","Louisville -6.5","Bovada","60","-6.5","-6","61.5","-225","185"
"401754554","Louisville","27","Virginia","30","Louisville -6.5","ESPN Bet","61.5","-6.5","-6.5","62.5","-215","180"
"401754592","Boston College","34","Georgia Tech","36","Georgia Tech -16.5","DraftKings","61.5","16.5","16.5","","575","-850"
"401754592","Boston College","34","Georgia Tech","36","Georgia Tech -16.5","Bovada","61","16.5","16.5","58","550","-850"
"401754592","Boston College","34","Georgia Tech","36","Georgia Tech -16.5","ESPN Bet","61.5","16.5","16.5","57.5","570","-800"
"401756898","East Carolina","13","BYU","34","BYU -6.5","DraftKings","49.5","6.5","9.5","","200","-245"
"401756898","East Carolina","13","BYU","34","BYU -6.5","Bovada","50","6.5","7","49.5","195","-235"
"401756898","East Carolina","13","BYU","34","BYU -5.5","ESPN Bet","49.5","5.5","7.5","48.5","200","-240"
"401762861","Ball State","9","Eastern Michigan","24","Eastern Michigan -2.5","DraftKings","48.5","2.5","3","","120","-142"
"401762861","Ball State","9","Eastern Michigan","24","Eastern Michigan -3.0","Bovada","49","3","3","50.5","115","-135"
"401762861","Ball State","9","Eastern Michigan","24","Eastern Michigan -2.5","ESPN Bet","48.5","2.5","2.5","49.5","125","-145"
"401767203","Gardner-Webb","7","UT Martin","37","Gardner-Webb -8","ESPN Bet","55.5","-8","","","",""
"401752888","Minnesota","23","Michigan State","20","Minnesota -4.5","DraftKings","44.5","-4.5","-5.5","","-198","164"
"401752888","Minnesota","23","Michigan State","20","Minnesota -5.5","ESPN Bet","44.5","-5.5","-5.5","44.5","-200","170"
"401752888","Minnesota","23","Michigan State","20","Minnesota -3.5","Bovada","44.5","-3.5","-4","43.5","-165","140"
"401757172","Rice","37","UConn","34","UConn -10.5","DraftKings","48.5","10.5","9.5","","295","-375"
"401757172","Rice","37","UConn","34","UConn -9.5","ESPN Bet","48.5","9.5","9.5","48.5","300","-400"
"401757172","Rice","37","UConn","34","UConn -10.0","Bovada","48.5","10","10","48.5","290","-380"
"401767729","Holy Cross","28","Colgate","29","Holy Cross -3","ESPN Bet","51.5","-3","","","",""
"401767345","North Carolina Central","26","Delaware State","35","North Carolina Central -18","ESPN Bet","63.5","-18","","","",""
"401756912","Cincinnati","38","Iowa State","30","Cincinnati -1.5","DraftKings","55.5","-1.5","3.5","","-125","105"
"401756912","Cincinnati","38","Iowa State","30","Cincinnati -2.0","Bovada","55.5","-2","-1.5","51.5","-115","-105"
"401756912","Cincinnati","38","Iowa State","30","Cincinnati -1.5","ESPN Bet","55.5","-1.5","-1.5","51.5","-125","105"
"401767581","VMI","22","Samford","24","Samford -3.5","ESPN Bet","53.5","3.5","","","",""
"401752903","Michigan State","10","Penn State","28","Penn State -7","DraftKings","48.5","7","7.5","","210","-258"
"401752903","Michigan State","10","Penn State","28","Penn State -7.0","Bovada","49","7","7","50.5","205","-245"
"401752903","Michigan State","10","Penn State","28","Penn State -6.5","ESPN Bet","49.5","6.5","7.5","48.5","215","-260"
"401754537","Clemson","21","Syracuse","34","Clemson -17.5","DraftKings","53.5","-17.5","-17.5","","-850","575"
"401754537","Clemson","21","Syracuse","34","Clemson -17.5","Bovada","54.5","-17.5","-17","55","-850","550"
"401754537","Clemson","21","Syracuse","34","Clemson -17.5","ESPN Bet","53.5","-17.5","-16.5","54.5","-900","550"
"401762850","Western Michigan","24","Central Michigan","21","Western Michigan -6","DraftKings","43.5","-6","-6","","-205","170"
"401762850","Western Michigan","24","Central Michigan","21","Western Michigan -5.5","ESPN Bet","43.5","-5.5","-6.5","41.5","-200","170"
"401762850","Western Michigan","24","Central Michigan","21","Western Michigan -5.5","Bovada","43","-5.5","-5.5","41.5","-185","160"
"401767288","Utah Tech","34","North Alabama","33","Utah Tech -3.5","ESPN Bet","54.5","-3.5","","","",""
"401767582","Wofford","26","Samford","16","Wofford -12.5","ESPN Bet","47.5","-12.5","","","",""
"401767443","Indiana State","20","Illinois State","52","Illinois State -10.5","ESPN Bet","58.5","10.5","","","",""
"401767221","Tennessee Tech","42","Southeast Missouri State","23","Tennessee Tech -21.5","ESPN Bet","60.5","-21.5","","","",""
"401767683","Columbia","21","Pennsylvania","35","Pennsylvania -7.5","ESPN Bet","46.5","7.5","","","",""
"401760381","Navy","34","Air Force","31","Navy -13.5","DraftKings","50.5","-13.5","-11.5","","-520","390"
"401760381","Navy","34","Air Force","31","Navy -13.5","ESPN Bet","51.5","-13.5","-12.5","","-500","360"
"401760381","Navy","34","Air Force","31","Navy -13.5","Bovada","51","-13.5","-10","49","-370","285"
"401756939","Iowa State","19","Arizona State","24","Iowa State -7.5","DraftKings","48.5","-7.5","-3","","-290","235"
"401756939","Iowa State","19","Arizona State","24","Iowa State -8.5","ESPN Bet","48.5","-8.5","-3.5","50.5","-290","240"
"401756939","Iowa State","19","Arizona State","24","Iowa State -7.5","Bovada","48.5","-7.5","-4","50.5","-220","180"
"401761613","Buffalo","17","Troy","21","Buffalo -5.5","DraftKings","43.5","-5.5","-1.5","","-225","185"
"401761613","Buffalo","17","Troy","21","Buffalo -5.5","Bovada","44","-5.5","-7","43.5","-230","190"
"401761613","Buffalo","17","Troy","21","Buffalo -6.5","ESPN Bet","43.5","-6.5","-6.5","42.5","-210","175"
"401767631","St. Thomas (MN)","45","Marist","0","St. Thomas (MN) -14","ESPN Bet","50.5","-14","","","",""
"401767244","Abilene Christian","31","Tarleton State","28","Tarleton State -13.5","ESPN Bet","60.5","13.5","","","",""
"401767632","Marist","41","Stetson","13","Marist -12.5","ESPN Bet","47.5","-12.5","","","",""
"401767091","Montana","41","Idaho","30","Montana -7.5","ESPN Bet","55.5","-7.5","","","",""
"401754541","Florida State","66","Kent State","10","Florida State -44.5","DraftKings","56.5","-44.5","-45.5","","",""
"401754541","Florida State","66","Kent State","10","Florida State -45.0","Bovada","56","-45","-43.5","56","",""
"401754541","Florida State","66","Kent State","10","Florida State -45.5","ESPN Bet","56.5","-45.5","-42.5","55.5","",""
"401767649","St. Thomas (MN)","55","Valparaiso","17","St. Thomas (MN) -27.5","ESPN Bet","48.5","-27.5","","","",""
"401767554","Cornell","30","Brown","24","Brown -2.5","ESPN Bet","50.5","2.5","","","",""
"401757173","UConn","38","UAB","19","UConn -10","DraftKings","61.5","-10","-12.5","","-375","295"
"401757173","UConn","38","UAB","19","UConn -10.5","ESPN Bet","61.5","-10.5","-11.5","64.5","-380","290"
"401757173","UConn","38","UAB","19","UConn -10.5","Bovada","61.5","-10.5","-11.5","64","-470","345"
"401767213","Tennessee State","13","Lindenwood","35","Lindenwood -3.5","ESPN Bet","47.5","3.5","","","",""
"401767506","South Dakota","26","North Dakota","21","North Dakota -13.5","ESPN Bet","51.5","13.5","","","",""
"401767694","Pennsylvania","17","Cornell","39","Pennsylvania -8","ESPN Bet","50.5","-8","","","",""
"401756936","Baylor","30","UCF","3","Baylor -3","DraftKings","58.5","-3","-4.5","","-155","130"
"401756936","Baylor","30","UCF","3","Baylor -3.5","ESPN Bet","58.5","-3.5","-4.5","60.5","-155","135"
"401756936","Baylor","30","UCF","3","Baylor -3.0","Bovada","58.5","-3","-4.5","60.5","-210","-195"
"401762820","Western Michigan","14","Toledo","13","Toledo -13.5","DraftKings","48.5","13.5","11.5","","380","-500"
"401762820","Western Michigan","14","Toledo","13","Toledo -13.0","Bovada","48.5","13","13","51.5","430","-625"
"401762820","Western Michigan","14","Toledo","13","Toledo -11.5","ESPN Bet","48.5","11.5","13.5","52.5","380","-550"
"401767499","Murray State","7","Southern Illinois","27","Southern Illinois -24.5","ESPN Bet","58.5","24.5","","","",""
"401767570","Furman","28","Mercer","52","Mercer -15.5","ESPN Bet","52.5","15.5","","","",""
"401767599","Morehead State","31","Butler","30","Butler -12.5","ESPN Bet","47.5","12.5","","","",""
"401754570","Louisville","38","Boston College","24","Louisville -25.5","DraftKings","54.5","-25.5","-22.5","","-2800","1300"
"401754570","Louisville","38","Boston College","24","Louisville -25.5","ESPN Bet","54.5","-25.5","-24.5","55.5","-4000","1500"
"401754570","Louisville","38","Boston College","24","Louisville -25.5","Bovada","54.5","-25.5","-24.5","55.5","-2800","1100"
"401767158","UC Davis","34","Weber State","12","UC Davis -16.5","ESPN Bet","63.5","-16.5","","","",""
"401767569","Furman","24","The Citadel","14","Furman -2.5","ESPN Bet","47.5","-2.5","","","",""
"401767630","Morehead State","23","Marist","21","Marist -8.5","ESPN Bet","46.5","8.5","","","",""
"401767532","Chattanooga","42","East Tennessee State","38","East Tennessee State -4.5","ESPN Bet","52.5","4.5","","","",""
"401754538","Duke","45","NC State","33","Duke -3","DraftKings","57.5","-3","-3","","-155","130"
"401754538","Duke","45","NC State","33","Duke -3.0","Bovada","57","-3","-2.5","59.5","-130","110"
"401754538","Duke","45","NC State","33","Duke -3.5","ESPN Bet","57.5","-3.5","-2.5","58.5","-150","130"
"401762475","South Florida","54","Charlotte","26","South Florida -28.5","ESPN Bet","54.5","-28.5","-28.5","","-5000","1500"
"401762475","South Florida","54","Charlotte","26","South Florida -27.5","DraftKings","54.5","-27.5","-26.5","","-5000","1800"
"401762475","South Florida","54","Charlotte","26","South Florida -28.0","Bovada","55.5","-28","-27.5","55","-6500","1300"
"401752943","Oregon State","10","Washington State","7","Washington State -3.5","DraftKings","47.5","3.5","3","","142","-170"
"401752943","Oregon State","10","Washington State","7","Washington State -3.5","ESPN Bet","47.5","3.5","3.5","49.5","135","-155"
"401752943","Oregon State","10","Washington State","7","Washington State -3.0","Bovada","47.5","3","4.5","49.5","160","-185"
"401767716","Richmond","17","Fordham","14","Richmond -13.5","ESPN Bet","48.5","-13.5","","","",""
"401767282","Central Arkansas","13","Eastern Kentucky","34","Central Arkansas -6.5","ESPN Bet","52.5","-6.5","","","",""
"401767646","Valparaiso","27","San Diego","43","San Diego -23.5","ESPN Bet","48.5","23.5","","","",""
"401754572","Miami","42","Stanford","7","Miami -28.5","DraftKings","45.5","-28.5","-30.5","","",""
"401754572","Miami","42","Stanford","7","Miami -28.5","ESPN Bet","45.5","-28.5","-29.5","48.5","",""
"401754572","Miami","42","Stanford","7","Miami -30.0","Bovada","46","-30","-30","48.5","",""
"401752883","Nebraska","28","Northwestern","21","Nebraska -7.5","ESPN Bet","44.5","-7.5","-9.5","43.5","-270","220"
"401752883","Nebraska","28","Northwestern","21","Nebraska -7","DraftKings","44.5","-7","-8.5","","-278","225"
"401752883","Nebraska","28","Northwestern","21","Nebraska -7.0","Bovada","44.5","-7","-7.5","44","-285","235"
"401767167","Charleston Southern","17","Eastern Illinois","16","Charleston Southern -3","ESPN Bet","46.5","-3","","","",""
"401761654","Southern Miss","14","Texas State","41","Southern Miss -3","DraftKings","65.5","-3","-6.5","","-162","136"
"401761654","Southern Miss","14","Texas State","41","Southern Miss -3.0","Bovada","66","-3","-6.5","65","-225","185"
"401761654","Southern Miss","14","Texas State","41","Southern Miss -3.5","ESPN Bet","65.5","-3.5","-6.5","64.5","-155","135"
"401752715","Tennessee","56","UAB","24","Tennessee -39.5","DraftKings","69.5","-39.5","-41.5","","",""
"401752715","Tennessee","56","UAB","24","Tennessee -39.0","Bovada","68.5","-39","-38","67","",""
"401752715","Tennessee","56","UAB","24","Tennessee -38.5","ESPN Bet","68.5","-38.5","-37.5","68.5","",""
"401762846","Kent State","24","Bowling Green","21","Bowling Green -7.5","DraftKings","47.5","7.5","10","","250","-310"
"401762846","Kent State","24","Bowling Green","21","Bowling Green -7.5","ESPN Bet","46.5","7.5","8.5","50.5","280","-360"
"401762846","Kent State","24","Bowling Green","21","Bowling Green -7.5","Bovada","48","7.5","8.5","51","260","-320"
"401767441","South Dakota","13","Illinois State","21","South Dakota -3.5","ESPN Bet","54.5","-3.5","","","",""
"401767497","Murray State","14","South Dakota State","35","South Dakota State -37.5","ESPN Bet","56.5","37.5","","","",""
"401756909","BYU","38","West Virginia","24","BYU -19.5","ESPN Bet","46.5","-19.5","-20.5","49.5","-1400","750"
"401756909","BYU","38","West Virginia","24","BYU -19.5","DraftKings","46.5","-19.5","-18.5","","-1450","850"
"401756909","BYU","38","West Virginia","24","BYU -20.0","Bovada","47","-20","-19.5","48","-1200","700"
"401757300","Sam Houston","26","Delaware","23","Delaware -11.5","DraftKings","56.5","11.5","7","","350","-455"
"401757300","Sam Houston","26","Delaware","23","Delaware -11.5","Bovada","56","11.5","8.5","56.5","270","-340"
"401757300","Sam Houston","26","Delaware","23","Delaware -13.5","ESPN Bet","56.5","13.5","8.5","56.5","380","-550"
"401760402","Boise State","7","Fresno State","30","Boise State -17.5","DraftKings","47.5","-17.5","-17.5","","-1000","650"
"401760402","Boise State","7","Fresno State","30","Boise State -17.5","ESPN Bet","47.5","-17.5","-17.5","51.5","-1400","750"
"401760402","Boise State","7","Fresno State","30","Boise State -17.5","Bovada","48","-17.5","-18.5","51","-1100","650"
"401767076","Cal Poly","35","Portland State","40","Cal Poly -18","ESPN Bet","54.5","-18","","","",""
"401767109","Northern Colorado","7","Montana State","55","Montana State -23.5","ESPN Bet","52.5","23.5","","","",""
"401767137","UAlbany","24","Bryant","27","Bryant -3.5","ESPN Bet","44.5","3.5","","","",""
"401761611","South Alabama","20","Coastal Carolina","38","South Alabama -14.5","DraftKings","51.5","-14.5","-14","","-675","490"
"401761611","South Alabama","20","Coastal Carolina","38","South Alabama -15.0","Bovada","51.5","-15","-14.5","51.5","-625","430"
"401761611","South Alabama","20","Coastal Carolina","38","South Alabama -14.5","ESPN Bet","52.5","-14.5","-14.5","51.5","-700","450"
"401757275","New Mexico State","37","Sam Houston","10","Sam Houston -1.5","ESPN Bet","53.5","1.5","","51.5","105","-120"
"401757275","New Mexico State","37","Sam Houston","10","Sam Houston -2.5","DraftKings","52.5","2.5","2.5","","110","-130"
"401757275","New Mexico State","37","Sam Houston","10","Sam Houston -2.0","Bovada","52","2","1.5","53","100","-120"
"401767728","Richmond","22","Holy Cross","28","Richmond -5.5","ESPN Bet","42.5","-5.5","","","",""
"401767498","Youngstown State","51","Murray State","17","Youngstown State -24.5","ESPN Bet","","-24.5","","","",""
"401767464","SE Louisiana","59","East Texas A&M","14","SE Louisiana -17.5","ESPN Bet","55.5","-17.5","","","",""
"401767585","The Citadel","35","VMI","24","The Citadel -14","ESPN Bet","48.5","-14","","","",""
"401756897","Colorado","37","Wyoming","20","Colorado -12.5","DraftKings","45.5","-12.5","-15.5","","-470","360"
"401756897","Colorado","37","Wyoming","20","Colorado -12.0","Bovada","46","-12","-13.5","44","-550","390"
"401756897","Colorado","37","Wyoming","20","Colorado -12.5","ESPN Bet","45.5","-12.5","-13.5","43.5","-450","340"
"401760373","Colorado State","16","UTSA","17","UTSA -4.5","DraftKings","58.5","4.5","4.5","","180","-218"
"401760373","Colorado State","16","UTSA","17","UTSA -5.0","Bovada","58.5","5","4","58","160","-185"
"401760373","Colorado State","16","UTSA","17","UTSA -5.5","ESPN Bet","58.5","5.5","3.5","58.5","180","-215"
"401754550","Pittsburgh","48","Boston College","7","Pittsburgh -6.5","ESPN Bet","54.5","-6.5","-4.5","54.5","-250","210"
"401754550","Pittsburgh","48","Boston College","7","Pittsburgh -7","DraftKings","54.5","-7","-4.5","","-250","205"
"401754550","Pittsburgh","48","Boston College","7","Pittsburgh -6.5","Bovada","55","-6.5","-6","57.5","-240","200"
"401756938","Houston","35","West Virginia","45","Houston -13.5","DraftKings","48.5","-13.5","-15.5","","-575","425"
"401756938","Houston","35","West Virginia","45","Houston -12.5","ESPN Bet","49.5","-12.5","-15.5","49.5","-650","425"
"401756938","Houston","35","West Virginia","45","Houston -13.0","Bovada","48.5","-13","-14.5","49.5","-650","450"
"401767168","Southeast Missouri State","17","Charleston Southern","23","Southeast Missouri State -10.5","ESPN Bet","50.5","-10.5","","","",""
"401767494","McNeese","50","Northwestern State","3","McNeese -16.5","ESPN Bet","48.5","-16.5","","","",""
"401767330","Towson","10","Villanova","28","Villanova -3.5","ESPN Bet","51.5","3.5","","","",""
"401762845","Northern Illinois","21","Ball State","7","Northern Illinois -6.5","DraftKings","41.5","-6.5","-6","","-250","205"
"401762845","Northern Illinois","21","Ball State","7","Northern Illinois -6.5","ESPN Bet","42.5","-6.5","-4.5","41.5","-240","200"
"401762845","Northern Illinois","21","Ball State","7","Northern Illinois -6.5","Bovada","42","-6.5","-5","41.5","-220","180"
"401767538","Northern Iowa","14","South Dakota","17","South Dakota -6.5","ESPN Bet","46.5","6.5","","","",""
"401767302","West Georgia","18","Central Arkansas","17","West Georgia -5.5","ESPN Bet","53.5","-5.5","","","",""
"401762874","Miami (OH)","26","Western Michigan","17","Miami (OH) -2.5","DraftKings","40.5","-2.5","-3.5","","-125","105"
"401762874","Miami (OH)","26","Western Michigan","17","Miami (OH) -2.5","ESPN Bet","40.5","-2.5","-2.5","41.5","-135","115"
"401762874","Miami (OH)","26","Western Michigan","17","Miami (OH) -2.5","Bovada","40","-2.5","-2","41.5","-130","110"
"401767185","Hampton","10","Monmouth","28","Monmouth -25","ESPN Bet","68.5","25","","","",""
"401767100","Montana","43","Sacred Heart","21","Montana -26.5","ESPN Bet","57.5","-26.5","","","",""
"401756899","Kansas","41","West Virginia","10","Kansas -12.5","DraftKings","54.5","-12.5","-10.5","","-455","350"
"401756899","Kansas","41","West Virginia","10","Kansas -12.5","Bovada","54","-12.5","-13","55","-460","340"
"401756899","Kansas","41","West Virginia","10","Kansas -13.5","ESPN Bet","54.5","-13.5","-12.5","54.5","-500","360"
"401754576","California","21","Virginia","31","Virginia -6.5","DraftKings","52.5","6.5","4","","190","-230"
"401754576","California","21","Virginia","31","Virginia -5.5","ESPN Bet","52.5","5.5","3.5","54.5","180","-215"
"401754576","California","21","Virginia","31","Virginia -6.5","Bovada","52","6.5","4.5","54","160","-185"
"401761643","Troy","10","Arkansas State","23","Troy -7.5","DraftKings","52.5","-7.5","-7","","-310","250"
"401761643","Troy","10","Arkansas State","23","Troy -7.5","ESPN Bet","52.5","-7.5","-7.5","55.5","-320","260"
"401761643","Troy","10","Arkansas State","23","Troy -8.0","Bovada","52.5","-8","-8","54","-285","235"
"401767401","South Carolina State","36","Morgan State","30","South Carolina State -11.5","ESPN Bet","53.5","-11.5","","","",""
"401767525","Stephen F. Austin","41","UT Rio Grande Valley","17","Stephen F. Austin -10","ESPN Bet","55.5","-10","","","",""
"401767724","Georgetown","24","Richmond","31","Richmond -5.5","ESPN Bet","45.5","5.5","","","",""
"401762848","Eastern Michigan","21","Ohio","28","Ohio -11.5","DraftKings","60.5","11.5","10","","350","-455"
"401762848","Eastern Michigan","21","Ohio","28","Ohio -13.5","ESPN Bet","60.5","13.5","10.5","59.5","320","-425"
"401762848","Eastern Michigan","21","Ohio","28","Ohio -12.0","Bovada","60","12","10.5","59","310","-415"
"401767281","Eastern Kentucky","7","Tarleton State","31","Tarleton State -24","ESPN Bet","58.5","24","","","",""
"401752768","LSU","23","Arkansas","22","LSU -4","DraftKings","58.5","-4","-6.5","","-185","154"
"401752768","LSU","23","Arkansas","22","LSU -4.0","Bovada","58","-4","-6.5","55.5","-220","180"
"401752768","LSU","23","Arkansas","22","LSU -4.5","ESPN Bet","58.5","-4.5","-5.5","55.5","-185","155"
"401760404","UNLV","35","New Mexico","40","UNLV -3.5","DraftKings","61.5","-3.5","-5.5","","-180","150"
"401760404","UNLV","35","New Mexico","40","UNLV -4.5","ESPN Bet","60.5","-4.5","-5.5","62.5","-150","130"
"401760404","UNLV","35","New Mexico","40","UNLV -3.5","Bovada","61.5","-3.5","-5","62","-220","180"
"401752711","Ole Miss","45","Tulane","10","Ole Miss -12.5","DraftKings","61.5","-12.5","-13.5","","-440","340"
"401752711","Ole Miss","45","Tulane","10","Ole Miss -12.5","Bovada","61.5","-12.5","-12.5","60.5","-470","345"
"401752711","Ole Miss","45","Tulane","10","Ole Miss -11.5","ESPN Bet","61.5","-11.5","-12.5","61.5","-500","360"
"401767449","Indiana State","7","North Dakota State","38","North Dakota State -33.5","ESPN Bet","56.5","33.5","","","",""
"401754582","Stanford","20","Pittsburgh","35","Pittsburgh -13.5","DraftKings","51.5","13.5","15.5","","425","-575"
"401754582","Stanford","20","Pittsburgh","35","Pittsburgh -13.5","ESPN Bet","52.5","13.5","13.5","52.5","380","-550"
"401754582","Stanford","20","Pittsburgh","35","Pittsburgh -13.5","Bovada","51.5","13.5","14","51.5","410","-585"
"401767442","Illinois State","31","Northern Iowa","16","Illinois State -12.5","ESPN Bet","49.5","-12.5","","","",""
"401767423","Florida A&M","16","Jackson State","41","Jackson State -17","ESPN Bet","53.5","17","","","",""
"401767590","VMI","10","Wofford","52","Wofford -11","ESPN Bet","44.5","11","","","",""
"401767155","William & Mary","26","Elon","21","Elon -1.5","ESPN Bet","53.5","1.5","","","",""
"401752754","Auburn","3","Kentucky","10","Auburn -11.5","DraftKings","44.5","-11.5","-10","","-470","360"
"401752754","Auburn","3","Kentucky","10","Auburn -11.5","ESPN Bet","44.5","-11.5","-10.5","46.5","-500","340"
"401752754","Auburn","3","Kentucky","10","Auburn -12.0","Bovada","44.5","-12","-10","47.5","-390","-420"
"401767253","Southern Utah","33","Austin Peay","17","Austin Peay -1.5","ESPN Bet","61.5","1.5","","","",""
"401767479","Incarnate Word","24","Lamar","17","Incarnate Word -2.5","ESPN Bet","52.5","-2.5","","","",""
"401761638","Troy","35","Louisiana","23","Troy -7","DraftKings","47.5","-7","-8.5","","-290","235"
"401761638","Troy","35","Louisiana","23","Troy -7.5","ESPN Bet","47.5","-7.5","-8.5","50.5","-275","225"
"401761638","Troy","35","Louisiana","23","Troy -7.0","Bovada","47","-7","-9.5","51","-350","275"
"401767764","Saint Francis","14","Robert Morris","24","Robert Morris -2.5","ESPN Bet","39.5","2.5","","","",""
"401767396","South Carolina State","42","Howard","12","South Carolina State -15.5","ESPN Bet","49.5","-15.5","","","",""
"401752708","Memphis","32","Arkansas","31","Arkansas -7","DraftKings","59.5","7","5.5","","220","-270"
"401752708","Memphis","32","Arkansas","31","Arkansas -7.5","ESPN Bet","59.5","7.5","6.5","62.5","225","-275"
"401752708","Memphis","32","Arkansas","31","Arkansas -7.0","Bovada","60","7","6.5","62.5","195","-235"
"401757276","Delaware","24","Western Kentucky","27","Delaware -2.5","DraftKings","62.5","-2.5","1.5","","-142","120"
"401757276","Delaware","24","Western Kentucky","27","Delaware -3.0","Bovada","63","-3","-2","61.5","-125","105"
"401757276","Delaware","24","Western Kentucky","27","Delaware -2.5","ESPN Bet","63.5","-2.5","-1.5","62.5","-130","110"
"401761653","UL Monroe","14","South Alabama","26","South Alabama -4","DraftKings","49.5","4","3.5","","154","-185"
"401761653","UL Monroe","14","South Alabama","26","South Alabama -3.5","Bovada","49.5","3.5","4","51.5","160","-185"
"401761653","UL Monroe","14","South Alabama","26","South Alabama -4.5","ESPN Bet","50.5","4.5","3.5","51.5","170","-200"
"401767229","UT Martin","26","Tennessee State","7","UT Martin -14.5","ESPN Bet","48.5","-14.5","","","",""
"401762509","Tulane","35","Florida Atlantic","24","Tulane -16.5","DraftKings","60.5","-16.5","-16.5","","-800","550"
"401762509","Tulane","35","Florida Atlantic","24","Tulane -16.5","Bovada","60.5","-16.5","-16.5","63.5","-800","525"
"401762509","Tulane","35","Florida Atlantic","24","Tulane -17.5","ESPN Bet","61.5","-17.5","-16.5","62.5","-750","475"
"401767144","Campbell","10","New Hampshire","24","New Hampshire -2.5","ESPN Bet","52.5","2.5","","","",""
"401757293","Liberty","59","Delaware","30","Liberty -3.5","DraftKings","52.5","-3.5","-2.5","","-170","142"
"401757293","Liberty","59","Delaware","30","Liberty -3.5","ESPN Bet","52.5","-3.5","-3.5","51.5","-185","155"
"401757293","Liberty","59","Delaware","30","Liberty -3.5","Bovada","52","-3.5","-3","51","-175","150"
"401757169","UConn","31","Ball State","25","UConn -21","DraftKings","53.5","-21","-18.5","","-1800","1000"
"401757169","UConn","31","Ball State","25","UConn -21.5","Bovada","54","-21.5","-21","52.5","-1400","750"
"401757169","UConn","31","Ball State","25","UConn -20.5","ESPN Bet","53.5","-20.5","-20.5","52.5","-1800","900"
"401767228","Tennessee State","16","Western Illinois","17","Tennessee State -3","ESPN Bet","54.5","-3","","","",""
"401767702","Harvard","31","Dartmouth","10","Harvard -11.5","ESPN Bet","48.5","-11.5","","","",""
"401762851","Akron","44","Massachusetts","10","Akron -12.5","DraftKings","51.5","-12.5","-9.5","","-485","370"
"401762851","Akron","44","Massachusetts","10","Akron -12.5","ESPN Bet","51.5","-12.5","-10.5","48.5","-500","360"
"401762851","Akron","44","Massachusetts","10","Akron -11.5","Bovada","51","-11.5","-10","49","-400","300"
"401760384","San José State","35","New Mexico","28","San José State -1.5","DraftKings","58.5","-1.5","-3.5","","-120","100"
"401760384","San José State","35","New Mexico","28","San José State -2.0","Bovada","59.5","-2","-2.5","55.5","-140","120"
"401760384","San José State","35","New Mexico","28","San José State -2.5","ESPN Bet","58.5","-2.5","-2.5","57.5","-125","105"
"401761637","Southern Miss","49","UL Monroe","21","Southern Miss -14","DraftKings","48.5","-14","-10","","-600","440"
"401761637","Southern Miss","49","UL Monroe","21","Southern Miss -13.5","ESPN Bet","48.5","-13.5","-10.5","48.5","-600","400"
"401761637","Southern Miss","49","UL Monroe","21","Southern Miss -14.0","Bovada","49","-14","-11.5","50.5","-480","350"
"401767472","Houston Christian","14","SE Louisiana","38","SE Louisiana -21.5","ESPN Bet","52.5","21.5","","","",""
"401752712","Mississippi State","38","Northern Illinois","10","Mississippi State -23.5","DraftKings","48.5","-23.5","-21.5","","-2400","1200"
"401752712","Mississippi State","38","Northern Illinois","10","Mississippi State -24.0","Bovada","48","-24","-22","49","-1900","900"
"401752712","Mississippi State","38","Northern Illinois","10","Mississippi State -24.5","ESPN Bet","48.5","-24.5","-22.5","49.5","-2500","1100"
"401767321","UAlbany","17","Rhode Island","58","Rhode Island -13.5","ESPN Bet","47.5","13.5","","","",""
"401762853","Ball State","17","Kent State","13","Ball State -3","DraftKings","48.5","-3","-3","","-155","130"
"401762853","Ball State","17","Kent State","13","Ball State -3.5","ESPN Bet","48.5","-3.5","-3.5","46.5","-155","135"
"401762853","Ball State","17","Kent State","13","Ball State -3.0","Bovada","48","-3","-2.5","45.5","-130","110"
"401767206","Gardner-Webb","27","Southeast Missouri State","24","Gardner-Webb -4.5","ESPN Bet","56.5","-4.5","","","",""
"401752756","Ole Miss","30","South Carolina","14","Ole Miss -12.5","DraftKings","55.5","-12.5","-13.5","","-500","380"
"401752756","Ole Miss","30","South Carolina","14","Ole Miss -13.5","ESPN Bet","56.5","-13.5","-14.5","53.5","-550","380"
"401752756","Ole Miss","30","South Carolina","14","Ole Miss -13.0","Bovada","55.5","-13","-13.5","54.5","-490","355"
"401767451","South Dakota State","12","Indiana State","24","South Dakota State -31","ESPN Bet","53.5","-31","","","",""
"401760400","New Mexico","33","Utah State","14","New Mexico -3","DraftKings","61.5","-3","-1.5","","-155","130"
"401760400","New Mexico","33","Utah State","14","New Mexico -2.5","ESPN Bet","60.5","-2.5","-1.5","62.5","-145","125"
"401760400","New Mexico","33","Utah State","14","New Mexico -3.0","Bovada","61","-3","-2.5","62.5","-130","110"
"401767539","Southern Illinois","31","Northern Iowa","17","Southern Illinois -15","ESPN Bet","50.5","-15","","","",""
"401754539","Virginia","48","Stanford","20","Virginia -16.5","DraftKings","48.5","-16.5","-14.5","","-750","525"
"401754539","Virginia","48","Stanford","20","Virginia -15.5","Bovada","48.5","-15.5","-16","49","-800","525"
"401754539","Virginia","48","Stanford","20","Virginia -16.5","ESPN Bet","49.5","-16.5","-16.5","48.5","-800","500"
"401767166","Western Illinois","24","Charleston Southern","29","Charleston Southern -2","ESPN Bet","55.5","2","","","",""
"401757294","Western Kentucky","35","New Mexico State","16","Western Kentucky -7.5","DraftKings","53.5","-7.5","-9.5","","-298","240"
"401757294","Western Kentucky","35","New Mexico State","16","Western Kentucky -7.5","ESPN Bet","54.5","-7.5","-9.5","53.5","-290","240"
"401757294","Western Kentucky","35","New Mexico State","16","Western Kentucky -7.5","Bovada","53.5","-7.5","-8.5","54.5","-340","270"
"401762500","South Florida","55","UTSA","23","South Florida -14","DraftKings","66.5","-14","-12.5","","-600","440"
"401762500","South Florida","55","UTSA","23","South Florida -13.5","ESPN Bet","66.5","-13.5","-13.5","67.5","-650","425"
"401762500","South Florida","55","UTSA","23","South Florida -14.0","Bovada","68","-14","-13","68.5","-525","375"
"401767177","Elon","20","Rhode Island","34","Rhode Island -4.5","ESPN Bet","49.5","4.5","","","",""
"401756948","Arizona State","25","West Virginia","23","Arizona State -10","DraftKings","46.5","-10","-10.5","","-380","300"
"401756948","Arizona State","25","West Virginia","23","Arizona State -10.0","Bovada","46.5","-10","-11","47.5","-435","325"
"401756948","Arizona State","25","West Virginia","23","Arizona State -9.5","ESPN Bet","46.5","-9.5","-10.5","47.5","-380","290"
"401761644","App State","23","Georgia Southern","25","App State -4.5","DraftKings","62.5","-4.5","-5.5","","-198","164"
"401761644","App State","23","Georgia Southern","25","App State -4.5","ESPN Bet","61.5","-4.5","-5.5","62.5","-190","160"
"401761644","App State","23","Georgia Southern","25","App State -5.0","Bovada","61.5","-5","-6","62.5","-220","180"
"401767500","Northern Iowa","31","Murray State","14","Northern Iowa -12.5","ESPN Bet","49.5","-12.5","","","",""
"401761641","UL Monroe","6","Old Dominion","31","Old Dominion -16.5","DraftKings","55.5","16.5","14","","575","-850"
"401761641","UL Monroe","6","Old Dominion","31","Old Dominion -16.5","ESPN Bet","55.5","16.5","14.5","53.5","550","-900"
"401761641","UL Monroe","6","Old Dominion","31","Old Dominion -17.0","Bovada","55.5","17","15","53.5","550","-850"
"401757262","Liberty","13","James Madison","31","James Madison -7.5","DraftKings","46.5","7.5","10.5","","240","-298"
"401757262","Liberty","13","James Madison","31","James Madison -7.5","Bovada","47","7.5","10.5","48.5","290","-380"
"401757262","Liberty","13","James Madison","31","James Madison -7.5","ESPN Bet","46.5","7.5","11.5","49.5","260","-320"
"401760374","Hawai'i","21","Fresno State","23","Fresno State -2.5","DraftKings","47.5","2.5","3.5","","110","-130"
"401760374","Hawai'i","21","Fresno State","23","Fresno State -2.5","Bovada","47","2.5","3.5","47.5","145","-170"
"401760374","Hawai'i","21","Fresno State","23","Fresno State -2.5","ESPN Bet","47.5","2.5","3.5","47.5","115","-135"
"401767065","Weber State","20","Eastern Washington","23","Eastern Washington -1.5","ESPN Bet","57.5","1.5","","","",""
"401760382","San Diego State","45","Colorado State","24","San Diego State -4.5","DraftKings","40.5","-4.5","-5.5","","-192","160"
"401760382","San Diego State","45","Colorado State","24","San Diego State -4.5","Bovada","40.5","-4.5","-6","39","-200","170"
"401760382","San Diego State","45","Colorado State","24","San Diego State -4.5","ESPN Bet","40.5","-4.5","-5.5","38.5","-190","160"
"401767485","Lamar","23","UT Rio Grande Valley","21","Lamar -3.5","ESPN Bet","51.5","-3.5","","","",""
"401760411","New Mexico","20","Colorado State","17","New Mexico -15.5","DraftKings","53.5","-15.5","-12.5","","-700","500"
"401760411","New Mexico","20","Colorado State","17","New Mexico -15.0","Bovada","54","-15","-14.5","53.5","","-625"
"401760411","New Mexico","20","Colorado State","17","New Mexico -15.5","ESPN Bet","53.5","-15.5","-14.5","53.5","-1000","600"
"401756940","Kansas","38","Oklahoma State","21","Kansas -24.5","DraftKings","54.5","-24.5","-24.5","","-2800","1300"
"401756940","Kansas","38","Oklahoma State","21","Kansas -24.5","ESPN Bet","53.5","-24.5","-24.5","55.5","-4000","1300"
"401756940","Kansas","38","Oklahoma State","21","Kansas -25.0","Bovada","54.5","-25","-24.5","58","-3500","1100"
"401760399","Fresno State","0","San Diego State","23","San Diego State -3","DraftKings","46.5","3","2.5","","130","-155"
"401760399","Fresno State","0","San Diego State","23","San Diego State -3.5","ESPN Bet","45.5","3.5","2.5","48.5","135","-155"
"401760399","Fresno State","0","San Diego State","23","San Diego State -3.0","Bovada","46","3","2.5","48.5","140","-165"
"401752940","App State","27","Oregon State","23","App State -1.5","DraftKings","53.5","-1.5","-1.5","","-122","102"
"401752940","App State","27","Oregon State","23","App State -2.0","Bovada","53.5","-2","1.5","55","100","-120"
"401752940","App State","27","Oregon State","23","App State -2.5","ESPN Bet","54.5","-2.5","-2.5","54.5","-125","105"
"401767577","Mercer","62","VMI","0","Mercer -27.5","ESPN Bet","51.5","-27.5","","","",""
"401757259","Florida International","16","Delaware","38","Florida International -4","DraftKings","54.5","-4","-2.5","","-180","150"
"401757259","Florida International","16","Delaware","38","Florida International -4.0","Bovada","55.5","-4","-4.5","54.5","-200","170"
"401757259","Florida International","16","Delaware","38","Florida International -5.5","ESPN Bet","54.5","-5.5","-4.5","54.5","-190","160"
"401767373","Florida A&M","33","Alcorn State","28","Florida A&M -4.5","ESPN Bet","45.5","-4.5","","","",""
"401757302","Jacksonville State","35","Kennesaw State","26","Kennesaw State -3.5","DraftKings","56.5","3.5","2.5","","160","-192"
"401757302","Jacksonville State","35","Kennesaw State","26","Kennesaw State -4.0","Bovada","56","4","2.5","51.5","110","-130"
"401757302","Jacksonville State","35","Kennesaw State","26","Kennesaw State -3.5","ESPN Bet","55.5","3.5","2.5","51.5","140","-165"
"401762854","Toledo","42","Northern Illinois","3","Toledo -14.5","DraftKings","42.5","-14.5","-14.5","","-650","470"
"401762854","Toledo","42","Northern Illinois","3","Toledo -15.5","ESPN Bet","41.5","-15.5","-14.5","42.5","-750","475"
"401762854","Toledo","42","Northern Illinois","3","Toledo -15.5","Bovada","42","-15.5","-14.5","41.5","-625","430"
"401767480","Northwestern State","3","Incarnate Word","38","Incarnate Word -24.5","ESPN Bet","54.5","24.5","","","",""
"401757261","Kennesaw State","28","Arkansas State","21","Arkansas State -4.5","DraftKings","57.5","4.5","6.5","","160","-192"
"401757261","Kennesaw State","28","Arkansas State","21","Arkansas State -4.5","Bovada","58","4.5","7","54.5","210","-250"
"401757261","Kennesaw State","28","Arkansas State","21","Arkansas State -4.5","ESPN Bet","58.5","4.5","7.5","54.5","165","-195"
"401767212","Lindenwood","28","Tennessee Tech","52","Tennessee Tech -16.5","ESPN Bet","54.5","16.5","","","",""
"401767124","Northern Colorado","16","UC Davis","27","UC Davis -8.5","ESPN Bet","57.5","8.5","","","",""
"401752886","Oregon","21","Wisconsin","7","Oregon -31.5","DraftKings","44.5","-31.5","-33.5","","",""
"401752886","Oregon","21","Wisconsin","7","Oregon -31.5","ESPN Bet","45.5","-31.5","-34.5","43.5","",""
"401752886","Oregon","21","Wisconsin","7","Oregon -31.0","Bovada","45","-31","-34","46","",""
"401767204","Lindenwood","20","Gardner-Webb","48","Gardner-Webb -1.5","ESPN Bet","57.5","1.5","","","",""
"401757304","Missouri State","38","UTEP","24","Missouri State -6.5","DraftKings","47.5","-6.5","-4.5","","-258","210"
"401757304","Missouri State","38","UTEP","24","Missouri State -6.5","Bovada","48.5","-6.5","-4","50.5","-195","165"
"401757304","Missouri State","38","UTEP","24","Missouri State -7.5","ESPN Bet","48.5","-7.5","-4.5","50.5","-250","210"
"401760405","San Diego State","24","Wyoming","7","San Diego State -10","DraftKings","42.5","-10","-10","","-375","295"
"401760405","San Diego State","24","Wyoming","7","San Diego State -10.5","ESPN Bet","41.5","-10.5","-10.5","42.5","-450","340"
"401760405","San Diego State","24","Wyoming","7","San Diego State -9.5","Bovada","42","-9.5","-11","41.5","-440","330"
"401761619","Old Dominion","47","Coastal Carolina","7","Old Dominion -18.5","DraftKings","53.5","-18.5","-15","","-1000","650"
"401761619","Old Dominion","47","Coastal Carolina","7","Old Dominion -20.0","Bovada","53","-20","-17.5","55","-950","600"
"401761619","Old Dominion","47","Coastal Carolina","7","Old Dominion -18.5","ESPN Bet","53.5","-18.5","-17.5","55.5","-1200","700"
"401752896","USC","38","Northwestern","17","USC -14.5","DraftKings","54.5","-14.5","-16.5","","-650","470"
"401752896","USC","38","Northwestern","17","USC -14.5","ESPN Bet","54.5","-14.5","-15.5","51.5","-800","500"
"401752896","USC","38","Northwestern","17","USC -14.5","Bovada","54","-14.5","-15","51.5","-650","450"
"401767521","SE Louisiana","49","Northwestern State","0","SE Louisiana -31","ESPN Bet","53.5","-31","","","",""
"401757268","Western Kentucky","31","Nevada","16","Western Kentucky -8.5","DraftKings","54.5","-8.5","-12.5","","-325","260"
"401757268","Western Kentucky","31","Nevada","16","Western Kentucky -7.5","Bovada","54.5","-7.5","-11.5","54.5","-430","320"
"401757268","Western Kentucky","31","Nevada","16","Western Kentucky -7.5","ESPN Bet","54.5","-7.5","-10.5","54.5","-320","260"
"401767507","North Dakota","10","North Dakota State","15","North Dakota State -10.5","ESPN Bet","53.5","10.5","","","",""
"401767384","Bethune-Cookman","31","Arkansas-Pine Bluff","14","Bethune-Cookman -13.5","ESPN Bet","56.5","-13.5","","","",""
"401760403","San José State","45","Hawai'i","38","San José State -2.5","DraftKings","55.5","-2.5","-1.5","","-130","110"
"401760403","San José State","45","Hawai'i","38","San José State -2.5","ESPN Bet","55.5","-2.5","-2.5","55.5","-130","110"
"401760403","San José State","45","Hawai'i","38","San José State -2.5","Bovada","56","-2.5","-2.5","57","-130","110"
"401752760","Kentucky","38","Florida","7","Florida -4.5","DraftKings","44.5","4.5","4.5","","170","-205"
"401752760","Kentucky","38","Florida","7","Florida -5.5","ESPN Bet","44.5","5.5","4.5","44.5","160","-190"
"401752760","Kentucky","38","Florida","7","Florida -4.5","Bovada","44.5","4.5","3.5","45.5","145","-170"
"401767214","Western Illinois","24","Lindenwood","21","Lindenwood -7.5","ESPN Bet","57.5","7.5","","","",""
"401760372","Air Force","37","Boise State","49","Boise State -10.5","DraftKings","51.5","10.5","8.5","","300","-380"
"401760372","Air Force","37","Boise State","49","Boise State -11.0","Bovada","52","11","9","51.5","275","-350"
"401760372","Air Force","37","Boise State","49","Boise State -11.5","ESPN Bet","51.5","11.5","8.5","51.5","320","-425"
"401752952","Washington State","28","Toledo","7","Toledo -1.5","DraftKings","44.5","1.5","1.5","","105","-125"
"401752952","Washington State","28","Toledo","7","Toledo -1.5","ESPN Bet","45.5","1.5","-1.5","50.5","105","-125"
"401752952","Washington State","28","Toledo","7","Toledo -2.0","Bovada","44.5","2","-1.5","51","-120","100"
"401767434","Southern","3","Prairie View A&M","24","Prairie View A&M -8.5","ESPN Bet","46.5","8.5","","","",""
"401760410","San Diego State","17","Boise State","7","San Diego State -1.5","DraftKings","41.5","-1.5","-1.5","","-125","105"
"401760410","San Diego State","17","Boise State","7","San Diego State -2.0","Bovada","41.5","-2","-2.5","42.5","-140","120"
"401760410","San Diego State","17","Boise State","7","San Diego State -2.5","ESPN Bet","43.5","-2.5","-2.5","41.5","-125","105"
"401760413","Nevada","55","San José State","10","San José State -10","DraftKings","49.5","10","8.5","","295","-375"
"401760413","Nevada","55","San José State","10","San José State -9.5","Bovada","49.5","9.5","8.5","52.5","255","-310"
"401760413","Nevada","55","San José State","10","San José State -9.5","ESPN Bet","49.5","9.5","8.5","52.5","300","-400"
"401767548","Youngstown State","48","Southern Illinois","38","Youngstown State -5","ESPN Bet","59.5","-5","","","",""
"401762830","Ball State","20","Ohio","14","Ohio -14","DraftKings","52.5","14","17.5","","440","-600"
"401762830","Ball State","20","Ohio","14","Ohio -14.0","Bovada","51.5","14","16.5","51.5","500","-750"
"401762830","Ball State","20","Ohio","14","Ohio -14.5","ESPN Bet","52.5","14.5","16.5","51.5","475","-750"
"401767128","Portland State","27","Weber State","43","Weber State -6","ESPN Bet","53.5","6","","","",""
"401756937","Colorado","17","Arizona","52","Arizona -4","DraftKings","52.5","4","4.5","","154","-185"
"401756937","Colorado","17","Arizona","52","Arizona -3.5","ESPN Bet","51.5","3.5","5.5","53.5","155","-185"
"401756937","Colorado","17","Arizona","52","Arizona -3.5","Bovada","52.5","3.5","4.5","52.5","175","-210"
"401752771","Tennessee","42","New Mexico State","9","Tennessee -41.5","DraftKings","59.5","-41.5","-39.5","","",""
"401752771","Tennessee","42","New Mexico State","9","Tennessee -41.5","Bovada","60","-41.5","-38.5","61.5","",""
"401752771","Tennessee","42","New Mexico State","9","Tennessee -41.5","ESPN Bet","60.5","-41.5","-38.5","61.5","",""
"401752716","Vanderbilt","70","Georgia State","21","Vanderbilt -27.5","DraftKings","53.5","-27.5","-26.5","","-4500","1700"
"401752716","Vanderbilt","70","Georgia State","21","Vanderbilt -28.0","Bovada","53.5","-28","-27","53","-5000","1300"
"401752716","Vanderbilt","70","Georgia State","21","Vanderbilt -26.5","ESPN Bet","52.5","-26.5","-26.5","53.5","-5000","1500"
"401762493","Navy","42","Florida Atlantic","32","Navy -14.5","DraftKings","63.5","-14.5","-14.5","","-675","490"
"401762493","Navy","42","Florida Atlantic","32","Navy -14.5","ESPN Bet","63.5","-14.5","-14.5","62.5","-700","450"
"401762493","Navy","42","Florida Atlantic","32","Navy -14.5","Bovada","63.5","-14.5","-14","63","-625","430"
"401767561","East Tennessee State","14","Wofford","10","East Tennessee State -9","ESPN Bet","50.5","-9","","","",""
"401752897","Purdue","10","Ohio State","34","Ohio State -29.5","DraftKings","49.5","29.5","28.5","","1700","-4500"
"401752897","Purdue","10","Ohio State","34","Ohio State -30.5","ESPN Bet","49.5","30.5","","48.5","3000","-20000"
"401752897","Purdue","10","Ohio State","34","Ohio State -29.0","Bovada","50","29","28.5","48.5","",""
"401767409","North Carolina Central","31","Norfolk State","28","North Carolina Central -25.5","ESPN Bet","56.5","-25.5","","","",""
"401757263","Louisiana Tech","30","Southern Miss","20","Louisiana Tech -3","DraftKings","51.5","-3","-3","","-155","130"
"401757263","Louisiana Tech","30","Southern Miss","20","Louisiana Tech -3.0","Bovada","51.5","-3","-1.5","51.5","-145","125"
"401757263","Louisiana Tech","30","Southern Miss","20","Louisiana Tech -3.5","ESPN Bet","50.5","-3.5","-2.5","51.5","-150","130"
"401757303","Western Kentucky","42","Middle Tennessee","26","Western Kentucky -13.5","DraftKings","51.5","-13.5","-13.5","","-550","410"
"401757303","Western Kentucky","42","Middle Tennessee","26","Western Kentucky -13.5","Bovada","52.5","-13.5","-14","56","-550","390"
"401757303","Western Kentucky","42","Middle Tennessee","26","Western Kentucky -13.5","ESPN Bet","51.5","-13.5","-13.5","56.5","-600","400"
"401756933","Texas Tech","42","Oklahoma State","0","Texas Tech -37.5","DraftKings","56.5","-37.5","-36.5","","",""
"401756933","Texas Tech","42","Oklahoma State","0","Texas Tech -35.5","ESPN Bet","56.5","-35.5","-38.5","56.5","",""
"401756933","Texas Tech","42","Oklahoma State","0","Texas Tech -38.0","Bovada","56","-38","-39","57","",""
"401762829","Akron","28","Central Michigan","22","Central Michigan -7","DraftKings","47.5","7","7","","220","-270"
"401762829","Akron","28","Central Michigan","22","Central Michigan -7.5","Bovada","47.5","7.5","6.5","45.5","210","-250"
"401762829","Akron","28","Central Michigan","22","Central Michigan -6.5","ESPN Bet","47.5","6.5","7.5","44.5","220","-270"
"401767383","Arkansas-Pine Bluff","16","Grambling","20","Grambling -8","ESPN Bet","54.5","8","","","",""
"401767325","Stony Brook","27","Towson","19","Stony Brook -3","ESPN Bet","52.5","-3","","","",""
"401752753","Arkansas","35","Mississippi State","38","Arkansas -5.5","DraftKings","66.5","-5.5","-3.5","","-205","170"
"401752753","Arkansas","35","Mississippi State","38","Arkansas -5.5","ESPN Bet","66.5","-5.5","-3.5","67.5","-195","165"
"401752753","Arkansas","35","Mississippi State","38","Arkansas -5.0","Bovada","66.5","-5","-4.5","68.5","-180","155"
"401762852","Ohio","24","Miami (OH)","20","Ohio -2.5","ESPN Bet","50.5","-2.5","-3.5","50.5","-140","120"
"401762852","Ohio","24","Miami (OH)","20","Ohio -3.0","Bovada","51","-3","-3.5","49.5","-175","150"
"401762852","Ohio","24","Miami (OH)","20","Ohio -2.5","DraftKings","50.5","-2.5","-3.5","","-148","124"
"401760412","Fresno State","24","Wyoming","3","Fresno State -3","DraftKings","40.5","-3","-4.5","","-148","124"
"401760412","Fresno State","24","Wyoming","3","Fresno State -3.0","Bovada","40.5","-3","-4","39.5","-195","165"
"401760412","Fresno State","24","Wyoming","3","Fresno State -2.5","ESPN Bet","40.5","-2.5","-4.5","39.5","-140","120"
"401761636","Arkansas State","34","Georgia Southern","24","Georgia Southern -1.5","DraftKings","59.5","1.5","-3","","-110","-110"
"401761636","Arkansas State","34","Georgia Southern","24","Arkansas State -1.5","ESPN Bet","59.5","-1.5","-2.5","62.5","-105","-115"
"401761636","Arkansas State","34","Georgia Southern","24","Georgia Southern -1.0","Bovada","59.5","1","-2","62.5","-135","115"
"401767334","Villanova","29","UAlbany","16","Villanova -31.5","ESPN Bet","51.5","-31.5","","","",""
"401761640","Coastal Carolina","44","Marshall","27","Marshall -7.5","ESPN Bet","55.5","7.5","4.5","55.5","220","-270"
"401761640","Coastal Carolina","44","Marshall","27","Marshall -7.0","Bovada","54.5","7","4","54","155","-180"
"401761640","Coastal Carolina","44","Marshall","27","Marshall -7","DraftKings","55.5","7","3","","220","-270"
"401767365","Alabama State","42","Texas Southern","24","Alabama State -17.5","ESPN Bet","53.5","-17.5","","","",""
"401762831","Buffalo","31","Eastern Michigan","30","Buffalo -9.5","DraftKings","53.5","-9.5","-9.5","","-325","260"
"401762831","Buffalo","31","Eastern Michigan","30","Buffalo -9.5","Bovada","53.5","-9.5","-9.5","48.5","-350","275"
"401762831","Buffalo","31","Eastern Michigan","30","Buffalo -9.5","ESPN Bet","53.5","-9.5","-10.5","","-380","290"
"401767753","Mercyhurst","0","Duquesne","37","Duquesne -3","ESPN Bet","51.5","3","","","",""
"401757264","Middle Tennessee","28","Marshall","42","Marshall -2.5","DraftKings","46.5","2.5","4.5","","114","-135"
"401757264","Middle Tennessee","28","Marshall","42","Marshall -2.5","Bovada","46.5","2.5","3","47","115","-135"
"401757264","Middle Tennessee","28","Marshall","42","Marshall -2.5","ESPN Bet","45.5","2.5","3.5","46.5","110","-130"
"401757301","Florida International","34","Liberty","27","Liberty -2.5","DraftKings","51.5","2.5","4","","110","-130"
"401757301","Florida International","34","Liberty","27","Liberty -2.5","Bovada","51.5","2.5","3","54.5","120","-140"
"401757301","Florida International","34","Liberty","27","Liberty -4.5","ESPN Bet","53.5","4.5","2.5","53.5","120","-140"
"401752723","Texas","55","Sam Houston","0","Texas -39.5","DraftKings","51.5","-39.5","-40.5","","",""
"401752723","Texas","55","Sam Houston","0","Texas -39.5","Bovada","51.5","-39.5","-41.5","51.5","",""
"401752723","Texas","55","Sam Houston","0","Texas -39.5","ESPN Bet","51.5","-39.5","-41.5","51.5","",""
"401754556","Virginia Tech","23","Wake Forest","30","Virginia Tech -4.5","DraftKings","51.5","-4.5","-5.5","","-198","164"
"401754556","Virginia Tech","23","Wake Forest","30","Virginia Tech -6.0","Bovada","51","-6","-5","50.5","-220","180"
"401754556","Virginia Tech","23","Wake Forest","30","Virginia Tech -4.5","ESPN Bet","51.5","-4.5","-6.5","50.5","-190","160"
"401767227","Tennessee State","24","Howard","7","Howard -2","ESPN Bet","41.5","2","","","",""
"401760398","Wyoming","28","Colorado State","0","Wyoming -5.5","DraftKings","46.5","-5.5","-3.5","","-218","180"
"401760398","Wyoming","28","Colorado State","0","Wyoming -5.5","ESPN Bet","46.5","-5.5","-4.5","45.5","-210","175"
"401760398","Wyoming","28","Colorado State","0","Wyoming -6.0","Bovada","46.5","-6","-5","46.5","-220","180"
"401767533","Samford","13","Chattanooga","49","Chattanooga -10","ESPN Bet","54.5","10","","","",""
"401767283","Eastern Kentucky","17","Southern Utah","27","Southern Utah -6.5","ESPN Bet","55.5","6.5","","","",""
"401752953","Washington State","28","Louisiana Tech","3","Washington State -10","DraftKings","43.5","-10","-3.5","","-410","320"
"401752953","Washington State","28","Louisiana Tech","3","Washington State -10.5","ESPN Bet","43.5","-10.5","-6.5","47.5","-425","320"
"401752953","Washington State","28","Louisiana Tech","3","Washington State -10.0","Bovada","43.5","-10","-6.5","47","-270","220"
"401757267","UTEP","25","UL Monroe","31","UTEP -5.5","DraftKings","47.5","-5.5","-1.5","","-218","180"
"401757267","UTEP","25","UL Monroe","31","UTEP -5.0","Bovada","47","-5","-4.5","47.5","-220","180"
"401757267","UTEP","25","UL Monroe","31","UTEP -5.5","ESPN Bet","46.5","-5.5","-4.5","46.5","-215","180"
"401762832","Massachusetts","3","Western Michigan","21","Western Michigan -12.5","DraftKings","46.5","12.5","10.5","","360","-470"
"401762832","Massachusetts","3","Western Michigan","21","Western Michigan -12.0","Bovada","46.5","12","11.5","47.5","340","-460"
"401762832","Massachusetts","3","Western Michigan","21","Western Michigan -12.5","ESPN Bet","45.5","12.5","12.5","45.5","380","-550"
"401767462","Incarnate Word","45","East Texas A&M","52","Incarnate Word -18.5","ESPN Bet","56.5","-18.5","","","",""
"401767374","Alcorn State","32","Mississippi Valley State","10","Alcorn State -10.5","ESPN Bet","50.5","-10.5","","","",""
"401757292","Middle Tennessee","21","Jacksonville State","24","Jacksonville State -4.5","Bovada","54","4.5","6.5","54.5","185","-225"
"401757292","Middle Tennessee","21","Jacksonville State","24","Jacksonville State -4","DraftKings","53.5","4","6.5","","164","-198"
"401757292","Middle Tennessee","21","Jacksonville State","24","Jacksonville State -4.5","ESPN Bet","54.5","4.5","5.5","53.5","165","-195"
"401767245","Abilene Christian","31","Utah Tech","10","Abilene Christian -20.5","ESPN Bet","53.5","-20.5","","","",""
"401754577","Clemson","45","Duke","46","Clemson -4.5","ESPN Bet","55.5","-4.5","-3.5","53.5","-185","155"
"401754577","Clemson","45","Duke","46","Clemson -4.0","Bovada","55","-4","-3.5","56","-170","145"
"401754577","Clemson","45","Duke","46","Clemson -4","DraftKings","54.5","-4","-3.5","","-180","150"
"401761621","Troy","31","South Alabama","24","South Alabama -2.5","DraftKings","46.5","2.5","-3","","105","-125"
"401761621","Troy","31","South Alabama","24","South Alabama -2.5","Bovada","47","2.5","-3","47.5","-135","115"
"401761621","Troy","31","South Alabama","24","South Alabama -2.5","ESPN Bet","46.5","2.5","-2.5","46.5","115","-135"
"401767471","McNeese","27","Houston Christian","0","McNeese -6.5","ESPN Bet","49.5","-6.5","","","",""
"401767474","Houston Christian","3","Stephen F. Austin","50","Stephen F. Austin -24.5","ESPN Bet","48.5","24.5","","","",""
"401767354","Howard","33","Morgan State","27","Morgan State -1","ESPN Bet","44.5","1","","","",""
"401752882","Iowa","41","Minnesota","3","Iowa -7.5","ESPN Bet","39.5","-7.5","-8.5","38.5","-300","250"
"401752882","Iowa","41","Minnesota","3","Iowa -7.5","DraftKings","39.5","-7.5","-7","","-285","230"
"401752882","Iowa","41","Minnesota","3","Iowa -7.0","Bovada","38.5","-7","-7.5","38.5","-330","265"
"401754540","San Diego State","34","California","0","California -14","DraftKings","47.5","14","11.5","","425","-575"
"401754540","San Diego State","34","California","0","California -14.0","Bovada","47","14","13.5","48.5","370","-510"
"401754540","San Diego State","34","California","0","California -13.5","ESPN Bet","45.5","13.5","13.5","48.5","425","-650"
"401767314","Alabama A&M","13","Alabama State","56","Alabama State -14","ESPN Bet","61.5","14","","","",""
"401761618","Georgia State","7","James Madison","14","James Madison -19.5","DraftKings","52.5","19.5","17.5","","800","-1350"
"401761618","Georgia State","7","James Madison","14","James Madison -20.0","Bovada","53","20","20","54","725","-1300"
"401761618","Georgia State","7","James Madison","14","James Madison -18.5","ESPN Bet","52.5","18.5","19.5","53.5","900","-1800"
"401767301","Tarleton State","45","West Georgia","10","Tarleton State -20","ESPN Bet","56.5","-20","","","",""
"401756946","UCF","27","Houston","30","UCF -1.5","ESPN Bet","47.5","-1.5","2.5","48.5","-115","-105"
"401756946","UCF","27","Houston","30","UCF -1.5","DraftKings","47.5","-1.5","2.5","","-118","-102"
"401756946","UCF","27","Houston","30","UCF -1.0","Bovada","47.5","-1","","47.5","-110","-110"
"401767110","Montana State","66","Weber State","14","Montana State -28.5","ESPN Bet","57.5","-28.5","","","",""
"401762478","Memphis","45","Tulsa","7","Memphis -21","DraftKings","54.5","-21","-21","","-1650","950"
"401762478","Memphis","45","Tulsa","7","Memphis -21.0","Bovada","54.5","-21","-21","56.5","-1600","800"
"401762478","Memphis","45","Tulsa","7","Memphis -21.5","ESPN Bet","52.5","-21.5","-21.5","55.5","-1800","900"
"401767092","Eastern Washington","21","Idaho","14","Idaho -7.5","ESPN Bet","59.5","7.5","","","",""
"401767069","Montana","29","Eastern Washington","24","Montana -27","ESPN Bet","62.5","-27","","","",""
"401767093","Idaho","45","Portland State","6","Idaho -21.5","ESPN Bet","55.5","-21.5","","","",""
"401752858","Northwestern","42","UL Monroe","7","Northwestern -12.5","DraftKings","43.5","-12.5","-9.5","","-440","340"
"401752858","Northwestern","42","UL Monroe","7","Northwestern -12.5","Bovada","43","-12.5","-12","40.5","-435","325"
"401752858","Northwestern","42","UL Monroe","7","Northwestern -13.5","ESPN Bet","43.5","-13.5","-10.5","40.5","-550","380"
"401752861","Purdue","27","Illinois","43","Illinois -7.5","ESPN Bet","55.5","7.5","7.5","54.5","260","-320"
"401752861","Purdue","27","Illinois","43","Illinois -7","DraftKings","54.5","7","12.5","","250","-310"
"401752861","Purdue","27","Illinois","43","Illinois -7.0","Bovada","54.5","7","10","55.5","295","-390"
"401767280","North Alabama","35","Eastern Kentucky","14","Eastern Kentucky -11.5","ESPN Bet","51.5","11.5","","","",""
"401754584","Boston College","13","SMU","45","SMU -10.5","ESPN Bet","54.5","10.5","12.5","51.5","320","-425"
"401754584","Boston College","13","SMU","45","SMU -10.5","DraftKings","54.5","10.5","13.5","","330","-425"
"401754584","Boston College","13","SMU","45","SMU -10.5","Bovada","54.5","10.5","12","55","345","-470"
"401767578","Western Carolina","47","Mercer","49","Mercer -8","ESPN Bet","65.5","8","","","",""
"401757291","Missouri State","28","Florida International","21","Missouri State -3.0","Bovada","50","-3","-4","51.5","-185","160"
"401757291","Missouri State","28","Florida International","21","Missouri State -3","DraftKings","49.5","-3","-2.5","","-148","124"
"401757291","Missouri State","28","Florida International","21","Missouri State -3.5","ESPN Bet","50.5","-3.5","-3.5","52.5","-155","135"
"401767450","North Dakota","46","Indiana State","17","North Dakota -30","ESPN Bet","55.5","-30","","","",""
"401757290","Louisiana Tech","55","Sam Houston","14","Louisiana Tech -16.5","Bovada","48","-16.5","-17","50","-900","575"
"401757290","Louisiana Tech","55","Sam Houston","14","Louisiana Tech -16.5","DraftKings","47.5","-16.5","-17.5","","-850","575"
"401757290","Louisiana Tech","55","Sam Houston","14","Louisiana Tech -16.5","ESPN Bet","48.5","-16.5","-16.5","49.5","-900","550"
"401767243","Southern Utah","31","Abilene Christian","24","Abilene Christian -3","ESPN Bet","62.5","3","","","",""
"401760397","Nevada","3","Boise State","24","Boise State -20.5","ESPN Bet","51.5","20.5","21.5","52.5","1000","-2000"
"401760397","Nevada","3","Boise State","24","Boise State -21.0","Bovada","50.5","21","22","51.5","900","-1900"
"401760397","Nevada","3","Boise State","24","Boise State -21","DraftKings","50.5","21","21.5","","850","-1450"
"401767456","Southern","35","Florida A&M","43","Florida A&M -3","ESPN Bet","48.5","3","","","",""
"401756947","West Virginia","29","Colorado","22","West Virginia -6.5","ESPN Bet","51.5","-6.5","-5.5","53.5","-240","200"
"401756947","West Virginia","29","Colorado","22","West Virginia -6.5","DraftKings","51.5","-6.5","-4.5","","-245","200"
"401756947","West Virginia","29","Colorado","22","West Virginia -6.5","Bovada","51.5","-6.5","-6.5","56.5","-220","180"
"401767424","Mississippi Valley State","3","Jackson State","42","Jackson State -27.5","ESPN Bet","56.5","27.5","","","",""
"401767085","Idaho State","18","Northern Arizona","31","Northern Arizona -3","ESPN Bet","62.5","3","","","",""
"401762503","Army","14","Temple","13","Army -7.5","ESPN Bet","45.5","-7.5","-5.5","46.5","-260","215"
"401762503","Army","14","Temple","13","Army -7","DraftKings","45.5","-7","-6.5","","-290","235"
"401762503","Army","14","Temple","13","Army -7.0","Bovada","45","-7","-6.5","47.5","-250","210"
"401767386","Arkansas-Pine Bluff","28","Florida A&M","31","Florida A&M -3.5","ESPN Bet","52.5","3.5","","","",""
"401756910","Arizona","41","Oklahoma State","13","Arizona -21.5","DraftKings","56.5","-21.5","-17.5","","-1600","900"
"401756910","Arizona","41","Oklahoma State","13","Arizona -21.5","Bovada","56.5","-21.5","-18.5","55.5","-1100","650"
"401756910","Arizona","41","Oklahoma State","13","Arizona -23.5","ESPN Bet","56.5","-23.5","-18.5","56.5","-1600","800"
"401767123","Sacramento State","40","Northern Colorado","35","Sacramento State -15","ESPN Bet","54.5","-15","","","",""
"401762495","Tulsa","37","Temple","38","Temple -4.5","DraftKings","52.5","4.5","6","","164","-198"
"401762495","Tulsa","37","Temple","38","Temple -3.5","ESPN Bet","52.5","3.5","6.5","53.5","160","-190"
"401762495","Tulsa","37","Temple","38","Temple -5.0","Bovada","52.5","5","6","53.5","185","-225"
"401762873","Northern Illinois","14","Miami (OH)","25","Miami (OH) -4.5","DraftKings","38.5","4.5","1.5","","160","-192"
"401762873","Northern Illinois","14","Miami (OH)","25","Miami (OH) -5.0","Bovada","37.5","5","3.5","39.5","165","-195"
"401762873","Northern Illinois","14","Miami (OH)","25","Miami (OH) -4.5","ESPN Bet","39.5","4.5","3.5","38.5","165","-195"
"401767419","Grambling","26","Jackson State","24","Jackson State -21","ESPN Bet","56.5","21","","","",""
"401767356","Alabama A&M","5","Prairie View A&M","48","Prairie View A&M -3.5","ESPN Bet","52.5","3.5","","","",""
"401767295","Utah Tech","7","Southern Utah","28","Southern Utah -9.5","ESPN Bet","59.5","9.5","","","",""
"401762477","Rice","21","Florida Atlantic","27","Rice -4.5","DraftKings","54.5","-4.5","-5.5","","-198","164"
"401762477","Rice","21","Florida Atlantic","27","Rice -5.0","Bovada","55","-5","-4","52.5","-185","160"
"401762477","Rice","21","Florida Atlantic","27","Rice -4.5","ESPN Bet","55.5","-4.5","-5.5","52.5","-195","165"
"401767562","Samford","14","East Tennessee State","38","East Tennessee State -18.5","ESPN Bet","56.5","18.5","","","",""
"401752855","UCLA","42","Penn State","37","Penn State -24.5","DraftKings","48.5","24.5","27.5","","1200","-2400"
"401752855","UCLA","42","Penn State","37","Penn State -24.5","Bovada","48","24.5","25","50","1100","-3500"
"401752855","UCLA","42","Penn State","37","Penn State -24.5","ESPN Bet","47.5","24.5","25.5","49.5","1500","-5000"
"401762492","Charlotte","20","North Texas","54","North Texas -25.5","ESPN Bet","60.5","25.5","26.5","58.5","",""
"401762492","Charlotte","20","North Texas","54","North Texas -25.0","Bovada","61.5","25","27","59","1300","-5000"
"401762492","Charlotte","20","North Texas","54","North Texas -25.5","DraftKings","60.5","25.5","27.5","","1300","-2800"
"401767463","East Texas A&M","21","Stephen F. Austin","31","Stephen F. Austin -14","ESPN Bet","59.5","14","","","",""
"401762505","Florida Atlantic","40","Tulsa","21","Florida Atlantic -4.5","ESPN Bet","60.5","-4.5","-6.5","65.5","-170","145"
"401762505","Florida Atlantic","40","Tulsa","21","Florida Atlantic -4.5","DraftKings","60.5","-4.5","-5.5","","-198","164"
"401762505","Florida Atlantic","40","Tulsa","21","Florida Atlantic -4.5","Bovada","61.5","-4.5","-4.5","65.5","-200","170"
"401767392","Grambling","31","Bethune-Cookman","23","Grambling -1.5","ESPN Bet","53.5","-1.5","","","",""
"401783279","New Haven","41","Merrimack","31","Merrimack -9.5","ESPN Bet","44.5","9.5","","","",""
"401754555","SMU","31","Syracuse","18","SMU -17.5","DraftKings","56.5","-17.5","-16.5","","-750","525"
"401754555","SMU","31","Syracuse","18","SMU -17.5","Bovada","57","-17.5","-16.5","58.5","-750","500"
"401754555","SMU","31","Syracuse","18","SMU -17.5","ESPN Bet","56.5","-17.5","-16.5","58.5","-900","550"
"401767512","South Dakota State","7","North Dakota State","38","North Dakota State -9","ESPN Bet","45.5","9","","","",""
"401767075","Cal Poly","17","Montana State","34","Montana State -21.5","ESPN Bet","55.5","21.5","","","",""
"401762504","East Carolina","48","Charlotte","22","East Carolina -29.5","ESPN Bet","56.5","-29.5","-26.5","55.5","-10000","2500"
"401762504","East Carolina","48","Charlotte","22","East Carolina -27.5","DraftKings","56.5","-27.5","-28.5","","-4000","1600"
"401762504","East Carolina","48","Charlotte","22","East Carolina -28.0","Bovada","56.5","-28","-28.5","55.5","",""
"401756929","Arizona State","16","Houston","24","Arizona State -7","DraftKings","46.5","-7","-7","","-298","240"
"401756929","Arizona State","16","Houston","24","Arizona State -7.5","ESPN Bet","47.5","-7.5","-8.5","47.5","-270","220"
"401756929","Arizona State","16","Houston","24","Arizona State -7.5","Bovada","47","-7.5","-8.5","47.5","-320","260"
"401752747","Kentucky","34","Tennessee","56","Tennessee -7.5","DraftKings","55.5","7.5","9.5","","235","-290"
"401752747","Kentucky","34","Tennessee","56","Tennessee -7.5","ESPN Bet","54.5","7.5","8.5","53.5","240","-290"
"401752747","Kentucky","34","Tennessee","56","Tennessee -7.5","Bovada","55","7.5","9","52.5","275","-350"
"401767478","UT Rio Grande Valley","56","Incarnate Word","28","Incarnate Word -4.5","ESPN Bet","54.5","4.5","","","",""
"401767487","Lamar","14","SE Louisiana","12","SE Louisiana -8","ESPN Bet","49.5","8","","","",""
"401756911","Baylor","35","Kansas State","34","Baylor -4.5","DraftKings","59.5","-4.5","-5.5","","-192","160"
"401756911","Baylor","35","Kansas State","34","Baylor -4.5","ESPN Bet","60.5","-4.5","-5.5","","-185","155"
"401756911","Baylor","35","Kansas State","34","Baylor -5.0","Bovada","60","-5","-6.5","61.5","-240","200"
"401752767","Kentucky","42","Tennessee Tech","10","Kentucky -22.5","ESPN Bet","52.5","-22.5","-22.5","52.5","-2000","1000"
"401752767","Kentucky","42","Tennessee Tech","10","Kentucky -22.5","DraftKings","52.5","-22.5","","","-2800","1300"
"401752767","Kentucky","42","Tennessee Tech","10","Kentucky -23.5","Bovada","51","-23.5","-22.5","52","-2000","950"
"401767670","Bucknell","20","Holy Cross","37","Bucknell -2.5","ESPN Bet","52.5","-2.5","","","",""
"401767488","Stephen F. Austin","26","Lamar","15","Stephen F. Austin -11","ESPN Bet","45.5","-11","","","",""
"401767067","Eastern Washington","27","Northern Colorado","7","Eastern Washington -3.5","ESPN Bet","54.5","-3.5","","","",""
"401767760","Saint Francis","3","Long Island University","10","Long Island University -14","ESPN Bet","37.5","14","","","",""
"401767414","North Carolina Central","27","South Carolina State","34","North Carolina Central -7","ESPN Bet","57.5","-7","","","",""
"401754587","Miami","38","Syracuse","10","Miami -28.5","ESPN Bet","47.5","-28.5","-27.5","46.5","-10000","2500"
"401754587","Miami","38","Syracuse","10","Miami -28.5","DraftKings","46.5","-28.5","-28.5","","-5000","1800"
"401754587","Miami","38","Syracuse","10","Miami -28.5","Bovada","46.5","-28.5","-28","46.5","",""
"401767542","South Dakota","24","South Dakota State","17","South Dakota State -7.5","ESPN Bet","46.5","7.5","","","",""
"401762476","UAB","13","Army","31","Army -6.5","DraftKings","55.5","6.5","9.5","","195","-238"
"401762476","UAB","13","Army","31","Army -6.5","ESPN Bet","55.5","6.5","7.5","58.5","200","-240"
"401762476","UAB","13","Army","31","Army -6.5","Bovada","55.5","6.5","7","57.5","220","-270"
"401757285","Florida International","26","Kennesaw State","45","Kennesaw State -3","DraftKings","48.5","3","1.5","","130","-155"
"401757285","Florida International","26","Kennesaw State","45","Kennesaw State -3.0","Bovada","48.5","3","1.5","48.5","105","-125"
"401757285","Florida International","26","Kennesaw State","45","Kennesaw State -2.5","ESPN Bet","49.5","2.5","1.5","48.5","125","-145"
"401752781","Texas A&M","48","Samford","0","Texas A&M -54.5","DraftKings","59.5","-54.5","-54.5","","",""
"401752781","Texas A&M","48","Samford","0","Texas A&M -54.5","Bovada","59.5","-54.5","-54.5","59.5","",""
"401752781","Texas A&M","48","Samford","0","Texas A&M -53.5","ESPN Bet","58.5","-53.5","","59.5","",""
"401754598","NC State","21","Florida State","11","Florida State -7","DraftKings","58.5","7","2.5","","205","-250"
"401754598","NC State","21","Florida State","11","Florida State -6.5","ESPN Bet","59.5","6.5","4.5","61.5","210","-250"
"401754598","NC State","21","Florida State","11","Florida State -6.5","Bovada","58.5","6.5","5.5","61.5","165","-195"
"401760418","UNLV","38","Hawai'i","10","UNLV -2.5","DraftKings","64.5","-2.5","-3","","-135","114"
"401760418","UNLV","38","Hawai'i","10","UNLV -2.5","ESPN Bet","64.5","-2.5","-3.5","64.5","-135","115"
"401760418","UNLV","38","Hawai'i","10","UNLV -2.5","Bovada","64.5","-2.5","-2.5","64.5","-145","125"
"401757286","Louisiana Tech","27","Western Kentucky","28","Louisiana Tech -5.5","DraftKings","49.5","-5.5","-3","","-238","195"
"401757286","Louisiana Tech","27","Western Kentucky","28","Louisiana Tech -5.0","Bovada","50","-5","-3","50","-160","135"
"401757286","Louisiana Tech","27","Western Kentucky","28","Louisiana Tech -4.5","ESPN Bet","48.5","-4.5","-2.5","50.5","-225","190"
"401767289","North Alabama","17","West Georgia","24","West Georgia -9.5","ESPN Bet","57.5","9.5","","","",""
"401752729","Oklahoma","44","Kent State","0","Oklahoma -46.5","DraftKings","53.5","-46.5","-45.5","","",""
"401752729","Oklahoma","44","Kent State","0","Oklahoma -46.5","Bovada","54","-46.5","-45.5","53.5","",""
"401752729","Oklahoma","44","Kent State","0","Oklahoma -46.5","ESPN Bet","53.5","-46.5","-45.5","53.5","",""
"401752773","Alabama","56","Eastern Illinois","0","Alabama -50.5","DraftKings","57.5","-50.5","-50.5","","",""
"401752773","Alabama","56","Eastern Illinois","0","Alabama -49.0","Bovada","57","-49","-50.5","57","",""
"401752773","Alabama","56","Eastern Illinois","0","Alabama -54.5","ESPN Bet","59.5","-54.5","-50.5","57.5","",""
"401767619","Dayton","6","Drake","14","Drake -3.5","ESPN Bet","43.5","3.5","","","",""
"401767078","Northern Arizona","35","Cal Poly","27","Northern Arizona -11.5","ESPN Bet","57.5","-11.5","","","",""
"401767103","Portland State","17","Montana","63","Montana -30.5","ESPN Bet","60.5","30.5","","","",""
"401752774","Auburn","62","Mercer","17","Auburn -26.5","DraftKings","51.5","-26.5","","","-5000","1800"
"401752774","Auburn","62","Mercer","17","Auburn -26.0","Bovada","50.5","-26","-27.5","50.5","",""
"401752774","Auburn","62","Mercer","17","Auburn -26.5","ESPN Bet","49.5","-26.5","-27.5","50.5","-5000","1500"
"401767366","Mississippi Valley State","3","Alabama State","41","Alabama State -29.5","ESPN Bet","54.5","29.5","","","",""
"401767767","Mercyhurst","27","Robert Morris","13","Mercyhurst -4.5","ESPN Bet","37.5","-4.5","","","",""
"401757171","UConn","51","Florida International","10","UConn -7","DraftKings","52.5","-7","-10","","-270","220"
"401757171","UConn","51","Florida International","10","UConn -7.0","Bovada","52","-7","-8.5","54.5","-320","260"
"401757171","UConn","51","Florida International","10","UConn -6.5","ESPN Bet","51.5","-6.5","-7.5","54.5","-270","220"
"401767376","Alcorn State","35","Southern","17","Alcorn State -11","ESPN Bet","47.5","-11","","","",""
"401752913","Iowa","20","Michigan State","17","Iowa -17.5","Bovada","43","-17.5","-16.5","42.5","-900","575"
"401752913","Iowa","20","Michigan State","17","Iowa -17.5","ESPN Bet","43.5","-17.5","-16.5","42.5","-1200","700"
"401752913","Iowa","20","Michigan State","17","Iowa -17.5","DraftKings","42.5","-17.5","-15.5","","-850","575"
"401754606","Wake Forest","52","Delaware","14","Wake Forest -17.5","DraftKings","49.5","-17.5","-17.5","","-1050","675"
"401754606","Wake Forest","52","Delaware","14","Wake Forest -17.5","Bovada","49.5","-17.5","-18","52","-950","600"
"401754606","Wake Forest","52","Delaware","14","Wake Forest -17.5","ESPN Bet","48.5","-17.5","-18.5","53.5","-1400","750"
"401756957","Houston","14","TCU","17","TCU -1.5","Bovada","55.5","1.5","-2.5","55","-115","-105"
"401756957","Houston","14","TCU","17","TCU -1.5","DraftKings","56.5","1.5","-2.5","","102","-122"
"401756957","Houston","14","TCU","17","TCU -1.5","ESPN Bet","55.5","1.5","-2.5","54.5","-110","-120"
"401767775","Wagner","20","Stonehill","14","Wagner -1","ESPN Bet","38.5","-1","","","",""
"401767466","East Texas A&M","37","Houston Christian","32","East Texas A&M -9.5","ESPN Bet","51.5","-9.5","","","",""
"401767254","Austin Peay","41","Central Arkansas","38","Austin Peay -13.5","ESPN Bet","55.5","-13.5","","","",""
"401760385","Wyoming","17","UNLV","31","UNLV -4.5","DraftKings","50.5","4.5","4.5","","164","-198"
"401760385","Wyoming","17","UNLV","31","UNLV -4.0","Bovada","51","4","6","53","190","-230"
"401760385","Wyoming","17","UNLV","31","UNLV -4.5","ESPN Bet","53.5","4.5","5.5","52.5","165","-195"
"401754605","Clemson","45","Furman","10","Clemson -41.5","DraftKings","55.5","-41.5","-41.5","","",""
"401754605","Clemson","45","Furman","10","Clemson -41.5","Bovada","55","-41.5","-41.5","54.5","",""
"401754605","Clemson","45","Furman","10","Clemson -43.5","ESPN Bet","55.5","-43.5","-41.5","55.5","",""
"401761620","Arkansas State","31","Texas State","30","Texas State -14","DraftKings","63.5","14","8.5","","425","-575"
"401761620","Arkansas State","31","Texas State","30","Texas State -14.0","Bovada","63.5","14","12.5","64.5","360","-500"
"401761620","Arkansas State","31","Texas State","30","Texas State -14.5","ESPN Bet","63.5","14.5","12.5","64.5","425","-650"
"401761646","Marshall","23","James Madison","35","James Madison -13.5","DraftKings","53.5","13.5","12.5","","425","-575"
"401761646","Marshall","23","James Madison","35","James Madison -13.5","ESPN Bet","52.5","13.5","12.5","54.5","425","-650"
"401761646","Marshall","23","James Madison","35","James Madison -13.5","Bovada","53.5","13.5","12.5","56.5","360","-500"
"401767129","Portland State","24","Sacramento State","52","Sacramento State -20.5","ESPN Bet","59.5","20.5","","","",""
"401788998","Princeton","10","Yale","13","Yale -8.5","ESPN Bet","51.5","8.5","","","",""
"401767087","Idaho State","31","Weber State","3","Idaho State -13.5","ESPN Bet","59.5","-13.5","","","",""
"401761645","Coastal Carolina","40","Georgia State","27","Coastal Carolina -7","DraftKings","56.5","-7","-6.5","","-285","230"
"401761645","Coastal Carolina","40","Georgia State","27","Coastal Carolina -7.0","Bovada","57","-7","-7.5","56.5","-290","240"
"401761645","Coastal Carolina","40","Georgia State","27","Coastal Carolina -7.5","ESPN Bet","56.5","-7.5","-7.5","56.5","-275","225"
"401767465","East Texas A&M","20","McNeese","35","East Texas A&M -2.5","ESPN Bet","53.5","-2.5","","","",""
"401760383","Fresno State","20","Nevada","17","Fresno State -12.5","DraftKings","45.5","-12.5","-15.5","","-520","390"
"401760383","Fresno State","20","Nevada","17","Fresno State -11.5","Bovada","45.5","-11.5","-12.5","44","-500","360"
"401760383","Fresno State","20","Nevada","17","Fresno State -13.5","ESPN Bet","46.5","-13.5","-13.5","44.5","-600","400"
"401767290","Tarleton State","61","North Alabama","0","Tarleton State -33.5","ESPN Bet","61.5","-33.5","","","",""
"401767677","Columbia","29","Brown","32","Brown -2.5","ESPN Bet","47.5","2.5","","","",""
"401756959","UCF","17","Oklahoma State","14","UCF -13.5","DraftKings","47.5","-13.5","-14","","-550","410"
"401756959","UCF","17","Oklahoma State","14","UCF -13.5","Bovada","47.5","-13.5","-14.5","48.5","-600","425"
"401756959","UCF","17","Oklahoma State","14","UCF -12.5","ESPN Bet","47.5","-12.5","-13.5","47.5","-650","425"
"401761656","App State","26","Marshall","24","Marshall -4.0","Bovada","56.5","4","3","53.5","165","-195"
"401761656","App State","26","Marshall","24","Marshall -4","DraftKings","56.5","4","3.5","","154","-185"
"401761656","App State","26","Marshall","24","Marshall -3.5","ESPN Bet","57.5","3.5","4.5","54.5","155","-185"
"401754604","Notre Dame","70","Syracuse","7","Notre Dame -36.5","DraftKings","51.5","-36.5","-34.5","","",""
"401754604","Notre Dame","70","Syracuse","7","Notre Dame -37.0","Bovada","51","-37","-35","51.5","",""
"401754604","Notre Dame","70","Syracuse","7","Notre Dame -36.5","ESPN Bet","50.5","-36.5","-35.5","51.5","-100000",""
"401752914","Maryland","20","Michigan","45","Michigan -14","DraftKings","46.5","14","11.5","","390","-520"
"401752914","Maryland","20","Michigan","45","Michigan -13.5","ESPN Bet","46.5","13.5","13.5","45.5","475","-750"
"401752914","Maryland","20","Michigan","45","Michigan -14.0","Bovada","46.5","14","11.5","45.5","400","-575"
"401767296","Southern Utah","28","Central Arkansas","21","Southern Utah -12.5","ESPN Bet","63.5","-12.5","","","",""
"401767138","Bryant","14","New Hampshire","42","New Hampshire -11","ESPN Bet","46.5","11","","","",""
"401762512","Army","25","Tulsa","26","Army -10","DraftKings","43.5","-10","-10.5","","-375","295"
"401762512","Army","25","Tulsa","26","Army -10.0","Bovada","43.5","-10","-11","46.5","-410","305"
"401762512","Army","25","Tulsa","26","Army -9.5","ESPN Bet","43.5","-9.5","-10.5","46.5","-400","300"
"401754601","Georgia Tech","28","Pittsburgh","42","Georgia Tech -2.5","DraftKings","61.5","-2.5","-3","","-135","114"
"401754601","Georgia Tech","28","Pittsburgh","42","Georgia Tech -2.5","ESPN Bet","61.5","-2.5","-2.5","61.5","-140","120"
"401754601","Georgia Tech","28","Pittsburgh","42","Georgia Tech -2.5","Bovada","60","-2.5","-2.5","62","-135","115"
"401752908","Penn State","37","Nebraska","10","Penn State -7.5","ESPN Bet","45.5","-7.5","-9.5","44.5","-260","215"
"401752908","Penn State","37","Nebraska","10","Penn State -7.0","Bovada","45","-7","-9.5","43.5","-360","280"
"401752908","Penn State","37","Nebraska","10","Penn State -7","DraftKings","45.5","-7","-7.5","","-285","230"
"401762479","Temple","27","UTSA","21","UTSA -6.5","DraftKings","58.5","6.5","6.5","","205","-250"
"401762479","Temple","27","UTSA","21","UTSA -6.5","Bovada","58.5","6.5","6.5","58.5","190","-230"
"401762479","Temple","27","UTSA","21","UTSA -6.5","ESPN Bet","57.5","6.5","6.5","58.5","210","-250"
"401767517","Stephen F. Austin","34","Nicholls","7","Stephen F. Austin -13.5","ESPN Bet","47.5","-13.5","","","",""
"401767501","Murray State","17","North Dakota","35","North Dakota -34","ESPN Bet","55.5","34","","","",""
"401756915","UCF","20","Kansas","27","Kansas -4","DraftKings","53.5","4","3","","160","-192"
"401756915","UCF","20","Kansas","27","Kansas -4.0","Bovada","54","4","4","55.5","160","-185"
"401756915","UCF","20","Kansas","27","Kansas -3.5","ESPN Bet","52.5","3.5","3.5","55.5","155","-185"
"401767096","Sacramento State","23","Idaho","20","Sacramento State -7","ESPN Bet","59.5","-7","","","",""
"401767610","Marist","37","Davidson","10","Marist -14","ESPN Bet","55.5","-14","","","",""
"401762867","Toledo","38","Ball State","9","Toledo -29.5","Bovada","45.5","-29.5","-27.5","48","",""
"401762867","Toledo","38","Ball State","9","Toledo -29.5","DraftKings","45.5","-29.5","-22.5","","-9000","2500"
"401762867","Toledo","38","Ball State","9","Toledo -28.5","ESPN Bet","45.5","-28.5","-26.5","47.5","-6000","1800"
"401757175","Florida Atlantic","45","UConn","48","UConn -6.0","Bovada","64","6","7","67.5","220","-270"
"401757175","Florida Atlantic","45","UConn","48","UConn -6","DraftKings","63.5","6","7.5","","190","-230"
"401757175","Florida Atlantic","45","UConn","48","UConn -5.5","ESPN Bet","64.5","5.5","7.5","67.5","175","-210"
"401767263","North Carolina A&T","19","Monmouth","63","Monmouth -21.5","ESPN Bet","58.5","21.5","","","",""
"401752776","Georgia","35","Charlotte","3","Georgia -42.5","DraftKings","53.5","-42.5","-44.5","","",""
"401752776","Georgia","35","Charlotte","3","Georgia -42.5","Bovada","53","-42.5","-45","54","",""
"401752776","Georgia","35","Charlotte","3","Georgia -42.5","ESPN Bet","53.5","-42.5","-44.5","55.5","",""
"401762515","Temple","13","Tulane","37","Tulane -7.5","DraftKings","54.5","7.5","8.5","","220","-270"
"401762515","Temple","13","Tulane","37","Tulane -7.5","Bovada","54","7.5","8","55","255","-310"
"401762515","Temple","13","Tulane","37","Tulane -7.5","ESPN Bet","54.5","7.5","8.5","54.5","250","-300"
"401754599","Stanford","31","California","10","California -4.5","DraftKings","47.5","4.5","4.5","","160","-192"
"401754599","Stanford","31","California","10","California -4.5","Bovada","47.5","4.5","3","49.5","125","-145"
"401754599","Stanford","31","California","10","California -4.5","ESPN Bet","47.5","4.5","2.5","50.5","155","-185"
"401754585","Louisville","26","California","29","Louisville -18.5","DraftKings","48.5","-18.5","-17.5","","-1100","700"
"401754585","Louisville","26","California","29","Louisville -18.5","ESPN Bet","49.5","-18.5","-18.5","49.5","-1200","700"
"401754585","Louisville","26","California","29","Louisville -18.0","Bovada","49","-18","-18.5","50.5","-1200","700"
"401767452","Youngstown State","48","Indiana State","29","Youngstown State -20.5","ESPN Bet","61.5","-20.5","","","",""
"401752909","Northwestern","38","Minnesota","35","Northwestern -4.0","Bovada","41","-4","-5.5","40.5","-185","160"
"401752909","Northwestern","38","Minnesota","35","Northwestern -4","DraftKings","40.5","-4","-4","","-192","160"
"401752909","Northwestern","38","Minnesota","35","Northwestern -4.5","ESPN Bet","41.5","-4.5","-3.5","41.5","-195","165"
"401752782","Vanderbilt","45","Kentucky","17","Vanderbilt -7","DraftKings","53.5","-7","-7.5","","-298","240"
"401752782","Vanderbilt","45","Kentucky","17","Vanderbilt -7.0","Bovada","53.5","-7","-10","53.5","-390","295"
"401752782","Vanderbilt","45","Kentucky","17","Vanderbilt -6.5","ESPN Bet","53.5","-6.5","-10.5","52.5","-260","215"
"401754588","North Carolina","20","Stanford","15","North Carolina -8.5","DraftKings","41.5","-8.5","-7.5","","-325","260"
"401754588","North Carolina","20","Stanford","15","North Carolina -8.5","ESPN Bet","41.5","-8.5","-8.5","42.5","-320","260"
"401754588","North Carolina","20","Stanford","15","North Carolina -8.5","Bovada","42","-8.5","-9","43.5","-320","260"
"401767402","Norfolk State","28","Morgan State","35","Morgan State -5.5","ESPN Bet","50.5","5.5","","","",""
"401762864","Northern Illinois","19","Western Michigan","35","Western Michigan -7","DraftKings","39.5","7","5.5","","225","-278"
"401762864","Northern Illinois","19","Western Michigan","35","Western Michigan -6.5","ESPN Bet","38.5","6.5","6.5","38.5","230","-280"
"401762864","Northern Illinois","19","Western Michigan","35","Western Michigan -7.0","Bovada","39.5","7","6","38.5","220","-270"
"401762862","Bowling Green","16","Akron","19","Bowling Green -2.5","DraftKings","47.5","-2.5","-4.5","","-135","114"
"401762862","Bowling Green","16","Akron","19","Bowling Green -2.5","ESPN Bet","47.5","-2.5","-4.5","47.5","-145","125"
"401762862","Bowling Green","16","Akron","19","Bowling Green -2.0","Bovada","48","-2","-4","47","-140","120"
"401762863","Ohio","42","Massachusetts","14","Ohio -33.5","DraftKings","53.5","-33.5","-29.5","","-10000","3000"
"401762863","Ohio","42","Massachusetts","14","Ohio -33.5","Bovada","53","-33.5","-32.5","51","",""
"401762863","Ohio","42","Massachusetts","14","Ohio -34.5","ESPN Bet","53.5","-34.5","-31.5","51.5","-100000",""
"401752779","South Carolina","51","Coastal Carolina","7","South Carolina -24.0","Bovada","50","-24","-23","53","-2200","1000"
"401752779","South Carolina","51","Coastal Carolina","7","South Carolina -23.5","DraftKings","49.5","-23.5","-23.5","","-3200","1400"
"401752779","South Carolina","51","Coastal Carolina","7","South Carolina -24.5","ESPN Bet","50.5","-24.5","-23.5","53.5","-4000","1300"
"401752912","Ohio State","42","Rutgers","9","Ohio State -29.0","Bovada","54","-29","-32.5","56","",""
"401752912","Ohio State","42","Rutgers","9","Ohio State -28.5","DraftKings","54.5","-28.5","-32.5","","-4500","1700"
"401752912","Ohio State","42","Rutgers","9","Ohio State -28.5","ESPN Bet","54.5","-28.5","-33.5","55.5","-50000","3500"
"401761655","Arkansas State","30","Louisiana","34","Arkansas State -2.5","DraftKings","54.5","-2.5","-3.5","","-130","110"
"401761655","Arkansas State","30","Louisiana","34","Arkansas State -2.5","ESPN Bet","54.5","-2.5","-3.5","53.5","-130","110"
"401761655","Arkansas State","30","Louisiana","34","Arkansas State -2.5","Bovada","54","-2.5","-3","54.5","-140","120"
"401757306","Kennesaw State","41","Missouri State","34","Kennesaw State -6.5","Bovada","54","-6.5","-6.5","58.5","-235","195"
"401757306","Kennesaw State","41","Missouri State","34","Kennesaw State -6.5","DraftKings","54.5","-6.5","-4","","-225","185"
"401757306","Kennesaw State","41","Missouri State","34","Kennesaw State -6.5","ESPN Bet","54.5","-6.5","-6.5","58.5","-210","175"
"401757299","Liberty","17","Missouri State","21","Liberty -7.5","DraftKings","51.5","-7.5","-6.5","","-290","235"
"401757299","Liberty","17","Missouri State","21","Liberty -8.0","Bovada","51.5","-8","-8","50.5","-300","250"
"401757299","Liberty","17","Missouri State","21","Liberty -7.5","ESPN Bet","51.5","-7.5","-7.5","50.5","-290","240"
"401767707","Harvard","45","Pennsylvania","43","Harvard -23","ESPN Bet","51.5","-23","","","",""
"401762866","Kent State","16","Central Michigan","28","Central Michigan -7.5","DraftKings","50.5","7.5","7","","245","-305"
"401762866","Kent State","16","Central Michigan","28","Central Michigan -7.5","ESPN Bet","50.5","7.5","7.5","47.5","240","-290"
"401762866","Kent State","16","Central Michigan","28","Central Michigan -7.5","Bovada","50.5","7.5","8","46.5","270","-340"
"401762865","Buffalo","20","Miami (OH)","37","Miami (OH) -2.5","DraftKings","38.5","2.5","-2.5","","110","-130"
"401762865","Buffalo","20","Miami (OH)","37","Miami (OH) -2.5","ESPN Bet","38.5","2.5","-2.5","39.5","110","-130"
"401762865","Buffalo","20","Miami (OH)","37","Miami (OH) -2.5","Bovada","38.5","2.5","-2","39.5","100","-120"
"401754603","Virginia Tech","17","Miami","34","Miami -18.5","Bovada","49","18.5","17","48.5","600","-950"
"401754603","Virginia Tech","17","Miami","34","Miami -17.5","DraftKings","49.5","17.5","15.5","","650","-1000"
"401754603","Virginia Tech","17","Miami","34","Miami -17.5","ESPN Bet","48.5","17.5","16.5","49.5","600","-1000"
"401761657","Georgia Southern","10","Old Dominion","45","Old Dominion -10.0","Bovada","62","10","10","62","350","-480"
"401761657","Georgia Southern","10","Old Dominion","45","Old Dominion -10","DraftKings","61.5","10","10","","295","-375"
"401761657","Georgia Southern","10","Old Dominion","45","Old Dominion -10.5","ESPN Bet","62.5","10.5","9.5","63.5","300","-400"
"401762855","Eastern Michigan","27","Bowling Green","21","Eastern Michigan -3","DraftKings","49.5","-3","-1.5","","-162","136"
"401762855","Eastern Michigan","27","Bowling Green","21","Eastern Michigan -3.5","ESPN Bet","49.5","-3.5","-2.5","51.5","-140","120"
"401762855","Eastern Michigan","27","Bowling Green","21","Eastern Michigan -3.0","Bovada","49","-3","-1.5","51.5","-125","105"
"401767748","Duquesne","38","Central Connecticut","33","Central Connecticut -1.5","ESPN Bet","46.5","1.5","","","",""
"401756954","Arizona","41","Baylor","17","Arizona -6.5","DraftKings","61.5","-6.5","-6.5","","-238","195"
"401756954","Arizona","41","Baylor","17","Arizona -6.5","Bovada","61.5","-6.5","-6.5","63","-245","205"
"401756954","Arizona","41","Baylor","17","Arizona -6.5","ESPN Bet","60.5","-6.5","-6.5","62.5","-210","175"
"401762513","UTSA","58","East Carolina","24","East Carolina -2.0","Bovada","62.5","2","3","62","115","-135"
"401762513","UTSA","58","East Carolina","24","East Carolina -1.5","DraftKings","62.5","1.5","4","","-102","-118"
"401762513","UTSA","58","East Carolina","24","East Carolina -2.5","ESPN Bet","61.5","2.5","3.5","61.5","-115","-105"
"401760419","Wyoming","7","Nevada","13","Wyoming -6","DraftKings","39.5","-6","-10","","-230","190"
"401760419","Wyoming","7","Nevada","13","Wyoming -6.5","Bovada","39.5","-6.5","-6.5","41.5","-250","210"
"401760419","Wyoming","7","Nevada","13","Wyoming -6.5","ESPN Bet","40.5","-6.5","-6.5","41.5","-215","180"
"401754589","Virginia","9","Wake Forest","16","Virginia -7","DraftKings","48.5","-7","-6.5","","-258","210"
"401754589","Virginia","9","Wake Forest","16","Virginia -7.0","Bovada","48.5","-7","-7","48.5","-230","190"
"401754589","Virginia","9","Wake Forest","16","Virginia -7.5","ESPN Bet","48.5","-7.5","-6.5","49.5","-260","215"
"401767111","Montana State","38","UC Davis","17","Montana State -19","ESPN Bet","61.5","-19","","","",""
"401767563","Western Carolina","35","East Tennessee State","52","Western Carolina -6","ESPN Bet","69.5","-6","","","",""
"401761658","South Alabama","42","Southern Miss","35","Southern Miss -2.5","Bovada","53","2.5","3","55.5","105","-125"
"401761658","South Alabama","42","Southern Miss","35","Southern Miss -2.5","DraftKings","53.5","2.5","3","","110","-130"
"401761658","South Alabama","42","Southern Miss","35","Southern Miss -2.5","ESPN Bet","53.5","2.5","2.5","56.5","-105","-120"
"401756955","Cincinnati","14","BYU","26","BYU -2.5","DraftKings","56.5","2.5","-3.5","","120","-142"
"401756955","Cincinnati","14","BYU","26","BYU -2.5","ESPN Bet","57.5","2.5","2.5","53.5","130","-150"
"401756955","Cincinnati","14","BYU","26","BYU -2.5","Bovada","56.5","2.5","2","54","115","-135"
"401760420","San Diego State","25","San José State","3","San Diego State -10","DraftKings","50.5","-10","-12.5","","-380","300"
"401760420","San Diego State","25","San José State","3","San Diego State -10.0","Bovada","51.5","-10","-12","49.5","-525","375"
"401760420","San Diego State","25","San José State","3","San Diego State -9.5","ESPN Bet","51.5","-9.5","-11.5","49.5","-400","300"
"401757307","Louisiana Tech","34","Liberty","28","Liberty -1.5","ESPN Bet","45.5","1.5","-1.5","45.5","-105","-120"
"401757307","Louisiana Tech","34","Liberty","28","Liberty -1.5","DraftKings","45.5","1.5","1.5","","-105","-115"
"401757307","Louisiana Tech","34","Liberty","28","Liberty -1.0","Bovada","45","1","","45","100","-120"
"401752894","Rutgers","35","Maryland","20","Rutgers -1.5","DraftKings","56.5","-1.5","-1.5","","-122","102"
"401752894","Rutgers","35","Maryland","20","Rutgers -1.5","ESPN Bet","56.5","-1.5","-2.5","59.5","-120","110"
"401752894","Rutgers","35","Maryland","20","Rutgers -1.5","Bovada","57","-1.5","-1","58.5","105","-125"
"401767663","Sacred Heart","42","Merrimack","37","Sacred Heart -6.5","ESPN Bet","45.5","-6.5","","","",""
"401757308","Middle Tennessee","31","Sam Houston","17","Middle Tennessee -6.5","DraftKings","53.5","-6.5","-4.5","","-245","200"
"401757308","Middle Tennessee","31","Sam Houston","17","Middle Tennessee -6.5","ESPN Bet","53.5","-6.5","-6.5","53.5","-240","200"
"401757308","Middle Tennessee","31","Sam Houston","17","Middle Tennessee -7.0","Bovada","53.5","-7","-6.5","54","-245","205"
"401752954","James Madison","24","Washington State","20","James Madison -15.0","Bovada","44.5","-15","-13.5","44.5","-585","410"
"401752954","James Madison","24","Washington State","20","James Madison -15.5","DraftKings","44.5","-15.5","-13.5","","-650","470"
"401752954","James Madison","24","Washington State","20","James Madison -15.5","ESPN Bet","45.5","-15.5","-13.5","41.5","-800","500"
"401767194","Maine","13","Rhode Island","45","Rhode Island -4","ESPN Bet","49.5","4","","","",""
"401762511","UAB","18","South Florida","48","South Florida -21.5","DraftKings","68.5","21.5","21.5","","1000","-1800"
"401762511","UAB","18","South Florida","48","South Florida -21.0","Bovada","69","21","21","69","850","-1800"
"401762511","UAB","18","South Florida","48","South Florida -22.5","ESPN Bet","68.5","22.5","21.5","69.5","1200","-3000"
"401752777","LSU","13","Western Kentucky","10","LSU -24.5","Bovada","52","-24.5","-21.5","50.5","-1800","850"
"401752777","LSU","13","Western Kentucky","10","LSU -24.5","DraftKings","52.5","-24.5","-22.5","","-3200","1400"
"401752777","LSU","13","Western Kentucky","10","LSU -25.5","ESPN Bet","53.5","-25.5","-22.5","51.5","-5000","1500"
"401762502","Rice","24","UAB","17","UAB -1.5","DraftKings","51.5","1.5","-4.5","","-108","-112"
"401762502","Rice","24","UAB","17","Rice -1.0","Bovada","51.5","-1","-3","53.5","-150","130"
"401762502","Rice","24","UAB","17","Rice -1.5","ESPN Bet","51.5","-1.5","-3.5","54.5","-110","-110"
"401767187","Hampton","14","William & Mary","55","William & Mary -18.5","ESPN Bet","53.5","18.5","","","",""
"401767695","Dartmouth","24","Cornell","14","Dartmouth -10","ESPN Bet","47.5","-10","","","",""
"401761648","Louisiana","42","Texas State","39","Texas State -3.5","DraftKings","62.5","3.5","3","","145","-175"
"401761648","Louisiana","42","Texas State","39","Texas State -3.5","Bovada","63.5","3.5","2.5","64.5","110","-130"
"401761648","Louisiana","42","Texas State","39","Texas State -3.5","ESPN Bet","63.5","3.5","2.5","64.5","135","-155"
"401752780","Texas","52","Arkansas","37","Texas -10.5","ESPN Bet","57.5","-10.5","-10.5","56.5","-320","260"
"401752780","Texas","52","Arkansas","37","Texas -8.5","DraftKings","58.5","-8.5","-10.5","","-340","270"
"401752780","Texas","52","Arkansas","37","Texas -8.5","Bovada","58","-8.5","-10","56.5","-370","285"
"401767326","Villanova","30","Stony Brook","27","Villanova -10.5","ESPN Bet","51.5","-10.5","","","",""
"401762514","Rice","24","North Texas","56","North Texas -18.5","Bovada","57","18.5","18","54.5","650","-1100"
"401762514","Rice","24","North Texas","56","North Texas -18.5","ESPN Bet","56.5","18.5","17.5","55.5","750","-1400"
"401762514","Rice","24","North Texas","56","North Texas -18.5","DraftKings","57.5","18.5","17.5","","675","-1050"
"401757309","UTEP","31","New Mexico State","34","UTEP -4","DraftKings","44.5","-4","-2.5","","-192","160"
"401757309","UTEP","31","New Mexico State","34","UTEP -4.0","Bovada","44.5","-4","-3","45","-160","135"
"401757309","UTEP","31","New Mexico State","34","UTEP -4.5","ESPN Bet","45.5","-4.5","-3.5","45.5","-190","160"
"401752899","Wisconsin","13","Washington","10","Washington -10.5","DraftKings","44.5","10.5","13.5","","320","-410"
"401752899","Wisconsin","13","Washington","10","Washington -10.5","Bovada","44.5","10.5","11","45.5","315","-420"
"401752899","Wisconsin","13","Washington","10","Washington -10.5","ESPN Bet","44.5","10.5","11.5","45.5","360","-500"
"401767571","Furman","32","VMI","14","Furman -20.5","ESPN Bet","51.5","-20.5","","","",""
"401756943","Arizona","24","Kansas","20","Arizona -5.5","DraftKings","56.5","-5.5","-3.5","","-218","180"
"401756943","Arizona","24","Kansas","20","Arizona -5.5","Bovada","56.5","-5.5","-6","56.5","-220","180"
"401756943","Arizona","24","Kansas","20","Arizona -6.5","ESPN Bet","56.5","-6.5","-5.5","56.5","-225","190"
"401767654","Valparaiso","32","Stetson","31","Valparaiso -2.5","ESPN Bet","48.5","-2.5","","","",""
"401761659","Texas State","31","UL Monroe","14","Texas State -20.5","DraftKings","59.5","-20.5","-17.5","","-1600","900"
"401761659","Texas State","31","UL Monroe","14","Texas State -20.5","Bovada","59.5","-20.5","-19.5","56","-1100","650"
"401761659","Texas State","31","UL Monroe","14","Texas State -20.5","ESPN Bet","60.5","-20.5","-18.5","55.5","-1400","750"
"401760407","Colorado State","10","UNLV","42","UNLV -5.5","DraftKings","60.5","5.5","6.5","","180","-218"
"401760407","Colorado State","10","UNLV","42","UNLV -5.5","Bovada","61","5.5","6","61.5","185","-225"
"401760407","Colorado State","10","UNLV","42","UNLV -4.5","ESPN Bet","61.5","4.5","5.5","61.5","170","-200"
"401767717","Georgetown","14","Fordham","0","Georgetown -5.5","ESPN Bet","49.5","-5.5","","","",""
"401767393","Jackson State","28","Bethune-Cookman","13","Jackson State -23.5","ESPN Bet","59.5","-23.5","","","",""
"401756958","Iowa State","38","Kansas","14","Iowa State -3","DraftKings","55.5","-3","-4.5","","-162","136"
"401756958","Iowa State","38","Kansas","14","Iowa State -3.5","Bovada","55.5","-3.5","-4","56","-195","165"
"401756958","Iowa State","38","Kansas","14","Iowa State -3.5","ESPN Bet","55.5","-3.5","-3.5","54.5","-165","140"
"401757296","Middle Tennessee","30","Florida International","56","Middle Tennessee -1.5","DraftKings","50.5","-1.5","1.5","","-118","-102"
"401757296","Middle Tennessee","30","Florida International","56","Middle Tennessee -2.0","Bovada","51","-2","1","52.5","-105","-115"
"401757296","Middle Tennessee","30","Florida International","56","Middle Tennessee -1.5","ESPN Bet","50.5","-1.5","1.5","51.5","-110","-110"
"401754602","SMU","38","Louisville","6","SMU -4","DraftKings","49.5","-4","-1.5","","-185","154"
"401754602","SMU","38","Louisville","6","SMU -3.5","ESPN Bet","50.5","-3.5","-3.5","53.5","-165","140"
"401754602","SMU","38","Louisville","6","SMU -4.0","Bovada","49.5","-4","-3","53","-135","115"
"401767348","Delaware State","26","Howard","13","Delaware State -13.5","ESPN Bet","50.5","-13.5","","","",""
"401757297","UTEP","27","Jacksonville State","30","Jacksonville State -1.5","DraftKings","46.5","1.5","1.5","","-105","-115"
"401757297","UTEP","27","Jacksonville State","30","Jacksonville State -1.5","Bovada","46.5","1.5","1.5","49","100","-120"
"401757297","UTEP","27","Jacksonville State","30","Jacksonville State -1.5","ESPN Bet","46.5","1.5","2.5","49.5","105","-125"
"401760406","San José State","16","Air Force","26","San José State -6","DraftKings","67.5","-6","-2.5","","-250","205"
"401760406","San José State","16","Air Force","26","San José State -6.0","Bovada","67.5","-6","-3.5","65.5","-200","170"
"401760406","San José State","16","Air Force","26","San José State -6.5","ESPN Bet","68.5","-6.5","-3.5","66.5","-225","190"
"401767331","UAlbany","19","Towson","36","Towson -13.5","ESPN Bet","47.5","13.5","","","",""
"401752915","Wisconsin","27","Illinois","10","Illinois -8.5","DraftKings","42.5","8.5","9.5","","275","-345"
"401752915","Wisconsin","27","Illinois","10","Illinois -8.5","ESPN Bet","41.5","8.5","9.5","42.5","280","-360"
"401752915","Wisconsin","27","Illinois","10","Illinois -9.5","Bovada","42","9.5","9","41","255","-310"
"401767761","Long Island University","24","Wagner","17","Long Island University -10","ESPN Bet","36.5","-10","","","",""
"401761647","Arkansas State","21","Southern Miss","27","Southern Miss -6.5","DraftKings","54.5","6.5","3.5","","195","-238"
"401761647","Arkansas State","21","Southern Miss","27","Southern Miss -6.5","Bovada","55","6.5","6","59.5","190","-230"
"401761647","Arkansas State","21","Southern Miss","27","Southern Miss -6.5","ESPN Bet","54.5","6.5","5.5","59.5","200","-240"
"401767543","Southern Illinois","51","South Dakota","53","Southern Illinois -4.5","ESPN Bet","50.5","-4.5","","","",""
"401760415","Air Force","3","New Mexico","20","New Mexico -3.5","ESPN Bet","53.5","3.5","2.5","58.5","135","-155"
"401760415","Air Force","3","New Mexico","20","New Mexico -3.5","DraftKings","52.5","3.5","1.5","","136","-162"
"401760415","Air Force","3","New Mexico","20","New Mexico -3.5","Bovada","53.5","3.5","2","58","135","-160"
"401767749","Central Connecticut","35","Mercyhurst","28","Central Connecticut -10.5","ESPN Bet","47.5","-10.5","","","",""
"401754590","UConn","37","Duke","34","Duke -7.5","DraftKings","63.5","7.5","10.5","","250","-310"
"401754590","UConn","37","Duke","34","Duke -8.0","Bovada","63","8","8.5","66.5","255","-310"
"401754590","UConn","37","Duke","34","Duke -7.5","ESPN Bet","62.5","7.5","8.5","66.5","250","-300"
"401767737","Colgate","7","Lehigh","27","Lehigh -18.5","ESPN Bet","54.5","18.5","","","",""
"401760417","Fresno State","17","Utah State","28","Fresno State -1.5","DraftKings","50.5","-1.5","-1.5","","-125","105"
"401760417","Fresno State","17","Utah State","28","Fresno State -2.0","Bovada","50","-2","-2.5","50.5","-145","125"
"401760417","Fresno State","17","Utah State","28","Fresno State -1.5","ESPN Bet","50.5","-1.5","-2.5","51.5","-125","105"
"401760409","Utah State","51","Nevada","14","Utah State -10","DraftKings","52.5","-10","-10.5","","-380","300"
"401760409","Utah State","51","Nevada","14","Utah State -10.0","Bovada","52","-10","-11","52.5","-380","290"
"401760409","Utah State","51","Nevada","14","Utah State -9.5","ESPN Bet","52.5","-9.5","-11.5","53.5","-380","290"
"401767169","UT Martin","17","Charleston Southern","14","UT Martin -10","ESPN Bet","45.5","-10","","","",""
"401757305","Florida International","27","Jacksonville State","21","Florida International -2.5","DraftKings","55.5","-2.5","1.5","","-125","105"
"401757305","Florida International","27","Jacksonville State","21","Florida International -2.5","Bovada","56","-2.5","-1","56.5","-105","-115"
"401757305","Florida International","27","Jacksonville State","21","Florida International -2.5","ESPN Bet","56.5","-2.5","-1.5","55.5","-135","115"
"401767139","Stony Brook","35","Bryant","28","Stony Brook -18.5","ESPN Bet","52.5","-18.5","","","",""
"401757298","New Mexico State","21","Kennesaw State","24","Kennesaw State -11.5","DraftKings","52.5","11.5","6.5","","330","-425"
"401757298","New Mexico State","21","Kennesaw State","24","Kennesaw State -10.5","Bovada","52","10.5","7","54.5","220","-270"
"401757298","New Mexico State","21","Kennesaw State","24","Kennesaw State -11.5","ESPN Bet","52.5","11.5","7.5","53.5","340","-450"
"401767643","St. Thomas (MN)","9","Presbyterian","23","St. Thomas (MN) -5.5","ESPN Bet","47.5","-5.5","","","",""
"401761660","Troy","31","Georgia State","19","Troy -9.5","Bovada","51","-9.5","-10.5","51","-480","350"
"401761660","Troy","31","Georgia State","19","Troy -9.5","DraftKings","50.5","-9.5","-10.5","","-360","285"
"401761660","Troy","31","Georgia State","19","Troy -10.5","ESPN Bet","51.5","-10.5","-11.5","51.5","-380","290"
"401767678","Brown","35","Dartmouth","28","Dartmouth -8","ESPN Bet","51.5","8","","","",""
"401752944","Oregon State","17","Sam Houston","21","Oregon State -21","DraftKings","52.5","-21","-17.5","","-1450","850"
"401752944","Oregon State","17","Sam Houston","21","Oregon State -21.0","Bovada","51.5","-21","-18.5","51.5","-1200","700"
"401752944","Oregon State","17","Sam Houston","21","Oregon State -21.5","ESPN Bet","52.5","-21.5","-18.5","51.5","-2500","1100"
"401767147","Campbell","24","Elon","31","Elon -4","ESPN Bet","52.5","4","","","",""
"401767255","Austin Peay","30","Samford","16","Austin Peay -25.5","ESPN Bet","55.5","-25.5","","","",""
"401767264","Monmouth","24","UAlbany","31","Monmouth -29.5","ESPN Bet","62.5","-29.5","","","",""
"401760416","Boise State","49","Colorado State","21","Boise State -17.5","ESPN Bet","46.5","-17.5","-16.5","45.5","-1000","600"
"401760416","Boise State","49","Colorado State","21","Boise State -17.5","DraftKings","45.5","-17.5","-17.5","","-950","625"
"401760416","Boise State","49","Colorado State","21","Boise State -17.0","Bovada","45.5","-17","-16.5","45.5","-750","500"
"401767303","West Georgia","23","Utah Tech","0","West Georgia -15","ESPN Bet","48.5","-15","","","",""
"401767586","The Citadel","14","Wofford","16","Wofford -3.5","ESPN Bet","43.5","3.5","","","",""
"401767740","Richmond","28","Lafayette","35","Lafayette -3.5","ESPN Bet","49.5","3.5","","","",""
"401767222","Western Illinois","17","Southeast Missouri State","22","Southeast Missouri State -8","ESPN Bet","57.5","8","","","",""
"401767207","Tennessee State","14","Gardner-Webb","30","Gardner-Webb -15","ESPN Bet","50.5","15","","","",""
"401767591","VMI","6","Western Carolina","48","Western Carolina -25.5","ESPN Bet","63.5","25.5","","","",""
"401767708","Yale","45","Harvard","28","Harvard -6.5","ESPN Bet","50.5","6.5","","","",""
"401767246","Eastern Kentucky","10","Abilene Christian","17","Abilene Christian -9","ESPN Bet","48.5","9","","","",""
"401767481","Incarnate Word","7","SE Louisiana","10","SE Louisiana -5.5","ESPN Bet","54.5","5.5","","","",""
"401767200","Lindenwood","42","Eastern Illinois","12","Lindenwood -5.5","ESPN Bet","49.5","-5.5","","","",""
"401767403","Morgan State","14","North Carolina Central","33","North Carolina Central -9.5","ESPN Bet","54.5","9.5","","","",""
"401767718","Merrimack","27","Fordham","26","Merrimack -5.5","ESPN Bet","45.5","-5.5","","","",""
"401767387","Prairie View A&M","56","Arkansas-Pine Bluff","9","Prairie View A&M -21","ESPN Bet","50.5","-21","","","",""
"401767556","Mercer","63","Chattanooga","17","Mercer -15.5","ESPN Bet","57.5","-15.5","","","",""
"401767457","Southern","30","Texas Southern","35","Texas Southern -6.5","ESPN Bet","52.5","6.5","","","",""
"401767738","Lafayette","32","Lehigh","42","Lehigh -10","ESPN Bet","52.5","10","","","",""
"401767357","Alabama A&M","23","Florida A&M","26","Florida A&M -2.5","ESPN Bet","54.5","2.5","","","",""
"401767444","South Dakota State","21","Illinois State","35","South Dakota State -3.5","ESPN Bet","50.5","-3.5","","","",""
"401767625","Drake","17","Morehead State","10","Drake -21.5","ESPN Bet","49.5","-21.5","","","",""
"401767514","North Dakota State","48","Northern Iowa","16","North Dakota State -34","ESPN Bet","47.5","-34","","","",""
"401767377","Alcorn State","27","Grambling","16","Grambling -1.5","ESPN Bet","45.5","1.5","","","",""
"401767770","Stonehill","20","Saint Francis","10","Stonehill -7.5","ESPN Bet","37.5","-7.5","","","",""
"401767600","San Diego","29","Butler","7","San Diego -7.5","ESPN Bet","46.5","-7.5","","","",""
"401767519","Nicholls","26","Northwestern State","21","Nicholls -23.5","ESPN Bet","45.5","-23.5","","","",""
"401767338","Villanova","34","Sacred Heart","10","Villanova -16","ESPN Bet","54.5","-16","","","",""
"401788996","Pennsylvania","17","Princeton","6","Pennsylvania -3.5","ESPN Bet","50.5","-3.5","","","",""
"401767148","Towson","35","Campbell","31","Towson -8.5","ESPN Bet","54.5","-8.5","","","",""
"401767611","Davidson","14","Dayton","42","Dayton -17.5","ESPN Bet","51.5","17.5","","","",""
"401767445","Illinois State","7","Southern Illinois","37","Illinois State -4.5","ESPN Bet","59.5","-4.5","","","",""
"401767671","Colgate","38","Bucknell","19","Colgate -9.5","ESPN Bet","60.5","-9.5","","","",""
"401767647","Stetson","8","San Diego","42","San Diego -22","ESPN Bet","53.5","22","","","",""
"401767696","Cornell","12","Columbia","29","Cornell -9.5","ESPN Bet","43.5","-9.5","","","",""
"401767349","Delaware State","17","South Carolina State","28","South Carolina State -5.5","ESPN Bet","56.5","5.5","","","",""
"401767195","New Hampshire","33","Maine","27","New Hampshire -7.5","ESPN Bet","47.5","-7.5","","","",""
"401767188","Rhode Island","38","Hampton","10","Rhode Island -31.5","ESPN Bet","52.5","-31.5","","","",""
"401767520","SE Louisiana","38","Nicholls","26","SE Louisiana -17.5","ESPN Bet","49.5","-17.5","","","",""
"401767234","Tennessee Tech","20","UT Martin","17","Tennessee Tech -17.5","ESPN Bet","55.5","-17.5","","","",""
"401767601","Butler","27","Valparaiso","20","Butler -16.5","ESPN Bet","48.5","-16.5","","","",""
"401767508","North Dakota","31","South Dakota State","34","North Dakota -9.5","ESPN Bet","48.5","-9.5","","","",""
"401767178","Elon","55","North Carolina A&T","17","Elon -21","ESPN Bet","54.5","-21","","","",""
"401767522","Northwestern State","14","Stephen F. Austin","62","Stephen F. Austin -37.5","ESPN Bet","50.5","37.5","","","",""
"401767453","Indiana State","17","Murray State","31","Indiana State -13","ESPN Bet","58.5","-13","","","",""
"401767394","Florida A&M","34","Bethune-Cookman","38","Florida A&M -2.5","ESPN Bet","56.5","-2.5","","","",""
"401767633","Presbyterian","29","Marist","25","Presbyterian -17.5","ESPN Bet","49.5","-17.5","","","",""
"401767564","East Tennessee State","28","The Citadel","26","East Tennessee State -11.5","ESPN Bet","54.5","-11.5","","","",""
"401767557","Wofford","35","Chattanooga","13","Wofford -4.5","ESPN Bet","47.5","-4.5","","","",""
"401767340","William & Mary","21","Richmond","28","William & Mary -6.5","ESPN Bet","49.5","-6.5","","","",""
"401767367","Alabama State","44","Arkansas-Pine Bluff","13","Alabama State -26.5","ESPN Bet","59.5","-26.5","","","",""
"401767125","Northern Colorado","24","Portland State","13","Northern Colorado -10.5","ESPN Bet","56.5","-10.5","","","",""
"401767208","Gardner-Webb","24","Western Illinois","29","Gardner-Webb -13.5","ESPN Bet","59.5","-13.5","","","",""
"401767215","Southeast Missouri State","13","Lindenwood","30","Lindenwood -1.5","ESPN Bet","52.5","1.5","","","",""
"401767104","Montana","28","Montana State","31","Montana State -4.5","ESPN Bet","59.5","4.5","","","",""
"401767170","Charleston Southern","7","Tennessee State","6","Charleston Southern -12.5","ESPN Bet","43.5","-12.5","","","",""
"401767540","Northern Iowa","32","Youngstown State","35","Youngstown State -14","ESPN Bet","57.5","14","","","",""
"401767756","Robert Morris","17","Duquesne","20","Duquesne -13.5","ESPN Bet","42.5","13.5","","","",""
"401767291","North Alabama","34","Southern Utah","36","Southern Utah -18","ESPN Bet","58.5","18","","","",""
"401767118","Weber State","48","Northern Arizona","28","Northern Arizona -14","ESPN Bet","58.5","14","","","",""
"401767475","Houston Christian","10","Incarnate Word","31","Incarnate Word -17.5","ESPN Bet","49.5","17.5","","","",""
"401767430","Prairie View A&M","59","Mississippi Valley State","6","Prairie View A&M -29.5","ESPN Bet","50.5","-29.5","","","",""
"401767358","Texas Southern","24","Alabama A&M","7","Texas Southern -3.5","ESPN Bet","52.5","-3.5","","","",""
"401767515","North Dakota State","62","St. Thomas (MN)","7","North Dakota State -33.5","ESPN Bet","51.5","-33.5","","","",""
"401767378","Alcorn State","21","Jackson State","27","Alcorn State -19.5","ESPN Bet","51.5","-19.5","","","",""
"401767284","Utah Tech","10","Eastern Kentucky","33","Eastern Kentucky -6.5","ESPN Bet","45.5","6.5","","","",""
"401767134","UC Davis","31","Sacramento State","27","UC Davis -5","ESPN Bet","63.5","-5","","","",""
"401767397","Howard","44","Norfolk State","15","Howard -3.5","ESPN Bet","48.5","-3.5","","","",""
"401767088","Idaho","16","Idaho State","37","Idaho -2.5","ESPN Bet","59.5","-2.5","","","",""
"401767489","Lamar","19","McNeese","21","Lamar -13.5","ESPN Bet","47.5","-13.5","","","",""
"401767725","Holy Cross","42","Georgetown","7","Holy Cross -5.5","ESPN Bet","45.5","-5.5","","","",""
"401767247","Central Arkansas","28","Abilene Christian","49","Abilene Christian -9.5","ESPN Bet","54.5","9.5","","","",""
"401767068","Cal Poly","43","Eastern Washington","34","Cal Poly -2.5","ESPN Bet","56.5","-2.5","","","",""
"401767276","Tarleton State","45","Austin Peay","44","Tarleton State -18.5","ESPN Bet","60.5","-18.5","","","",""
