"Id","HomeTeam","HomeScore","AwayTeam","AwayScore","FormattedSpread","LineProvider","OverUnder","Spread","OpeningSpread","OpeningOverUnder","HomeMoneyline","AwayMoneyline"
"401523990","Colorado State","24","Washington State","50","Washington State -12.5","teamrankings","58","12.5","","","",""
"401523990","Colorado State","24","Washington State","50","Washington State -8.5","Bovada","53.5","8.5","14.5","54.5","360","-500"
"401523990","Colorado State","24","Washington State","50","Washington State -11","DraftKings","55.5","11","14","57.5","295","-440"
"401523990","Colorado State","24","Washington State","50","Washington State -9.5","Caesars Sportsbook (Colorado)","54","9.5","","","",""
"401520400","Massachusetts","31","Merrimack","21","Massachusetts -16.5","ESPN Bet","57.5","-16.5","","","",""
"401525451","Sam Houston","24","Kennesaw State","21","Sam Houston -16.5","ESPN Bet","41.5","-16.5","","","",""
"401525545","North Carolina","59","Campbell","7","North Carolina -45.5","ESPN Bet","68.5","-45.5","","","",""
"401534856","South Carolina State","27","Howard","24","Howard -6.5","ESPN Bet","47.5","6.5","","","",""
"401539975","Morgan State","24","Delaware State","17","Morgan State -17.5","ESPN Bet","41.5","-17.5","","","",""
"401539991","North Carolina Central","38","Norfolk State","24","North Carolina Central -18","ESPN Bet","60.5","-18","","","",""
"401540009","Sacred Heart","31","Central Connecticut","24","Sacred Heart -3","ESPN Bet","41.5","-3","","","",""
"401540017","Wagner","26","Duquesne","34","Duquesne -13.5","ESPN Bet","49.5","13.5","","","",""
"401540054","Fordham","27","Bucknell","21","Fordham -18.5","ESPN Bet","67.5","-18.5","","","",""
"401540071","Lehigh","24","Holy Cross","28","Holy Cross -22","ESPN Bet","58.5","22","","","",""
"401540075","Lafayette","34","Colgate","37","Lafayette -15.5","ESPN Bet","49.5","-15.5","","","",""
"401540107","Missouri State","35","Illinois State","36","Illinois State -1.5","ESPN Bet","57.5","1.5","","","",""
"401540112","Alabama A&M","28","Florida A&M","42","Florida A&M -13.5","ESPN Bet","50.5","13.5","","","",""
"401540121","Alabama State","17","Grambling","6","Alabama State -1.5","ESPN Bet","46.5","-1.5","","","",""
"401540130","Alcorn State","44","Southern","21","Alcorn State -3","ESPN Bet","37.5","-3","","","",""
"401540138","Prairie View A&M","38","Arkansas-Pine Bluff","14","Prairie View A&M -12","ESPN Bet","49.5","-12","","","",""
"401540146","Bethune-Cookman","20","Mississippi Valley State","7","Bethune-Cookman -10.5","ESPN Bet","40.5","-10.5","","","",""
"401540162","Jackson State","21","Texas Southern","19","Jackson State -15.5","ESPN Bet","57.5","-15.5","","","",""
"401540190","North Alabama","14","Central Arkansas","27","Central Arkansas -13.5","ESPN Bet","59.5","13.5","","","",""
"401540217","Tarleton State","59","Stephen F. Austin","17","Tarleton State -1","ESPN Bet","60.5","-1","","","",""
"401540224","Abilene Christian","24","Utah Tech","7","Abilene Christian -9","ESPN Bet","64.5","-9","","","",""
"401540232","Eastern Washington","48","Cal Poly","13","Eastern Washington -21.5","ESPN Bet","62.5","-21.5","","","",""
"401540248","Northern Colorado","13","Idaho","27","Idaho -27.5","ESPN Bet","52.5","27.5","","","",""
"401540256","Idaho State","21","Weber State","33","Weber State -8","ESPN Bet","56.5","8","","","",""
"401540263","Montana","34","Sacramento State","7","Montana -2.5","ESPN Bet","53.5","-2.5","","","",""
"401540284","UC Davis","37","Portland State","23","UC Davis -6.5","ESPN Bet","60.5","-6.5","","","",""
"401540296","Brown","17","Yale","36","Yale -5.5","ESPN Bet","61.5","5.5","","","",""
"401540304","Indiana State","7","Youngstown State","19","Youngstown State -19.5","ESPN Bet","59.5","19.5","","","",""
"401540328","Delaware","27","Elon","33","Delaware -14.5","ESPN Bet","47.5","-14.5","","","",""
"401540331","Pennsylvania","23","Cornell","8","Pennsylvania -10.5","ESPN Bet","44.5","-10.5","","","",""
"401540340","Dartmouth","23","Princeton","21","Princeton -2.5","ESPN Bet","33.5","2.5","","","",""
"401540343","Columbia","24","Harvard","38","Harvard -13.5","ESPN Bet","40.5","13.5","","","",""
"401540367","Murray State","31","North Dakota","45","North Dakota -19.5","ESPN Bet","56.5","19.5","","","",""
"401540380","Lamar","41","East Texas A&M","21","Lamar -3.5","ESPN Bet","38.5","-3.5","","","",""
"401540386","South Dakota State","33","North Dakota State","16","South Dakota State -14","ESPN Bet","51.5","-14","","","",""
"401540395","SE Louisiana","38","McNeese","24","SE Louisiana -15","ESPN Bet","57.5","-15","","","",""
"401540404","Stetson","41","Davidson","61","Davidson -16.5","ESPN Bet","64.5","16.5","","","",""
"401540427","Bryant","44","Gardner-Webb","45","Gardner-Webb -2","ESPN Bet","56.5","2","","","",""
"401540444","Southern Illinois","7","South Dakota","14","Southern Illinois -8","ESPN Bet","41.5","-8","","","",""
"401540460","Valparaiso","21","Dayton","7","Valparaiso -3","ESPN Bet","45.5","-3","","","",""
"401540476","Charleston Southern","35","Tennessee State","21","Tennessee State -8","ESPN Bet","42.5","8","","","",""
"401540481","Lindenwood","10","Eastern Illinois","16","Eastern Illinois -10","ESPN Bet","52.5","10","","","",""
"401540505","Monmouth","56","Stony Brook","17","Monmouth -24.5","ESPN Bet","56.5","-24.5","","","",""
"401540518","Marist","3","Drake","10","Drake -8","ESPN Bet","46.5","8","","","",""
"401540533","New Hampshire","33","Villanova","45","Villanova -1.5","ESPN Bet","58.5","1.5","","","",""
"401540536","Tennessee Tech","41","UT Martin","44","UT Martin -16.5","ESPN Bet","45.5","16.5","","","",""
"401540546","North Carolina A&T","32","Towson","42","Towson -6","ESPN Bet","45.5","6","","","",""
"401540551","Morehead State","7","Butler","49","Butler -7.5","ESPN Bet","46.5","7.5","","","",""
"401540557","Presbyterian","13","San Diego","23","San Diego -5","ESPN Bet","46.5","5","","","",""
"401540589","Chattanooga","14","Furman","17","Furman -1.5","ESPN Bet","52.5","1.5","","","",""
"401540595","East Tennessee State","24","VMI","31","East Tennessee State -3.5","ESPN Bet","37.5","-3.5","","","",""
"401540614","The Citadel","16","Mercer","38","Mercer -20","ESPN Bet","45.5","20","","","",""
"401540617","UAlbany","24","William & Mary","8","UAlbany -5","ESPN Bet","41.5","-5","","","",""
"401540626","Wofford","25","Western Carolina","28","Western Carolina -20.5","ESPN Bet","56.5","20.5","","","",""
"401544202","Incarnate Word","32","Nicholls","45","Incarnate Word -7.5","ESPN Bet","50.5","-7.5","","","",""
"401553854","Montana State","45","Northern Arizona","21","Montana State -23.5","ESPN Bet","63.5","-23.5","","","",""
"401531926","Louisiana","52","UL Monroe","21","Louisiana -12.5","DraftKings","","-12.5","-12.5","","-455","350"
"401531926","Louisiana","52","UL Monroe","21","Louisiana -13.5","ESPN Bet","53.5","-13.5","","","",""
"401531926","Louisiana","52","UL Monroe","21","Louisiana -12.5","Bovada","53","-12.5","-12","52","-525","375"
"401531917","Georgia Southern","17","Old Dominion","20","Georgia Southern -7","DraftKings","60.5","-7","-7","60.5","-225","185"
"401531917","Georgia Southern","17","Old Dominion","20","Georgia Southern -5.5","Bovada","62.5","-5.5","-7","62","-235","195"
"401531917","Georgia Southern","17","Old Dominion","20","Georgia Southern -4.5","ESPN Bet","61.5","-4.5","","","",""
"401525549","North Carolina","47","Duke","45","North Carolina -10.0","Bovada","53.5","-10","-8.5","50.5","-525","375"
"401525549","North Carolina","47","Duke","45","North Carolina -10.5","ESPN Bet","52.5","-10.5","","","",""
"401525549","North Carolina","47","Duke","45","North Carolina -9.5","DraftKings","","-9.5","-9.5","","-455","350"
"401525905","Oklahoma State","40","BYU","34","Oklahoma State -17.5","DraftKings","","-17.5","-17.5","","-750","525"
"401525905","Oklahoma State","40","BYU","34","Oklahoma State -16.5","ESPN Bet","54.5","-16.5","","","",""
"401525905","Oklahoma State","40","BYU","34","Oklahoma State -15.5","Bovada","55.5","-15.5","-17.5","57","-950","600"
"401532625","Boise State","27","Air Force","19","Boise State -6.5","DraftKings","","-6.5","-6.5","","-238","195"
"401532625","Boise State","27","Air Force","19","Boise State -6.5","Bovada","45","-6.5","-6","46","-220","180"
"401532625","Boise State","27","Air Force","19","Boise State -6.5","ESPN Bet","44.5","-6.5","","","",""
"401520361","Air Force","3","Army","23","Air Force -17.5","ESPN Bet","32.5","-17.5","","","",""
"401520361","Air Force","3","Army","23","Air Force -18.0","Bovada","32","-18","-19","35","-1200","700"
"401520361","Air Force","3","Army","23","Air Force -18.5","DraftKings","32","-18.5","-18.5","","-1100","700"
"401532441","Miami (OH)","19","Akron","0","Miami (OH) -17.0","Bovada","37.5","-17","-17","43.5","-900","575"
"401532441","Miami (OH)","19","Akron","0","Miami (OH) -17","DraftKings","42","-17","-17","42","-950","625"
"401532441","Miami (OH)","19","Akron","0","Miami (OH) -17.5","ESPN Bet","37.5","-17.5","","","",""
"401532454","Ball State","15","Miami (OH)","17","Miami (OH) -6.5","DraftKings","","6.5","6.5","","142","-170"
"401532454","Ball State","15","Miami (OH)","17","Miami (OH) -4.0","Bovada","34","4","7","36","200","-240"
"401532454","Ball State","15","Miami (OH)","17","Miami (OH) -3.5","ESPN Bet","34.5","3.5","","","",""
"401532442","Kent State","19","Bowling Green","49","Bowling Green -11.0","Bovada","41.5","11","8.5","41","250","-300"
"401532442","Kent State","19","Bowling Green","49","Bowling Green -8.5","DraftKings","41","8.5","8.5","41","330","-425"
"401532442","Kent State","19","Bowling Green","49","Bowling Green -10.5","ESPN Bet","41.5","10.5","","","",""
"401532440","Toledo","49","Eastern Michigan","23","Toledo -20.0","Bovada","45","-20","-18","46.5","-1100","650"
"401532440","Toledo","49","Eastern Michigan","23","Toledo -18.5","DraftKings","47","-18.5","-18.5","47","-1200","750"
"401532440","Toledo","49","Eastern Michigan","23","Toledo -19.5","ESPN Bet","45.5","-19.5","","","",""
"401531410","South Florida","48","Charlotte","14","South Florida -5.5","DraftKings","","-5.5","-5.5","","-278","225"
"401531410","South Florida","48","Charlotte","14","South Florida -7.0","Bovada","57","-7","-5","56.5","-200","170"
"401531410","South Florida","48","Charlotte","14","South Florida -7.5","ESPN Bet","56.5","-7.5","","","",""
"401532437","Northern Illinois","17","Ball State","20","Northern Illinois -8.0","Bovada","43","-8","-10","43","-390","295"
"401532437","Northern Illinois","17","Ball State","20","Northern Illinois -10.5","DraftKings","43","-10.5","-10.5","43","-305","245"
"401532437","Northern Illinois","17","Ball State","20","Northern Illinois -9.5","ESPN Bet","43.5","-9.5","","","",""
"401525904","Kansas State","35","Iowa State","42","Kansas State -11.5","DraftKings","","-11.5","-11.5","","-310","250"
"401525904","Kansas State","35","Iowa State","42","Kansas State -9.5","ESPN Bet","46.5","-9.5","","","",""
"401525904","Kansas State","35","Iowa State","42","Kansas State -9.5","Bovada","46","-9.5","-11","48","-480","350"
"401520426","Arkansas","14","Missouri","48","Missouri -7","DraftKings","","7","7","","280","-355"
"401520426","Arkansas","14","Missouri","48","Missouri -10.0","Bovada","53.5","10","7.5","55","250","-300"
"401520426","Arkansas","14","Missouri","48","Missouri -9.5","ESPN Bet","53.5","9.5","","","",""
"401532620","Wyoming","42","Hawai'i","9","Wyoming -14.5","DraftKings","44.5","-14.5","-14.5","44.5","-550","410"
"401532620","Wyoming","42","Hawai'i","9","Wyoming -13.0","Bovada","45","-13","-14","45.5","-585","410"
"401532620","Wyoming","42","Hawai'i","9","Wyoming -13.5","ESPN Bet","45.5","-13.5","","","",""
"401520444","UTEP","28","Liberty","42","Liberty -17","DraftKings","","17","17","","700","-1100"
"401520444","UTEP","28","Liberty","42","Liberty -17.5","ESPN Bet","54.5","17.5","","","",""
"401520444","UTEP","28","Liberty","42","Liberty -18.0","Bovada","54.5","18","16","59","600","-950"
"401531918","James Madison","23","App State","26","James Madison -11.5","DraftKings","56","-11.5","-11.5","56","-395","310"
"401531918","James Madison","23","App State","26","James Madison -10.0","Bovada","56.5","-10","-12","55.5","-400","300"
"401532438","Western Michigan","38","Central Michigan","28","Western Michigan -3.0","Bovada","58","-3","-3.5","56","-175","150"
"401532438","Western Michigan","38","Central Michigan","28","Western Michigan -3.5","DraftKings","55.5","-3.5","-3.5","55.5","-166","140"
"401532438","Western Michigan","38","Central Michigan","28","Western Michigan -3.5","ESPN Bet","57.5","-3.5","","","",""
"401532439","Buffalo","10","Ohio","20","Ohio -9.5","Bovada","45","9.5","6.5","44","240","-290"
"401532439","Buffalo","10","Ohio","20","Ohio -7","DraftKings","44.5","7","7","44.5","270","-340"
"401532439","Buffalo","10","Ohio","20","Ohio -9.5","ESPN Bet","45.5","9.5","","","",""
"401520425","Nebraska","10","Iowa","13","Iowa -1","DraftKings","","1","1","","-148","124"
"401520425","Nebraska","10","Iowa","13","Nebraska -3.0","Bovada","26","-3","","27.5","-120","100"
"401520425","Nebraska","10","Iowa","13","Nebraska -3","ESPN Bet","25.5","-3","","","",""
"401531928","Texas State","52","South Alabama","44","South Alabama -5","DraftKings","","5","5","","200","-245"
"401531928","Texas State","52","South Alabama","44","South Alabama -5.5","ESPN Bet","56.5","5.5","","","",""
"401531928","Texas State","52","South Alabama","44","South Alabama -6.5","Bovada","57","6.5","5","58","180","-220"
"401525898","Texas Tech","24","UCF","23","Texas Tech -3","DraftKings","60","-3","-3","60","-130","110"
"401525898","Texas Tech","24","UCF","23","Texas Tech -2.0","Bovada","59","-2","-3","59.5","-135","115"
"401525561","Duke","30","Pittsburgh","19","Duke -6.5","DraftKings","","-6.5","-6.5","","-185","154"
"401525561","Duke","30","Pittsburgh","19","Duke -4.5","Bovada","41","-4.5","-6","42.5","-230","190"
"401525561","Duke","30","Pittsburgh","19","Duke -4.5","ESPN Bet","40.5","-4.5","","","",""
"401531911","Louisiana","31","Southern Miss","34","Louisiana -7.5","Bovada","52.5","-7.5","-12","53.5","-470","345"
"401531911","Louisiana","31","Southern Miss","34","Louisiana -12","DraftKings","53.5","-12","-12","53.5","-310","250"
"401531911","Louisiana","31","Southern Miss","34","Louisiana -8.5","ESPN Bet","51.5","-8.5","","","",""
"401525546","Louisville","31","Virginia","24","Louisville -20.0","Bovada","49.5","-20","-19.5","51.5","-1300","725"
"401525546","Louisville","31","Virginia","24","Louisville -19.5","DraftKings","51.5","-19.5","-19.5","51.5","-1100","700"
"401525546","Louisville","31","Virginia","24","Louisville -20.5","ESPN Bet","49.5","-20.5","","","",""
"401531394","Temple","21","Memphis","45","Memphis -11","DraftKings","","11","11","","440","-600"
"401531394","Temple","21","Memphis","45","Memphis -13.5","Bovada","65","13.5","11","65","350","-480"
"401531394","Temple","21","Memphis","45","Memphis -13.5","ESPN Bet","63.5","13.5","","","",""
"401531401","UTSA","49","South Florida","21","UTSA -15.5","DraftKings","67.5","-15.5","-15.5","67.5","-650","470"
"401531401","UTSA","49","South Florida","21","UTSA -14.5","Bovada","66.5","-14.5","-16","66.5","-800","525"
"401531401","UTSA","49","South Florida","21","UTSA -14.5","ESPN Bet","65.5","-14.5","","","",""
"401531437","SMU","45","North Texas","21","SMU -20.5","Bovada","67","-20.5","-15.5","67.5","-750","500"
"401531437","SMU","45","North Texas","21","SMU -15.5","DraftKings","68","-15.5","-15.5","68","-1600","900"
"401531437","SMU","45","North Texas","21","SMU -21.5","ESPN Bet","67.5","-21.5","","","",""
"401531346","East Carolina","27","Tulsa","29","East Carolina -3","DraftKings","","-3","-3","","-142","120"
"401531346","East Carolina","27","Tulsa","29","East Carolina -3.0","Bovada","44","-3","-3","44.5","-165","140"
"401531346","East Carolina","27","Tulsa","29","East Carolina -4.5","ESPN Bet","44.5","-4.5","","","",""
"401520386","Kentucky","21","Alabama","49","Alabama -10.5","Bovada","47","10.5","-3","49","360","-500"
"401520386","Kentucky","21","Alabama","49","Alabama -11.5","ESPN Bet","45.5","11.5","","","",""
"401520386","Kentucky","21","Alabama","49","Alabama -10","DraftKings","","10","10","","330","-425"
"401532618","UNLV","34","Wyoming","14","UNLV -3.0","Bovada","48","-3","-3","51.5","-200","170"
"401532618","UNLV","34","Wyoming","14","UNLV -2.5","ESPN Bet","48.5","-2.5","","","",""
"401532618","UNLV","34","Wyoming","14","UNLV -2.5","DraftKings","","-2.5","-2.5","","-148","124"
"401525557","Georgia Tech","31","Syracuse","22","Georgia Tech -6","DraftKings","53","-6","-6","53","-225","185"
"401525557","Georgia Tech","31","Syracuse","22","Georgia Tech -6.0","Bovada","51.5","-6","-6","52.5","-245","205"
"401525557","Georgia Tech","31","Syracuse","22","Georgia Tech -6.5","ESPN Bet","51.5","-6.5","","","",""
"401520442","Tennessee","48","Vanderbilt","24","Tennessee -25.5","DraftKings","","-25.5","-25.5","","-3200","1400"
"401520442","Tennessee","48","Vanderbilt","24","Tennessee -27.5","ESPN Bet","56.5","-27.5","","","",""
"401520442","Tennessee","48","Vanderbilt","24","Tennessee -27.0","Bovada","58","-27","-25.5","56.5","-5000","1300"
"401520404","Auburn","10","New Mexico State","31","Auburn -22","DraftKings","48.5","-22","-22","48.5","-1800","1000"
"401520404","Auburn","10","New Mexico State","31","Auburn -25.0","Bovada","48","-25","-22","48.5","-2800","1100"
"401520404","Auburn","10","New Mexico State","31","Auburn -25.5","ESPN Bet","48.5","-25.5","","","",""
"401531416","Florida Atlantic","7","East Carolina","22","Florida Atlantic -7.5","Bovada","45","-7.5","-10","45.5","-310","255"
"401531416","Florida Atlantic","7","East Carolina","22","Florida Atlantic -9.5","DraftKings","","-9.5","-9.5","","-290","235"
"401531416","Florida Atlantic","7","East Carolina","22","Florida Atlantic -7.5","ESPN Bet","44.5","-7.5","","","",""
"401524066","UCLA","7","California","33","UCLA -10","DraftKings","","-10","-10","","-355","280"
"401524066","UCLA","7","California","33","UCLA -9.5","ESPN Bet","51.5","-9.5","","","",""
"401524066","UCLA","7","California","33","UCLA -9.5","Bovada","50.5","-9.5","-10","52","-430","320"
"401531408","Charlotte","38","Memphis","44","Memphis -10.0","Bovada","51.5","10","11.5","53","315","-420"
"401531408","Charlotte","38","Memphis","44","Memphis -11","DraftKings","","11","11","","275","-345"
"401531408","Charlotte","38","Memphis","44","Memphis -9.5","ESPN Bet","51.5","9.5","","","",""
"401525551","Wake Forest","6","NC State","26","NC State -2.0","Bovada","43.5","2","2.5","45","100","-120"
"401525551","Wake Forest","6","NC State","26","NC State -2.5","DraftKings","","2.5","2.5","","-105","-115"
"401525551","Wake Forest","6","NC State","26","Wake Forest -0.5","ESPN Bet","42.5","-0.5","","","",""
"401525901","Texas","57","Texas Tech","7","Texas -13.5","DraftKings","","-13.5","-13.5","","-675","490"
"401525901","Texas","57","Texas Tech","7","Texas -16.0","Bovada","53.5","-16","-14","53.5","-625","430"
"401525901","Texas","57","Texas Tech","7","Texas -16.5","ESPN Bet","53.5","-16.5","","","",""
"401520395","Purdue","49","Minnesota","30","Minnesota -2.0","Bovada","48.5","2","","46.5","105","-125"
"401520395","Purdue","49","Minnesota","30","Minnesota -0","DraftKings","45.5","0","","45.5","105","-125"
"401520395","Purdue","49","Minnesota","30","Minnesota -1.5","ESPN Bet","48.5","1.5","","","",""
"401525892","UCF","45","Oklahoma State","3","Oklahoma State -2.0","Bovada","64","2","2.5","64","115","-135"
"401525892","UCF","45","Oklahoma State","3","Oklahoma State -2.5","DraftKings","64","2.5","2.5","64","102","-122"
"401525892","UCF","45","Oklahoma State","3","Oklahoma State -2.5","ESPN Bet","63.5","2.5","","","",""
"401531912","Coastal Carolina","31","Texas State","23","Texas State -3.0","Bovada","55.5","3","-1.5","60.5","110","-130"
"401531912","Coastal Carolina","31","Texas State","23","Texas State -2.5","ESPN Bet","55.5","2.5","","","",""
"401520440","Sam Houston","23","Middle Tennessee","20","Middle Tennessee -4","DraftKings","","4","4","","145","-175"
"401520440","Sam Houston","23","Middle Tennessee","20","Middle Tennessee -3.5","Bovada","50.5","3.5","4.5","49","150","-175"
"401520440","Sam Houston","23","Middle Tennessee","20","Middle Tennessee -3.5","ESPN Bet","49.5","3.5","","","",""
"401525548","Clemson","42","Georgia Tech","21","Clemson -14.5","Bovada","53.5","-14.5","-14.5","55.5","-675","460"
"401525548","Clemson","42","Georgia Tech","21","Clemson -15.5","DraftKings","55","-15.5","-15.5","55","-650","470"
"401525548","Clemson","42","Georgia Tech","21","Clemson -17.5","ESPN Bet","55.5","-17.5","","","",""
"401531393","South Florida","27","Temple","23","South Florida -7.0","Bovada","69.5","-7","-8","66.5","-285","235"
"401531393","South Florida","27","Temple","23","South Florida -7.5","DraftKings","66.5","-7.5","-7.5","66.5","-305","245"
"401531393","South Florida","27","Temple","23","South Florida -7.5","ESPN Bet","70.5","-7.5","","","",""
"401525547","Boston College","22","Virginia Tech","48","Virginia Tech -2.5","Bovada","48","2.5","-2.5","49.5","125","-145"
"401525547","Boston College","22","Virginia Tech","48","Boston College -2.5","DraftKings","50","-2.5","-2.5","50","120","-142"
"401525547","Boston College","22","Virginia Tech","48","Virginia Tech -2.5","ESPN Bet","48.5","2.5","","","",""
"401520396","South Carolina","47","Vanderbilt","6","South Carolina -13.0","Bovada","53.5","-13","-14.5","58","-575","400"
"401520396","South Carolina","47","Vanderbilt","6","South Carolina -14","DraftKings","58","-14","-14","58","-520","390"
"401520396","South Carolina","47","Vanderbilt","6","South Carolina -13.5","ESPN Bet","53.5","-13.5","","","",""
"401520385","James Madison","44","UConn","6","James Madison -25.0","Bovada","47.5","-25","-27","49","-6500","1300"
"401520385","James Madison","44","UConn","6","James Madison -27","DraftKings","","-27","-27","","-2400","1200"
"401520385","James Madison","44","UConn","6","James Madison -24.5","ESPN Bet","47.5","-24.5","","","",""
"401532623","San José State","24","San Diego State","13","San José State -14","DraftKings","51","-14","-14","51","-700","500"
"401532623","San José State","24","San Diego State","13","San José State -16.5","Bovada","48","-16.5","-14","49.5","-700","475"
"401532623","San José State","24","San Diego State","13","San José State -16.5","ESPN Bet","48.5","-16.5","","","",""
"401525888","Kansas","13","Texas Tech","16","Kansas -3.5","Bovada","62.5","-3.5","-3.5","60.5","-195","165"
"401525888","Kansas","13","Texas Tech","16","Kansas -3.5","DraftKings","61","-3.5","-3.5","61","-185","154"
"401525888","Kansas","13","Texas Tech","16","Kansas -3.5","ESPN Bet","61.5","-3.5","","","",""
"401525560","Boston College","20","Miami","45","Miami -9","DraftKings","","9","9","","280","-355"
"401525560","Boston College","20","Miami","45","Miami -10.0","Bovada","50","10","9","48.5","275","-350"
"401525560","Boston College","20","Miami","45","Miami -13.5","ESPN Bet","50.5","13.5","","","",""
"401520388","Liberty","38","Old Dominion","10","Liberty -14.0","Bovada","59.5","-14","-13","58.5","-585","410"
"401520388","Liberty","38","Old Dominion","10","Liberty -13","DraftKings","57.5","-13","-13","57.5","-600","440"
"401520388","Liberty","38","Old Dominion","10","Liberty -13.5","ESPN Bet","58.5","-13.5","","","",""
"401524052","Colorado","31","Arizona","34","Arizona -8.0","Bovada","55.5","8","10","55.5","275","-350"
"401524052","Colorado","31","Arizona","34","Arizona -8","ESPN Bet","55.5","8","","","",""
"401524052","Colorado","31","Arizona","34","Arizona -6","DraftKings","","6","6","","260","-325"
"401520398","Wisconsin","10","Northwestern","24","Wisconsin -12.0","Bovada","44","-12","-11.5","42.5","-460","340"
"401520398","Wisconsin","10","Northwestern","24","Wisconsin -12","DraftKings","42.5","-12","-12","42.5","-440","340"
"401520398","Wisconsin","10","Northwestern","24","Wisconsin -9.5","ESPN Bet","43.5","-9.5","","","",""
"401532629","New Mexico","41","Utah State","44","Utah State -8.5","DraftKings","","8.5","8.5","","170","-205"
"401532629","New Mexico","41","Utah State","44","Utah State -4.5","Bovada","58.5","4.5","8.5","62","275","-350"
"401532629","New Mexico","41","Utah State","44","Utah State -4.5","ESPN Bet","58.5","4.5","","","",""
"401532615","Utah State","41","Nevada","24","Utah State -14.5","Bovada","54","-14.5","-16","56","-800","525"
"401532615","Utah State","41","Nevada","24","Utah State -15.5","DraftKings","","-15.5","-15.5","","-650","470"
"401532615","Utah State","41","Nevada","24","Utah State -14.5","ESPN Bet","54.5","-14.5","","","",""
"401520384","Iowa","22","Rutgers","0","Iowa -1.0","Bovada","27.5","-1","-2.5","29","-120","100"
"401520384","Iowa","22","Rutgers","0","Iowa -2.5","DraftKings","29.5","-2.5","-2.5","29.5","-118","-102"
"401520384","Iowa","22","Rutgers","0","Rutgers -2.5","ESPN Bet","27.5","2.5","","","",""
"401524051","California","42","Washington State","39","California -2.0","Bovada","60","-2","","58.5","-125","105"
"401524051","California","42","Washington State","39","California -1.5","DraftKings","59","-1.5","-1.5","59","-135","114"
"401524051","California","42","Washington State","39","California -1.5","ESPN Bet","58.5","-1.5","","","",""
"401532616","Boise State","42","New Mexico","14","Boise State -27.5","Bovada","59.5","-27.5","-25","60.5","-7000","1300"
"401532616","Boise State","42","New Mexico","14","Boise State -26.5","DraftKings","","-26.5","-26.5","","-4000","1500"
"401532616","Boise State","42","New Mexico","14","Boise State -27.5","ESPN Bet","58.5","-27.5","","","",""
"401525886","BYU","13","Iowa State","45","Iowa State -7.5","Bovada","41.5","7.5","7","42.5","240","-290"
"401525886","BYU","13","Iowa State","45","Iowa State -7","DraftKings","43","7","7","43","235","-290"
"401525886","BYU","13","Iowa State","45","Iowa State -7.5","ESPN Bet","40.5","7.5","","","",""
"401531913","Georgia State","14","App State","42","Georgia State -3.0","Bovada","62.5","-3","-2","60","-145","125"
"401531913","Georgia State","14","App State","42","Georgia State -2","DraftKings","","-2","-2","","-148","124"
"401531913","Georgia State","14","App State","42","Georgia State -2.5","ESPN Bet","62.5","-2.5","","","",""
"401524065","Stanford","23","Notre Dame","56","Notre Dame -24.5","DraftKings","","24.5","24.5","","1700","-4500"
"401524065","Stanford","23","Notre Dame","56","Notre Dame -26.5","ESPN Bet","49.5","26.5","","","",""
"401524065","Stanford","23","Notre Dame","56","Notre Dame -26.0","Bovada","50.5","26","24.5","52","1100","-3300"
"401525906","UCF","27","Houston","13","UCF -13.5","DraftKings","","-13.5","-13.5","","-675","490"
"401525906","UCF","27","Houston","13","UCF -15.5","Bovada","61","-15.5","-13","60.5","-575","400"
"401525906","UCF","27","Houston","13","UCF -15.5","ESPN Bet","61.5","-15.5","","","",""
"401532449","Buffalo","11","Eastern Michigan","24","Buffalo -6.5","DraftKings","37.5","-6.5","-6.5","37.5","-230","190"
"401532449","Buffalo","11","Eastern Michigan","24","Buffalo -5.5","Bovada","38","-5.5","-6.5","41","-240","200"
"401532449","Buffalo","11","Eastern Michigan","24","Buffalo -6.5","ESPN Bet","38.5","-6.5","","","",""
"401531915","UL Monroe","14","Troy","45","Troy -21.5","Bovada","46","21.5","20.5","45.5","900","-1900"
"401531915","UL Monroe","14","Troy","45","Troy -20","DraftKings","","20","20","","900","-1600"
"401531915","UL Monroe","14","Troy","45","Troy -23.5","ESPN Bet","47.5","23.5","","","",""
"401520391","Missouri","36","Tennessee","7","Tennessee -2.0","Bovada","59","2","1","58.5","115","-135"
"401520391","Missouri","36","Tennessee","7","Tennessee -2.5","ESPN Bet","58.5","2.5","","","",""
"401520391","Missouri","36","Tennessee","7","Tennessee -1","DraftKings","","1","1","","110","-130"
"401525889","Kansas State","59","Baylor","25","Kansas State -21.0","Bovada","55.5","-21","-20","55","-1800","850"
"401525889","Kansas State","59","Baylor","25","Kansas State -19","DraftKings","55.5","-19","-19","55.5","-1600","900"
"401525889","Kansas State","59","Baylor","25","Kansas State -20.5","ESPN Bet","55.5","-20.5","","","",""
"401520387","Louisiana Tech","27","Sam Houston","42","Louisiana Tech -8.0","Bovada","49","-8","-7.5","49","-310","255"
"401520387","Louisiana Tech","27","Sam Houston","42","Louisiana Tech -8.5","DraftKings","","-8.5","-8.5","","-290","235"
"401520387","Louisiana Tech","27","Sam Houston","42","Louisiana Tech -8.5","ESPN Bet","49.5","-8.5","","","",""
"401520380","Arkansas","10","Auburn","48","Arkansas -2.0","Bovada","47","-2","-3","51","-125","105"
"401520380","Arkansas","10","Auburn","48","Arkansas -3","DraftKings","50.5","-3","-3","50.5","-130","110"
"401520380","Arkansas","10","Auburn","48","Arkansas -2.5","ESPN Bet","46.5","-2.5","","","",""
"401524054","Oregon State","62","Stanford","17","Oregon State -21.5","Bovada","52.5","-21.5","-20.5","54.5","-1800","850"
"401524054","Oregon State","62","Stanford","17","Oregon State -20","DraftKings","54","-20","-20","54","-1450","850"
"401524054","Oregon State","62","Stanford","17","Oregon State -21.5","ESPN Bet","51.5","-21.5","","","",""
"401531914","Marshall","38","Georgia Southern","33","Georgia Southern -1.5","Bovada","56.5","1.5","1.5","56.5","100","-120"
"401531914","Marshall","38","Georgia Southern","33","Georgia Southern -1.5","DraftKings","","1.5","1.5","","-110","-110"
"401531914","Marshall","38","Georgia Southern","33","Georgia Southern -1.5","ESPN Bet","56.5","1.5","","","",""
"401525890","Oklahoma","59","West Virginia","20","Oklahoma -13.0","Bovada","59.5","-13","-13","58","-490","355"
"401525890","Oklahoma","59","West Virginia","20","Oklahoma -12","DraftKings","58.5","-12","-12","58.5","-485","370"
"401525890","Oklahoma","59","West Virginia","20","Oklahoma -13.5","ESPN Bet","59.5","-13.5","","","",""
"401524055","UCLA","7","Arizona State","17","UCLA -14.0","Bovada","45.5","-14","-16.5","47.5","-850","550"
"401524055","UCLA","7","Arizona State","17","UCLA -16","DraftKings","","-16","-16","","-575","425"
"401524055","UCLA","7","Arizona State","17","UCLA -14","ESPN Bet","45.5","-14","","","",""
"401532453","Kent State","27","Northern Illinois","37","Northern Illinois -18.5","DraftKings","","18.5","18.5","","1000","-1800"
"401532453","Kent State","27","Northern Illinois","37","Northern Illinois -20.5","Bovada","45","20.5","18","44.5","600","-950"
"401532453","Kent State","27","Northern Illinois","37","Northern Illinois -20.5","ESPN Bet","44.5","20.5","","","",""
"401520432","Louisville","31","Kentucky","38","Louisville -7","DraftKings","51","-7","-7","51","-278","225"
"401520432","Louisville","31","Kentucky","38","Louisville -7.5","Bovada","47.5","-7.5","-7","51","-285","235"
"401520432","Louisville","31","Kentucky","38","Louisville -7.5","ESPN Bet","47.5","-7.5","","","",""
"401520383","Illinois","48","Indiana","45","Illinois -4.5","Bovada","44","-4.5","-5.5","43.5","-210","175"
"401520383","Illinois","48","Indiana","45","Illinois -5.5","DraftKings","43","-5.5","-5.5","43","-198","164"
"401520383","Illinois","48","Indiana","45","Illinois -4.5","ESPN Bet","43.5","-4.5","","","",""
"401531400","UTSA","34","Rice","14","UTSA -13.5","Bovada","55","-13.5","-12.5","60","-550","390"
"401531400","UTSA","34","Rice","14","UTSA -13","DraftKings","","-13","-13","","-550","410"
"401531400","UTSA","34","Rice","14","UTSA -13.5","ESPN Bet","53.5","-13.5","","","",""
"401525903","Cincinnati","16","Kansas","49","Kansas -6","DraftKings","","6","6","","250","-310"
"401525903","Cincinnati","16","Kansas","49","Kansas -7.5","Bovada","59","7.5","6","58","190","-230"
"401525903","Cincinnati","16","Kansas","49","Kansas -7.5","ESPN Bet","59.5","7.5","","","",""
"401520392","Nebraska","10","Maryland","13","Maryland -1.5","Bovada","42.5","1.5","1","45.5","105","-125"
"401520392","Nebraska","10","Maryland","13","Maryland -1","DraftKings","","1","1","","102","-122"
"401520392","Nebraska","10","Maryland","13","Maryland -1.5","ESPN Bet","41.5","1.5","","","",""
"401531344","Tulane","24","Tulsa","22","Tulane -25.0","Bovada","53","-25","-22.5","53.5","-2500","1000"
"401531344","Tulane","24","Tulsa","22","Tulane -22.5","DraftKings","","-22.5","-22.5","","-2400","1200"
"401531344","Tulane","24","Tulsa","22","Tulane -24.5","ESPN Bet","52.5","-24.5","","","",""
"401520390","Middle Tennessee","40","Florida International","6","Middle Tennessee -10.5","Bovada","51.5","-10.5","-11","52.5","-430","320"
"401520390","Middle Tennessee","40","Florida International","6","Middle Tennessee -11.5","DraftKings","","-11.5","-11.5","","-425","330"
"401520390","Middle Tennessee","40","Florida International","6","Middle Tennessee -10.5","ESPN Bet","50.5","-10.5","","","",""
"401520399","Western Kentucky","29","New Mexico State","38","Western Kentucky -5.0","Bovada","53.5","-5","-5.5","57.5","-200","170"
"401520399","Western Kentucky","29","New Mexico State","38","Western Kentucky -5.5","DraftKings","","-5.5","-5.5","","-205","170"
"401520399","Western Kentucky","29","New Mexico State","38","Western Kentucky -4.5","ESPN Bet","55.5","-4.5","","","",""
"401525552","Syracuse","28","Pittsburgh","13","Pittsburgh -3.0","Bovada","38","3","1.5","37.5","130","-150"
"401525552","Syracuse","28","Pittsburgh","13","Pittsburgh -1","DraftKings","","1","1","","140","-166"
"401525552","Syracuse","28","Pittsburgh","13","Pittsburgh -4.5","ESPN Bet","37.5","4.5","","","",""
"401531384","Navy","31","UAB","6","UAB -3.0","Bovada","51.5","3","5","54","120","-140"
"401531384","Navy","31","UAB","6","UAB -4.5","DraftKings","","4.5","4.5","","130","-155"
"401531384","Navy","31","UAB","6","UAB -3.5","ESPN Bet","52.5","3.5","","","",""
"401531916","South Alabama","21","Arkansas State","14","South Alabama -15.0","Bovada","55.5","-15","-11","55","-575","400"
"401531916","South Alabama","21","Arkansas State","14","South Alabama -12","DraftKings","","-12","-12","","-750","525"
"401531916","South Alabama","21","Arkansas State","14","South Alabama -14.5","ESPN Bet","54.5","-14.5","","","",""
"401525887","Houston","14","Cincinnati","24","Houston -3.0","Bovada","54","-3","-2","55.5","-160","135"
"401525887","Houston","14","Cincinnati","24","Houston -2.5","DraftKings","","-2.5","-2.5","","-175","145"
"401525887","Houston","14","Cincinnati","24","Houston -3.5","ESPN Bet","53.5","-3.5","","","",""
"401532617","Colorado State","22","San Diego State","19","Colorado State -3.5","Bovada","46.5","-3.5","-4","47.5","-175","150"
"401532617","Colorado State","22","San Diego State","19","Colorado State -4.5","DraftKings","","-4.5","-4.5","","-175","145"
"401532617","Colorado State","22","San Diego State","19","Colorado State -3.5","ESPN Bet","46.5","-3.5","","","",""
"401520397","Texas A&M","51","Mississippi State","10","Texas A&M -16.5","Bovada","40.5","-16.5","-18","44.5","-1100","650"
"401520397","Texas A&M","51","Mississippi State","10","Texas A&M -18.5","DraftKings","","-18.5","-18.5","","-700","500"
"401520397","Texas A&M","51","Mississippi State","10","Texas A&M -16.5","ESPN Bet","40.5","-16.5","","","",""
"401532614","San José State","42","Fresno State","18","San José State -2.5","Bovada","51.5","-2.5","1","56","-130","110"
"401532614","San José State","42","Fresno State","18","Fresno State -1","DraftKings","","1","1","","-130","110"
"401532614","San José State","42","Fresno State","18","San José State -2.5","ESPN Bet","51.5","-2.5","","","",""
"401532613","Hawai'i","27","Air Force","13","Air Force -20.5","Bovada","46.5","20.5","19","49.5","725","-1300"
"401532613","Hawai'i","27","Air Force","13","Air Force -20","DraftKings","49.5","20","20","49.5","750","-1200"
"401532613","Hawai'i","27","Air Force","13","Air Force -22.5","ESPN Bet","47.5","22.5","","","",""
"401520362","Alabama","42","LSU","28","Alabama -3.5","ESPN Bet","60.5","-3.5","","","",""
"401520362","Alabama","42","LSU","28","Alabama -3.0","Bovada","60.5","-3","-6.5","60","-150","130"
"401520362","Alabama","42","LSU","28","Alabama -3","DraftKings","61.5","-3","-7","","-166","140"
"401520363","Florida","36","Arkansas","39","Florida -3.5","ESPN Bet","49.5","-3.5","","","",""
"401520363","Florida","36","Arkansas","39","Florida -3.0","Bovada","49","-3","-6","49","-235","195"
"401520363","Florida","36","Arkansas","39","Florida -4.5","DraftKings","50","-4.5","-5","48.5","-148","124"
"401520364","Georgia","30","Missouri","21","Georgia -14.5","ESPN Bet","55.5","-14.5","","","",""
"401520364","Georgia","30","Missouri","21","Georgia -14.5","Bovada","55.5","-14.5","-16","56","-700","475"
"401520364","Georgia","30","Missouri","21","Georgia -15","DraftKings","56.5","-15","-15.5","","-675","490"
"401520365","Indiana","20","Wisconsin","14","Wisconsin -7.5","ESPN Bet","44.5","7.5","","","",""
"401520365","Indiana","20","Wisconsin","14","Wisconsin -9.5","Bovada","45.5","9.5","9.5","44.5","275","-350"
"401520365","Indiana","20","Wisconsin","14","Wisconsin -9.5","DraftKings","45","9.5","10","43.5","235","-290"
"401520366","Liberty","56","Louisiana Tech","30","Liberty -14.5","ESPN Bet","59.5","-14.5","","","",""
"401520366","Liberty","56","Louisiana Tech","30","Liberty -14.0","Bovada","59","-14","-17","57","-900","575"
"401520366","Liberty","56","Louisiana Tech","30","Liberty -16.5","DraftKings","58","-16.5","-17.5","","-600","440"
"401520367","Maryland","15","Penn State","51","Penn State -7.5","ESPN Bet","50.5","7.5","","","",""
"401520367","Maryland","15","Penn State","51","Penn State -8.5","DraftKings","50","8.5","12","","245","-305"
"401520367","Maryland","15","Penn State","51","Penn State -8.5","Bovada","50.5","8.5","10","50","310","-415"
"401520368","Michigan","41","Purdue","13","Michigan -32.5","ESPN Bet","54.5","-32.5","","","",""
"401520368","Michigan","41","Purdue","13","Michigan -31.0","Bovada","54","-31","-32.5","48.5","-20000","3000"
"401520368","Michigan","41","Purdue","13","Michigan -32.5","DraftKings","52.5","-32.5","-32","","-6500","2000"
"401520369","Michigan State","20","Nebraska","17","Nebraska -3.5","ESPN Bet","34.5","3.5","","","",""
"401520369","Michigan State","20","Nebraska","17","Nebraska -3.0","Bovada","34.5","3","3.5","35","120","-140"
"401520369","Michigan State","20","Nebraska","17","Nebraska -3","DraftKings","34.5","3","3.5","","130","-155"
"401520370","Minnesota","26","Illinois","27","Minnesota -2.5","ESPN Bet","44.5","-2.5","","","",""
"401520370","Minnesota","26","Illinois","27","Minnesota -2.0","Bovada","44","-2","-3","42.5","-120","100"
"401520370","Minnesota","26","Illinois","27","Minnesota -1.5","DraftKings","43","-1.5","-3.5","","-142","120"
"401520371","Mississippi State","3","Kentucky","24","Kentucky -5.5","ESPN Bet","44.5","5.5","","","",""
"401520371","Mississippi State","3","Kentucky","24","Kentucky -5","DraftKings","46","5","3","","185","-225"
"401520371","Mississippi State","3","Kentucky","24","Kentucky -5.5","Bovada","44.5","5.5","3.5","46","155","-180"
"401520372","New Mexico State","13","Middle Tennessee","7","New Mexico State -3.5","ESPN Bet","55.5","-3.5","","","",""
"401520372","New Mexico State","13","Middle Tennessee","7","New Mexico State -3.5","DraftKings","56.5","-3.5","-3","","-155","130"
"401520372","New Mexico State","13","Middle Tennessee","7","New Mexico State -3.0","Bovada","55.5","-3","-3","56.5","-160","135"
"401520373","Northwestern","7","Iowa","10","Iowa -5.5","ESPN Bet","32.5","5.5","","","",""
"401520373","Northwestern","7","Iowa","10","Iowa -5.0","Bovada","31","5","5.5","31","175","-210"
"401520373","Northwestern","7","Iowa","10","Iowa -4.5","DraftKings","30.5","4.5","6","","170","-205"
"401520374","Ole Miss","38","Texas A&M","35","Ole Miss -3.5","ESPN Bet","51.5","-3.5","","","",""
"401520374","Ole Miss","38","Texas A&M","35","Ole Miss -3","DraftKings","53.5","-3","-3","","-148","124"
"401520374","Ole Miss","38","Texas A&M","35","Ole Miss -3.0","Bovada","52.5","-3","-4.5","53.5","-160","135"
"401520375","Rutgers","16","Ohio State","35","Ohio State -18.5","ESPN Bet","42.5","18.5","","","",""
"401520375","Rutgers","16","Ohio State","35","Ohio State -19.0","Bovada","43","19","18","43.5","650","-1100"
"401520375","Rutgers","16","Ohio State","35","Ohio State -19","DraftKings","42.5","19","19","","750","-1200"
"401520376","South Carolina","38","Jacksonville State","28","South Carolina -14.5","ESPN Bet","54.5","-14.5","","","",""
"401520376","South Carolina","38","Jacksonville State","28","South Carolina -15.5","Bovada","55","-15.5","-14.5","55","-700","475"
"401520376","South Carolina","38","Jacksonville State","28","South Carolina -15.5","DraftKings","55","-15.5","-15.5","","-650","470"
"401520377","Tennessee","59","UConn","3","Tennessee -35.5","ESPN Bet","55.5","-35.5","","","",""
"401520377","Tennessee","59","UConn","3","Tennessee -36","DraftKings","55","-36","-34","","",""
"401520377","Tennessee","59","UConn","3","Tennessee -35.0","Bovada","55.5","-35","-35.5","53","",""
"401520378","UTEP","13","Western Kentucky","21","Western Kentucky -9.5","ESPN Bet","53.5","9.5","","","",""
"401520378","UTEP","13","Western Kentucky","21","Western Kentucky -10.0","Bovada","54","10","10.5","54.5","275","-350"
"401520378","UTEP","13","Western Kentucky","21","Western Kentucky -9.5","DraftKings","54.5","9.5","11.5","","320","-410"
"401524045","Arizona","27","UCLA","10","UCLA -2.5","ESPN Bet","49.5","2.5","","","",""
"401524045","Arizona","27","UCLA","10","UCLA -2.5","Bovada","49","2.5","2.5","53.5","120","-140"
"401524045","Arizona","27","UCLA","10","UCLA -2.5","DraftKings","50","2.5","1.5","","120","-142"
"401524046","Colorado","19","Oregon State","26","Oregon State -13.5","ESPN Bet","59.5","13.5","","","",""
"401524046","Colorado","19","Oregon State","26","Oregon State -13.5","DraftKings","62.5","13.5","11.5","","400","-535"
"401524046","Colorado","19","Oregon State","26","Oregon State -13.0","Bovada","60.5","13","-23.5","59","390","-550"
"401524047","Oregon","63","California","19","Oregon -25.5","ESPN Bet","61.5","-25.5","","","",""
"401524047","Oregon","63","California","19","Oregon -24.5","DraftKings","59","-24.5","-24","","-4000","1600"
"401524047","Oregon","63","California","19","Oregon -26.5","Bovada","61.5","-26.5","-24","59","-2200","1000"
"401524048","USC","42","Washington","52","Washington -3.5","ESPN Bet","75.5","3.5","","","",""
"401524048","USC","42","Washington","52","Washington -3","DraftKings","76.5","3","-6","","120","-142"
"401524048","USC","42","Washington","52","Washington -3.0","Bovada","76","3","-6","76.5","140","-165"
"401524049","Utah","55","Arizona State","3","Utah -9.5","ESPN Bet","37.5","-9.5","","","",""
"401524049","Utah","55","Arizona State","3","Utah -10.5","Bovada","39","-10.5","-11.5","41.5","-430","320"
"401524049","Utah","55","Arizona State","3","Utah -11","DraftKings","40.5","-11","-12.5","","-380","300"
"401524050","Washington State","7","Stanford","10","Washington State -13.5","ESPN Bet","57.5","-13.5","","","",""
"401524050","Washington State","7","Stanford","10","Washington State -14.0","Bovada","58","-14","-13.5","61","-575","400"
"401524050","Washington State","7","Stanford","10","Washington State -13","DraftKings","59.5","-13","-13","","-600","440"
"401525441","Clemson","31","Notre Dame","23","Notre Dame -2.5","ESPN Bet","43.5","2.5","","","",""
"401525441","Clemson","31","Notre Dame","23","Notre Dame -3.0","Bovada","44.5","3","-5","46","135","-160"
"401525441","Clemson","31","Notre Dame","23","Notre Dame -3","DraftKings","44.5","3","-5","","142","-170"
"401525539","Duke","24","Wake Forest","21","Duke -6.5","ESPN Bet","40.5","-6.5","","","",""
"401525539","Duke","24","Wake Forest","21","Duke -7.0","Bovada","41","-7","-12.5","45.5","-270","220"
"401525539","Duke","24","Wake Forest","21","Duke -6.5","DraftKings","41","-6.5","-11.5","45","-265","215"
"401525540","Syracuse","10","Boston College","17","Syracuse -0.5","ESPN Bet","47.5","-0.5","","","",""
"401525540","Syracuse","10","Boston College","17","Boston College -1.0","Bovada","47","1","-3","51","-140","120"
"401525540","Syracuse","10","Boston College","17","Syracuse -3","DraftKings","51","-3","-3","51.5","100","-120"
"401525541","Pittsburgh","7","Florida State","24","Florida State -20.5","ESPN Bet","48.5","20.5","","","",""
"401525541","Pittsburgh","7","Florida State","24","Florida State -21.5","DraftKings","50","21.5","23","","800","-1350"
"401525541","Pittsburgh","7","Florida State","24","Florida State -21.5","Bovada","50","21.5","21.5","51.5","800","-1600"
"401525542","Virginia","17","Georgia Tech","45","Virginia -1.5","ESPN Bet","55.5","-1.5","","","",""
"401525542","Virginia","17","Georgia Tech","45","Virginia -1.0","Bovada","56","-1","-2.5","54.5","-125","105"
"401525542","Virginia","17","Georgia Tech","45","Virginia -2","DraftKings","57.5","-2","-1.5","","-115","-105"
"401525544","NC State","20","Miami","6","Miami -6","ESPN Bet","44.5","6","","","",""
"401525544","NC State","20","Miami","6","Miami -5.5","DraftKings","44","5.5","4","","210","-258"
"401525544","NC State","20","Miami","6","Miami -6.5","Bovada","44","6.5","3.5","45.5","160","-185"
"401525879","Texas Tech","35","TCU","28","Texas Tech -2.5","ESPN Bet","59.5","-2.5","","","",""
"401525879","Texas Tech","35","TCU","28","Texas Tech -2.5","Bovada","59","-2.5","-3","59","-150","130"
"401525879","Texas Tech","35","TCU","28","Texas Tech -2.5","DraftKings","59.5","-2.5","-3","59.5","-142","120"
"401525880","Baylor","24","Houston","25","Baylor -2.5","ESPN Bet","58.5","-2.5","","","",""
"401525880","Baylor","24","Houston","25","Baylor -2.5","Bovada","58.5","-2.5","-3","57.5","-170","145"
"401525880","Baylor","24","Houston","25","Baylor -3","DraftKings","58.5","-3","-5","","-122","102"
"401525881","Cincinnati","26","UCF","28","UCF -3.5","ESPN Bet","60.5","3.5","","","",""
"401525881","Cincinnati","26","UCF","28","UCF -3.5","Bovada","60","3.5","4.5","59","170","-200"
"401525881","Cincinnati","26","UCF","28","UCF -3.5","DraftKings","59.5","3.5","4.5","","154","-185"
"401525882","Iowa State","21","Kansas","28","Iowa State -2.5","ESPN Bet","53.5","-2.5","","","",""
"401525882","Iowa State","21","Kansas","28","Iowa State -2.5","Bovada","53.5","-2.5","-2.5","54","-135","115"
"401525882","Iowa State","21","Kansas","28","Iowa State -2.5","DraftKings","53","-2.5","","","-135","114"
"401525883","Oklahoma State","27","Oklahoma","24","Oklahoma -7.5","ESPN Bet","62.5","7.5","","","",""
"401525883","Oklahoma State","27","Oklahoma","24","Oklahoma -5.0","Bovada","62.5","5","8","62","180","-220"
"401525883","Oklahoma State","27","Oklahoma","24","Oklahoma -6","DraftKings","61.5","6","8","","195","-238"
"401525885","West Virginia","37","BYU","7","West Virginia -12.5","ESPN Bet","47.5","-12.5","","","",""
"401525885","West Virginia","37","BYU","7","West Virginia -12.5","Bovada","49","-12.5","-9","51","-410","305"
"401525885","West Virginia","37","BYU","7","West Virginia -13","DraftKings","48.5","-13","-8","","-500","380"
"401531343","Tulsa","26","Charlotte","33","Tulsa -4.5","ESPN Bet","47.5","-4.5","","","",""
"401531343","Tulsa","26","Charlotte","33","Tulsa -4.0","Bovada","48","-4","-3.5","49","-175","150"
"401531343","Tulsa","26","Charlotte","33","Tulsa -4.5","DraftKings","47.5","-4.5","-3","","-192","160"
"401531374","East Carolina","10","Tulane","13","Tulane -16.5","ESPN Bet","44.5","16.5","","","",""
"401531374","East Carolina","10","Tulane","13","Tulane -17.0","Bovada","44.5","17","16.5","48","525","-800"
"401531374","East Carolina","10","Tulane","13","Tulane -17","DraftKings","46","17","16.5","","575","-850"
"401531383","UAB","45","Florida Atlantic","42","Florida Atlantic -2.5","ESPN Bet","59.5","2.5","","","",""
"401531383","UAB","45","Florida Atlantic","42","Florida Atlantic -1.0","Bovada","59","1","2","60","-105","-115"
"401531383","UAB","45","Florida Atlantic","42","UAB -1","DraftKings","59.5","-1","2.5","","-112","-108"
"401531392","Temple","32","Navy","18","Navy -7.5","ESPN Bet","45.5","7.5","","","",""
"401531392","Temple","32","Navy","18","Navy -7.0","Bovada","46","7","7","41.5","210","-250"
"401531392","Temple","32","Navy","18","Navy -7","DraftKings","46","7","8.5","","215","-265"
"401531399","North Texas","29","UTSA","37","UTSA -7.5","ESPN Bet","68.5","7.5","","","",""
"401531399","North Texas","29","UTSA","37","UTSA -7.5","Bovada","71","7.5","8","70","260","-320"
"401531399","North Texas","29","UTSA","37","UTSA -7.5","DraftKings","71","7.5","7","","250","-310"
"401531425","Memphis","59","South Florida","50","Memphis -13.5","ESPN Bet","68.5","-13.5","","","",""
"401531425","Memphis","59","South Florida","50","Memphis -13.5","Bovada","68","-13.5","-13.5","67","-550","390"
"401531425","Memphis","59","South Florida","50","Memphis -13.5","DraftKings","68.5","-13.5","-13.5","","-500","380"
"401531440","Rice","31","SMU","36","SMU -12.5","ESPN Bet","58.5","12.5","","","",""
"401531440","Rice","31","SMU","36","SMU -13.0","Bovada","59","13","11","58.5","335","-450"
"401531440","Rice","31","SMU","36","SMU -12","DraftKings","59.5","12","10.5","","380","-500"
"401531904","Troy","28","South Alabama","10","Troy -7","ESPN Bet","42.5","-7","","","",""
"401531904","Troy","28","South Alabama","10","Troy -6.5","Bovada","43.5","-6.5","-5.5","46.5","-210","175"
"401531904","Troy","28","South Alabama","10","Troy -5.5","DraftKings","44.5","-5.5","-3","","-250","205"
"401531905","App State","31","Marshall","9","App State -2.5","ESPN Bet","57.5","-2.5","","","",""
"401531905","App State","31","Marshall","9","App State -3.5","DraftKings","55.5","-3.5","-4","","-162","136"
"401531905","App State","31","Marshall","9","App State -3.0","Bovada","57.5","-3","-3.5","55.5","-175","150"
"401531906","Georgia State","14","James Madison","42","James Madison -6.5","ESPN Bet","52.5","6.5","","","",""
"401531906","Georgia State","14","James Madison","42","James Madison -6","DraftKings","53","6","5.5","","195","-238"
"401531906","Georgia State","14","James Madison","42","James Madison -6.0","Bovada","53","6","5.5","55","180","-220"
"401531907","Old Dominion","24","Coastal Carolina","28","Old Dominion -0.5","ESPN Bet","51.5","-0.5","","","",""
"401531907","Old Dominion","24","Coastal Carolina","28","Old Dominion -1.0","Bovada","51.5","-1","-35","53","-110","-110"
"401531907","Old Dominion","24","Coastal Carolina","28","Coastal Carolina -1","DraftKings","51","1","1.5","","-118","-102"
"401531908","Arkansas State","37","Louisiana","17","Louisiana -6.5","ESPN Bet","59.5","6.5","","","",""
"401531908","Arkansas State","37","Louisiana","17","Louisiana -7.0","Bovada","59.5","7","9.5","60.5","290","-380"
"401531908","Arkansas State","37","Louisiana","17","Louisiana -9","DraftKings","60","9","9","","225","-278"
"401531909","Southern Miss","24","UL Monroe","7","Southern Miss -2.5","ESPN Bet","56.5","-2.5","","","",""
"401531909","Southern Miss","24","UL Monroe","7","Southern Miss -3","DraftKings","56.5","-3","-2.5","","-142","120"
"401531909","Southern Miss","24","UL Monroe","7","Southern Miss -3.0","Bovada","56","-3","-2.5","55","-135","115"
"401532434","Toledo","31","Buffalo","13","Toledo -15.5","ESPN Bet","47.5","-15.5","","","",""
"401532434","Toledo","31","Buffalo","13","Toledo -14.5","Bovada","47","-14.5","-15.5","52.5","-750","500"
"401532434","Toledo","31","Buffalo","13","Toledo -14","DraftKings","","-14","-14","","-700","500"
"401532435","Bowling Green","24","Ball State","21","Bowling Green -4.5","ESPN Bet","39.5","-4.5","","","",""
"401532435","Bowling Green","24","Ball State","21","Bowling Green -6.5","DraftKings","","-6.5","-6.5","","-205","170"
"401532435","Bowling Green","24","Ball State","21","Bowling Green -4.5","Bovada","39.5","-4.5","-6.5","39.5","-220","180"
"401532436","Akron","31","Kent State","27","Akron -3.5","ESPN Bet","40.5","-3.5","","","",""
"401532436","Akron","31","Kent State","27","Akron -3.5","Bovada","39","-3.5","-4.5","39","-170","145"
"401532436","Akron","31","Kent State","27","Akron -4","DraftKings","","-4","-4","","-170","142"
"401532608","Fresno State","37","Boise State","30","Fresno State -2.5","ESPN Bet","54.5","-2.5","","","",""
"401532608","Fresno State","37","Boise State","30","Fresno State -3","DraftKings","55","-3","-3.5","","-142","120"
"401532608","Fresno State","37","Boise State","30","Fresno State -2.5","Bovada","53.5","-2.5","-3","55","-150","130"
"401532609","Wyoming","24","Colorado State","15","Wyoming -5.5","ESPN Bet","43.5","-5.5","","","",""
"401532609","Wyoming","24","Colorado State","15","Wyoming -6.0","Bovada","44","-6","-7","43.5","-235","195"
"401532609","Wyoming","24","Colorado State","15","Wyoming -6","DraftKings","41","-6","-7.5","43.5","-225","185"
"401532610","Nevada","14","Hawai'i","27","Nevada -3.5","ESPN Bet","49.5","-3.5","","","",""
"401532610","Nevada","14","Hawai'i","27","Nevada -3.0","Bovada","50","-3","-3.5","50.5","-180","155"
"401532610","Nevada","14","Hawai'i","27","Nevada -3.5","DraftKings","50.5","-3.5","-4","","-185","154"
"401532611","New Mexico","14","UNLV","56","UNLV -14.5","ESPN Bet","57.5","14.5","","","",""
"401532611","New Mexico","14","UNLV","56","UNLV -15.0","Bovada","58","15","10","61.5","295","-390"
"401532611","New Mexico","14","UNLV","56","UNLV -10","DraftKings","61","10","11.5","","490","-675"
"401520428","Florida International","28","Western Kentucky","41","Western Kentucky -10","DraftKings","","10","10","","350","-455"
"401520428","Florida International","28","Western Kentucky","41","Western Kentucky -11.5","ESPN Bet","54.5","11.5","","","",""
"401520428","Florida International","28","Western Kentucky","41","Western Kentucky -11.5","Bovada","54","11.5","10","55","290","-380"
"401539483","Alabama","27","Georgia","24","Georgia -5.0","Bovada","53.5","5","4.5","56","175","-210"
"401539483","Alabama","27","Georgia","24","Georgia -5.5","ESPN Bet","52.5","5.5","","","",""
"401539483","Alabama","27","Georgia","24","Georgia -5","DraftKings","56","5","5","","170","-205"
"401539478","Florida State","16","Louisville","6","Louisville -1.5","Bovada","45.5","1.5","-5","53.5","-165","140"
"401539478","Florida State","16","Louisville","6","Louisville -1.5","ESPN Bet","45.5","1.5","","","",""
"401539478","Florida State","16","Louisville","6","Florida State -3.5","DraftKings","51","-3.5","-3.5","51","-102","-118"
"401539476","Liberty","49","New Mexico State","35","Liberty -9.5","Bovada","58","-9.5","-10","53.5","-410","305"
"401539476","Liberty","49","New Mexico State","35","Liberty -10.5","ESPN Bet","58.5","-10.5","","","",""
"401539476","Liberty","49","New Mexico State","35","Liberty -10.5","DraftKings","54","-10.5","-10.5","54","-375","295"
"401539481","Toledo","14","Miami (OH)","23","Toledo -7.0","Bovada","43","-7","-7.5","46.5","-320","260"
"401539481","Toledo","14","Miami (OH)","23","Toledo -6.5","ESPN Bet","43.5","-6.5","","","",""
"401539481","Toledo","14","Miami (OH)","23","Toledo -8.5","DraftKings","46","-8.5","-8.5","46","-250","205"
"401525529","Miami","28","Clemson","20","Clemson -6","William Hill (New Jersey)","45","6","","","",""
"401525529","Miami","28","Clemson","20","Clemson -6.5","Bovada","44.5","6.5","9.5","49","130","-150"
"401525529","Miami","28","Clemson","20","Clemson -3","DraftKings","48.5","3","10","","195","-238"
"401525530","Florida State","38","Duke","20","Florida State -14","William Hill (New Jersey)","48.5","-14","","","",""
"401525530","Florida State","38","Duke","20","Florida State -14.5","DraftKings","49.5","-14.5","-15.5","49","-600","440"
"401525530","Florida State","38","Duke","20","Florida State -14.0","Bovada","49","-14","-13.5","48.5","-650","450"
"401520333","Alabama","34","Tennessee","20","Alabama -8.5","William Hill (New Jersey)","47.5","-8.5","","","",""
"401520333","Alabama","34","Tennessee","20","Alabama -9.5","DraftKings","47.5","-9.5","-9.5","","-375","295"
"401520333","Alabama","34","Tennessee","20","Alabama -8.5","Bovada","47.5","-8.5","-8","49","-350","275"
"401520334","Arkansas","3","Mississippi State","7","Arkansas -7","William Hill (New Jersey)","46","-7","","","",""
"401520334","Arkansas","3","Mississippi State","7","Arkansas -7.0","Bovada","45.5","-7","-6.5","48.5","-245","205"
"401520334","Arkansas","3","Mississippi State","7","Arkansas -6.5","DraftKings","46.5","-6.5","-7","50.5","-278","225"
"401520336","Illinois","21","Wisconsin","25","Wisconsin -3","William Hill (New Jersey)","41","3","","","",""
"401520336","Illinois","21","Wisconsin","25","Wisconsin -3.0","Bovada","41","3","2","41.5","130","-150"
"401520336","Illinois","21","Wisconsin","25","Wisconsin -3","DraftKings","40.5","3","5","43","130","-155"
"401520340","Michigan State","0","Michigan","49","Michigan -25.5","William Hill (New Jersey)","46.5","25.5","","","",""
"401520340","Michigan State","0","Michigan","49","Michigan -24.5","DraftKings","46","24.5","19","","1700","-4500"
"401520340","Michigan State","0","Michigan","49","Michigan -25.5","Bovada","47","25.5","17","47.5","1100","-2800"
"401525857","Oklahoma State","29","Kansas State","21","Kansas State -12","William Hill (New Jersey)","54","12","","","",""
"401525857","Oklahoma State","29","Kansas State","21","Kansas State -11.5","Bovada","54","11.5","11.5","54.5","340","-460"
"401525857","Oklahoma State","29","Kansas State","21","Kansas State -11.5","DraftKings","53.5","11.5","11","55","360","-440"
"401520343","Ohio State","20","Penn State","12","Ohio State -4","William Hill (New Jersey)","46.5","-4","","","",""
"401520343","Ohio State","20","Penn State","12","Ohio State -4","DraftKings","45.5","-4","-10","","-192","160"
"401520343","Ohio State","20","Penn State","12","Ohio State -4.0","Bovada","47","-4","-10","45.5","-180","155"
"401520301","Illinois","7","Nebraska","20","Illinois -3","William Hill (New Jersey)","42","-3","","","",""
"401520301","Illinois","7","Nebraska","20","Illinois -3.0","Bovada","41.5","-3","-3","44","-170","145"
"401520301","Illinois","7","Nebraska","20","Illinois -3.5","DraftKings","43","-3.5","-3","44.5","-155","142"
"401540230","Montana State","59","Cal Poly","19","Montana State -39","William Hill (New Jersey)","60.5","-39","","","",""
"401540289","Weber State","16","UC Davis","17","UC Davis -2","William Hill (New Jersey)","46.5","2","","","",""
"401531380","UAB","56","South Florida","35","South Florida -3","William Hill (New Jersey)","68.5","3","","","",""
"401531380","UAB","56","South Florida","35","South Florida -3.0","Bovada","67.5","3","4","67","145","-170"
"401531380","UAB","56","South Florida","35","South Florida -3.5","DraftKings","68.5","3.5","2.5","","130","-166"
"401520338","Iowa","10","Minnesota","12","Iowa -3.5","William Hill (New Jersey)","30.5","-3.5","","","",""
"401520338","Iowa","10","Minnesota","12","Iowa -3.5","DraftKings","30.5","-3.5","-5.5","32.5","-166","140"
"401520338","Iowa","10","Minnesota","12","Iowa -3.0","Bovada","30.5","-3","-4","32","-175","150"
"401525528","Georgia Tech","23","Boston College","38","Georgia Tech -6","William Hill (New Jersey)","57","-6","","","",""
"401525528","Georgia Tech","23","Boston College","38","Georgia Tech -6.0","Bovada","57","-6","-4","58","-235","195"
"401525528","Georgia Tech","23","Boston College","38","Georgia Tech -5.5","DraftKings","57","-5.5","-5","57.5","-225","185"
"401540007","Wagner","3","Central Connecticut","17","Central Connecticut -2.5","William Hill (New Jersey)","43.5","2.5","","","",""
"401540023","Long Island University","0","Merrimack","39","Long Island University -2.5","William Hill (New Jersey)","40","-2.5","","","",""
"401544197","Yale","17","Pennsylvania","27","Yale -6","William Hill (New Jersey)","46","-6","","","",""
"401534854","Howard","27","Norfolk State","23","Howard -10","William Hill (New Jersey)","48","-10","","","",""
"401539974","Delaware State","7","South Carolina State","35","South Carolina State -7","William Hill (New Jersey)","46.5","7","","","",""
"401540015","Duquesne","38","Saint Francis","35","Duquesne -3","William Hill (New Jersey)","57.5","-3","","","",""
"401540052","Bucknell","18","Lehigh","27","Bucknell -3","William Hill (New Jersey)","47","-3","","","",""
"401540069","Holy Cross","35","Lafayette","38","Holy Cross -14.5","William Hill (New Jersey)","52","-14.5","","","",""
"401525830","Oklahoma","28","SMU","11","Oklahoma -16","William Hill (New Jersey)","69","-16","","","",""
"401525830","Oklahoma","28","SMU","11","Oklahoma -16.5","Bovada","68.5","-16.5","-14","70.5","-950","600"
"401525830","Oklahoma","28","SMU","11","Oklahoma -16.5","DraftKings","68.5","-16.5","-16","68.5","-750","525"
"401520314","Florida International","14","UTEP","27","Florida International -3.5","William Hill (New Jersey)","42.5","-3.5","","","",""
"401520314","Florida International","14","UTEP","27","Florida International -3.5","Bovada","43","-3.5","1.5","44","-105","-115"
"401520314","Florida International","14","UTEP","27","UTEP -1.5","DraftKings","44","1.5","1.5","44","-180","-120"
"401520315","New Mexico State","27","Sam Houston","13","New Mexico State -3.5","William Hill (New Jersey)","42.5","-3.5","","","",""
"401520315","New Mexico State","27","Sam Houston","13","New Mexico State -4.0","Bovada","42.5","-4","-6","43","-170","145"
"401520315","New Mexico State","27","Sam Houston","13","New Mexico State -4.5","DraftKings","43","-4.5","-4.5","43","-192","164"
"401520321","Michigan","52","Indiana","7","Michigan -33","William Hill (New Jersey)","45.5","-33","","","",""
"401520321","Michigan","52","Indiana","7","Michigan -34","DraftKings","45.5","-34","-34","49.5","",""
"401520321","Michigan","52","Indiana","7","Michigan -33.5","Bovada","45.5","-33.5","-34","49.5","",""
"401520327","Vanderbilt","20","Georgia","37","Georgia -32.5","William Hill (New Jersey)","55","32.5","","","",""
"401520327","Vanderbilt","20","Georgia","37","Georgia -32.5","DraftKings","55","32.5","31.5","57","",""
"401520327","Vanderbilt","20","Georgia","37","Georgia -32.5","Bovada","55","32.5","32","57","2500","-20000"
"401524029","Colorado","43","Stanford","46","Colorado -13.5","William Hill (New Jersey)","58.5","-13.5","","","",""
"401524029","Colorado","43","Stanford","46","Colorado -11.5","DraftKings","59","-11.5","-15","","-520","340"
"401524029","Colorado","43","Stanford","46","Colorado -13.0","Bovada","59","-13","-11.5","59","-460","340"
"401531371","Memphis","21","Tulane","31","Tulane -5","William Hill (New Jersey)","55","5","","","",""
"401531371","Memphis","21","Tulane","31","Tulane -3.5","DraftKings","57","3.5","3","","170","-170"
"401531371","Memphis","21","Tulane","31","Tulane -4.5","Bovada","54.5","4.5","3","56.5","135","-160"
"401540311","Campbell","24","William & Mary","34","William & Mary -17.5","William Hill (New Jersey)","54.5","17.5","","","",""
"401540078","Lehigh","10","Villanova","38","Villanova -19","William Hill (New Jersey)","50.5","19","","","",""
"401540199","Mercer","17","North Alabama","7","Mercer -23.5","William Hill (New Jersey)","58.5","-23.5","","","",""
"401540310","Northern Iowa","17","Weber State","34","Northern Iowa -7.5","William Hill (New Jersey)","50.5","-7.5","","","",""
"401540383","North Dakota State","44","Maine","7","North Dakota State -35.5","Caesars Sportsbook (Colorado)","50.5","-35.5","","","",""
"401540548","Rhode Island","35","Stony Brook","14","Rhode Island -24.5","William Hill (New Jersey)","55","-24.5","","","",""
"401540099","Illinois State","41","Dayton","0","Illinois State -19","William Hill (New Jersey)","46","-19","","","",""
"401540099","Illinois State","41","Dayton","0","Illinois State -19.0","Bovada","45","-19","-21.5","45","",""
"401520158","Jacksonville State","49","East Tennessee State","3","Jacksonville State -20.5","William Hill (New Jersey)","55","-20.5","","","",""
"401520158","Jacksonville State","49","East Tennessee State","3","Jacksonville State -20.0","Bovada","55","-20","-13.5","54.5","-675","460"
"401525862","Houston","41","West Virginia","39","West Virginia -3","William Hill (New Jersey)","49","3","","","",""
"401525862","Houston","41","West Virginia","39","West Virginia -2.5","DraftKings","52.5","2.5","2.5","52.5","124","-135"
"401525862","Houston","41","West Virginia","39","West Virginia -3.0","Bovada","49.5","3","3","52.5","120","-140"
"401524041","California","49","USC","50","USC -10","William Hill (New Jersey)","67.5","10","","","",""
"401524041","California","49","USC","50","USC -10.5","DraftKings","67","10.5","11","67.5","320","-410"
"401524041","California","49","USC","50","USC -10.5","Bovada","67.5","10.5","10.5","67","305","-410"
"401531415","East Carolina","10","SMU","31","SMU -11.5","William Hill (New Jersey)","49","11.5","","","",""
"401531415","East Carolina","10","SMU","31","SMU -11","DraftKings","50.5","11","11","50.5","320","-425"
"401531415","East Carolina","10","SMU","31","SMU -11.5","Bovada","48.5","11.5","9","50.5","330","-440"
"401520323","Purdue","7","Ohio State","41","Ohio State -17","William Hill (New Jersey)","53.5","17","","","",""
"401520323","Purdue","7","Ohio State","41","Ohio State -18","DraftKings","52","18","19.5","52","625","-1000"
"401520323","Purdue","7","Ohio State","41","Ohio State -17.5","Bovada","53","17.5","21","51.5","700","-1200"
"401520325","South Carolina","39","Florida","41","Florida -0","William Hill (New Jersey)","50","0","","","",""
"401520325","South Carolina","39","Florida","41","South Carolina -2.5","DraftKings","50","-2.5","-1","","-110","114"
"401520325","South Carolina","39","Florida","41","Florida -1.0","Bovada","50","1","-2.5","53.5","-125","105"
"401520326","Tennessee","20","Texas A&M","13","Tennessee -3","William Hill (New Jersey)","54.5","-3","","","",""
"401520326","Tennessee","20","Texas A&M","13","Tennessee -3.0","Bovada","54","-3","-3.5","56.5","-160","135"
"401520326","Tennessee","20","Texas A&M","13","Tennessee -3","DraftKings","54.5","-3","-7","","-155","130"
"401520328","Wisconsin","6","Iowa","15","Wisconsin -8.5","William Hill (New Jersey)","33.5","-8.5","","","",""
"401520328","Wisconsin","6","Iowa","15","Wisconsin -9.5","DraftKings","35","-9.5","-9.5","37.5","-340","250"
"401520328","Wisconsin","6","Iowa","15","Wisconsin -8.0","Bovada","33.5","-8","-10","37","-380","290"
"401524030","Washington State","6","Arizona","44","Washington State -7.5","William Hill (New Jersey)","56.5","-7.5","","","",""
"401524030","Washington State","6","Arizona","44","Washington State -8.0","Bovada","56.5","-8","-9","60.5","-300","250"
"401524030","Washington State","6","Arizona","44","Washington State -7.5","DraftKings","57.5","-7.5","-8","61","-290","230"
"401531901","UL Monroe","24","Arkansas State","34","UL Monroe -1","William Hill (New Jersey)","55","-1","","","",""
"401531901","UL Monroe","24","Arkansas State","34","UL Monroe -2.5","DraftKings","56.5","-2.5","-2","58","-112","-108"
"401531901","UL Monroe","24","Arkansas State","34","UL Monroe -1.0","Bovada","55.5","-1","-1.5","58.5","-120","100"
"401524033","Utah","34","California","14","Utah -9.5","William Hill (New Jersey)","43","-9.5","","","",""
"401524033","Utah","34","California","14","Utah -11","DraftKings","44","-11","-13.5","45","-375","320"
"401524033","Utah","34","California","14","Utah -9.0","Bovada","42.5","-9","-13.5","45","-525","375"
"401524034","Washington","36","Oregon","33","Washington -3","William Hill (New Jersey)","67","-3","","","",""
"401524034","Washington","36","Oregon","33","Washington -3.5","Bovada","67","-3.5","-1.5","67.5","-150","130"
"401524034","Washington","36","Oregon","33","Washington -3","DraftKings","67","-3","-2","","-162","130"
"401525523","Duke","24","NC State","3","Duke -4","William Hill (New Jersey)","42.5","-4","","","",""
"401525523","Duke","24","NC State","3","Duke -3.5","Bovada","42.5","-3.5","-3.5","48","-175","150"
"401525523","Duke","24","NC State","3","Duke -3.5","DraftKings","44","-3.5","-3.5","48","-180","140"
"401525524","Florida State","41","Syracuse","3","Florida State -18.5","William Hill (New Jersey)","53","-18.5","","","",""
"401525524","Florida State","41","Syracuse","3","Florida State -19.5","Bovada","53","-19.5","-18","56.5","-900","575"
"401525524","Florida State","41","Syracuse","3","Florida State -18.5","DraftKings","53.5","-18.5","-17.5","56.5","-1100","675"
"401525525","Pittsburgh","38","Louisville","21","Louisville -7","William Hill (New Jersey)","45","7","","","",""
"401525525","Pittsburgh","38","Louisville","21","Louisville -7.0","Bovada","45","7","9.5","47.5","260","-320"
"401525525","Pittsburgh","38","Louisville","21","Louisville -7.5","DraftKings","44.5","7.5","8","47.5","235","-290"
"401525526","North Carolina","41","Miami","31","North Carolina -3","William Hill (New Jersey)","57","-3","","","",""
"401525526","North Carolina","41","Miami","31","North Carolina -2.5","DraftKings","56.5","-2.5","-1","","-155","124"
"401525526","North Carolina","41","Miami","31","North Carolina -2.5","Bovada","57.5","-2.5","-4","56","-185","160"
"401540458","Valparaiso","21","Morehead State","24","Morehead State -1.5","William Hill (New Jersey)","46","1.5","","","",""
"401540480","Southeast Missouri State","35","Eastern Illinois","28","Southeast Missouri State -12","William Hill (New Jersey)","49.5","-12","","","",""
"401540564","Stetson","6","St. Thomas (MN)","38","St. Thomas (MN) -6","William Hill (New Jersey)","51","6","","","",""
"401540587","Chattanooga","34","East Tennessee State","3","Chattanooga -18","William Hill (New Jersey)","55","-18","","","",""
"401540575","Stony Brook","7","Fordham","26","Fordham -10.5","William Hill (New Jersey)","57","10.5","","","",""
"401540593","East Tennessee State","41","Wofford","10","East Tennessee State -4","William Hill (New Jersey)","42","-4","","","",""
"401540623","VMI","14","Samford","27","Samford -14","William Hill (New Jersey)","45","14","","","",""
"401539983","Morgan State","10","North Carolina Central","16","North Carolina Central -14","William Hill (New Jersey)","47.5","14","","","",""
"401540294","Cornell","36","Brown","14","Brown -5.5","William Hill (New Jersey)","57","5.5","","","",""
"401531899","Coastal Carolina","34","Marshall","6","Marshall -3.5","William Hill (New Jersey)","47","3.5","","","",""
"401531899","Coastal Carolina","34","Marshall","6","Marshall -4","DraftKings","45","4","3.5","48","142","-170"
"401531899","Coastal Carolina","34","Marshall","6","Marshall -3.5","Bovada","47","3.5","3.5","48","140","-165"
"401540016","Sacred Heart","0","Duquesne","27","Duquesne -5.5","William Hill (New Jersey)","49","5.5","","","",""
"401540255","Sacramento State","51","Idaho State","16","Sacramento State -16.5","William Hill (New Jersey)","63.5","-16.5","","","",""
"401540338","Dartmouth","20","Columbia","9","Dartmouth -6","William Hill (New Jersey)","33.5","-6","","","",""
"401540104","Illinois State","44","Indiana State","7","Illinois State -15.5","William Hill (New Jersey)","42.5","-15.5","","","",""
"401540110","Grambling","24","Alabama A&M","45","Grambling -4.5","William Hill (New Jersey)","57","-4.5","","","",""
"401540120","Jackson State","19","Alabama State","24","Jackson State -11.5","William Hill (New Jersey)","45","-11.5","","","",""
"401540136","Mississippi Valley State","42","Arkansas-Pine Bluff","17","Arkansas-Pine Bluff -2","William Hill (New Jersey)","41.5","2","","","",""
"401540143","Bethune-Cookman","31","Texas Southern","34","Bethune-Cookman -3.5","William Hill (New Jersey)","55","-3.5","","","",""
"401540525","Presbyterian","10","Marist","19","Marist -1","William Hill (New Jersey)","49.5","1","","","",""
"401540204","Abilene Christian","30","North Alabama","13","Abilene Christian -7.5","William Hill (New Jersey)","58","-7.5","","","",""
"401540195","Eastern Kentucky","41","Tarleton State","35","Eastern Kentucky -8","William Hill (New Jersey)","64.5","-8","","","",""
"401540246","Idaho","21","Montana","23","Idaho -13","William Hill (New Jersey)","53","-13","","","",""
"401540275","Northern Arizona","21","Portland State","45","Northern Arizona -7","William Hill (New Jersey)","57.5","-7","","","",""
"401540281","Northern Colorado","13","Sacramento State","21","Sacramento State -24","William Hill (New Jersey)","58","24","","","",""
"401540325","Delaware","21","North Carolina A&T","6","Delaware -21","William Hill (New Jersey)","47.5","-21","","","",""
"401540365","Murray State","6","Southern Illinois","27","Southern Illinois -21","William Hill (New Jersey)","47.5","21","","","",""
"401540408","South Dakota State","41","Northern Iowa","6","South Dakota State -24","William Hill (New Jersey)","54.5","-24","","","",""
"401540545","North Carolina A&T","10","Richmond","33","Richmond -8","William Hill (New Jersey)","42","8","","","",""
"401540006","Duquesne","44","Central Connecticut","20","Duquesne -9","William Hill (New Jersey)","54.5","-9","","","",""
"401540044","Sacred Heart","10","Wagner","17","Sacred Heart -11.5","William Hill (New Jersey)","39.5","-11.5","","","",""
"401540398","Marist","21","Davidson","49","Davidson -8","William Hill (New Jersey)","51","8","","","",""
"401540072","Lafayette","24","Columbia","3","Columbia -5.5","William Hill (New Jersey)","40.5","5.5","","","",""
"401540066","Yale","24","Holy Cross","49","Holy Cross -2.5","William Hill (New Jersey)","50","2.5","","","",""
"401540313","Monmouth","31","Campbell","45","Monmouth -3","Caesars Sportsbook (Colorado)","61.5","-3","","","",""
"401540029","Saint Francis","34","Sacred Heart","37","Saint Francis -9.5","Caesars Sportsbook (Colorado)","41.5","-9.5","","","",""
"401540307","Yale","21","Cornell","23","Yale -14.5","Caesars Sportsbook (Colorado)","46","-14.5","","","",""
"401540567","Stetson","18","Butler","28","Butler -9","Caesars Sportsbook (Colorado)","57.5","9","","","",""
"401540203","North Alabama","21","UT Martin","37","UT Martin -12","William Hill (New Jersey)","61.5","12","","","",""
"401540185","Central Arkansas","52","Abilene Christian","17","Central Arkansas -7","William Hill (New Jersey)","55.5","-7","","","",""
"401540291","Harvard","34","Brown","31","Harvard -14.5","Caesars Sportsbook (Colorado)","54.5","-14.5","","","",""
"401540291","Harvard","34","Brown","31","Harvard -16.5","Bovada","54.5","-16.5","-18.5","56.5","",""
"401520276","Sam Houston","28","Jacksonville State","35","Jacksonville State -7","William Hill (New Jersey)","36","7","","","",""
"401520276","Sam Houston","28","Jacksonville State","35","Jacksonville State -6.5","Bovada","36","6.5","6","36.5","210","-250"
"401520276","Sam Houston","28","Jacksonville State","35","Jacksonville State -6.5","DraftKings","36.5","6.5","6.5","36.5","210","-258"
"401540324","Delaware","29","New Hampshire","25","New Hampshire -2.5","William Hill (New Jersey)","47.5","2.5","","","",""
"401540627","Wofford","10","Samford","31","Samford -12.5","William Hill (New Jersey)","49.5","12.5","","","",""
"401540570","Rhode Island","17","Richmond","24","Rhode Island -8.5","William Hill (New Jersey)","59","-8.5","","","",""
"401540530","New Hampshire","38","UAlbany","31","New Hampshire -2.5","William Hill (New Jersey)","55","-2.5","","","",""
"401540196","Gardner-Webb","35","Eastern Kentucky","32","Eastern Kentucky -4","William Hill (New Jersey)","61.5","4","","","",""
"401540403","Davidson","45","Presbyterian","28","Davidson -20.5","William Hill (New Jersey)","60.5","-20.5","","","",""
"401540550","San Diego","17","Morehead State","11","San Diego -4.5","William Hill (New Jersey)","48","-4.5","","","",""
"401520445","Army","17","Navy","11","Army -2.5","Bovada","28","-2.5","-1.5","30.5","130","-150"
"401520445","Army","17","Navy","11","Navy -2.5","ESPN Bet","28.5","2.5","","","",""
"401520445","Army","17","Navy","11","Army -2","DraftKings","28","-2","-2","31.5","-142","120"
"401540474","Charleston Southern","24","Lindenwood","10","Charleston Southern -2.5","William Hill (New Jersey)","","-2.5","","","",""
"401539475","Washington","34","Oregon","31","Oregon -9.5","ESPN Bet","64.5","9.5","","","",""
"401539475","Washington","34","Oregon","31","Oregon -10.0","Bovada","65.5","10","9","67","270","-340"
"401539475","Washington","34","Oregon","31","Oregon -9","DraftKings","67","9","9","67","300","-380"
"401539477","Tulane","14","SMU","26","Tulane -2.5","ESPN Bet","47.5","-2.5","","","",""
"401539477","Tulane","14","SMU","26","Tulane -2.5","Bovada","47.5","-2.5","-3","52.5","-185","160"
"401539477","Tulane","14","SMU","26","Tulane -4","DraftKings","50.5","-4","-4","50.5","-135","114"
"401539479","Texas","49","Oklahoma State","21","Texas -14.5","ESPN Bet","56.5","-14.5","","","",""
"401539479","Texas","49","Oklahoma State","21","Texas -14.5","Bovada","57.5","-14.5","-11.5","53.5","-625","430"
"401539479","Texas","49","Oklahoma State","21","Texas -14","DraftKings","55","-14","-14","55","-650","470"
"401539480","Iowa","0","Michigan","26","Michigan -20.5","ESPN Bet","35.5","20.5","","","",""
"401539480","Iowa","0","Michigan","26","Michigan -21.0","Bovada","36","21","23.5","35","1000","-2200"
"401539480","Iowa","0","Michigan","26","Michigan -23.5","DraftKings","35","23.5","23.5","35","1200","-2400"
"401539482","UNLV","20","Boise State","44","Boise State -2.5","ESPN Bet","62.5","2.5","","","",""
"401539482","UNLV","20","Boise State","44","Boise State -2.5","Bovada","62","2.5","2.5","59","130","-150"
"401539482","UNLV","20","Boise State","44","Boise State -2.5","DraftKings","58","2.5","2.5","58","114","-135"
"401539484","Troy","49","App State","23","Troy -5.5","ESPN Bet","52.5","-5.5","","","",""
"401539484","Troy","49","App State","23","Troy -5.5","Bovada","53","-5.5","-6.5","51.5","-240","200"
"401539484","Troy","49","App State","23","Troy -6.5","DraftKings","51.5","-6.5","-6.5","51.5","-225","185"
"401532444","Northern Illinois","24","Western Michigan","0","Northern Illinois -3","DraftKings","55.5","-3","-3.5","","-198","164"
"401532444","Northern Illinois","24","Western Michigan","0","Northern Illinois -4.0","Bovada","56.5","-4","-3","55.5","-210","175"
"401532444","Northern Illinois","24","Western Michigan","0","Northern Illinois -4.5","ESPN Bet","55.5","-4.5","","","",""
"401532443","Bowling Green","31","Toledo","32","Toledo -10","DraftKings","52","10","9.5","","270","-340"
"401532443","Bowling Green","31","Toledo","32","Toledo -10.0","Bovada","49.5","10","10","52","315","-420"
"401532443","Bowling Green","31","Toledo","32","Toledo -9.5","ESPN Bet","48.5","9.5","","","",""
"401532447","Miami (OH)","23","Buffalo","10","Miami (OH) -8.5","DraftKings","41.5","-8.5","-8.5","","-298","240"
"401532447","Miami (OH)","23","Buffalo","10","Miami (OH) -7.5","Bovada","37","-7.5","-9","41.5","-350","275"
"401532447","Miami (OH)","23","Buffalo","10","Miami (OH) -7.5","ESPN Bet","36.5","-7.5","","","",""
"401520410","Maryland","24","Michigan","31","Michigan -21","DraftKings","50","21","21","","600","-900"
"401520410","Maryland","24","Michigan","31","Michigan -17.5","Bovada","51","17.5","21","50.5","750","-1400"
"401520410","Maryland","24","Michigan","31","Michigan -17.5","ESPN Bet","50.5","17.5","","","",""
"401524060","Oregon State","20","Washington","22","Washington -1","DraftKings","64","1","1","","-118","-102"
"401524060","Oregon State","20","Washington","22","Oregon State -1.0","Bovada","62","-1","-1","64","-120","100"
"401524060","Oregon State","20","Washington","22","Oregon State -1.5","ESPN Bet","62.5","-1.5","","","",""
"401524057","Washington State","56","Colorado","14","Washington State -5.5","DraftKings","63.5","-5.5","-5.5","","-205","170"
"401524057","Washington State","56","Colorado","14","Washington State -4.0","Bovada","59","-4","-5","64","-185","160"
"401524057","Washington State","56","Colorado","14","Washington State -4.5","ESPN Bet","59.5","-4.5","","","",""
"401532445","Eastern Michigan","30","Akron","27","Eastern Michigan -5.5","DraftKings","39","-5.5","-7","","-162","136"
"401532445","Eastern Michigan","30","Akron","27","Eastern Michigan -3.0","Bovada","39.5","-3","-4.5","39","-185","160"
"401532445","Eastern Michigan","30","Akron","27","Eastern Michigan -3.5","ESPN Bet","39.5","-3.5","","","",""
"401532446","Ohio","34","Central Michigan","20","Ohio -8.5","DraftKings","46.5","-8.5","-9.5","","-455","350"
"401532446","Ohio","34","Central Michigan","20","Ohio -10.5","Bovada","50","-10.5","-8.5","46","-390","295"
"401532446","Ohio","34","Central Michigan","20","Ohio -11.5","ESPN Bet","48.5","-11.5","","","",""
"401532621","Colorado State","30","Nevada","20","Colorado State -12.5","Bovada","45","-12.5","-11","47.5","-480","350"
"401532621","Colorado State","30","Nevada","20","Colorado State -11","DraftKings","47.5","-11","-11","47.5","-485","370"
"401532621","Colorado State","30","Nevada","20","Colorado State -12.5","ESPN Bet","45.5","-12.5","","","",""
"401532622","Fresno State","17","New Mexico","25","Fresno State -22.0","Bovada","58.5","-22","-24","57","-2500","1000"
"401532622","Fresno State","17","New Mexico","25","Fresno State -24","DraftKings","56.5","-24","-24","56.5","-1800","1000"
"401532622","Fresno State","17","New Mexico","25","Fresno State -22.5","ESPN Bet","58.5","-22.5","","","",""
"401531345","Tulsa","28","North Texas","35","North Texas -2.0","Bovada","69.5","2","2.5","68","100","-120"
"401531345","Tulsa","28","North Texas","35","North Texas -3","DraftKings","66.5","3","3","66.5","110","-130"
"401531345","Tulsa","28","North Texas","35","North Texas -1.5","ESPN Bet","69.5","1.5","","","",""
"401520405","Indiana","21","Michigan State","24","Indiana -3.5","Bovada","46.5","-3.5","-5","46.5","-165","140"
"401520405","Indiana","21","Michigan State","24","Indiana -4.5","DraftKings","47","-4.5","-4.5","47","-180","150"
"401520405","Indiana","21","Michigan State","24","Indiana -3.5","ESPN Bet","47.5","-3.5","","","",""
"401532448","Ball State","34","Kent State","3","Ball State -10.5","Bovada","43","-10.5","-11.5","41.5","-525","375"
"401532448","Ball State","34","Kent State","3","Ball State -13","DraftKings","42","-13","-13","42","-470","360"
"401532448","Ball State","34","Kent State","3","Ball State -10.5","ESPN Bet","41.5","-10.5","","","",""
"401531409","Charlotte","7","Rice","28","Rice -1.0","Bovada","46.5","1","1.5","47","105","-125"
"401531409","Charlotte","7","Rice","28","Rice -2","DraftKings","47.5","2","2","47.5","-102","-118"
"401531409","Charlotte","7","Rice","28","Charlotte -0.5","ESPN Bet","46.5","-0.5","","","",""
"401520411","Middle Tennessee","34","UTEP","30","Middle Tennessee -8.0","Bovada","48.5","-8","-7.5","48","-300","250"
"401520411","Middle Tennessee","34","UTEP","30","Middle Tennessee -8","DraftKings","48.5","-8","-8","48.5","-340","270"
"401520411","Middle Tennessee","34","UTEP","30","Middle Tennessee -8.5","ESPN Bet","48.5","-8.5","","","",""
"401525899","West Virginia","42","Cincinnati","21","West Virginia -5.0","Bovada","52","-5","-6","54.5","-245","205"
"401525899","West Virginia","42","Cincinnati","21","West Virginia -6.5","DraftKings","56","-6.5","-6.5","56","-218","180"
"401525899","West Virginia","42","Cincinnati","21","West Virginia -4.5","ESPN Bet","52.5","-4.5","","","",""
"401520407","Jacksonville State","56","Louisiana Tech","17","Jacksonville State -9.5","Bovada","54.5","-9.5","-8","55.5","-330","265"
"401520407","Jacksonville State","56","Louisiana Tech","17","Jacksonville State -9","DraftKings","55.5","-9","-9","55.5","-360","285"
"401520407","Jacksonville State","56","Louisiana Tech","17","Jacksonville State -8.5","ESPN Bet","53.5","-8.5","","","",""
"401524058","Arizona","42","Utah","18","Arizona -2.5","Bovada","47","-2.5","","46","-115","-105"
"401524058","Arizona","42","Utah","18","Utah -1","DraftKings","44.5","1","1","44.5","-135","120"
"401524058","Arizona","42","Utah","18","Arizona -2.5","ESPN Bet","45.5","-2.5","","","",""
"401520406","Iowa","15","Illinois","13","Iowa -3.0","Bovada","33.5","-3","-4","31.5","-145","125"
"401520406","Iowa","15","Illinois","13","Iowa -3.5","DraftKings","30.5","-3.5","-3.5","30.5","-142","120"
"401520406","Iowa","15","Illinois","13","Iowa -2.5","ESPN Bet","33.5","-2.5","","","",""
"401520403","Army","28","Coastal Carolina","21","Coastal Carolina -1.0","Bovada","40.5","1","5","44.5","145","-170"
"401520403","Army","28","Coastal Carolina","21","Coastal Carolina -5.5","DraftKings","","5.5","5.5","","-105","-115"
"401520403","Army","28","Coastal Carolina","21","Coastal Carolina -1.5","ESPN Bet","40.5","1.5","","","",""
"401525555","Virginia","30","Duke","27","Duke -3.0","Bovada","45.5","3","3.5","47","150","-175"
"401525555","Virginia","30","Duke","27","Duke -4","DraftKings","48.5","4","4","48.5","120","-142"
"401531417","Navy","10","East Carolina","0","Navy -2.0","Bovada","30.5","-2","-3","32.5","-145","125"
"401531417","Navy","10","East Carolina","0","Navy -3","DraftKings","33.5","-3","-3","33.5","-135","114"
"401531417","Navy","10","East Carolina","0","Navy -2.5","ESPN Bet","30.5","-2.5","","","",""
"401525558","Miami","31","Louisville","38","Miami -1.0","Bovada","46","-1","2","46.5","-115","-105"
"401525558","Miami","31","Louisville","38","Louisville -1.5","DraftKings","47.5","1.5","1.5","47.5","-112","-108"
"401525558","Miami","31","Louisville","38","Miami -1.5","ESPN Bet","46.5","-1.5","","","",""
"401531919","Arkansas State","77","Texas State","31","Texas State -3.0","Bovada","59.5","3","3.5","59","150","-175"
"401531919","Arkansas State","77","Texas State","31","Texas State -3.5","DraftKings","59.5","3.5","3.5","59.5","130","-155"
"401531385","UAB","34","Temple","24","UAB -8.5","Bovada","61","-8.5","-7.5","64.5","-290","240"
"401531385","UAB","34","Temple","24","UAB -7","DraftKings","65","-7","-7","65","-310","250"
"401531385","UAB","34","Temple","24","UAB -8","ESPN Bet","61.5","-8","","","",""
"401525559","Virginia Tech","28","NC State","35","Virginia Tech -2.5","Bovada","41","-2.5","-3","44","-140","120"
"401525559","Virginia Tech","28","NC State","35","Virginia Tech -3.5","DraftKings","45.5","-3.5","-3.5","45.5","-135","114"
"401525559","Virginia Tech","28","NC State","35","Virginia Tech -2.5","ESPN Bet","40.5","-2.5","","","",""
"401520423","Western Kentucky","28","Sam Houston","23","Western Kentucky -9.5","Bovada","52.5","-9.5","-13","51.5","-525","375"
"401520423","Western Kentucky","28","Sam Houston","23","Western Kentucky -12.5","DraftKings","52","-12.5","-12.5","52","-360","285"
"401525553","Pittsburgh","24","Boston College","16","Pittsburgh -2.5","Bovada","46.5","-2.5","-2","47.5","-140","120"
"401525553","Pittsburgh","24","Boston College","16","Pittsburgh -1","DraftKings","47","-1","-1","47","-122","102"
"401525895","Iowa State","16","Texas","26","Texas -6.5","Bovada","44.5","6.5","8.5","47.5","255","-310"
"401525895","Iowa State","16","Texas","26","Texas -8","DraftKings","48.5","8","8","48.5","230","-285"
"401525895","Iowa State","16","Texas","26","Texas -7.5","ESPN Bet","43.5","7.5","","","",""
"401520413","Missouri","33","Florida","31","Missouri -10.5","DraftKings","59.5","-10.5","-10.5","59.5","-485","370"
"401520413","Missouri","33","Florida","31","Missouri -12.5","Bovada","55","-12.5","-11","57.5","-460","340"
"401520413","Missouri","33","Florida","31","Missouri -12.5","ESPN Bet","56.5","-12.5","","","",""
"401532624","Air Force","27","UNLV","31","Air Force -4","DraftKings","47","-4","-4","47","-148","124"
"401532624","Air Force","27","UNLV","31","Air Force -3.0","Bovada","46.5","-3","-4","46.5","-150","130"
"401532624","Air Force","27","UNLV","31","Air Force -2.5","ESPN Bet","46.5","-2.5","","","",""
"401531920","South Alabama","28","Marshall","0","South Alabama -8","DraftKings","51.5","-8","-8","51.5","-375","295"
"401531920","South Alabama","28","Marshall","0","South Alabama -10.0","Bovada","45","-10","-8.5","50","-430","320"
"401531920","South Alabama","28","Marshall","0","South Alabama -10.5","ESPN Bet","44.5","-10.5","","","",""
"401532619","Utah State","10","Boise State","45","Boise State -4","DraftKings","64.5","4","4","64.5","170","-205"
"401532619","Utah State","10","Boise State","45","Boise State -5.0","Bovada","63.5","5","4","64","145","-170"
"401532619","Utah State","10","Boise State","45","Boise State -5.5","ESPN Bet","62.5","5.5","","","",""
"401520412","Mississippi State","41","Southern Miss","20","Mississippi State -14","DraftKings","46.5","-14","-14","46.5","-850","575"
"401520412","Mississippi State","41","Southern Miss","20","Mississippi State -18.5","Bovada","48.5","-18.5","-14","47","-650","450"
"401520412","Mississippi State","41","Southern Miss","20","Mississippi State -18.5","ESPN Bet","47.5","-18.5","","","",""
"401531375","Florida Atlantic","8","Tulane","24","Tulane -9","DraftKings","48.5","9","9","48.5","275","-345"
"401531375","Florida Atlantic","8","Tulane","24","Tulane -9.0","Bovada","47","9","9.5","48","270","-340"
"401531375","Florida Atlantic","8","Tulane","24","Tulane -9.5","ESPN Bet","46.5","9.5","","","",""
"401520422","Wisconsin","24","Nebraska","17","Wisconsin -5","DraftKings","37","-5","-5","37","-278","225"
"401520422","Wisconsin","24","Nebraska","17","Wisconsin -7.0","Bovada","36.5","-7","-5","37.5","-225","185"
"401520422","Wisconsin","24","Nebraska","17","Wisconsin -7.5","ESPN Bet","36.5","-7.5","","","",""
"401520415","Ohio State","37","Minnesota","3","Ohio State -28","DraftKings","49","-28","-28","49","-4500","1700"
"401520415","Ohio State","37","Minnesota","3","Ohio State -27.5","Bovada","51.5","-27.5","-28.5","49","-10000","1600"
"401520415","Ohio State","37","Minnesota","3","Ohio State -27.5","ESPN Bet","51.5","-27.5","","","",""
"401520409","LSU","56","Georgia State","14","LSU -30.5","DraftKings","71.5","-30.5","-30.5","71.5","-10000","3000"
"401520409","LSU","56","Georgia State","14","LSU -32.0","Bovada","75","-32","-31","72.5","-20000","2400"
"401520409","LSU","56","Georgia State","14","LSU -32.5","ESPN Bet","73.5","-32.5","","","",""
"401520402","Arkansas","44","Florida International","20","Arkansas -32","DraftKings","52","-32","-32","52","-3200","1400"
"401520402","Arkansas","44","Florida International","20","Arkansas -26.5","Bovada","49.5","-26.5","-31.5","51.5","-10000","1600"
"401520402","Arkansas","44","Florida International","20","Arkansas -27.5","ESPN Bet","49.5","-27.5","","","",""
"401520416","Ole Miss","35","UL Monroe","3","Ole Miss -37","DraftKings","62","-37","-37","62","-20000","3500"
"401520416","Ole Miss","35","UL Monroe","3","Ole Miss -36.0","Bovada","60.5","-36","-36.5","61.5","",""
"401520416","Ole Miss","35","UL Monroe","3","Ole Miss -35.5","ESPN Bet","59.5","-35.5","","","",""
"401520414","Northwestern","23","Purdue","15","Northwestern -1","DraftKings","48.5","-1","-1","48.5","-135","114"
"401520414","Northwestern","23","Purdue","15","Northwestern -2.5","Bovada","47.5","-2.5","-1.5","47.5","115","-135"
"401520414","Northwestern","23","Purdue","15","Northwestern -2.5","ESPN Bet","47.5","-2.5","","","",""
"401525442","Notre Dame","45","Wake Forest","7","Notre Dame -25","DraftKings","47.5","-25","-25","47.5","-2100","1100"
"401525442","Notre Dame","45","Wake Forest","7","Notre Dame -23.5","Bovada","47.5","-23.5","-25","47","-3500","1100"
"401525442","Notre Dame","45","Wake Forest","7","Notre Dame -22.5","ESPN Bet","47.5","-22.5","","","",""
"401531431","Memphis","34","SMU","38","SMU -7.5","DraftKings","67.5","7.5","7.5","67.5","295","-375"
"401531431","Memphis","34","SMU","38","SMU -9.5","Bovada","64.5","9.5","7.5","67","270","-340"
"401531431","Memphis","34","SMU","38","SMU -9.5","ESPN Bet","64.5","9.5","","","",""
"401520408","Liberty","49","Massachusetts","25","Liberty -28","DraftKings","62","-28","-28","62","-2800","1300"
"401520408","Liberty","49","Massachusetts","25","Liberty -25.5","Bovada","63.5","-25.5","-28","63","-10000","1600"
"401520408","Liberty","49","Massachusetts","25","Liberty -26.5","ESPN Bet","64.5","-26.5","","","",""
"401520418","South Carolina","17","Kentucky","14","Kentucky -1.5","DraftKings","54.5","1.5","1.5","54.5","-130","110"
"401520418","South Carolina","17","Kentucky","14","South Carolina -2.5","Bovada","52.5","-2.5","2","54.5","-105","-115"
"401520418","South Carolina","17","Kentucky","14","South Carolina -2.5","ESPN Bet","52.5","-2.5","","","",""
"401525893","BYU","24","Oklahoma","31","Oklahoma -24","DraftKings","57","24","24","57","1200","-2400"
"401525893","BYU","24","Oklahoma","31","Oklahoma -24.5","Bovada","58.5","24.5","24","57.5","1100","-3300"
"401525893","BYU","24","Oklahoma","31","Oklahoma -24.5","ESPN Bet","58.5","24.5","","","",""
"401520417","Penn State","27","Rutgers","6","Penn State -19.5","DraftKings","43.5","-19.5","-19.5","43.5","-1100","700"
"401520417","Penn State","27","Rutgers","6","Penn State -19.5","Bovada","40","-19.5","-19","43","-1200","700"
"401520417","Penn State","27","Rutgers","6","Penn State -19.5","ESPN Bet","39.5","-19.5","","","",""
"401524061","Stanford","15","California","27","California -4.5","DraftKings","58","4.5","4.5","58","225","-278"
"401524061","Stanford","15","California","27","California -7.0","Bovada","53.5","7","4.5","57.5","210","-250"
"401524061","Stanford","15","California","27","California -6.5","ESPN Bet","52.5","6.5","","","",""
"401524059","Arizona State","13","Oregon","49","Oregon -22","DraftKings","54","22","22","54","1200","-2400"
"401524059","Arizona State","13","Oregon","49","Oregon -24.5","Bovada","53.5","24.5","22.5","54.5","1000","-2500"
"401524059","Arizona State","13","Oregon","49","Oregon -21.5","ESPN Bet","52.5","21.5","","","",""
"401531921","Troy","31","Louisiana","24","Troy -14.5","DraftKings","47.5","-14.5","-14.5","47.5","-700","500"
"401531921","Troy","31","Louisiana","24","Troy -15.5","Bovada","47.5","-15.5","-15","47","-800","525"
"401531921","Troy","31","Louisiana","24","Troy -17.5","ESPN Bet","47.5","-17.5","","","",""
"401525894","Houston","30","Oklahoma State","43","Oklahoma State -7.5","DraftKings","59.5","7.5","7.5","59.5","205","-250"
"401525894","Houston","30","Oklahoma State","43","Oklahoma State -6.5","Bovada","57.5","6.5","7.5","59","195","-235"
"401525894","Houston","30","Oklahoma State","43","Oklahoma State -6.5","ESPN Bet","56.5","6.5","","","",""
"401520381","Army","17","Holy Cross","14","Army -11.5","ESPN Bet","55.5","-11.5","","","",""
"401520382","Georgia","52","Ole Miss","17","Georgia -10.5","ESPN Bet","58.5","-10.5","","","",""
"401520382","Georgia","52","Ole Miss","17","Georgia -13","DraftKings","","-13","-19.5","","-520","390"
"401520382","Georgia","52","Ole Miss","17","Georgia -11.0","Bovada","59","-11","-19.5","58.5","-440","330"
"401520389","LSU","52","Florida","35","LSU -16.5","ESPN Bet","68.5","-16.5","","","",""
"401520389","LSU","52","Florida","35","LSU -16.0","Bovada","67.5","-16","-15.5","63","-750","500"
"401520389","LSU","52","Florida","35","LSU -14","DraftKings","","-14","-16.5","","-850","575"
"401520393","Ohio State","38","Michigan State","3","Ohio State -32.5","ESPN Bet","48.5","-32.5","","","",""
"401520393","Ohio State","38","Michigan State","3","Ohio State -32.0","Bovada","48","-32","-25","46.5","-20000","2400"
"401520393","Ohio State","38","Michigan State","3","Ohio State -30.5","DraftKings","","-30.5","-25.5","","-20000","3500"
"401520394","Penn State","15","Michigan","24","Michigan -4.5","ESPN Bet","44.5","4.5","","","",""
"401520394","Penn State","15","Michigan","24","Michigan -6.5","DraftKings","","6.5","2","","160","-192"
"401520394","Penn State","15","Michigan","24","Michigan -4.0","Bovada","44.5","4","3","43.5","180","-220"
"401524053","Oregon","36","USC","27","Oregon -16.5","ESPN Bet","78.5","-16.5","","","",""
"401524053","Oregon","36","USC","27","Oregon -16.5","Bovada","77.5","-16.5","-3","74","-800","525"
"401524053","Oregon","36","USC","27","Oregon -12.5","DraftKings","","-12.5","-2","","-1050","675"
"401524056","Washington","35","Utah","28","Washington -9.5","ESPN Bet","49.5","-9.5","","","",""
"401524056","Washington","35","Utah","28","Washington -10.5","DraftKings","","-10.5","-3.5","","-375","295"
"401524056","Washington","35","Utah","28","Washington -9.5","Bovada","48.5","-9.5","-3.5","54.5","-320","260"
"401525550","Florida State","27","Miami","20","Florida State -15.5","ESPN Bet","50.5","-15.5","","","",""
"401525550","Florida State","27","Miami","20","Florida State -14","DraftKings","","-14","-15","","-625","455"
"401525550","Florida State","27","Miami","20","Florida State -14.5","Bovada","50.5","-14.5","-15.5","50","-650","450"
"401525891","TCU","26","Texas","29","Texas -12.5","ESPN Bet","56.5","12.5","","","",""
"401525891","TCU","26","Texas","29","Texas -6","DraftKings","","6","6","","410","-550"
"401525891","TCU","26","Texas","29","Texas -13.0","Bovada","56","13","5","53","350","-480"
"401534857","Howard","50","North Carolina Central","20","North Carolina Central -7.5","ESPN Bet","59.5","7.5","","","",""
"401539976","Delaware State","21","Norfolk State","44","Norfolk State -7","ESPN Bet","51.5","7","","","",""
"401539985","South Carolina State","17","Morgan State","20","South Carolina State -2","ESPN Bet","39.5","-2","","","",""
"401540018","Duquesne","28","Stonehill","33","Duquesne -12.5","ESPN Bet","53.5","-12.5","","","",""
"401540055","Bucknell","47","Georgetown","50","Georgetown -2","ESPN Bet","51.5","2","","","",""
"401540076","Lafayette","24","Fordham","16","Lafayette -2.5","ESPN Bet","63.5","-2.5","","","",""
"401540084","Colgate","37","Lehigh","21","Colgate -3.5","ESPN Bet","51.5","-3.5","","","",""
"401540108","Illinois State","44","Murray State","7","Illinois State -16.5","ESPN Bet","54.5","-16.5","","","",""
"401540113","Bethune-Cookman","31","Alabama A&M","14","Alabama A&M -3.5","ESPN Bet","54.5","3.5","","","",""
"401540122","Mississippi Valley State","3","Alabama State","20","Alabama State -14","ESPN Bet","35.5","14","","","",""
"401540131","Texas Southern","44","Alcorn State","10","Alcorn State -5.5","ESPN Bet","51.5","5.5","","","",""
"401540139","Arkansas-Pine Bluff","14","Grambling","43","Grambling -15.5","ESPN Bet","51.5","15.5","","","",""
"401540169","Southern","21","Prairie View A&M","27","Southern -9.5","ESPN Bet","49.5","-9.5","","","",""
"401540191","Central Arkansas","27","Eastern Kentucky","24","Central Arkansas -9.5","ESPN Bet","62.5","-9.5","","","",""
"401540211","Stephen F. Austin","17","Southern Utah","45","Southern Utah -2","ESPN Bet","60.5","2","","","",""
"401540218","Abilene Christian","30","Tarleton State","31","Tarleton State -6","ESPN Bet","54.5","6","","","",""
"401540242","Montana State","57","Eastern Washington","14","Montana State -19.5","ESPN Bet","65.5","-19.5","","","",""
"401540249","Weber State","31","Idaho","29","Idaho -10.5","ESPN Bet","50.5","10.5","","","",""
"401540257","Idaho State","14","UC Davis","21","UC Davis -11.5","ESPN Bet","58.5","11.5","","","",""
"401540264","Portland State","10","Montana","34","Montana -10.5","ESPN Bet","58.5","10.5","","","",""
"401540297","Columbia","14","Brown","21","Columbia -2","ESPN Bet","46.5","-2","","","",""
"401540305","Indiana State","27","Western Illinois","6","Indiana State -14.5","ESPN Bet","49.5","-14.5","","","",""
"401540318","Campbell","7","Delaware","45","Delaware -11.5","ESPN Bet","61.5","11.5","","","",""
"401540332","Dartmouth","30","Cornell","14","Dartmouth -7.5","ESPN Bet","43.5","-7.5","","","",""
"401540344","Harvard","25","Pennsylvania","23","Harvard -7","ESPN Bet","50.5","-7","","","",""
"401540352","Missouri State","35","Northern Iowa","16","Northern Iowa -6.5","ESPN Bet","56.5","6.5","","","",""
"401540374","South Dakota","14","North Dakota","10","South Dakota -2","ESPN Bet","50.5","-2","","","",""
"401540381","Nicholls","37","Lamar","24","Nicholls -14.5","ESPN Bet","49.5","-14.5","","","",""
"401540387","North Dakota State","34","Southern Illinois","10","North Dakota State -8","ESPN Bet","46.5","-8","","","",""
"401540405","Morehead State","47","Davidson","17","Davidson -14","ESPN Bet","64.5","14","","","",""
"401540415","Richmond","38","Elon","24","Richmond -3","ESPN Bet","45.5","-3","","","",""
"401540421","Hampton","10","William & Mary","31","William & Mary -11.5","ESPN Bet","51.5","11.5","","","",""
"401540428","Lindenwood","3","Bryant","38","Bryant -10","ESPN Bet","61.5","10","","","",""
"401540436","East Texas A&M","14","SE Louisiana","52","SE Louisiana -10","ESPN Bet","52.5","10","","","",""
"401540453","Youngstown State","0","South Dakota State","34","South Dakota State -16","ESPN Bet","57.5","16","","","",""
"401540477","Robert Morris","14","Charleston Southern","12","Charleston Southern -2","ESPN Bet","44.5","2","","","",""
"401540482","Eastern Illinois","30","Tennessee State","17","Eastern Illinois -4","ESPN Bet","45.5","-4","","","",""
"401540502","UT Martin","41","Southeast Missouri State","14","UT Martin -3","ESPN Bet","61.5","-3","","","",""
"401540506","Monmouth","24","New Hampshire","31","Monmouth -3.5","ESPN Bet","70.5","-3.5","","","",""
"401540512","Dayton","35","Marist","6","Dayton -1.5","ESPN Bet","45.5","-1.5","","","",""
"401540519","Drake","16","Presbyterian","14","Drake -14.5","ESPN Bet","43.5","-14.5","","","",""
"401540547","Rhode Island","31","North Carolina A&T","24","Rhode Island -17","ESPN Bet","51.5","-17","","","",""
"401540568","Valparaiso","23","Stetson","20","Valparaiso -7.5","ESPN Bet","53.5","-7.5","","","",""
"401540577","Stony Brook","20","UAlbany","38","UAlbany -23.5","ESPN Bet","50.5","23.5","","","",""
"401540580","Villanova","33","Towson","10","Villanova -18","ESPN Bet","58.5","-18","","","",""
"401540596","Western Carolina","58","East Tennessee State","7","Western Carolina -17","ESPN Bet","60.5","-17","","","",""
"401540603","Furman","37","VMI","3","Furman -21.5","ESPN Bet","44.5","-21.5","","","",""
"401540615","Mercer","28","Samford","21","Mercer -2.5","ESPN Bet","55.5","-2.5","","","",""
"401540621","The Citadel","3","Wofford","11","Wofford -3.5","ESPN Bet","42.5","3.5","","","",""
"401544198","Princeton","28","Yale","36","Yale -2.5","ESPN Bet","38.5","2.5","","","",""
"401532450","Western Michigan","10","Bowling Green","34","Bowling Green -3.0","Bovada","51.5","3","1.5","54","100","-120"
"401532450","Western Michigan","10","Bowling Green","34","Bowling Green -2.5","ESPN Bet","50.5","2.5","","","",""
"401532450","Western Michigan","10","Bowling Green","34","Bowling Green -2","DraftKings","54.5","2","2","54.5","120","-142"
"401532451","Central Michigan","17","Toledo","32","Toledo -10.0","Bovada","54.5","10","12.5","55.5","360","-500"
"401532451","Central Michigan","17","Toledo","32","Toledo -9.5","ESPN Bet","54.5","9.5","","","",""
"401532451","Central Michigan","17","Toledo","32","Toledo -12.5","DraftKings","","12.5","12.5","","270","-340"
"401532452","Akron","14","Ohio","25","Ohio -16.0","Bovada","42","16","14","41","430","-625"
"401532452","Akron","14","Ohio","25","Ohio -14.5","ESPN Bet","41.5","14.5","","","",""
"401532452","Akron","14","Ohio","25","Ohio -13.5","DraftKings","","13.5","13.5","","525","-750"
"401531376","Tulane","29","UTSA","16","Tulane -3.5","Bovada","53.5","-3.5","-2.5","52","-145","125"
"401531376","Tulane","29","UTSA","16","Tulane -3.5","ESPN Bet","51.5","-3.5","","","",""
"401531376","Tulane","29","UTSA","16","Tulane -2.5","DraftKings","","-2.5","-2.5","","-170","142"
"401540552","Presbyterian","31","Morehead State","27","Morehead State -1.5","ESPN Bet","46.5","1.5","","","",""
"401520439","Rutgers","24","Maryland","42","Maryland -2.0","Bovada","45.5","2","1.5","45.5","105","-125"
"401520439","Rutgers","24","Maryland","42","Maryland -2","DraftKings","","2","2","","110","-130"
"401531922","App State","55","Georgia Southern","27","App State -10.5","Bovada","63.5","-10.5","-8","63","-350","275"
"401531922","App State","55","Georgia Southern","27","App State -10.5","ESPN Bet","62.5","-10.5","","","",""
"401531922","App State","55","Georgia Southern","27","App State -7.5","DraftKings","","-7.5","-7.5","","-375","295"
"401525563","Syracuse","35","Wake Forest","31","Syracuse -2.0","Bovada","43.5","-2","-2.5","44","-130","110"
"401525563","Syracuse","35","Wake Forest","31","Syracuse -1.5","ESPN Bet","43.5","-1.5","","","",""
"401525563","Syracuse","35","Wake Forest","31","Syracuse -3","DraftKings","","-3","-3","","-118","-102"
"401520436","Minnesota","14","Wisconsin","28","Wisconsin -3.0","Bovada","46","3","2","42","105","-125"
"401520436","Minnesota","14","Wisconsin","28","Wisconsin -1.5","DraftKings","42","1.5","1.5","42","130","-155"
"401525564","Virginia","17","Virginia Tech","55","Virginia Tech -1.0","Bovada","53.5","1","2.5","53","105","-125"
"401525564","Virginia","17","Virginia Tech","55","Virginia Tech -2.5","DraftKings","52.5","2.5","2.5","52.5","-105","-115"
"401520430","Georgia Tech","23","Georgia","31","Georgia -25.0","Bovada","59.5","25","23","60","1000","-2500"
"401520430","Georgia Tech","23","Georgia","31","Georgia -24.5","ESPN Bet","59.5","24.5","","","",""
"401520430","Georgia Tech","23","Georgia","31","Georgia -23","DraftKings","","23","23","","1300","-2800"
"401520438","Purdue","35","Indiana","31","Purdue -6.5","Bovada","55.5","-6.5","-2.5","50","-130","110"
"401520438","Purdue","35","Indiana","31","Purdue -6.5","ESPN Bet","55.5","-6.5","","","",""
"401520438","Purdue","35","Indiana","31","Purdue -2.5","DraftKings","","-2.5","-2.5","","-225","185"
"401531925","Old Dominion","25","Georgia State","24","Old Dominion -1.5","Bovada","50.5","-1.5","-2","54.5","-150","130"
"401531925","Old Dominion","25","Georgia State","24","Old Dominion -2.5","ESPN Bet","49.5","-2.5","","","",""
"401531925","Old Dominion","25","Georgia State","24","Old Dominion -2","DraftKings","","-2","-2","","-130","110"
"401531923","Coastal Carolina","14","James Madison","56","James Madison -4.0","Bovada","51","4","9.5","50.5","275","-350"
"401531923","Coastal Carolina","14","James Madison","56","James Madison -3.5","ESPN Bet","50.5","3.5","","","",""
"401531923","Coastal Carolina","14","James Madison","56","James Madison -9.5","DraftKings","50.5","9.5","9.5","50.5","160","-192"
"401520424","Mississippi State","7","Ole Miss","17","Ole Miss -10.5","ESPN Bet","54.5","10.5","","","",""
"401520424","Mississippi State","7","Ole Miss","17","Ole Miss -10.0","Bovada","55","10","1.5","56","335","-450"
"401520424","Mississippi State","7","Ole Miss","17","Ole Miss -11","DraftKings","56","11","1.5","","300","-380"
"401520427","Auburn","24","Alabama","27","Alabama -14.5","ESPN Bet","47.5","14.5","","","",""
"401520427","Auburn","24","Alabama","27","Alabama -14.5","DraftKings","49","14.5","14","","425","-575"
"401520427","Auburn","24","Alabama","27","Alabama -14.0","Bovada","48","14","13","49","475","-700"
"401520429","Florida","15","Florida State","24","Florida State -6.5","ESPN Bet","48.5","6.5","","","",""
"401520429","Florida","15","Florida State","24","Florida State -6.5","Bovada","48.5","6.5","9.5","51","205","-245"
"401520429","Florida","15","Florida State","24","Florida State -6","DraftKings","51","6","9","","185","-225"
"401520431","Illinois","43","Northwestern","45","Illinois -5.5","ESPN Bet","46.5","-5.5","","","",""
"401520431","Illinois","43","Northwestern","45","Illinois -6.0","Bovada","47","-6","-5.5","47","-220","180"
"401520431","Illinois","43","Northwestern","45","Illinois -5","DraftKings","","-5","-5","","-192","160"
"401520433","LSU","42","Texas A&M","30","LSU -10.5","ESPN Bet","67.5","-10.5","","","",""
"401520433","LSU","42","Texas A&M","30","LSU -11.0","Bovada","68","-11","-10.5","66","-415","310"
"401520433","LSU","42","Texas A&M","30","LSU -10.5","DraftKings","","-10.5","-9.5","","-440","340"
"401520434","Michigan","30","Ohio State","24","Michigan -3","ESPN Bet","46.5","-3","","","",""
"401520434","Michigan","30","Ohio State","24","Michigan -4","DraftKings","47","-4","-2.5","","-155","130"
"401520434","Michigan","30","Ohio State","24","Michigan -3.0","Bovada","47","-3","-3","46.5","-180","155"
"401520441","South Carolina","7","Clemson","16","Clemson -7.5","ESPN Bet","48.5","7.5","","","",""
"401520441","South Carolina","7","Clemson","16","Clemson -7","DraftKings","","7","7","","235","-290"
"401520441","South Carolina","7","Clemson","16","Clemson -7.5","Bovada","48","7.5","6.5","52","235","-285"
"401520443","Massachusetts","18","UConn","31","Massachusetts -2.5","ESPN Bet","50.5","-2.5","","","",""
"401520443","Massachusetts","18","UConn","31","UConn -2.5","DraftKings","","2.5","2.5","","-130","110"
"401520443","Massachusetts","18","UConn","31","Massachusetts -2.5","Bovada","51","-2.5","2.5","50.5","","-130"
"401524063","Oregon","31","Oregon State","7","Oregon -14.5","ESPN Bet","61.5","-14.5","","","",""
"401524063","Oregon","31","Oregon State","7","Oregon -14.0","Bovada","61","-14","-8","62.5","-650","450"
"401524063","Oregon","31","Oregon State","7","Oregon -14","DraftKings","","-14","-7","","-600","440"
"401524064","Arizona State","23","Arizona","59","Arizona -12.5","ESPN Bet","48.5","12.5","","","",""
"401524064","Arizona State","23","Arizona","59","Arizona -13.0","Bovada","50","13","12.5","51","370","-510"
"401524064","Arizona State","23","Arizona","59","Arizona -12.5","DraftKings","","12.5","12.5","","370","-485"
"401524067","Utah","23","Colorado","17","Utah -21.5","ESPN Bet","43.5","-21.5","","","",""
"401524067","Utah","23","Colorado","17","Utah -21.5","Bovada","43.5","-21.5","-22","52.5","-2800","1100"
"401524067","Utah","23","Colorado","17","Utah -21.5","DraftKings","","-21.5","-21.5","","-1650","950"
"401524068","Washington","24","Washington State","21","Washington -15.5","ESPN Bet","65.5","-15.5","","","",""
"401524068","Washington","24","Washington State","21","Washington -14.5","Bovada","64.5","-14.5","-16.5","68","-950","600"
"401524068","Washington","24","Washington State","21","Washington -16","DraftKings","68.5","-16","-16","68.5","-675","490"
"401525900","Oklahoma","69","TCU","45","Oklahoma -11.5","ESPN Bet","66.5","-11.5","","","",""
"401525900","Oklahoma","69","TCU","45","Oklahoma -10.0","Bovada","65.5","-10","-7","63","-400","300"
"401525900","Oklahoma","69","TCU","45","Oklahoma -12.5","DraftKings","","-12.5","-6.5","","-425","330"
"401525902","Baylor","31","West Virginia","34","West Virginia -8.5","ESPN Bet","53.5","8.5","","","",""
"401525902","Baylor","31","West Virginia","34","West Virginia -13.0","Bovada","54.5","13","6.5","57","215","-260"
"401525902","Baylor","31","West Virginia","34","West Virginia -6.5","DraftKings","","6.5","6.5","","360","-470"
"401531386","North Texas","45","UAB","42","North Texas -2.5","ESPN Bet","72.5","-2.5","","","",""
"401531386","North Texas","45","UAB","42","North Texas -2.5","Bovada","73.5","-2.5","-3","73.5","-150","130"
"401531386","North Texas","45","UAB","42","North Texas -3","DraftKings","","-3","-3","","-135","114"
"401531421","Rice","24","Florida Atlantic","21","Rice -3.5","ESPN Bet","46.5","-3.5","","","",""
"401531421","Rice","24","Florida Atlantic","21","Rice -3.0","Bovada","47","-3","-5","48.5","-150","130"
"401531421","Rice","24","Florida Atlantic","21","Rice -5","DraftKings","","-5","-5","","-155","130"
"401531924","Marshall","35","Arkansas State","21","Marshall -1.5","ESPN Bet","52.5","-1.5","","","",""
"401531924","Marshall","35","Arkansas State","21","Arkansas State -1.0","Bovada","52","1","-3","54","-140","120"
"401531924","Marshall","35","Arkansas State","21","Marshall -2","DraftKings","54","-2","-2","54","-105","-115"
"401532626","Hawai'i","27","Colorado State","24","Colorado State -5.5","ESPN Bet","53.5","5.5","","","",""
"401532626","Hawai'i","27","Colorado State","24","Colorado State -5.5","Bovada","54","5.5","6","54.5","180","-220"
"401532626","Hawai'i","27","Colorado State","24","Colorado State -6","DraftKings","","6","6","","160","-192"
"401532627","San Diego State","33","Fresno State","18","Fresno State -5.5","ESPN Bet","47.5","5.5","","","",""
"401532627","San Diego State","33","Fresno State","18","Fresno State -4.5","Bovada","47","4.5","6","46","175","-210"
"401532627","San Diego State","33","Fresno State","18","Fresno State -5.5","DraftKings","","5.5","5.5","","170","-205"
"401532628","UNLV","31","San José State","37","UNLV -1.5","ESPN Bet","58.5","-1.5","","","",""
"401532628","UNLV","31","San José State","37","UNLV -1.0","Bovada","58","-1","-3","58","-160","135"
"401532628","UNLV","31","San José State","37","UNLV -3.5","DraftKings","","-3.5","-3.5","","-112","-108"
"401532630","Nevada","6","Wyoming","42","Wyoming -10.5","ESPN Bet","41.5","10.5","","","",""
"401532630","Nevada","6","Wyoming","42","Wyoming -11.5","Bovada","42","11.5","11","41.5","335","-450"
"401532630","Nevada","6","Wyoming","42","Wyoming -11","DraftKings","","11","11","","320","-410"
"401520437","New Mexico State","20","Jacksonville State","17","Jacksonville State -2.5","Bovada","48.5","2.5","-2.5","50","-120","100"
"401520437","New Mexico State","20","Jacksonville State","17","New Mexico State -2","DraftKings","","-2","-2","","114","-135"
"401540159","Grambling","22","Southern","27","Grambling -1.5","ESPN Bet","49.5","-1.5","","","",""
"401531435","SMU","59","Navy","14","SMU -20.5","Bovada","46","-20.5","-20","45.5","-1600","800"
"401531435","SMU","59","Navy","14","SMU -20","DraftKings","","-20","-20","","-1350","800"
"401531927","Southern Miss","17","Troy","35","Troy -17.5","Bovada","48.5","17.5","17","48","550","-850"
"401531927","Southern Miss","17","Troy","35","Troy -16.5","DraftKings","","16.5","16.5","","575","-850"
"401520419","Tennessee","10","Georgia","38","Georgia -8.5","ESPN Bet","59.5","8.5","","","",""
"401520419","Tennessee","10","Georgia","38","Georgia -10","DraftKings","58.5","10","8.5","","285","-360"
"401520419","Tennessee","10","Georgia","38","Georgia -9.0","Bovada","59","9","7.5","59.5","300","-400"
"401524062","USC","20","UCLA","38","USC -5","ESPN Bet","62.5","-5","","","",""
"401524062","USC","20","UCLA","38","USC -5.0","Bovada","62.5","-5","-12","65.5","-250","210"
"401524062","USC","20","UCLA","38","USC -6","DraftKings","65.5","-6","-12","","-218","180"
"401525554","Clemson","31","North Carolina","20","Clemson -7.5","ESPN Bet","60.5","-7.5","","","",""
"401525554","Clemson","31","North Carolina","20","Clemson -8.0","Bovada","59.5","-8","-10.5","58.5","-300","250"
"401525554","Clemson","31","North Carolina","20","Clemson -7.5","DraftKings","58","-7.5","-11","","-305","245"
"401525896","Kansas","27","Kansas State","31","Kansas State -7.5","ESPN Bet","59.5","7.5","","","",""
"401525896","Kansas","27","Kansas State","31","Kansas State -8","DraftKings","55.5","8","6","","225","-278"
"401525896","Kansas","27","Kansas State","31","Kansas State -7.0","Bovada","60.5","7","6","55.5","275","-350"
"401525897","TCU","42","Baylor","17","TCU -13.5","ESPN Bet","61.5","-13.5","","","",""
"401525897","TCU","42","Baylor","17","TCU -12","DraftKings","58.5","-12","-4","","-535","400"
"401525897","TCU","42","Baylor","17","TCU -13.0","Bovada","62","-13","-3.5","58.5","-575","400"
"401520401","Alabama","66","Chattanooga","10","Alabama -44.5","ESPN Bet","54.5","-44.5","","","",""
"401520420","Texas A&M","38","Abilene Christian","10","Texas A&M -40.5","ESPN Bet","54.5","-40.5","","","",""
"401520421","UConn","31","Sacred Heart","3","UConn -25.5","ESPN Bet","40.5","-25.5","","","",""
"401534858","Howard","14","Morgan State","7","Howard -7.5","ESPN Bet","40.5","-7.5","","","",""
"401539977","North Carolina Central","55","Delaware State","14","North Carolina Central -25","ESPN Bet","64.5","-25","","","",""
"401539992","Norfolk State","17","South Carolina State","44","Norfolk State -4.5","ESPN Bet","46.5","-4.5","","","",""
"401540011","Central Connecticut","14","Saint Francis","49","Saint Francis -7","ESPN Bet","57.5","7","","","",""
"401540019","Merrimack","14","Duquesne","26","Merrimack -2.5","ESPN Bet","55.5","-2.5","","","",""
"401540064","Holy Cross","31","Georgetown","10","Holy Cross -21","ESPN Bet","64.5","-21","","","",""
"401540077","Lehigh","21","Lafayette","49","Lafayette -10.5","ESPN Bet","44.5","10.5","","","",""
"401540114","Alabama A&M","30","Mississippi Valley State","21","Alabama A&M -14","ESPN Bet","47.5","-14","","","",""
"401540123","Prairie View A&M","21","Alabama State","14","Alabama State -6","ESPN Bet","43.5","6","","","",""
"401540140","Texas Southern","34","Arkansas-Pine Bluff","35","Texas Southern -20","ESPN Bet","52.5","-20","","","",""
"401540147","Florida A&M","24","Bethune-Cookman","7","Bethune-Cookman -16.5","ESPN Bet","44.5","16.5","","","",""
"401540182","Austin Peay","14","Central Arkansas","12","Austin Peay -6","ESPN Bet","61.5","-6","","","",""
"401540198","Eastern Kentucky","36","Stephen F. Austin","24","Eastern Kentucky -7","ESPN Bet","65.5","-7","","","",""
"401540212","Utah Tech","16","Southern Utah","24","Southern Utah -12","ESPN Bet","62.5","12","","","",""
"401540234","Cal Poly","21","Weber State","48","Weber State -16.5","ESPN Bet","53.5","16.5","","","",""
"401540243","Eastern Washington","42","Northern Arizona","49","Eastern Washington -3.5","ESPN Bet","64.5","-3.5","","","",""
"401540250","Idaho","63","Idaho State","21","Idaho -22","ESPN Bet","60.5","-22","","","",""
"401540265","Montana","37","Montana State","7","Montana State -6.5","ESPN Bet","52.5","6.5","","","",""
"401540282","Northern Colorado","23","Portland State","27","Portland State -11.5","ESPN Bet","55.5","11.5","","","",""
"401540287","UC Davis","31","Sacramento State","21","UC Davis -2","ESPN Bet","53.5","-2","","","",""
"401540306","Southern Illinois","38","Indiana State","9","Southern Illinois -24","ESPN Bet","37.5","-24","","","",""
"401540319","North Carolina A&T","14","Campbell","28","Campbell -3","ESPN Bet","53.5","3","","","",""
"401540329","Delaware","7","Villanova","35","Delaware -1.5","ESPN Bet","47.5","-1.5","","","",""
"401540333","Cornell","14","Columbia","29","Cornell -2","ESPN Bet","32.5","-2","","","",""
"401540345","Yale","23","Harvard","18","Yale -3","ESPN Bet","54.5","-3","","","",""
"401540382","Lamar","52","McNeese","27","Lamar -10","ESPN Bet","50.5","-10","","","",""
"401540388","Northern Iowa","27","North Dakota State","48","North Dakota State -8.5","ESPN Bet","50.5","8.5","","","",""
"401540416","Elon","51","Hampton","14","Elon -14.5","ESPN Bet","54.5","-14.5","","","",""
"401540429","Bryant","45","Southeast Missouri State","21","Bryant -1","ESPN Bet","58.5","-1","","","",""
"401540437","SE Louisiana","16","Nicholls","21","SE Louisiana -2.5","ESPN Bet","58.5","-2.5","","","",""
"401540478","Gardner-Webb","34","Charleston Southern","10","Gardner-Webb -14","ESPN Bet","50.5","-14","","","",""
"401540483","Robert Morris","14","Eastern Illinois","28","Eastern Illinois -10.5","ESPN Bet","43.5","10.5","","","",""
"401540493","New Hampshire","44","Maine","25","New Hampshire -18","ESPN Bet","71.5","-18","","","",""
"401540507","UAlbany","41","Monmouth","0","UAlbany -3.5","ESPN Bet","56.5","-3.5","","","",""
"401540520","Butler","9","Drake","13","Butler -5.5","ESPN Bet","42.5","-5.5","","","",""
"401540537","Tennessee State","0","Tennessee Tech","35","Tennessee State -8","ESPN Bet","40.5","-8","","","",""
"401540543","Samford","27","UT Martin","17","UT Martin -5.5","ESPN Bet","57.5","5.5","","","",""
"401540561","Stetson","20","San Diego","47","San Diego -6","ESPN Bet","50.5","6","","","",""
"401540572","Towson","31","Rhode Island","30","Rhode Island -3.5","ESPN Bet","59.5","3.5","","","",""
"401540574","William & Mary","26","Richmond","27","William & Mary -3.5","ESPN Bet","39.5","-3.5","","","",""
"401540597","East Tennessee State","35","The Citadel","23","East Tennessee State -9.5","ESPN Bet","39.5","-9.5","","","",""
"401540604","Wofford","19","Furman","13","Furman -20","ESPN Bet","42.5","20","","","",""
"401540624","VMI","27","Western Carolina","24","Western Carolina -16.5","ESPN Bet","54.5","16.5","","","",""
"401541635","Colgate","21","Fordham","14","Fordham -6","ESPN Bet","63.5","6","","","",""
"401552541","Pennsylvania","24","Princeton","31","Pennsylvania -3","ESPN Bet","36.5","-3","","","",""
"401523996","USC","66","Nevada","14","USC -38.0","Bovada","63.5","-38","-38","66","",""
"401523996","USC","66","Nevada","14","USC -38","DraftKings","63.5","-38","-38","63.5","",""
"401523996","USC","66","Nevada","14","USC -38","teamrankings","63.5","-38","","","",""
"401523996","USC","66","Nevada","14","USC -37.5","Caesars Sportsbook (Colorado)","63.5","-37.5","","","",""
"401525817","Baylor","31","Texas State","42","Baylor -27.0","Bovada","59","-27","-26.5","58.5","-5000","1300"
"401525817","Baylor","31","Texas State","42","Baylor -27.5","DraftKings","60.5","-27.5","-26","57","-4500","1700"
"401525817","Baylor","31","Texas State","42","Baylor -25.5","teamrankings","58","-25.5","","","",""
"401525817","Baylor","31","Texas State","42","Baylor -26.5","William Hill (New Jersey)","58.5","-26.5","","","",""
"401520175","UL Monroe","17","Army","13","Army -8.5","Bovada","47.5","8.5","10","47.5","240","-290"
"401520175","UL Monroe","17","Army","13","Army -9","DraftKings","47","9","7.5","48.5","270","-355"
"401520175","UL Monroe","17","Army","13","Army -7.5","teamrankings","48.5","7.5","","","",""
"401520175","UL Monroe","17","Army","13","Army -8.5","William Hill (New Jersey)","47","8.5","","","",""
"401531387","Temple","24","Akron","21","Temple -9.5","Bovada","55","-9.5","-9.5","55","-420","315"
"401531387","Temple","24","Akron","21","Temple -10","DraftKings","56.5","-10","-10.5","54","-340","300"
"401531387","Temple","24","Akron","21","Temple -10.5","teamrankings","54.5","-10.5","","","",""
"401531387","Temple","24","Akron","21","Temple -9.5","William Hill (New Jersey)","55","-9.5","","","",""
"401520159","Kentucky","44","Ball State","14","Kentucky -25.5","Bovada","48.5","-25.5","-26","49","-5000","1200"
"401520159","Kentucky","44","Ball State","14","Kentucky -26.5","DraftKings","49","-26.5","-26.5","48","-4000","1700"
"401520159","Kentucky","44","Ball State","14","Kentucky -26.5","teamrankings","48.5","-26.5","","","",""
"401520159","Kentucky","44","Ball State","14","Kentucky -25","William Hill (New Jersey)","49","-25","","","",""
"401525822","Oklahoma","73","Arkansas State","0","Oklahoma -36.5","Bovada","58","-36.5","-35.5","61","-20000","3000"
"401525822","Oklahoma","73","Arkansas State","0","Oklahoma -36","DraftKings","58","-36","-33.5","61","",""
"401525822","Oklahoma","73","Arkansas State","0","Oklahoma -33","teamrankings","61","-33","","","",""
"401525822","Oklahoma","73","Arkansas State","0","Oklahoma -36","William Hill (New Jersey)","57.5","-36","","","",""
"401520147","Vanderbilt","35","Hawai'i","28","Vanderbilt -18","DraftKings","54.5","-18","-18","54.5","-1050","675"
"401520147","Vanderbilt","35","Hawai'i","28","Vanderbilt -18.0","Bovada","56","-18","-18","56","-1000","625"
"401520147","Vanderbilt","35","Hawai'i","28","Vanderbilt -17.5","teamrankings","55","-17.5","","","",""
"401520147","Vanderbilt","35","Hawai'i","28","Vanderbilt -17","William Hill (New Jersey)","54.5","-17","","","",""
"401520181","Western Kentucky","41","South Florida","24","Western Kentucky -11.5","DraftKings","70","-11.5","-13.5","71","-535","350"
"401520181","Western Kentucky","41","South Florida","24","Western Kentucky -13.0","Bovada","71.5","-13","-11.5","70","-480","350"
"401520181","Western Kentucky","41","South Florida","24","Western Kentucky -13.5","teamrankings","70.5","-13.5","","","",""
"401520181","Western Kentucky","41","South Florida","24","Western Kentucky -13.5","Caesars Sportsbook (Colorado)","71.5","-13.5","","","",""
"401520145","Jacksonville State","17","UTEP","14","","DraftKings","51.5","","","51.5","-110","-110"
"401520145","Jacksonville State","17","UTEP","14","UTEP -1.0","Bovada","53.5","1","-2.5","52.5","-105","-115"
"401520145","Jacksonville State","17","UTEP","14","UTEP -1","teamrankings","52","1","","","",""
"401520145","Jacksonville State","17","UTEP","14","UTEP -1.5","William Hill (New Jersey)","54.5","1.5","","","",""
"401520173","Texas A&M","52","New Mexico","10","Texas A&M -38.0","Bovada","49","-38","-38.5","49","",""
"401520173","Texas A&M","52","New Mexico","10","Texas A&M -38","DraftKings","49","-38","-38.5","49","",""
"401520173","Texas A&M","52","New Mexico","10","Texas A&M -38","teamrankings","48.5","-38","","","",""
"401520173","Texas A&M","52","New Mexico","10","Texas A&M -37.5","William Hill (New Jersey)","48.5","-37.5","","","",""
"401532392","San Diego State","20","Ohio","13","San Diego State -3.5","DraftKings","49","-3.5","-3.5","49","-162","136"
"401532392","San Diego State","20","Ohio","13","San Diego State -2.5","Bovada","48.5","-2.5","-3","50","-135","115"
"401532392","San Diego State","20","Ohio","13","San Diego State -3","teamrankings","49","-3","","","",""
"401532392","San Diego State","20","Ohio","13","San Diego State -3.5","consensus","49","-3.5","","","",""
"401532392","San Diego State","20","Ohio","13","San Diego State -2","William Hill (New Jersey)","48.5","-2","","","",""
"401525450","New Mexico State","30","Massachusetts","41","New Mexico State -8","DraftKings","42.5","-8","-8","42.5","-325","260"
"401525450","New Mexico State","30","Massachusetts","41","New Mexico State -7.5","Bovada","45.5","-7.5","-8.5","44.5","-310","255"
"401525450","New Mexico State","30","Massachusetts","41","New Mexico State -8","teamrankings","44.5","-8","","","",""
"401525450","New Mexico State","30","Massachusetts","41","New Mexico State -8","consensus","42.5","-8","","","",""
"401525450","New Mexico State","30","Massachusetts","41","New Mexico State -7","William Hill (New Jersey)","45.5","-7","","","",""
"401520146","Louisiana Tech","22","Florida International","17","Louisiana Tech -10","DraftKings","59","-10","-10","59","-360","285"
"401520146","Louisiana Tech","22","Florida International","17","Louisiana Tech -11.0","Bovada","58.5","-11","-9.5","59","-450","335"
"401520146","Louisiana Tech","22","Florida International","17","Louisiana Tech -10","teamrankings","58.5","-10","","","",""
"401520146","Louisiana Tech","22","Florida International","17","Louisiana Tech -10","consensus","59","-10","","","",""
"401520146","Louisiana Tech","22","Florida International","17","Louisiana Tech -12","William Hill (New Jersey)","57.5","-12","","","",""
"401525434","Notre Dame","42","Navy","3","Notre Dame -20","DraftKings","50.5","-20","-20","50.5","-1350","800"
"401525434","Notre Dame","42","Navy","3","Notre Dame -20.5","Bovada","50.5","-20.5","-19.5","49","-1500","775"
"401525434","Notre Dame","42","Navy","3","Notre Dame -20.5","teamrankings","50.5","-20.5","","","",""
"401525434","Notre Dame","42","Navy","3","Notre Dame -20","consensus","50.5","-20","","","",""
"401525434","Notre Dame","42","Navy","3","Notre Dame -20.5","William Hill (New Jersey)","49","-20.5","","","",""
"401520250","Alabama","24","Ole Miss","10","Alabama -7.0","Bovada","55.5","-7","-14.5","55","-260","215"
"401520250","Alabama","24","Ole Miss","10","Alabama -7","DraftKings","55.5","-7","-15.5","","-258","225"
"401520250","Alabama","24","Ole Miss","10","Alabama -7","William Hill (New Jersey)","56","-7","","","",""
"401521330","Notre Dame","14","Ohio State","17","Ohio State -3.0","Bovada","55.5","3","7.5","54","130","-150"
"401521330","Notre Dame","14","Ohio State","17","Ohio State -3.5","DraftKings","55.5","3.5","7","","130","-166"
"401521330","Notre Dame","14","Ohio State","17","Ohio State -3","William Hill (New Jersey)","55.5","3","","","",""
"401525819","Houston","17","UTSA","14","UTSA -1.5","DraftKings","60","1.5","","61","110","-125"
"401525819","Houston","17","UTSA","14","UTSA -2.5","Bovada","59","2.5","1.5","59.5","100","-120"
"401525819","Houston","17","UTSA","14","UTSA -1","teamrankings","61","1","","","",""
"401525819","Houston","17","UTSA","14","UTSA -0","consensus","61","0","","","",""
"401525819","Houston","17","UTSA","14","UTSA -2.5","Caesars Sportsbook (Colorado)","59.5","2.5","","","",""
"401520157","Iowa","24","Utah State","14","Iowa -23.5","DraftKings","43.5","-23.5","-23.5","43.5","-2100","1100"
"401520157","Iowa","24","Utah State","14","Iowa -24.0","Bovada","43.5","-24","-26","43.5","-2800","1100"
"401520157","Iowa","24","Utah State","14","Iowa -23","teamrankings","43","-23","","","",""
"401520157","Iowa","24","Utah State","14","Iowa -24","William Hill (New Jersey)","43.5","-24","","","",""
"401520155","Illinois","30","Toledo","28","Illinois -9.5","DraftKings","45.5","-9.5","-10","49.5","-290","280"
"401520155","Illinois","30","Toledo","28","Illinois -7.5","Bovada","45","-7.5","-9.5","46","-370","285"
"401520155","Illinois","30","Toledo","28","Illinois -9","teamrankings","49.5","-9","","","",""
"401520155","Illinois","30","Toledo","28","Illinois -10","consensus","49.5","-10","","","",""
"401520155","Illinois","30","Toledo","28","Illinois -7","William Hill (New Jersey)","45.5","-7","","","",""
"401520169","Penn State","38","West Virginia","15","Penn State -20.5","Bovada","48","-20.5","-20","53.5","-1400","750"
"401520169","Penn State","38","West Virginia","15","Penn State -20.5","DraftKings","48","-20.5","-20.5","53.5","-1600","850"
"401520169","Penn State","38","West Virginia","15","Penn State -20.5","teamrankings","53.5","-20.5","","","",""
"401520169","Penn State","38","West Virginia","15","Penn State -20.5","consensus","53.5","-20.5","","","",""
"401520169","Penn State","38","West Virginia","15","Penn State -21","Caesars Sportsbook (Colorado)","48","-21","","","",""
"401531347","Tulane","37","South Alabama","17","Tulane -6.5","DraftKings","52","-6.5","-7","55","-230","200"
"401531347","Tulane","37","South Alabama","17","Tulane -6.0","Bovada","51","-6","-7","55","-250","210"
"401531347","Tulane","37","South Alabama","17","Tulane -7","teamrankings","55.5","-7","","","",""
"401531347","Tulane","37","South Alabama","17","Tulane -6","Caesars Sportsbook (Colorado)","51","-6","","","",""
"401520225","Georgia","24","South Carolina","14","Georgia -24.5","DraftKings","","-24.5","-24","","",""
"401520225","Georgia","24","South Carolina","14","Georgia -26.5","Bovada","53.5","-26.5","-27","55","-7000","1300"
"401520225","Georgia","24","South Carolina","14","Georgia -27","William Hill (New Jersey)","54.5","-27","","","",""
"401520179","Tennessee","49","Virginia","13","Tennessee -28","DraftKings","56","-28","-28","58.5","-4500","1800"
"401520179","Tennessee","49","Virginia","13","Tennessee -27.0","Bovada","55.5","-27","-27.5","56.5","",""
"401520179","Tennessee","49","Virginia","13","Tennessee -28","teamrankings","58.5","-28","","","",""
"401520179","Tennessee","49","Virginia","13","Tennessee -28","consensus","58.5","-28","","","",""
"401520179","Tennessee","49","Virginia","13","Tennessee -27.5","William Hill (New Jersey)","56","-27.5","","","",""
"401525534","NC State","24","Clemson","17","Clemson -10.0","Bovada","44.5","10","10","43.5","275","-350"
"401525534","NC State","24","Clemson","17","Clemson -10","DraftKings","44","10","10.5","","285","-360"
"401525534","NC State","24","Clemson","17","Clemson -9.5","William Hill (New Jersey)","44.5","9.5","","","",""
"401520176","Utah","24","Florida","11","Utah -5.5","DraftKings","44.5","-5.5","-8","48","-225","185"
"401520176","Utah","24","Florida","11","Utah -5.5","Bovada","44","-5.5","-8.5","51","-230","190"
"401520176","Utah","24","Florida","11","Utah -7","teamrankings","46.5","-7","","","",""
"401520176","Utah","24","Florida","11","Utah -8","consensus","48","-8","","","",""
"401520176","Utah","24","Florida","11","Utah -5.5","Caesars Sportsbook (Colorado)","44.5","-5.5","","","",""
"401525854","Texas","40","Kansas","14","Texas -17.0","Bovada","63","-17","-18.5","62","-800","525"
"401525854","Texas","40","Kansas","14","Texas -16.5","DraftKings","61","-16.5","-18","","-900","600"
"401525854","Texas","40","Kansas","14","Texas -15.5","William Hill (New Jersey)","61","-15.5","","","",""
"401520160","Liberty","34","Bowling Green","24","Liberty -9.5","DraftKings","49.5","-9.5","-12.5","51.5","-305","275"
"401520160","Liberty","34","Bowling Green","24","Liberty -7.0","Bovada","48","-7","-12.5","50","-500","360"
"401520160","Liberty","34","Bowling Green","24","Liberty -12","teamrankings","51.5","-12","","","",""
"401520160","Liberty","34","Bowling Green","24","Liberty -8.5","William Hill (New Jersey)","48.5","-8.5","","","",""
"401520170","Purdue","35","Fresno State","39","Purdue -4","DraftKings","47","-4","-5.5","51.5","-180","154"
"401520170","Purdue","35","Fresno State","39","Purdue -4.0","Bovada","46.5","-4","-5.5","51.5","-180","155"
"401520170","Purdue","35","Fresno State","39","Purdue -4","teamrankings","50.5","-4","","","",""
"401520170","Purdue","35","Fresno State","39","Purdue -5.5","consensus","51.5","-5.5","","","",""
"401520170","Purdue","35","Fresno State","39","Purdue -4","William Hill (New Jersey)","47","-4","","","",""
"401520280","Auburn","20","Georgia","27","Georgia -14.5","Bovada","47","14.5","18","47","475","-700"
"401520280","Auburn","20","Georgia","27","Georgia -14","DraftKings","45.5","14","18.5","","440","-600"
"401520280","Auburn","20","Georgia","27","Georgia -14","William Hill (New Jersey)","44.5","14","","","",""
"401520288","Ole Miss","55","LSU","49","LSU -2.5","DraftKings","67","2.5","4.5","","120","-142"
"401520288","Ole Miss","55","LSU","49","LSU -3.0","Bovada","65.5","3","2.5","63.5","130","-150"
"401520288","Ole Miss","55","LSU","49","LSU -3","William Hill (New Jersey)","67","3","","","",""
"401523986","USC","56","San José State","28","USC -30.5","DraftKings","63.5","-30.5","-30.5","63.5","-9000","2500"
"401523986","USC","56","San José State","28","USC -30.5","Bovada","66.5","-30.5","-31","63.5","-10000","1600"
"401523986","USC","56","San José State","28","USC -30","teamrankings","64.5","-30","","","",""
"401523986","USC","56","San José State","28","USC -30.5","consensus","63.5","-30.5","","","",""
"401523986","USC","56","San José State","28","USC -31.5","William Hill (New Jersey)","66","-31.5","","","",""
"401520152","BYU","14","Sam Houston","0","BYU -20","DraftKings","46.5","-20","-23.5","51.5","-1200","850"
"401520152","BYU","14","Sam Houston","0","BYU -20.0","Bovada","46.5","-20","-20","51","-2000","950"
"401520152","BYU","14","Sam Houston","0","BYU -22.5","teamrankings","50.5","-22.5","","","",""
"401520152","BYU","14","Sam Houston","0","BYU -19","William Hill (New Jersey)","46.5","-19","","","",""
"401525861","Texas","30","Oklahoma","34","Texas -5.5","DraftKings","60.5","-5.5","6.5","","-225","154"
"401525861","Texas","30","Oklahoma","34","Texas -4.0","Bovada","61.5","-4","6","60","-230","190"
"401525861","Texas","30","Oklahoma","34","Texas -4","William Hill (New Jersey)","62","-4","","","",""
"401520360","Wisconsin","10","Ohio State","24","Ohio State -14.5","Bovada","48","14.5","9.5","44","450","-650"
"401520360","Wisconsin","10","Ohio State","24","Ohio State -14.5","DraftKings","45.5","14.5","9.5","","470","-650"
"401520360","Wisconsin","10","Ohio State","24","Ohio State -14.5","William Hill (New Jersey)","48","14.5","","","",""
"401520151","Auburn","59","Massachusetts","14","Auburn -35","DraftKings","52","-35","-39.5","53.5","",""
"401520151","Auburn","59","Massachusetts","14","Auburn -35.0","Bovada","51","-35","-37","51.5","",""
"401520151","Auburn","59","Massachusetts","14","Auburn -39","teamrankings","53","-39","","","",""
"401520151","Auburn","59","Massachusetts","14","Auburn -39","consensus","53.5","-39","","","",""
"401520151","Auburn","59","Massachusetts","14","Auburn -35","Caesars Sportsbook (Colorado)","52","-35","","","",""
"401520352","Florida","20","Georgia","43","Georgia -14.5","DraftKings","47","14.5","21.5","","410","-550"
"401520352","Florida","20","Georgia","43","Georgia -14.0","Bovada","50.5","14","14.5","49","430","-625"
"401520352","Florida","20","Georgia","43","Georgia -14","William Hill (New Jersey)","50","14","","","",""
"401524037","USC","32","Utah","34","USC -6.5","DraftKings","52","-6.5","-6.5","","-270","220"
"401524037","USC","32","Utah","34","USC -7.0","Bovada","52","-7","-6","56","-245","205"
"401524037","USC","32","Utah","34","USC -7.5","William Hill (New Jersey)","51.5","-7.5","","","",""
"401520279","Arkansas","22","Texas A&M","34","Texas A&M -6","DraftKings","54","6","4","","200","-245"
"401520279","Arkansas","22","Texas A&M","34","Texas A&M -6.5","Bovada","54.5","6.5","6.5","55.5","210","-250"
"401520279","Arkansas","22","Texas A&M","34","Texas A&M -6.5","William Hill (New Jersey)","53.5","6.5","","","",""
"401520201","Miami","48","Texas A&M","33","Texas A&M -3","DraftKings","50.5","3","6.5","","114","-148"
"401520201","Miami","48","Texas A&M","33","Texas A&M -2.5","Bovada","50","2.5","4.5","49.5","175","-210"
"401520201","Miami","48","Texas A&M","33","Texas A&M -3","William Hill (New Jersey)","50.5","3","","","",""
"401525562","NC State","39","North Carolina","20","North Carolina -3.0","Bovada","56","3","4","55","115","-135"
"401525562","NC State","39","North Carolina","20","North Carolina -2","DraftKings","55","2","2.5","","114","-135"
"401520435","Michigan State","0","Penn State","42","Penn State -23.5","Bovada","43","23.5","10.5","43","750","-1400"
"401520435","Michigan State","0","Penn State","42","Penn State -20","DraftKings","42","20","13","","1200","-2400"
"401520286","Nebraska","7","Michigan","45","Michigan -17","DraftKings","39","17","18","","625","-950"
"401520286","Nebraska","7","Michigan","45","Michigan -17.5","Bovada","40","17.5","","40.5","575","-900"
"401520286","Nebraska","7","Michigan","45","Michigan -17","William Hill (New Jersey)","39.5","17","","","",""
"401525870","Kansas State","41","TCU","3","Kansas State -5.5","Bovada","60","-5.5","-5","58.5","-230","190"
"401525870","Kansas State","41","TCU","3","Kansas State -6","DraftKings","60.5","-6","-4.5","","-230","190"
"401525870","Kansas State","41","TCU","3","Kansas State -5.5","William Hill (New Jersey)","60","-5.5","","","",""
"401525884","Texas","33","Kansas State","30","Texas -3.5","Bovada","49","-3.5","-8.5","51.5","-210","175"
"401525884","Texas","33","Kansas State","30","Texas -4","DraftKings","49.5","-4","-9.5","","-180","150"
"401520319","LSU","48","Auburn","18","LSU -11.0","Bovada","60","-11","-16","63.5","-440","330"
"401520319","LSU","48","Auburn","18","LSU -11.5","DraftKings","60.5","-11.5","-16.5","","-380","330"
"401520319","LSU","48","Auburn","18","LSU -11","William Hill (New Jersey)","60","-11","","","",""
"401520258","LSU","34","Arkansas","31","LSU -17.5","DraftKings","55","-17.5","-13.5","","-1000","625"
"401520258","LSU","34","Arkansas","31","LSU -18.0","Bovada","56","-18","-12.5","56","-950","600"
"401520258","LSU","34","Arkansas","31","LSU -17.5","William Hill (New Jersey)","55","-17.5","","","",""
"401525464","Boston College","24","Northern Illinois","27","Boston College -8.5","DraftKings","50.5","-8.5","-10","52","-305","260"
"401525464","Boston College","24","Northern Illinois","27","Boston College -8.0","Bovada","50","-8","-9.5","52","-360","280"
"401525464","Boston College","24","Northern Illinois","27","Boston College -9.5","teamrankings","52","-9.5","","","",""
"401525464","Boston College","24","Northern Illinois","27","Boston College -10","consensus","52","-10","","","",""
"401525464","Boston College","24","Northern Illinois","27","Boston College -8","William Hill (New Jersey)","50","-8","","","",""
"401520316","Alabama","24","Arkansas","21","Alabama -19.5","DraftKings","46.5","-19.5","-18","","-1350","850"
"401520316","Alabama","24","Arkansas","21","Alabama -19.5","Bovada","45.5","-19.5","-19","48.5","-1200","700"
"401520316","Alabama","24","Arkansas","21","Alabama -19","William Hill (New Jersey)","45","-19","","","",""
"401520149","Alabama","56","Middle Tennessee","7","Alabama -39.5","DraftKings","51.5","-39.5","-39","55","",""
"401520149","Alabama","56","Middle Tennessee","7","Alabama -39.5","Bovada","51.5","-39.5","-39","54","",""
"401520149","Alabama","56","Middle Tennessee","7","Alabama -39","teamrankings","54.5","-39","","","",""
"401520149","Alabama","56","Middle Tennessee","7","Alabama -39.5","William Hill (New Jersey)","52","-39.5","","","",""
"401520163","Michigan State","31","Central Michigan","7","Michigan State -14.0","Bovada","44.5","-14","-14","52","-675","460"
"401520163","Michigan State","31","Central Michigan","7","Michigan State -14","DraftKings","45.5","-14","-14.5","49.5","-575","470"
"401520163","Michigan State","31","Central Michigan","7","Michigan State -14.5","teamrankings","49.5","-14.5","","","",""
"401520163","Michigan State","31","Central Michigan","7","Michigan State -15","consensus","50","-15","","","",""
"401520163","Michigan State","31","Central Michigan","7","Michigan State -14","William Hill (New Jersey)","45","-14","","","",""
"401525462","Georgia Tech","34","Louisville","39","Louisville -7.5","Bovada","49.5","7.5","8","52","250","-300"
"401525462","Georgia Tech","34","Louisville","39","Louisville -7.5","DraftKings","49.5","7.5","8","51.5","250","-290"
"401525462","Georgia Tech","34","Louisville","39","Louisville -8","teamrankings","51","8","","","",""
"401525462","Georgia Tech","34","Louisville","39","Louisville -8","consensus","51.5","8","","","",""
"401525462","Georgia Tech","34","Louisville","39","Louisville -7","Caesars Sportsbook (Colorado)","49.5","7","","","",""
"401525463","Miami","38","Miami (OH)","3","Miami -16.5","Bovada","45","-16.5","-17.5","48.5","-900","575"
"401525463","Miami","38","Miami (OH)","3","Miami -16.5","DraftKings","45.5","-16.5","-17.5","48.5","-850","550"
"401525463","Miami","38","Miami (OH)","3","Miami -17","teamrankings","46.5","-17","","","",""
"401525463","Miami","38","Miami (OH)","3","Miami -16.5","William Hill (New Jersey)","45","-16.5","","","",""
"401525816","UCF","56","Kent State","6","UCF -35.5","Bovada","53.5","-35.5","-36.5","59","",""
"401525816","UCF","56","Kent State","6","UCF -35.5","DraftKings","53","-35.5","-34.5","58.5","",""
"401525816","UCF","56","Kent State","6","UCF -35","teamrankings","58.5","-35","","","",""
"401525816","UCF","56","Kent State","6","UCF -33.5","consensus","58.5","-33.5","","","",""
"401525816","UCF","56","Kent State","6","UCF -35","William Hill (New Jersey)","54","-35","","","",""
"401520174","UConn","14","NC State","24","NC State -14.5","Bovada","48","14.5","16","50","500","-750"
"401520174","UConn","14","NC State","24","NC State -14.5","DraftKings","48","14.5","15.5","48","500","-675"
"401520174","UConn","14","NC State","24","NC State -15","teamrankings","47.5","15","","","",""
"401520174","UConn","14","NC State","24","NC State -16.5","consensus","48","16.5","","","",""
"401520174","UConn","14","NC State","24","NC State -14.5","Caesars Sportsbook (Colorado)","47.5","14.5","","","",""
"401520148","Minnesota","13","Nebraska","10","Minnesota -7.5","Bovada","43","-7.5","-6.5","47","-300","250"
"401520148","Minnesota","13","Nebraska","10","Minnesota -7.5","DraftKings","43","-7.5","-6.5","46.5","-305","245"
"401520148","Minnesota","13","Nebraska","10","Minnesota -7","teamrankings","46","-7","","","",""
"401520148","Minnesota","13","Nebraska","10","Minnesota -7","consensus","46","-7","","","",""
"401520148","Minnesota","13","Nebraska","10","Minnesota -7.5","William Hill (New Jersey)","43","-7.5","","","",""
"401520156","Indiana","3","Ohio State","23","Ohio State -30.0","Bovada","59.5","30","28","59.5","1600","-10000"
"401520156","Indiana","3","Ohio State","23","Ohio State -30","DraftKings","59","30","28.5","60","2500","-8000"
"401520156","Indiana","3","Ohio State","23","Ohio State -28","teamrankings","59.5","28","","","",""
"401520156","Indiana","3","Ohio State","23","Ohio State -27.5","consensus","59.5","27.5","","","",""
"401520156","Indiana","3","Ohio State","23","Ohio State -30","William Hill (New Jersey)","59","30","","","",""
"401523991","North Texas","21","California","58","California -4.5","Bovada","53.5","4.5","9","56","240","-290"
"401523991","North Texas","21","California","58","California -6.5","DraftKings","54","6.5","7.5","58","170","-245"
"401523991","North Texas","21","California","58","California -7.5","teamrankings","57.5","7.5","","","",""
"401523991","North Texas","21","California","58","California -9","consensus","57.5","9","","","",""
"401523991","North Texas","21","California","58","California -5","William Hill (New Jersey)","53.5","5","","","",""
"401523995","UCLA","27","Coastal Carolina","13","UCLA -15.5","Bovada","67.5","-15.5","-15.5","65","-750","500"
"401523995","UCLA","27","Coastal Carolina","13","UCLA -14.5","DraftKings","66.5","-14.5","-16.5","64.5","-750","490"
"401523995","UCLA","27","Coastal Carolina","13","UCLA -16","teamrankings","64.5","-16","","","",""
"401523995","UCLA","27","Coastal Carolina","13","UCLA -15.5","William Hill (New Jersey)","66.5","-15.5","","","",""
"401520162","Michigan","30","East Carolina","3","Michigan -35.5","Bovada","53.5","-35.5","-34","52","",""
"401520162","Michigan","30","East Carolina","3","Michigan -36","DraftKings","51.5","-36","-34.5","51.5","",""
"401520162","Michigan","30","East Carolina","3","Michigan -35","teamrankings","51.5","-35","","","",""
"401520162","Michigan","30","East Carolina","3","Michigan -34.5","consensus","52","-34.5","","","",""
"401520162","Michigan","30","East Carolina","3","Michigan -36","William Hill (New Jersey)","53.5","-36","","","",""
"401520172","SMU","38","Louisiana Tech","14","SMU -21.0","Bovada","66.5","-21","-17","65.5","-1000","625"
"401520172","SMU","38","Louisiana Tech","14","SMU -20","DraftKings","66.5","-20","-16.5","65.5","-1450","800"
"401520172","SMU","38","Louisiana Tech","14","SMU -18.5","teamrankings","65.5","-18.5","","","",""
"401520172","SMU","38","Louisiana Tech","14","SMU -21","Caesars Sportsbook (Colorado)","66","-21","","","",""
"401532573","San José State","17","Oregon State","42","Oregon State -14.0","Bovada","56.5","14","16.5","55","600","-950"
"401532573","San José State","17","Oregon State","42","Oregon State -16.5","DraftKings","55","16.5","16.5","54.5","425","-850"
"401532573","San José State","17","Oregon State","42","Oregon State -16.5","teamrankings","54.5","16.5","","","",""
"401532573","San José State","17","Oregon State","42","Oregon State -14","William Hill (New Jersey)","56.5","14","","","",""
"401523988","Hawai'i","24","Stanford","37","Stanford -2.5","Bovada","54.5","2.5","8","58.5","235","-285"
"401523988","Hawai'i","24","Stanford","37","Stanford -3","DraftKings","55.5","3","8.5","58.5","110","-155"
"401523988","Hawai'i","24","Stanford","37","Stanford -7","teamrankings","58.5","7","","","",""
"401523988","Hawai'i","24","Stanford","37","Stanford -2","Caesars Sportsbook (Colorado)","54","2","","","",""
"401525507","Clemson","24","Florida State","31","Florida State -2.0","Bovada","55","2","1.5","55","105","-125"
"401525507","Clemson","24","Florida State","31","Florida State -2","DraftKings","55","2","-3","","110","-130"
"401525507","Clemson","24","Florida State","31","Florida State -2","William Hill (New Jersey)","55.5","2","","","",""
"401523994","TCU","42","Colorado","45","TCU -21.0","Bovada","63.5","-21","-21","59","-900","575"
"401523994","TCU","42","Colorado","45","TCU -20.5","DraftKings","63.5","-20.5","-20","59","-1350","850"
"401523994","TCU","42","Colorado","45","TCU -20","consensus","59","-20","","","",""
"401523994","TCU","42","Colorado","45","TCU -21","Caesars Sportsbook (Colorado)","63","-21","","","",""
"401523994","TCU","42","Colorado","45","TCU -20.5","teamrankings","59.5","-20.5","","","",""
"401525468","Duke","28","Clemson","7","Clemson -12.5","Bovada","55","12.5","13.5","55.5","400","-575"
"401525468","Duke","28","Clemson","7","Clemson -13","DraftKings","55.5","13","12.5","57","350","-520"
"401525468","Duke","28","Clemson","7","Clemson -13","teamrankings","55.5","13","","","",""
"401525468","Duke","28","Clemson","7","Clemson -12.5","consensus","57.5","12.5","","","",""
"401525468","Duke","28","Clemson","7","Clemson -12.5","Caesars Sportsbook (Colorado)","54","12.5","","","",""
"401520291","Tennessee","41","South Carolina","20","Tennessee -13.0","Bovada","63","-13","-11","62.5","-490","355"
"401520291","Tennessee","41","South Carolina","20","Tennessee -12.5","DraftKings","63.5","-12.5","-13","","-470","360"
"401520291","Tennessee","41","South Carolina","20","Tennessee -12","William Hill (New Jersey)","59","-12","","","",""
"401524044","Utah","6","Oregon","35","Oregon -6.5","Bovada","47.5","6.5","5","49","195","-235"
"401524044","Utah","6","Oregon","35","Oregon -6.5","DraftKings","48","6.5","-1.5","","205","-250"
"401524044","Utah","6","Oregon","35","Oregon -6.5","William Hill (New Jersey)","47.5","6.5","","","",""
"401520224","Florida","29","Tennessee","16","Tennessee -5.0","Bovada","56","5","7.5","57.5","215","-260"
"401520224","Florida","29","Tennessee","16","Tennessee -7","DraftKings","","7","7.5","","164",""
"401520224","Florida","29","Tennessee","16","Tennessee -5","William Hill (New Jersey)","57","5","","","",""
"401520182","Florida State","45","LSU","24","LSU -1.5","Bovada","57","1.5","2","56.5","125","-145"
"401520182","Florida State","45","LSU","24","LSU -2.5","DraftKings","56.5","2.5","2.5","55.5","110","-135"
"401520182","Florida State","45","LSU","24","LSU -2.5","teamrankings","56","2.5","","","",""
"401520182","Florida State","45","LSU","24","LSU -2.5","consensus","55.5","2.5","","","",""
"401520182","Florida State","45","LSU","24","LSU -2","William Hill (New Jersey)","56.5","2","","","",""
"401520183","Alabama","24","Texas","34","Alabama -7.5","Bovada","53.5","-7.5","-6.5","56","-300","250"
"401520183","Alabama","24","Texas","34","Alabama -7","DraftKings","53.5","-7","-7","","-298","220"
"401520183","Alabama","24","Texas","34","Alabama -7","William Hill (New Jersey)","53","-7","","","",""
"401520233","Michigan State","7","Washington","41","Washington -15.0","Bovada","57.5","15","12","58","500","-750"
"401520233","Michigan State","7","Washington","41","Washington -15","DraftKings","","15","12","","525",""
"401520233","Michigan State","7","Washington","41","Washington -14.5","William Hill (New Jersey)","57","14.5","","","",""
"401523997","Washington","56","Boise State","19","Washington -14.5","Bovada","59","-14.5","-14.5","58.5","-675","460"
"401523997","Washington","56","Boise State","19","Washington -14","DraftKings","58.5","-14","-14.5","58.5","-650","440"
"401523997","Washington","56","Boise State","19","Washington -14.5","teamrankings","59","-14.5","","","",""
"401523997","Washington","56","Boise State","19","Washington -14.5","consensus","59","-14.5","","","",""
"401523997","Washington","56","Boise State","19","Washington -14","William Hill (New Jersey)","59","-14","","","",""
"401524017","Utah","14","UCLA","7","Utah -3.0","Bovada","51","-3","-5","51","-240","200"
"401524017","Utah","14","UCLA","7","Utah -5.5","DraftKings","52.5","-5.5","-8","","-175","190"
"401524017","Utah","14","UCLA","7","Utah -3","William Hill (New Jersey)","50.5","-3","","","",""
"401525825","Wyoming","35","Texas Tech","33","Texas Tech -13.5","Bovada","50.5","13.5","13.5","52.5","460","-675"
"401525825","Wyoming","35","Texas Tech","33","Texas Tech -14","DraftKings","50.5","14","13.5","53","410","-600"
"401525825","Wyoming","35","Texas Tech","33","Texas Tech -14","teamrankings","53","14","","","",""
"401525825","Wyoming","35","Texas Tech","33","Texas Tech -13.5","consensus","53.5","13.5","","","",""
"401525825","Wyoming","35","Texas Tech","33","Texas Tech -13","Caesars Sportsbook (Colorado)","50.5","13","","","",""
"401520235","Mississippi State","14","LSU","41","LSU -9.5","Bovada","54","9.5","9","54.5","300","-400"
"401520235","Mississippi State","14","LSU","41","LSU -7.5","DraftKings","","7.5","9","","295",""
"401520235","Mississippi State","14","LSU","41","LSU -9.5","William Hill (New Jersey)","54","9.5","","","",""
"401520171","Rutgers","24","Northwestern","7","Rutgers -5.0","Bovada","38","-5","-6","40.5","-270","220"
"401520171","Rutgers","24","Northwestern","7","Rutgers -6.5","DraftKings","39.5","-6.5","-6.5","40","-198","205"
"401520171","Rutgers","24","Northwestern","7","Rutgers -7","teamrankings","40.5","-7","","","",""
"401520171","Rutgers","24","Northwestern","7","Rutgers -7","consensus","40.5","-7","","","",""
"401520171","Rutgers","24","Northwestern","7","Rutgers -5","Caesars Sportsbook (Colorado)","39","-5","","","",""
"401520167","North Carolina","31","South Carolina","17","North Carolina -2","Bovada","63.5","-2","-3","62.5","105","-125"
"401520167","North Carolina","31","South Carolina","17","North Carolina -2.5","DraftKings","64.5","-2.5","-2.5","62.5","-142","120"
"401520167","North Carolina","31","South Carolina","17","South Carolina -2.5","teamrankings","62.5","2.5","","","",""
"401520167","North Carolina","31","South Carolina","17","South Carolina -2.5","consensus","62.5","2.5","","","",""
"401520167","North Carolina","31","South Carolina","17","South Carolina -2.5","William Hill (New Jersey)","63.5","2.5","","","",""
"401525824","Texas","37","Rice","10","Texas -35.5","Bovada","58.5","-35.5","-35","59","",""
"401525824","Texas","37","Rice","10","Texas -35","DraftKings","59","-35","-35.5","59","",""
"401525824","Texas","37","Rice","10","Texas -35","teamrankings","59.5","-35","","","",""
"401525824","Texas","37","Rice","10","Texas -35.5","William Hill (New Jersey)","59","-35.5","","","",""
"401520180","Wisconsin","38","Buffalo","17","Wisconsin -28.5","Bovada","52.5","-28.5","-24.5","54.5","-7500","1400"
"401520180","Wisconsin","38","Buffalo","17","Wisconsin -28","DraftKings","54","-28","-24.5","54.5","-8000","1800"
"401520180","Wisconsin","38","Buffalo","17","Wisconsin -25.5","teamrankings","55","-25.5","","","",""
"401520180","Wisconsin","38","Buffalo","17","Wisconsin -24","consensus","55","-24","","","",""
"401520180","Wisconsin","38","Buffalo","17","Wisconsin -29","William Hill (New Jersey)","52.5","-29","","","",""
"401525844","Baylor","6","Texas","38","Texas -17.5","Bovada","49.5","17.5","14.5","52","425","-600"
"401525844","Baylor","6","Texas","38","Texas -14.5","DraftKings","48.5","14.5","8","","575","-625"
"401525844","Baylor","6","Texas","38","Texas -17.5","William Hill (New Jersey)","49.5","17.5","","","",""
"401525467","Virginia Tech","36","Old Dominion","17","Virginia Tech -17.0","Bovada","47.5","-17","-14","49.5","-750","500"
"401525467","Virginia Tech","36","Old Dominion","17","Virginia Tech -16","DraftKings","48","-16","-13.5","49.5","-750","525"
"401525467","Virginia Tech","36","Old Dominion","17","Virginia Tech -14","teamrankings","50","-14","","","",""
"401525467","Virginia Tech","36","Old Dominion","17","Virginia Tech -16","William Hill (New Jersey)","48","-16","","","",""
"401524031","Notre Dame","48","USC","20","Notre Dame -3.0","Bovada","61","-3","","62.5","-125","105"
"401524031","Notre Dame","48","USC","20","Notre Dame -2.5","DraftKings","60.5","-2.5","-1","","-162","120"
"401524031","Notre Dame","48","USC","20","Notre Dame -3","William Hill (New Jersey)","61","-3","","","",""
"401525827","Boise State","16","UCF","18","UCF -3","DraftKings","58","3","-1.5","","130","-162"
"401525827","Boise State","16","UCF","18","UCF -3.0","Bovada","58.5","3","2","58.5","135","-160"
"401525827","Boise State","16","UCF","18","UCF -3","William Hill (New Jersey)","58.5","3","","","",""
"401531427","Arkansas State","3","Memphis","37","Memphis -21.0","Bovada","57.5","21","21.5","58.5","800","-1600"
"401531427","Arkansas State","3","Memphis","37","Memphis -20.5","DraftKings","57.5","20.5","21","57.5","950","-1600"
"401531427","Arkansas State","3","Memphis","37","Memphis -21","William Hill (New Jersey)","57","21","","","",""
"401531377","UAB","35","North Carolina A&T","6","UAB -24.0","Bovada","50.5","-24","-22.5","50.5","-2200","1000"
"401531377","UAB","35","North Carolina A&T","6","UAB -24","DraftKings","46.5","-24","-24","","-3600","1300"
"401531377","UAB","35","North Carolina A&T","6","UAB -24.5","William Hill (New Jersey)","46.5","-24.5","","","",""
"401520165","Missouri","35","South Dakota","10","Missouri -27","DraftKings","44.5","-27","-27.5","44.5","-6500","2000"
"401520165","Missouri","35","South Dakota","10","Missouri -28.0","Bovada","45.5","-28","-29","46.5","-10000","1600"
"401520165","Missouri","35","South Dakota","10","Missouri -27","William Hill (New Jersey)","44.5","-27","","","",""
"401531337","Tulsa","42","Arkansas-Pine Bluff","7","Tulsa -40.5","DraftKings","52.5","-40.5","-40.5","53","",""
"401531337","Tulsa","42","Arkansas-Pine Bluff","7","Tulsa -38.5","Bovada","55","-38.5","-37","55","",""
"401531337","Tulsa","42","Arkansas-Pine Bluff","7","Tulsa -41","William Hill (New Jersey)","52.5","-41","","","",""
"401525461","Wake Forest","37","Elon","17","Wake Forest -32.5","DraftKings","53.5","-32.5","-31","53.5","-10000","3000"
"401525461","Wake Forest","37","Elon","17","Wake Forest -30.5","Bovada","56","-30.5","-28.5","55.5","-8000","1400"
"401525461","Wake Forest","37","Elon","17","Wake Forest -33.5","William Hill (New Jersey)","53.5","-33.5","","","",""
"401523998","Arizona State","15","Oklahoma State","27","Oklahoma State -2.5","Bovada","53.5","2.5","3.5","53","145","-170"
"401523998","Arizona State","15","Oklahoma State","27","Oklahoma State -2.5","DraftKings","53.5","2.5","3","55.5","114","-135"
"401523998","Arizona State","15","Oklahoma State","27","Oklahoma State -2.5","William Hill (New Jersey)","53.5","2.5","","","",""
"401531834","Georgia State","42","Rhode Island","35","Georgia State -17.5","DraftKings","61.5","-17.5","-17.5","58.5","-1000","650"
"401531834","Georgia State","42","Rhode Island","35","Georgia State -16.5","Bovada","56","-16.5","-19","55.5","-1200","700"
"401531834","Georgia State","42","Rhode Island","35","Georgia State -18","William Hill (New Jersey)","61.5","-18","","","",""
"401523987","Arizona State","24","Southern Utah","21","Arizona State -31.0","Bovada","53","-31","-31.5","53.5","",""
"401523987","Arizona State","24","Southern Utah","21","Arizona State -34.5","DraftKings","59.5","-34.5","-31.5","58.5","-50000","4000"
"401523987","Arizona State","24","Southern Utah","21","Arizona State -34","William Hill (New Jersey)","60.5","-34","","","",""
"401520216","Wake Forest","36","Vanderbilt","20","Wake Forest -9.5","Bovada","56.5","-9.5","-10","58.5","-470","345"
"401520216","Wake Forest","36","Vanderbilt","20","Wake Forest -10","DraftKings","57.5","-10","-10","57.5","-455","340"
"401520216","Wake Forest","36","Vanderbilt","20","Wake Forest -9.5","William Hill (New Jersey)","55","-9.5","","","",""
"401520184","Arkansas","28","Kent State","6","Arkansas -38.5","Bovada","57.5","-38.5","-38","59.5","",""
"401520184","Arkansas","28","Kent State","6","Arkansas -38.5","DraftKings","58","-38.5","-38","58","",""
"401520184","Arkansas","28","Kent State","6","Arkansas -38","William Hill (New Jersey)","57.5","-38","","","",""
"401524004","Washington","43","Tulsa","10","Washington -34.0","Bovada","67","-34","-35.5","64.5","",""
"401524004","Washington","43","Tulsa","10","Washington -33","DraftKings","65.5","-33","-34.5","65.5","",""
"401524004","Washington","43","Tulsa","10","Washington -34","William Hill (New Jersey)","66.5","-34","","","",""
"401520195","Kansas","34","Illinois","23","Kansas -3.5","DraftKings","56.5","-3.5","-2","","-166","140"
"401520195","Kansas","34","Illinois","23","Kansas -4.0","Bovada","57.5","-4","-3","55.5","-180","155"
"401520195","Kansas","34","Illinois","23","Kansas -3.5","William Hill (New Jersey)","57.5","-3.5","","","",""
"401520187","Coastal Carolina","30","Jacksonville State","16","Coastal Carolina -14.0","Bovada","61","-14","-13","56.5","-550","390"
"401520187","Coastal Carolina","30","Jacksonville State","16","Coastal Carolina -13.5","DraftKings","61","-13.5","-14","61","-550","410"
"401520187","Coastal Carolina","30","Jacksonville State","16","Coastal Carolina -13.5","William Hill (New Jersey)","61","-13.5","","","",""
"401525497","Syracuse","48","Western Michigan","7","Syracuse -24.5","Bovada","56.5","-24.5","-21","52.5","-1600","800"
"401525497","Syracuse","48","Western Michigan","7","Syracuse -25","DraftKings","56.5","-25","-24.5","56.5","-3200","1400"
"401525497","Syracuse","48","Western Michigan","7","Syracuse -24.5","William Hill (New Jersey)","56.5","-24.5","","","",""
"401524002","Texas Tech","30","Oregon","38","Oregon -6","DraftKings","69","6","3.5","","164","-245"
"401524002","Texas Tech","30","Oregon","38","Oregon -4.5","Bovada","68.5","4.5","7.5","67","205","-245"
"401524002","Texas Tech","30","Oregon","38","Oregon -4.5","William Hill (New Jersey)","70","4.5","","","",""
"401520186","California","10","Auburn","14","Auburn -4.5","DraftKings","55.5","4.5","6","","170","-192"
"401520186","California","10","Auburn","14","Auburn -5.0","Bovada","55.5","5","7","57","225","-275"
"401520186","California","10","Auburn","14","Auburn -5","William Hill (New Jersey)","55.5","5","","","",""
"401540027","Sacred Heart","14","Lafayette","19","Sacred Heart -5.5","Bovada","38.5","-5.5","-6.5","41.5","-270","220"
"401525818","Cincinnati","66","Eastern Kentucky","13","Cincinnati -21.5","Bovada","58","-21.5","-23.5","55.5","-2500","1000"
"401525818","Cincinnati","66","Eastern Kentucky","13","Cincinnati -21.5","William Hill (New Jersey)","57.5","-21.5","","","",""
"401520164","Mississippi State","48","SE Louisiana","7","Mississippi State -31.5","Bovada","59.5","-31.5","-28","58.5","",""
"401520164","Mississippi State","48","SE Louisiana","7","Mississippi State -31.5","William Hill (New Jersey)","59.5","-31.5","","","",""
"401531837","James Madison","38","Bucknell","3","James Madison -47.5","Bovada","53.5","-47.5","-46.5","50","",""
"401531837","James Madison","38","Bucknell","3","James Madison -47","William Hill (New Jersey)","53.5","-47","","","",""
"401520310","Texas A&M","20","Alabama","26","Alabama -1","DraftKings","46","1","8.5","","110","-115"
"401520310","Texas A&M","20","Alabama","26","Alabama -2.5","Bovada","45.5","2.5","3","49.5","-105","-115"
"401520310","Texas A&M","20","Alabama","26","Alabama -2.5","William Hill (New Jersey)","45","2.5","","","",""
"401525874","Kansas","38","Oklahoma","33","Oklahoma -9","DraftKings","65","9","7","","245","-305"
"401525874","Kansas","38","Oklahoma","33","Oklahoma -7.0","Bovada","67","7","7","66","280","-360"
"401525874","Kansas","38","Oklahoma","33","Oklahoma -7","William Hill (New Jersey)","66.5","7","","","",""
"401520166","New Mexico State","58","Western Illinois","21","New Mexico State -21.0","Bovada","55","-21","-17","53","-1200","700"
"401520166","New Mexico State","58","Western Illinois","21","New Mexico State -21","William Hill (New Jersey)","55","-21","","","",""
"401531835","App State","45","Gardner-Webb","24","App State -22.5","Bovada","51.5","-22.5","-23","57","",""
"401531835","App State","45","Gardner-Webb","24","App State -22.5","William Hill (New Jersey)","51","-22.5","","","",""
"401532570","Air Force","42","Robert Morris","7","Air Force -46.0","Bovada","51.5","-46","-46","51","",""
"401532570","Air Force","42","Robert Morris","7","Air Force -47","William Hill (New Jersey)","51","-47","","","",""
"401520178","Vanderbilt","47","Alabama A&M","13","Vanderbilt -35.0","Bovada","53.5","-35","-36","57","",""
"401520178","Vanderbilt","47","Alabama A&M","13","Vanderbilt -35","William Hill (New Jersey)","53.5","-35","","","",""
"401531402","Charlotte","24","South Carolina State","3","Charlotte -23.5","Bovada","44.5","-23.5","-28","48.5","",""
"401531402","Charlotte","24","South Carolina State","3","Charlotte -24","William Hill (New Jersey)","44.5","-24","","","",""
"401531838","Marshall","21","UAlbany","17","Marshall -22.0","Bovada","48","-22","-24.5","46.5","",""
"401531838","Marshall","21","UAlbany","17","Marshall -22","William Hill (New Jersey)","47.5","-22","","","",""
"401520168","Ole Miss","73","Mercer","7","Ole Miss -34.0","Bovada","58.5","-34","-31.5","55","",""
"401520168","Ole Miss","73","Mercer","7","Ole Miss -35","William Hill (New Jersey)","59.5","-35","","","",""
"401540235","North Dakota State","35","Eastern Washington","10","North Dakota State -23.0","Bovada","59","-23","-20.5","59","",""
"401540235","North Dakota State","35","Eastern Washington","10","North Dakota State -24.5","William Hill (New Jersey)","59","-24.5","","","",""
"401525435","Notre Dame","56","Tennessee State","3","Notre Dame -48.0","Bovada","54.5","-48","-48","52.5","",""
"401525435","Notre Dame","56","Tennessee State","3","Notre Dame -48.5","William Hill (New Jersey)","55","-48.5","","","",""
"401540508","Stonehill","17","New Hampshire","51","New Hampshire -21.0","Bovada","53","21","21","53","",""
"401525820","Iowa State","30","Northern Iowa","9","Iowa State -7.5","Bovada","41.5","-7.5","-8.5","42.5","-370","285"
"401525820","Iowa State","30","Northern Iowa","9","Iowa State -7","William Hill (New Jersey)","40.5","-7","","","",""
"401540057","Georgetown","49","Marist","7","Georgetown -7.0","Bovada","46","-7","-7.5","50","",""
"401540057","Georgetown","49","Marist","7","Georgetown -6.5","William Hill (New Jersey)","47","-6.5","","","",""
"401520177","UTEP","28","Incarnate Word","14","UTEP -7.5","Bovada","57.5","-7.5","-7","57.5","-280","230"
"401520177","UTEP","28","Incarnate Word","14","UTEP -7.5","William Hill (New Jersey)","57.5","-7.5","","","",""
"401523989","Arizona","38","Northern Arizona","3","Arizona -28.5","Bovada","61","-28.5","-28","60","",""
"401523989","Arizona","38","Northern Arizona","3","Arizona -28.5","William Hill (New Jersey)","61","-28.5","","","",""
"401525465","Pittsburgh","45","Wofford","7","Pittsburgh -37.5","Bovada","48.5","-37.5","-38.5","52","",""
"401525465","Pittsburgh","45","Wofford","7","Pittsburgh -37.5","William Hill (New Jersey)","49.5","-37.5","","","",""
"401520153","Florida International","14","Maine","12","Florida International -15.0","Bovada","46.5","-15","-10","49.5","-415","310"
"401520153","Florida International","14","Maine","12","Florida International -15","William Hill (New Jersey)","46","-15","","","",""
"401532395","Ohio","27","Long Island University","10","Ohio -35.5","Bovada","57.5","-35.5","-38","57.5","",""
"401532395","Ohio","27","Long Island University","10","Ohio -34.5","William Hill (New Jersey)","58","-34.5","","","",""
"401532571","San Diego State","36","Idaho State","28","San Diego State -34.5","Bovada","51.5","-34.5","-34","46.5","",""
"401532571","San Diego State","36","Idaho State","28","San Diego State -34.5","William Hill (New Jersey)","51","-34.5","","","",""
"401525823","Oklahoma State","27","Central Arkansas","13","Oklahoma State -26.5","Bovada","59.5","-26.5","-27","60","-6500","1300"
"401525823","Oklahoma State","27","Central Arkansas","13","Oklahoma State -25.5","William Hill (New Jersey)","59.5","-25.5","","","",""
"401531839","Louisiana","38","Northwestern State","13","Louisiana -35.0","Bovada","54.5","-35","-35","54.5","",""
"401531839","Louisiana","38","Northwestern State","13","Louisiana -35","William Hill (New Jersey)","54.5","-35","","","",""
"401531841","Troy","48","Stephen F. Austin","30","Troy -26.0","Bovada","48","-26","-27","49.5","",""
"401531841","Troy","48","Stephen F. Austin","30","Troy -26","William Hill (New Jersey)","48","-26","","","",""
"401520150","Arkansas","56","Western Carolina","13","Arkansas -38.0","Bovada","61.5","-38","-35","61.5","-20000","1800"
"401520150","Arkansas","56","Western Carolina","13","Arkansas -38","William Hill (New Jersey)","61","-38","","","",""
"401523992","Oregon","81","Portland State","7","Oregon -48.5","Bovada","65","-48.5","-48","64.5","",""
"401523992","Oregon","81","Portland State","7","Oregon -48","William Hill (New Jersey)","64.5","-48","","","",""
"401531418","Florida Atlantic","42","Monmouth","20","Florida Atlantic -26.0","Bovada","56","-26","-21.5","59.5","",""
"401531418","Florida Atlantic","42","Monmouth","20","Florida Atlantic -26.5","Caesars Sportsbook (Colorado)","56","-26.5","","","",""
"401525466","Syracuse","65","Colgate","0","Syracuse -40.0","Bovada","49.5","-40","-37","49.5","",""
"401525466","Syracuse","65","Colgate","0","Syracuse -40","William Hill (New Jersey)","49.5","-40","","","",""
"401531836","Georgia Southern","34","The Citadel","0","Georgia Southern -34.5","Bovada","53.5","-34.5","-30","53.5","",""
"401531836","Georgia Southern","34","The Citadel","0","Georgia Southern -34","William Hill (New Jersey)","53.5","-34","","","",""
"401531840","Southern Miss","40","Alcorn State","14","Southern Miss -24.5","Bovada","47.5","-24.5","-24","46.5","-5000","1300"
"401531840","Southern Miss","40","Alcorn State","14","Southern Miss -24","William Hill (New Jersey)","47.5","-24","","","",""
"401540115","Alabama State","14","Southern","10","Southern -2.5","Bovada","42.5","2.5","6","42.5","200","-240"
"401520154","Georgia","48","UT Martin","7","Georgia -51.0","Bovada","58","-51","-50","55.5","",""
"401520154","Georgia","48","UT Martin","7","Georgia -50","William Hill (New Jersey)","56.5","-50","","","",""
"401520161","Maryland","38","Towson","6","Maryland -38.5","Bovada","56.5","-38.5","-38.5","49","",""
"401520161","Maryland","38","Towson","6","Maryland -38.5","William Hill (New Jersey)","55.5","-38.5","","","",""
"401532572","UNLV","44","Bryant","14","UNLV -17.0","Bovada","66","-17","-16.5","58","-800","525"
"401532572","UNLV","44","Bryant","14","UNLV -16.5","William Hill (New Jersey)","66","-16.5","","","",""
"401540369","North Dakota","55","Drake","7","North Dakota -34.5","Bovada","50.5","-34.5","-34.5","50.5","",""
"401540363","Murray State","41","Presbyterian","10","Murray State -28.5","Bovada","54.5","-28.5","-25.5","54.5","",""
"401540213","McNeese","34","Tarleton State","52","Tarleton State -3.5","Bovada","54.5","3.5","-1.5","54.5","",""
"401539978","Richmond","10","Morgan State","17","Richmond -25.5","Bovada","43.5","-25.5","-25.5","47","",""
"401540043","Fordham","46","Wagner","16","Fordham -28.0","Bovada","56.5","-28","-27","58","",""
"401540200","North Alabama","41","Chattanooga","27","Chattanooga -19.5","Bovada","52.5","19.5","21","53","",""
"401540173","Southern Illinois","49","Austin Peay","23","Southern Illinois -7.5","Bovada","55","-7.5","-6","54","",""
"401520202","Michigan","35","UNLV","7","Michigan -37.5","Bovada","57.5","-37.5","-36","58.5","",""
"401520202","Michigan","35","UNLV","7","Michigan -38","DraftKings","57.5","-38","-37","57","",""
"401520202","Michigan","35","UNLV","7","Michigan -38","William Hill (New Jersey)","57.5","-38","","","",""
"401540148","Florida A&M","28","Jackson State","10","Jackson State -3.5","Bovada","47.5","3.5","4.5","49","160","-185"
"401540148","Florida A&M","28","Jackson State","10","Jackson State -3.5","William Hill (New Jersey)","45.5","3.5","","","",""
"401520198","Liberty","33","New Mexico State","17","Liberty -9.5","Bovada","54.5","-9.5","-13","56.5","-550","390"
"401520198","Liberty","33","New Mexico State","17","Liberty -9.5","DraftKings","53","-9.5","-10","53.5","-380","295"
"401520198","Liberty","33","New Mexico State","17","Liberty -9","William Hill (New Jersey)","54.5","-9","","","",""
"401525829","Kansas State","42","Troy","13","Kansas State -15.0","Bovada","50","-15","-17","50","-850","550"
"401525829","Kansas State","42","Troy","13","Kansas State -14.5","DraftKings","49.5","-14.5","-15.5","50.5","-650","470"
"401525829","Kansas State","42","Troy","13","Kansas State -15","William Hill (New Jersey)","50","-15","","","",""
"401531842","Old Dominion","38","Louisiana","31","Louisiana -6.5","Bovada","51","6.5","8","48.5","220",""
"401531842","Old Dominion","38","Louisiana","31","Louisiana -5.5","DraftKings","51.5","5.5","5.5","52","200","-225"
"401531842","Old Dominion","38","Louisiana","31","Louisiana -6","William Hill (New Jersey)","51","6","","","",""
"401531419","Florida Atlantic","10","Ohio","17","Florida Atlantic -3.5","Bovada","62","-3.5","-5","59","-200","170"
"401531419","Florida Atlantic","10","Ohio","17","Florida Atlantic -3.5","DraftKings","61.5","-3.5","-3.5","61.5","-180","142"
"401531419","Florida Atlantic","10","Ohio","17","Florida Atlantic -3.5","William Hill (New Jersey)","61.5","-3.5","","","",""
"401520215","Virginia Tech","17","Purdue","24","Virginia Tech -1.5","Bovada","49","-1.5","","50","-130","110"
"401520215","Virginia Tech","17","Purdue","24","Virginia Tech -1","DraftKings","49","-1","-2.5","49","-110","-110"
"401520215","Virginia Tech","17","Purdue","24","Purdue -0","William Hill (New Jersey)","49","0","","","",""
"401520188","Colorado","36","Nebraska","14","Colorado -3","DraftKings","57","-3","7.5","","-155","130"
"401520188","Colorado","36","Nebraska","14","Colorado -3.0","Bovada","56.5","-3","-2.5","58.5","-150","130"
"401520188","Colorado","36","Nebraska","14","Colorado -2.5","William Hill (New Jersey)","56.5","-2.5","","","",""
"401523999","Baylor","13","Utah","20","Utah -7","DraftKings","45.5","7","-1.5","","230","-285"
"401523999","Baylor","13","Utah","20","Utah -7.0","Bovada","45.5","7","7","51","250","-300"
"401523999","Baylor","13","Utah","20","Utah -7","William Hill (New Jersey)","46.5","7","","","",""
"401525436","NC State","24","Notre Dame","45","Notre Dame -7","DraftKings","49.5","7","8","","225","-278"
"401525436","NC State","24","Notre Dame","45","Notre Dame -7.0","Bovada","49","7","7.5","50.5","270","-340"
"401525436","NC State","24","Notre Dame","45","Notre Dame -7","William Hill (New Jersey)","49.5","7","","","",""
"401531378","Georgia Southern","49","UAB","35","Georgia Southern -6.5","Bovada","63.5","-6.5","-5","59","-230","190"
"401531378","Georgia Southern","49","UAB","35","Georgia Southern -7","DraftKings","63","-7","-7","62","-265","220"
"401531378","Georgia Southern","49","UAB","35","Georgia Southern -7","William Hill (New Jersey)","63","-7","","","",""
"401525831","Rice","43","Houston","41","Houston -7.0","Bovada","51","7","9","52.5","275","-350"
"401525831","Rice","43","Houston","41","Houston -7","DraftKings","53","7","8.5","53","215","-290"
"401525831","Rice","43","Houston","41","Houston -7.5","William Hill (New Jersey)","51","7.5","","","",""
"401520217","Washington State","31","Wisconsin","22","Wisconsin -5.5","Bovada","57.5","5.5","4.5","55","155","-180"
"401520217","Washington State","31","Wisconsin","22","Wisconsin -5.5","DraftKings","58","5.5","6","58.5","180","-225"
"401520217","Washington State","31","Wisconsin","22","Wisconsin -5","William Hill (New Jersey)","58","5","","","",""
"401520204","Minnesota","25","Eastern Michigan","6","Minnesota -19.5","Bovada","48","-19.5","-19.5","47","-1300","725"
"401520204","Minnesota","25","Eastern Michigan","6","Minnesota -20","DraftKings","48","-20","-20.5","48.5","-1200","800"
"401520204","Minnesota","25","Eastern Michigan","6","Minnesota -19.5","William Hill (New Jersey)","48","-19.5","","","",""
"401520206","Missouri","23","Middle Tennessee","19","Missouri -21.0","Bovada","47","-21","-20.5","51","-1600","800"
"401520206","Missouri","23","Middle Tennessee","19","Missouri -21","DraftKings","47.5","-21","-21","47.5","-1600","900"
"401520206","Missouri","23","Middle Tennessee","19","Missouri -21","William Hill (New Jersey)","47.5","-21","","","",""
"401520210","Rutgers","36","Temple","7","Rutgers -7.5","Bovada","43.5","-7.5","-10","46.5","-400","300"
"401520210","Rutgers","36","Temple","7","Rutgers -8","DraftKings","44","-8","-8.5","44.5","-305","250"
"401520210","Rutgers","36","Temple","7","Rutgers -7.5","Caesars Sportsbook (Colorado)","43.5","-7.5","","","",""
"401524001","San Diego State","10","UCLA","35","UCLA -13.5","Bovada","49","13.5","13","49","400","-575"
"401524001","San Diego State","10","UCLA","35","UCLA -14","DraftKings","49.5","14","14","48.5","380","-600"
"401524001","San Diego State","10","UCLA","35","UCLA -13","William Hill (New Jersey)","49","13","","","",""
"401520211","Sam Houston","3","Air Force","13","Air Force -12.5","Bovada","36.5","12.5","15","37","475","-700"
"401520211","Sam Houston","3","Air Force","13","Air Force -13.5","DraftKings","36.5","13.5","13.5","37","470","-600"
"401520211","Sam Houston","3","Air Force","13","Air Force -13.5","William Hill (New Jersey)","36.5","13.5","","","",""
"401524003","USC","56","Stanford","10","USC -28.5","Bovada","70","-28.5","-30","71","-10000","1600"
"401524003","USC","56","Stanford","10","USC -29","DraftKings","69.5","-29","-29.5","70","-5000","1800"
"401524003","USC","56","Stanford","10","USC -28.5","William Hill (New Jersey)","70.5","-28.5","","","",""
"401520200","Maryland","38","Charlotte","20","Maryland -24.5","Bovada","50","-24.5","-24.5","50.5","-3500","1100"
"401520200","Maryland","38","Charlotte","20","Maryland -24.5","DraftKings","50.5","-24.5","-24.5","50.5","-2800","1300"
"401520200","Maryland","38","Charlotte","20","Maryland -24.5","William Hill (New Jersey)","50","-24.5","","","",""
"401525498","Virginia","35","James Madison","36","James Madison -6.0","Bovada","39.5","6","6","44","210","-250"
"401525498","Virginia","35","James Madison","36","James Madison -6","DraftKings","40","6","6.5","40.5","185","-225"
"401525498","Virginia","35","James Madison","36","James Madison -6","William Hill (New Jersey)","40","6","","","",""
"401520207","Northwestern","38","UTEP","7","Northwestern -1.0","Bovada","39.5","-1","","37.5","-115","-105"
"401520207","Northwestern","38","UTEP","7","Northwestern -1","DraftKings","40","-1","1","40","-122","-105"
"401520207","Northwestern","38","UTEP","7","Northwestern -1","William Hill (New Jersey)","40","-1","","","",""
"401520214","Tulane","20","Ole Miss","37","Ole Miss -13.0","Bovada","61","13","3.5","62.5","310","-415"
"401520214","Tulane","20","Ole Miss","37","Ole Miss -8.5","DraftKings","65","8.5","6.5","","400","-340"
"401520214","Tulane","20","Ole Miss","37","Ole Miss -8","William Hill (New Jersey)","64","8","","","",""
"401520192","Georgia State","35","UConn","14","Georgia State -3.0","Bovada","54.5","-3","-5","54.5","-160","135"
"401520192","Georgia State","35","UConn","14","Georgia State -3","DraftKings","54","-3","-3","54","-142","124"
"401520192","Georgia State","35","UConn","14","Georgia State -3","William Hill (New Jersey)","54.5","-3","","","",""
"401520205","Mississippi State","31","Arizona","24","Mississippi State -9.0","Bovada","60","-9","-13","58","-420","315"
"401520205","Mississippi State","31","Arizona","24","Mississippi State -8.5","DraftKings","60","-8.5","-9.5","60.5","-325","270"
"401520205","Mississippi State","31","Arizona","24","Mississippi State -9","William Hill (New Jersey)","60","-9","","","",""
"401520189","Florida International","46","North Texas","39","North Texas -10.5","Bovada","51.5","10.5","14","53.5","410","-585"
"401520189","Florida International","46","North Texas","39","North Texas -11","DraftKings","52","11","12","51","360","-410"
"401520189","Florida International","46","North Texas","39","North Texas -10.5","William Hill (New Jersey)","51.5","10.5","","","",""
"401526833","Massachusetts","28","Miami (OH)","41","Miami (OH) -7.0","Bovada","44","7","6.5","47","175","-210"
"401526833","Massachusetts","28","Miami (OH)","41","Miami (OH) -6.5","DraftKings","44","6.5","7","44.5","210","-258"
"401526833","Massachusetts","28","Miami (OH)","41","Miami (OH) -7","William Hill (New Jersey)","45","7","","","",""
"401531411","East Carolina","13","Marshall","31","Marshall -3.0","Bovada","43.5","3","","46.5","-105","-115"
"401531411","East Carolina","13","Marshall","31","Marshall -2.5","DraftKings","43.5","2.5","3","43.5","120","-135"
"401531411","East Carolina","13","Marshall","31","Marshall -3","William Hill (New Jersey)","43.5","3","","","",""
"401520194","Iowa State","13","Iowa","20","Iowa -3.5","Bovada","35.5","3.5","3.5","36","160","-185"
"401520194","Iowa State","13","Iowa","20","Iowa -3.5","DraftKings","36","3.5","4","36.5","150","-175"
"401520194","Iowa State","13","Iowa","20","Iowa -3.5","William Hill (New Jersey)","35.5","3.5","","","",""
"401520191","Georgia","45","Ball State","3","Georgia -42.0","Bovada","53","-42","-41.5","53","",""
"401520191","Georgia","45","Ball State","3","Georgia -42","DraftKings","52.5","-42","-41.5","52.5","",""
"401520191","Georgia","45","Ball State","3","Georgia -42","William Hill (New Jersey)","52.5","-42","","","",""
"401531395","UTSA","20","Texas State","13","UTSA -14.0","Bovada","66.5","-14","-11","62","","335"
"401531395","UTSA","20","Texas State","13","UTSA -14","DraftKings","66.5","-14","-14","65.5","-550","410"
"401531395","UTSA","20","Texas State","13","UTSA -13.5","William Hill (New Jersey)","66.5","-13.5","","","",""
"401525496","Pittsburgh","21","Cincinnati","27","Pittsburgh -6.5","Bovada","44.5","-6.5","-7","48.5","-300","250"
"401525496","Pittsburgh","21","Cincinnati","27","Pittsburgh -6.5","DraftKings","44.5","-6.5","-7.5","45","-265","210"
"401525496","Pittsburgh","21","Cincinnati","27","Pittsburgh -6.5","William Hill (New Jersey)","44.5","-6.5","","","",""
"401525495","North Carolina","40","App State","34","North Carolina -19.5","Bovada","58","-19.5","-14.5","61","-800","525"
"401525495","North Carolina","40","App State","34","North Carolina -19.5","DraftKings","58","-19.5","-19","58.5","-1050","675"
"401525495","North Carolina","40","App State","34","North Carolina -18","William Hill (New Jersey)","58","-18","","","",""
"401525493","Florida State","66","Southern Miss","13","Florida State -31.0","Bovada","54","-31","-28","52","-10000","1600"
"401525493","Florida State","66","Southern Miss","13","Florida State -31","DraftKings","54","-31","-31","53.5","-8000","2200"
"401525493","Florida State","66","Southern Miss","13","Florida State -31","William Hill (New Jersey)","54","-31","","","",""
"401520239","North Carolina","31","Minnesota","13","North Carolina -6","DraftKings","","-6","-6","","-265",""
"401520239","North Carolina","31","Minnesota","13","North Carolina -7.0","Bovada","52","-7","-6.5","49","-285","235"
"401520239","North Carolina","31","Minnesota","13","North Carolina -7","William Hill (New Jersey)","51","-7","","","",""
"401524007","Colorado","43","Colorado State","35","Colorado -17","DraftKings","","-17","-17","","-2400",""
"401524007","Colorado","43","Colorado State","35","Colorado -24.0","Bovada","63.5","-24","-21","59.5","-2200","1000"
"401524007","Colorado","43","Colorado State","35","Colorado -23","William Hill (New Jersey)","63","-23","","","",""
"401520193","Indiana","41","Indiana State","7","Indiana -31","DraftKings","45.5","-31","-31","45.5","",""
"401520193","Indiana","41","Indiana State","7","Indiana -31","William Hill (New Jersey)","44","-31","","","",""
"401520208","Ohio State","35","Youngstown State","7","Ohio State -45","DraftKings","56.5","-45","-41","56.5","",""
"401520208","Ohio State","35","Youngstown State","7","Ohio State -45.5","William Hill (New Jersey)","56","-45.5","","","",""
"401531848","Troy","14","James Madison","16","Troy -3.5","DraftKings","","-3.5","-3.5","","-142",""
"401531848","Troy","14","James Madison","16","Troy -2.5","Bovada","46","-2.5","-1","49.5","-125","105"
"401531848","Troy","14","James Madison","16","Troy -2.5","William Hill (New Jersey)","46.5","-2.5","","","",""
"401520236","Missouri","30","Kansas State","27","Kansas State -2","DraftKings","","2","2","","142",""
"401520236","Missouri","30","Kansas State","27","Kansas State -3.5","Bovada","49","3.5","5.5","46","190","-230"
"401520236","Missouri","30","Kansas State","27","Kansas State -3.5","William Hill (New Jersey)","48","3.5","","","",""
"401520226","Illinois","13","Penn State","30","Penn State -12.5","DraftKings","","12.5","12.5","","425",""
"401520226","Illinois","13","Penn State","30","Penn State -14.0","Bovada","47.5","14","15","48","475","-700"
"401520226","Illinois","13","Penn State","30","Penn State -14","William Hill (New Jersey)","47.5","14","","","",""
"401525503","West Virginia","17","Pittsburgh","6","Pittsburgh -2","DraftKings","","2","2","","-142",""
"401525503","West Virginia","17","Pittsburgh","6","West Virginia -2.5","Bovada","47.5","-2.5","1.5","50","105","-125"
"401525503","West Virginia","17","Pittsburgh","6","West Virginia -2.5","William Hill (New Jersey)","48","-2.5","","","",""
"401525494","Georgia Tech","48","South Carolina State","13","Georgia Tech -41.0","Bovada","52.5","-41","-41","52.5","",""
"401525494","Georgia Tech","48","South Carolina State","13","Georgia Tech -43","DraftKings","53.5","-43","-43","53.5","",""
"401525494","Georgia Tech","48","South Carolina State","13","Georgia Tech -44","William Hill (New Jersey)","53.5","-44","","","",""
"401532400","Bowling Green","38","Eastern Illinois","15","Bowling Green -17","DraftKings","48","-17","-17","48","-900",""
"401532400","Bowling Green","38","Eastern Illinois","15","Bowling Green -17","William Hill (New Jersey)","48","-17","","","",""
"401532397","Northern Illinois","11","Southern Illinois","14","Northern Illinois -7","DraftKings","59","-7","-7","59","-310",""
"401532397","Northern Illinois","11","Southern Illinois","14","Northern Illinois -6.5","William Hill (New Jersey)","58.5","-6.5","","","",""
"401532576","Nevada","6","Idaho","33","Idaho -2.5","DraftKings","52","2.5","2.5","52","160",""
"401532576","Nevada","6","Idaho","33","Idaho -5.5","William Hill (New Jersey)","51","5.5","","","",""
"401524000","Oregon State","55","UC Davis","7","Oregon State -23","DraftKings","56","-23","-23","56","",""
"401524000","Oregon State","55","UC Davis","7","Oregon State -24","Caesars Sportsbook (Colorado)","57","-24","","","",""
"401525491","Clemson","66","Charleston Southern","17","Clemson -50.5","DraftKings","53","-50.5","-50.5","53","",""
"401520203","Michigan State","45","Richmond","14","Michigan State -29.5","DraftKings","43.5","-29.5","-29.5","43.5","",""
"401520203","Michigan State","45","Richmond","14","Michigan State -29.5","William Hill (New Jersey)","43.5","-29.5","","","",""
"401520196","Kentucky","28","Eastern Kentucky","17","Kentucky -35.5","DraftKings","62.5","-35.5","-35.5","62.5","",""
"401520196","Kentucky","28","Eastern Kentucky","17","Kentucky -35","William Hill (New Jersey)","62.5","-35","","","",""
"401525492","Duke","42","Lafayette","7","Duke -41","DraftKings","48","-41","-41","48","",""
"401525492","Duke","42","Lafayette","7","Duke -42.5","William Hill (New Jersey)","49","-42.5","","","",""
"401532398","Toledo","71","Texas Southern","3","Toledo -38","DraftKings","59.5","-38","-38","59.5","",""
"401532398","Toledo","71","Texas Southern","3","Toledo -40.5","William Hill (New Jersey)","61","-40.5","","","",""
"401520209","Penn State","63","Delaware","7","Penn State -43.5","DraftKings","56.5","-43.5","-43.5","56.5","",""
"401520209","Penn State","63","Delaware","7","Penn State -44","William Hill (New Jersey)","55","-44","","","",""
"401532578","San José State","59","Cal Poly","3","San José State -22.5","DraftKings","56","-22.5","-22.5","56","",""
"401532578","San José State","59","Cal Poly","3","San José State -23.5","William Hill (New Jersey)","60","-23.5","","","",""
"401525828","BYU","41","Southern Utah","16","BYU -31","DraftKings","49.5","-31","-31","49.5","",""
"401525828","BYU","41","Southern Utah","16","BYU -30.5","William Hill (New Jersey)","46.5","-30.5","","","",""
"401520185","Army","57","Delaware State","0","Army -39.5","DraftKings","44","-39.5","-39.5","44","",""
"401520185","Army","57","Delaware State","0","Army -39.5","William Hill (New Jersey)","44","-39.5","","","",""
"401532574","Fresno State","34","Eastern Washington","31","","DraftKings","63","","","63","",""
"401532574","Fresno State","34","Eastern Washington","31","Fresno State -31.5","William Hill (New Jersey)","63.5","-31.5","","","",""
"401520213","Tennessee","30","Austin Peay","13","Tennessee -45.5","DraftKings","65.5","-45.5","-45.5","65.5","",""
"401520213","Tennessee","30","Austin Peay","13","Tennessee -48","William Hill (New Jersey)","65.5","-48","","","",""
"401532580","Wyoming","31","Portland State","17","Wyoming -28","DraftKings","51.5","-28","-28","51.5","",""
"401532580","Wyoming","31","Portland State","17","Wyoming -28","William Hill (New Jersey)","51","-28","","","",""
"401525490","Boston College","31","Holy Cross","28","Boston College -10","DraftKings","52.5","-10","-10","52.5","",""
"401525490","Boston College","31","Holy Cross","28","Boston College -10","William Hill (New Jersey)","52","-10","","","",""
"401520190","Florida","49","McNeese","7","","DraftKings","54.5","","","54.5","",""
"401520190","Florida","49","McNeese","7","Florida -48.5","William Hill (New Jersey)","55.5","-48.5","","","",""
"401531432","Navy","24","Wagner","0","Navy -42","DraftKings","50","-42","-42","50","",""
"401531432","Navy","24","Wagner","0","Navy -43.5","William Hill (New Jersey)","49","-43.5","","","",""
"401520229","Louisiana Tech","37","North Texas","40","Louisiana Tech -4.5","Bovada","66.5","-4.5","-3","68.5","-180","155"
"401520229","Louisiana Tech","37","North Texas","40","Louisiana Tech -4.5","William Hill (New Jersey)","66.5","-4.5","","","",""
"401532581","Air Force","39","Utah State","21","Air Force -8.5","Bovada","45.5","-8.5","-8.5","47","-380","290"
"401532581","Air Force","39","Utah State","21","Air Force -9","William Hill (New Jersey)","45.5","-9","","","",""
"401539994","North Carolina A&T","16","North Carolina Central","30","North Carolina A&T -6.5","Bovada","57.5","-6.5","-6.5","57.5","-260","215"
"401540286","Sacramento State","34","East Texas A&M","6","Sacramento State -34.5","Bovada","","-34.5","-34.5","","",""
"401520228","Kentucky","35","Akron","3","Kentucky -25.5","Bovada","48.5","-25.5","-24.5","50.5","-3500","1100"
"401520228","Kentucky","35","Akron","3","Kentucky -25","William Hill (New Jersey)","48.5","-25","","","",""
"401524008","Oregon","55","Hawai'i","10","Oregon -38.0","Bovada","68","-38","-37","68","",""
"401524008","Oregon","55","Hawai'i","10","Oregon -38.5","William Hill (New Jersey)","67.5","-38.5","","","",""
"401531428","Memphis","28","Navy","24","Memphis -12.0","Bovada","46.5","-12","-16","47","-650","450"
"401531428","Memphis","28","Navy","24","Memphis -12.5","William Hill (New Jersey)","47","-12.5","","","",""
"401531396","UTSA","29","Army","37","UTSA -7.0","Bovada","41.5","-7","-10","46.5","-285","235"
"401531396","UTSA","29","Army","37","UTSA -7","William Hill (New Jersey)","42","-7","","","",""
"401520230","Indiana","14","Louisville","21","Louisville -10.0","Bovada","50","10","9.5","54","280","-360"
"401520230","Indiana","14","Louisville","21","Louisville -10","William Hill (New Jersey)","51","10","","","",""
"401525500","Boston College","29","Florida State","31","Florida State -25.0","Bovada","47.5","25","28.5","56.5","1600","-10000"
"401525500","Boston College","29","Florida State","31","Florida State -25.5","William Hill (New Jersey)","48","25.5","","","",""
"401520231","Maryland","42","Virginia","14","Maryland -16.0","Bovada","48","-16","-14","50","-625","430"
"401520231","Maryland","42","Virginia","14","Maryland -16.5","William Hill (New Jersey)","48.5","-16.5","","","",""
"401520222","Buffalo","27","Liberty","55","Liberty -3.0","Bovada","54","3","4.5","56.5","150","-175"
"401520222","Buffalo","27","Liberty","55","Liberty -2.5","William Hill (New Jersey)","54","2.5","","","",""
"401525504","Old Dominion","24","Wake Forest","27","Wake Forest -14.0","Bovada","61","14","14","59.5","475","-700"
"401525504","Old Dominion","24","Wake Forest","27","Wake Forest -13.5","William Hill (New Jersey)","60","13.5","","","",""
"401526834","Eastern Michigan","19","Massachusetts","17","Eastern Michigan -8.0","Bovada","49.5","-8","-10","53","-410","305"
"401526834","Eastern Michigan","19","Massachusetts","17","Eastern Michigan -7","William Hill (New Jersey)","50","-7","","","",""
"401525837","Nevada","24","Kansas","31","Kansas -28.5","Bovada","58","28.5","28","60.5","",""
"401525837","Nevada","24","Kansas","31","Kansas -28.5","William Hill (New Jersey)","58","28.5","","","",""
"401525835","Cincinnati","24","Miami (OH)","31","Cincinnati -14.0","Bovada","44","-14","-16.5","47.5","-625","430"
"401525835","Cincinnati","24","Miami (OH)","31","Cincinnati -14.5","William Hill (New Jersey)","44.5","-14.5","","","",""
"401520219","Arizona","31","UTEP","10","Arizona -18.5","Bovada","57.5","-18.5","-17","55.5","-950","600"
"401520219","Arizona","31","UTEP","10","Arizona -18","William Hill (New Jersey)","57","-18","","","",""
"401525501","Clemson","48","Florida Atlantic","14","Clemson -25.0","Bovada","51.5","-25","-24","52.5","-2500","1050"
"401525501","Clemson","48","Florida Atlantic","14","Clemson -25","William Hill (New Jersey)","51.5","-25","","","",""
"401520232","Michigan","31","Bowling Green","6","Michigan -41.0","Bovada","53.5","-41","-40","51","",""
"401520232","Michigan","31","Bowling Green","6","Michigan -40.5","William Hill (New Jersey)","53.5","-40.5","","","",""
"401520220","Arkansas","31","BYU","38","Arkansas -7.5","Bovada","47.5","-7.5","-10","52","-390","295"
"401520220","Arkansas","31","BYU","38","Arkansas -9","William Hill (New Jersey)","48","-9","","","",""
"401520249","Wisconsin","35","Georgia Southern","14","Wisconsin -20.5","Bovada","65.5","-20.5","-15","63","-900","575"
"401520249","Wisconsin","35","Georgia Southern","14","Wisconsin -20.5","William Hill (New Jersey)","65.5","-20.5","","","",""
"401531412","App State","43","East Carolina","28","App State -7.5","Bovada","48","-7.5","-9.5","50.5","-370","285"
"401531412","App State","43","East Carolina","28","App State -7.5","William Hill (New Jersey)","48.5","-7.5","","","",""
"401524009","Oregon State","26","San Diego State","9","Oregon State -24.5","Bovada","48.5","-24.5","-22","47.5","-2500","1000"
"401524009","Oregon State","26","San Diego State","9","Oregon State -24.5","William Hill (New Jersey)","48.5","-24.5","","","",""
"401520243","Rutgers","35","Virginia Tech","16","Rutgers -6.5","Bovada","37.5","-6.5","-4.5","39.5","-185","160"
"401520243","Rutgers","35","Virginia Tech","16","Rutgers -6.5","Caesars Sportsbook (Colorado)","37.5","-6.5","","","",""
"401525842","Tulsa","17","Oklahoma","66","Oklahoma -28.0","Bovada","59","28","26","59.5","1200","-5000"
"401525842","Tulsa","17","Oklahoma","66","Oklahoma -28","William Hill (New Jersey)","58.5","28","","","",""
"401520242","Purdue","20","Syracuse","35","Syracuse -1.0","Bovada","56.5","1","","57","120","-140"
"401520242","Purdue","20","Syracuse","35","Syracuse -1","William Hill (New Jersey)","56.5","1","","","",""
"401525836","Houston","13","TCU","36","TCU -7.0","Bovada","64","7","8","62","260","-320"
"401525836","Houston","13","TCU","36","TCU -7.5","William Hill (New Jersey)","64","7.5","","","",""
"401520238","New Mexico","17","New Mexico State","27","New Mexico -3.0","Bovada","52.5","-3","-1.5","51","-110","-110"
"401520238","New Mexico","17","New Mexico State","27","New Mexico -2.5","William Hill (New Jersey)","52","-2.5","","","",""
"401525840","Texas","31","Wyoming","10","Texas -31.0","Bovada","48.5","-31","-28","49","-10000","1600"
"401525840","Texas","31","Wyoming","10","Texas -31","William Hill (New Jersey)","48.5","-31","","","",""
"401531348","Southern Miss","3","Tulane","21","Tulane -7.5","Bovada","47.5","7.5","11","52.5","360","-500"
"401531348","Southern Miss","3","Tulane","21","Tulane -8","William Hill (New Jersey)","47.5","8","","","",""
"401520237","Nebraska","35","Northern Illinois","11","Nebraska -11.5","Bovada","43","-11.5","-13","46","-500","360"
"401520237","Nebraska","35","Northern Illinois","11","Nebraska -11.5","William Hill (New Jersey)","42.5","-11.5","","","",""
"401520245","Texas A&M","47","UL Monroe","3","Texas A&M -36.5","Bovada","53.5","-36.5","-32","53.5","-20000","2500"
"401520245","Texas A&M","47","UL Monroe","3","Texas A&M -36.5","William Hill (New Jersey)","53.5","-36.5","","","",""
"401525437","Notre Dame","41","Central Michigan","17","Notre Dame -35.0","Bovada","51","-35","-33","55","",""
"401525437","Notre Dame","41","Central Michigan","17","Notre Dame -34.5","William Hill (New Jersey)","51.5","-34.5","","","",""
"401532403","Toledo","21","San José State","17","Toledo -9.0","Bovada","56.5","-9","-7.5","57","-300","250"
"401532403","Toledo","21","San José State","17","Toledo -9","William Hill (New Jersey)","56.5","-9","","","",""
"401525839","Oklahoma State","7","South Alabama","33","Oklahoma State -7.0","Bovada","49","-7","-9","47.5","-290","240"
"401525839","Oklahoma State","7","South Alabama","33","Oklahoma State -7","William Hill (New Jersey)","49.5","-7","","","",""
"401520223","Duke","38","Northwestern","14","Duke -17.0","Bovada","48","-17","-19","46.5","-1200","700"
"401520223","Duke","38","Northwestern","14","Duke -17","William Hill (New Jersey)","48","-17","","","",""
"401531379","UAB","21","Louisiana","41","UAB -2.0","Bovada","59","-2","-1","58","-130","100"
"401531379","UAB","21","Louisiana","41","UAB -2","William Hill (New Jersey)","60","-2","","","",""
"401520247","UNLV","40","Vanderbilt","37","Vanderbilt -4.5","Bovada","57","4.5","4","57","175","-210"
"401520247","UNLV","40","Vanderbilt","37","Vanderbilt -4.5","William Hill (New Jersey)","56.5","4.5","","","",""
"401524005","Arizona State","0","Fresno State","29","Fresno State -3.5","Bovada","48","3.5","2.5","51.5","145","-170"
"401524005","Arizona State","0","Fresno State","29","Fresno State -4","William Hill (New Jersey)","48","4","","","",""
"401525838","Ohio","10","Iowa State","7","Iowa State -2.5","Bovada","41.5","2.5","2","44.5","110","-130"
"401525838","Ohio","10","Iowa State","7","Iowa State -1.5","William Hill (New Jersey)","42","1.5","","","",""
"401531403","Charlotte","25","Georgia State","41","Georgia State -6.0","Bovada","52","6","8.5","55.5","205","-245"
"401531403","Charlotte","25","Georgia State","41","Georgia State -6.5","William Hill (New Jersey)","52","6.5","","","",""
"401520246","UConn","17","Florida International","24","UConn -7.0","Bovada","44","-7","-10","46.5","-410","305"
"401520246","UConn","17","Florida International","24","UConn -7","William Hill (New Jersey)","43","-7","","","",""
"401520240","Ohio State","63","Western Kentucky","10","Ohio State -29.5","Bovada","64.5","-29.5","-27.5","64","-6500","1300"
"401520240","Ohio State","63","Western Kentucky","10","Ohio State -29.5","William Hill (New Jersey)","65","-29.5","","","",""
"401520244","South Florida","3","Alabama","17","Alabama -34.5","Bovada","60.5","34.5","31.5","61.5","2500","-20000"
"401520244","South Florida","3","Alabama","17","Alabama -34","William Hill (New Jersey)","61","34","","","",""
"401520227","Iowa","41","Western Michigan","10","Iowa -28.5","Bovada","43","-28.5","-25","43.5","-6500","1300"
"401520227","Iowa","41","Western Michigan","10","Iowa -28.5","William Hill (New Jersey)","43.5","-28.5","","","",""
"401520241","Ole Miss","48","Georgia Tech","23","Ole Miss -17.0","Bovada","61.5","-17","-19","63","-1400","750"
"401520241","Ole Miss","48","Georgia Tech","23","Ole Miss -17","William Hill (New Jersey)","61.5","-17","","","",""
"401532407","Fresno State","53","Kent State","10","Fresno State -28","DraftKings","47.5","-28","-28","50.5","-4000","1700"
"401532407","Fresno State","53","Kent State","10","Fresno State -27.0","Bovada","47","-27","-27","51","-5000","1300"
"401532407","Fresno State","53","Kent State","10","Fresno State -27.5","William Hill (New Jersey)","47.5","-27.5","","","",""
"401525510","Pittsburgh","24","North Carolina","41","North Carolina -7.0","Bovada","49.5","7","5.5","50","200","-240"
"401525510","Pittsburgh","24","North Carolina","41","North Carolina -7.5","DraftKings","50","7.5","7.5","50","215","-290"
"401525510","Pittsburgh","24","North Carolina","41","North Carolina -7","William Hill (New Jersey)","49.5","7","","","",""
"401532584","San José State","20","Air Force","45","Air Force -6.5","Bovada","45","6.5","4","47","160","-185"
"401532584","San José State","20","Air Force","45","Air Force -6","DraftKings","45.5","6","3.5","47","215","-230"
"401532584","San José State","20","Air Force","45","Air Force -6","William Hill (New Jersey)","45.5","6","","","",""
"401532405","Bowling Green","7","Ohio","38","Ohio -13.0","Bovada","45","13","9","46","280","-360"
"401532405","Bowling Green","7","Ohio","38","Ohio -13","DraftKings","44.5","13","13","45","350","-520"
"401532405","Bowling Green","7","Ohio","38","Ohio -13","William Hill (New Jersey)","45","13","","","",""
"401520257","Jacksonville State","21","Eastern Michigan","0","Jacksonville State -6.5","Bovada","51","-6.5","-4.5","50.5","-200","170"
"401520257","Jacksonville State","21","Eastern Michigan","0","Jacksonville State -6.5","DraftKings","51","-6.5","-6.5","52.5","-250","200"
"401520257","Jacksonville State","21","Eastern Michigan","0","Jacksonville State -6.5","William Hill (New Jersey)","51","-6.5","","","",""
"401531849","Coastal Carolina","17","Georgia State","30","Coastal Carolina -6.5","Bovada","63","-6.5","-6.5","61","-240","200"
"401531849","Coastal Carolina","17","Georgia State","30","Coastal Carolina -6.5","DraftKings","62.5","-6.5","-6.5","62.5","-245","200"
"401531849","Coastal Carolina","17","Georgia State","30","Coastal Carolina -4.5","William Hill (New Jersey)","62.5","-4.5","","","",""
"401520274","Vanderbilt","28","Kentucky","45","Kentucky -13.0","Bovada","50","13","13.5","51","400","-575"
"401520274","Vanderbilt","28","Kentucky","45","Kentucky -13.5","DraftKings","50","13.5","14","50.5","400","-520"
"401520274","Vanderbilt","28","Kentucky","45","Kentucky -13.5","William Hill (New Jersey)","50","13.5","","","",""
"401525506","Louisville","56","Boston College","28","Louisville -13.5","Bovada","53.5","-13.5","-13.5","55","-625","430"
"401525506","Louisville","56","Boston College","28","Louisville -14","DraftKings","54","-14","-14","54.5","-550","440"
"401525506","Louisville","56","Boston College","28","Louisville -14","William Hill (New Jersey)","53","-14","","","",""
"401520271","Troy","27","Western Kentucky","24","Troy -3.5","Bovada","57","-3.5","-3","57","-150","130"
"401520271","Troy","27","Western Kentucky","24","Troy -3.5","DraftKings","57","-3.5","-3.5","59","-192","145"
"401520271","Troy","27","Western Kentucky","24","Troy -3.5","William Hill (New Jersey)","57","-3.5","","","",""
"401520263","Nebraska","28","Louisiana Tech","14","Nebraska -21.0","Bovada","45","-21","-19.5","48.5","-1000","625"
"401520263","Nebraska","28","Louisiana Tech","14","Nebraska -20.5","DraftKings","46.5","-20.5","-19.5","47.5","-1450","850"
"401520263","Nebraska","28","Louisiana Tech","14","Nebraska -20.5","William Hill (New Jersey)","44.5","-20.5","","","",""
"401525505","Virginia","21","NC State","24","NC State -8.0","Bovada","47","8","9","45.5","285","-370"
"401525505","Virginia","21","NC State","24","NC State -7.5","DraftKings","48","7.5","9.5","49","260","-310"
"401525505","Virginia","21","NC State","24","NC State -8.5","William Hill (New Jersey)","47.5","8.5","","","",""
"401525509","Temple","7","Miami","41","Miami -23.5","Bovada","46","23.5","25","52.5","1100","-3300"
"401525509","Temple","7","Miami","41","Miami -23.5","DraftKings","47","23.5","23","50.5","1200","-2400"
"401525509","Temple","7","Miami","41","Miami -23","William Hill (New Jersey)","46.5","23","","","",""
"401525508","Wake Forest","16","Georgia Tech","30","Wake Forest -3.5","Bovada","58.5","-3.5","-7","60.5","-240","200"
"401525508","Wake Forest","16","Georgia Tech","30","Wake Forest -4","DraftKings","58.5","-4","-4","60","-180","160"
"401525508","Wake Forest","16","Georgia Tech","30","Wake Forest -3.5","William Hill (New Jersey)","58.5","-3.5","","","",""
"401520251","Florida","22","Charlotte","7","Florida -27.5","Bovada","48.5","-27.5","-27","51","-6500","1300"
"401520251","Florida","22","Charlotte","7","Florida -28","DraftKings","48.5","-28","-28","49.5","-5000","1800"
"401520251","Florida","22","Charlotte","7","Florida -28","William Hill (New Jersey)","48.5","-28","","","",""
"401531870","Wyoming","22","App State","19","Wyoming -3.0","Bovada","45","-3","-1.5","44","-130","110"
"401531870","Wyoming","22","App State","19","Wyoming -3","DraftKings","44","-3","-2.5","43.5","-155","130"
"401531870","Wyoming","22","App State","19","Wyoming -3","William Hill (New Jersey)","45","-3","","","",""
"401520272","UConn","7","Duke","41","Duke -22.0","Bovada","45","22","22.5","47","850","-1800"
"401520272","UConn","7","Duke","41","Duke -22.5","DraftKings","44.5","22.5","21.5","45.5","1000","-2100"
"401520272","UConn","7","Duke","41","Duke -22","William Hill (New Jersey)","45","22","","","",""
"401532583","San Diego State","31","Boise State","34","Boise State -4.5","Bovada","47.5","4.5","7","45.5","225","-275"
"401532583","San Diego State","31","Boise State","34","Boise State -6.5","DraftKings","46.5","6.5","6.5","45","170","-250"
"401532583","San Diego State","31","Boise State","34","Boise State -6.5","William Hill (New Jersey)","46","6.5","","","",""
"401524016","Stanford","20","Arizona","21","Arizona -13.0","Bovada","59.5","13","10","59","290","-380"
"401524016","Stanford","20","Arizona","21","Arizona -12.5","DraftKings","60","12.5","11.5","59.5","350","-470"
"401524016","Stanford","20","Arizona","21","Arizona -13","William Hill (New Jersey)","60","13","","","",""
"401525846","Iowa State","34","Oklahoma State","27","Iowa State -3.5","Bovada","36","-3.5","-2.5","37","-150","130"
"401525846","Iowa State","34","Oklahoma State","27","Iowa State -3.5","DraftKings","36.5","-3.5","-3.5","36.5","-170","145"
"401525846","Iowa State","34","Oklahoma State","27","Iowa State -3.5","William Hill (New Jersey)","36","-3.5","","","",""
"401520256","Indiana","29","Akron","27","Indiana -16.5","Bovada","46","-16.5","-17.5","45","-900","575"
"401520256","Indiana","29","Akron","27","Indiana -16.5","DraftKings","46","-16.5","-16","46.5","-800","550"
"401520256","Indiana","29","Akron","27","Indiana -16.5","William Hill (New Jersey)","45.5","-16.5","","","",""
"401525850","West Virginia","20","Texas Tech","13","Texas Tech -6","DraftKings","54.5","6","6","55","190","-225"
"401525850","West Virginia","20","Texas Tech","13","Texas Tech -5.5","Bovada","54.5","5.5","5","55","170","-200"
"401525850","West Virginia","20","Texas Tech","13","Texas Tech -6","William Hill (New Jersey)","53.5","6","","","",""
"401520252","Georgia","49","UAB","21","Georgia -41.0","Bovada","57","-41","-39.5","53.5","",""
"401520252","Georgia","49","UAB","21","Georgia -41.5","DraftKings","54.5","-41.5","-42","54","",""
"401520252","Georgia","49","UAB","21","Georgia -40","William Hill (New Jersey)","56","-40","","","",""
"401520262","Middle Tennessee","23","Colorado State","31","Middle Tennessee -4.0","Bovada","50","-4","-2","53","-130","110"
"401520262","Middle Tennessee","23","Colorado State","31","Middle Tennessee -3","DraftKings","51.5","-3","-3","53","-192","130"
"401520262","Middle Tennessee","23","Colorado State","31","Middle Tennessee -3.5","William Hill (New Jersey)","50","-3.5","","","",""
"401531877","Texas State","35","Nevada","24","Texas State -17.0","Bovada","59.5","-17","-16.5","62","-800","525"
"401531877","Texas State","35","Nevada","24","Texas State -17","DraftKings","59","-17","-17.5","59.5","-950","575"
"401531877","Texas State","35","Nevada","24","Texas State -17","William Hill (New Jersey)","60","-17","","","",""
"401525847","Kansas","38","BYU","27","Kansas -9.5","Bovada","54.5","-9.5","-8","55.5","-320","260"
"401525847","Kansas","38","BYU","27","Kansas -9.5","DraftKings","54.5","-9.5","-9","55.5","-355","285"
"401525847","Kansas","38","BYU","27","Kansas -9","William Hill (New Jersey)","55.5","-9","","","",""
"401520264","Northwestern","37","Minnesota","34","Minnesota -10.5","Bovada","39.5","10.5","13","39","350","-480"
"401520264","Northwestern","37","Minnesota","34","Minnesota -11.5","DraftKings","39.5","11.5","12","38","360","-440"
"401520264","Northwestern","37","Minnesota","34","Minnesota -11.5","William Hill (New Jersey)","39.5","11.5","","","",""
"401524019","Washington State","38","Oregon State","35","Oregon State -3.0","Bovada","58","3","2.5","55.5","110","-130"
"401524019","Washington State","38","Oregon State","35","Oregon State -3","DraftKings","59","3","3","56","130","-155"
"401524019","Washington State","38","Oregon State","35","Oregon State -3","William Hill (New Jersey)","58.5","3","","","",""
"401524018","Washington","59","California","32","Washington -20.0","Bovada","55.5","-20","-21.5","63","-1500","775"
"401524018","Washington","59","California","32","Washington -20.5","DraftKings","57","-20.5","-21","60.5","-1050","675"
"401524018","Washington","59","California","32","Washington -21","William Hill (New Jersey)","55.5","-21","","","",""
"401520268","Syracuse","29","Army","16","Syracuse -13","DraftKings","49.5","-13","-13.5","51","-500","400"
"401520268","Syracuse","29","Army","16","Syracuse -13.0","Bovada","50.5","-13","-13","50.5","-550","390"
"401520268","Syracuse","29","Army","16","Syracuse -13","William Hill (New Jersey)","50.5","-13","","","",""
"401520254","Houston","38","Sam Houston","7","Houston -11.5","Bovada","37","-11.5","-14","39","-440","330"
"401520254","Houston","38","Sam Houston","7","Houston -11.5","DraftKings","37.5","-11.5","-12.5","38","-470","350"
"401520254","Houston","38","Sam Houston","7","Houston -11.5","William Hill (New Jersey)","37","-11.5","","","",""
"401520260","Michigan","31","Rutgers","7","Michigan -24","DraftKings","44","-24","-24","44","-2800","1100"
"401520260","Michigan","31","Rutgers","7","Michigan -23.5","Bovada","43","-23.5","-26","45","-2800","1100"
"401520260","Michigan","31","Rutgers","7","Michigan -24","Caesars Sportsbook (Colorado)","44.5","-24","","","",""
"401520255","Illinois","23","Florida Atlantic","17","Illinois -15.5","DraftKings","45.5","-15.5","-15","45.5","-700","525"
"401520255","Illinois","23","Florida Atlantic","17","Illinois -16.5","Bovada","45.5","-16.5","-12","49","-585","410"
"401520255","Illinois","23","Florida Atlantic","17","Illinois -16","William Hill (New Jersey)","45.5","-16","","","",""
"401531872","Utah State","38","James Madison","45","James Madison -5.0","Bovada","52.5","5","6.5","53.5","190","-230"
"401531872","Utah State","38","James Madison","45","James Madison -4.5","DraftKings","52.5","4.5","6.5","52.5","180","-198"
"401531872","Utah State","38","James Madison","45","James Madison -5.5","William Hill (New Jersey)","53.5","5.5","","","",""
"401524014","Arizona State","28","USC","42","USC -34.0","Bovada","62","34","33","61.5","",""
"401524014","Arizona State","28","USC","42","USC -34.5","DraftKings","62","34.5","35","62","5000","-10000"
"401524014","Arizona State","28","USC","42","USC -34.5","William Hill (New Jersey)","62","34.5","","","",""
"401531874","Arkansas State","44","Southern Miss","37","Southern Miss -7.0","Bovada","46.5","7","5","48.5","190","-230"
"401531874","Arkansas State","44","Southern Miss","37","Southern Miss -6","DraftKings","49","6","7","49","195","-230"
"401531874","Arkansas State","44","Southern Miss","37","Southern Miss -7","William Hill (New Jersey)","46.5","7","","","",""
"401520265","Penn State","31","Iowa","0","Penn State -14.0","Bovada","38","-14","-14","42","-575","400"
"401520265","Penn State","31","Iowa","0","Penn State -14.5","DraftKings","39.5","-14.5","-14.5","40","-700","470"
"401520265","Penn State","31","Iowa","0","Penn State -14","William Hill (New Jersey)","38.5","-14","","","",""
"401524015","Oregon","42","Colorado","6","Oregon -21.0","Bovada","70","-21","-16.5","71.5","-1200","700"
"401524015","Oregon","42","Colorado","6","Oregon -21","DraftKings","70","-21","-21","71.5","-950","625"
"401524015","Oregon","42","Colorado","6","Oregon -21","William Hill (New Jersey)","70","-21","","","",""
"401520270","Texas A&M","27","Auburn","10","Texas A&M -9.0","Bovada","51.5","-9","-7","52","-275","225"
"401520270","Texas A&M","27","Auburn","10","Texas A&M -8.5","DraftKings","51","-8.5","-7.5","52.5","-360","275"
"401520270","Texas A&M","27","Auburn","10","Texas A&M -9.5","William Hill (New Jersey)","51","-9.5","","","",""
"401525848","Kansas State","44","UCF","31","Kansas State -6.5","Bovada","52.5","-6.5","-7","57","-260","215"
"401525848","Kansas State","44","UCF","31","Kansas State -3.5","DraftKings","52","-3.5","-5","53","-238","150"
"401525848","Kansas State","44","UCF","31","Kansas State -6","William Hill (New Jersey)","53.5","-6","","","",""
"401525849","TCU","34","SMU","17","TCU -7.0","Bovada","63","-7","-6","64","-230","190"
"401525849","TCU","34","SMU","17","TCU -6.5","DraftKings","62","-6.5","-6.5","64","-270","225"
"401525849","TCU","34","SMU","17","TCU -7","William Hill (New Jersey)","63.5","-7","","","",""
"401531338","Northern Illinois","14","Tulsa","22","Northern Illinois -4.0","Bovada","54.5","-4","-3","53.5","-175","150"
"401531338","Northern Illinois","14","Tulsa","22","Northern Illinois -4","DraftKings","54.5","-4","-3.5","53.5","-192","160"
"401531338","Northern Illinois","14","Tulsa","22","Northern Illinois -3.5","William Hill (New Jersey)","54.5","-3.5","","","",""
"401531423","South Florida","42","Rice","29","Rice -2.5","Bovada","57.5","2.5","2","55.5","105","-125"
"401531423","South Florida","42","Rice","29","Rice -2.5","DraftKings","58","2.5","2.5","57.5","136","-142"
"401531423","South Florida","42","Rice","29","Rice -2.5","William Hill (New Jersey)","56.5","2.5","","","",""
"401526835","Massachusetts","31","New Mexico","34","Massachusetts -3.5","DraftKings","50.5","-3.5","-3.5","49.5","-148","145"
"401526835","Massachusetts","31","New Mexico","34","Massachusetts -3.5","Bovada","48.5","-3.5","-1","49.5","-130","110"
"401526835","Massachusetts","31","New Mexico","34","Massachusetts -3.5","William Hill (New Jersey)","48.5","-3.5","","","",""
"401520269","Tennessee","45","UTSA","14","Tennessee -24.5","Bovada","59.5","-24.5","-20","56","-1400","750"
"401520269","Tennessee","45","UTSA","14","Tennessee -21.5","DraftKings","59","-21.5","-20.5","59","-1800","850"
"401520269","Tennessee","45","UTSA","14","Tennessee -24","William Hill (New Jersey)","59","-24","","","",""
"401520275","Florida International","6","Liberty","38","Liberty -10.0","Bovada","52","10","13","54","305","-410"
"401520275","Florida International","6","Liberty","38","Liberty -10","DraftKings","53.5","10","10.5","52.5","300","-395"
"401520275","Florida International","6","Liberty","38","Liberty -10","William Hill (New Jersey)","54","10","","","",""
"401520273","UTEP","28","UNLV","45","UTEP -2.0","Bovada","49.5","-2","3","50.5","120","-140"
"401520273","UTEP","28","UNLV","45","UNLV -2.5","DraftKings","50","2.5","2.5","49","-115","-130"
"401520273","UTEP","28","UNLV","45","UTEP -1","William Hill (New Jersey)","49.5","-1","","","",""
"401520267","South Carolina","37","Mississippi State","30","South Carolina -6.0","Bovada","47","-6","-5","51","-210","175"
"401520267","South Carolina","37","Mississippi State","30","South Carolina -6","DraftKings","47","-6","-6.5","49","-225","190"
"401520267","South Carolina","37","Mississippi State","30","South Carolina -6","William Hill (New Jersey)","46.5","-6","","","",""
"401531871","Ball State","3","Georgia Southern","40","Georgia Southern -6.0","Bovada","61.5","6","7","58.5","225","-275"
"401531871","Ball State","3","Georgia Southern","40","Georgia Southern -6","DraftKings","61","6","6.5","60.5","190","-245"
"401531871","Ball State","3","Georgia Southern","40","Georgia Southern -6","William Hill (New Jersey)","60","6","","","",""
"401525845","Cincinnati","6","Oklahoma","20","Oklahoma -14.0","Bovada","57","14","13.5","61","375","-525"
"401525845","Cincinnati","6","Oklahoma","20","Oklahoma -14","DraftKings","57.5","14","14.5","57.5","390","-535"
"401525845","Cincinnati","6","Oklahoma","20","Oklahoma -13","William Hill (New Jersey)","58","13","","","",""
"401520253","Hawai'i","20","New Mexico State","17","Hawai'i -4.0","Bovada","55","-4","-3","58.5","-140","120"
"401520253","Hawai'i","20","New Mexico State","17","Hawai'i -3","DraftKings","57.5","-3","-3","58.5","-192","130"
"401520253","Hawai'i","20","New Mexico State","17","Hawai'i -4","William Hill (New Jersey)","54.5","-4","","","",""
"401531875","Louisiana","45","Buffalo","38","Louisiana -10.5","Bovada","57.5","-10.5","-9.5","58","-340","270"
"401531875","Louisiana","45","Buffalo","38","Louisiana -10","DraftKings","57.5","-10","-8.5","59.5","-375","295"
"401531875","Louisiana","45","Buffalo","38","Louisiana -10.5","William Hill (New Jersey)","57.5","-10.5","","","",""
"401520266","Purdue","17","Wisconsin","38","Wisconsin -6.0","Bovada","54","6","7","54","220","-270"
"401520266","Purdue","17","Wisconsin","38","Wisconsin -6.5","DraftKings","54.5","6.5","6","53.5","205","-265"
"401520266","Purdue","17","Wisconsin","38","Wisconsin -5.5","William Hill (New Jersey)","54","5.5","","","",""
"401525511","Marshall","24","Virginia Tech","17","Marshall -6.0","Bovada","41.5","-6","-7.5","41.5","-300","250"
"401525511","Marshall","24","Virginia Tech","17","Marshall -4.5","DraftKings","41","-4.5","-5","41","-218","154"
"401525511","Marshall","24","Virginia Tech","17","Marshall -5.5","William Hill (New Jersey)","41.5","-5.5","","","",""
"401520261","Michigan State","9","Maryland","31","Maryland -7.5","Bovada","52.5","7.5","6","53","180","-220"
"401520261","Michigan State","9","Maryland","31","Maryland -7.5","DraftKings","52.5","7.5","7.5","52.5","230","-305"
"401520261","Michigan State","9","Maryland","31","Maryland -7","William Hill (New Jersey)","52.5","7","","","",""
"401532406","Toledo","49","Western Michigan","31","Toledo -21.5","Bovada","52","-21.5","-20.5","55","-1200","700"
"401532406","Toledo","49","Western Michigan","31","Toledo -21.5","DraftKings","53.5","-21.5","-21","54","-1450","850"
"401532406","Toledo","49","Western Michigan","31","Toledo -21.5","William Hill (New Jersey)","52.5","-21.5","","","",""
"401520259","Missouri","34","Memphis","27","Missouri -6.5","Bovada","52.5","-6.5","-6.5","53","-275","225"
"401520259","Missouri","34","Memphis","27","Missouri -6.5","DraftKings","51.5","-6.5","-5.5","51.5","-230","195"
"401520259","Missouri","34","Memphis","27","Missouri -6.5","William Hill (New Jersey)","52","-6.5","","","",""
"401524023","Colorado","41","USC","48","USC -21.5","DraftKings","73.5","21.5","17","","850","-1350"
"401524023","Colorado","41","USC","48","USC -21.5","Bovada","74.5","21.5","27","73.5","750","-1400"
"401524023","Colorado","41","USC","48","USC -22","William Hill (New Jersey)","74.5","22","","","",""
"401525514","Syracuse","14","Clemson","31","Clemson -6.5","DraftKings","53","6.5","9","","205","-250"
"401525514","Syracuse","14","Clemson","31","Clemson -7.0","Bovada","53.5","7","7.5","52.5","220","-270"
"401525514","Syracuse","14","Clemson","31","Clemson -7","William Hill (New Jersey)","52","7","","","",""
"401524020","Oregon State","21","Utah","7","Oregon State -3.5","DraftKings","44.5","-3.5","-2.5","","-166","140"
"401524020","Oregon State","21","Utah","7","Oregon State -3.0","Bovada","44.5","-3","1","45.5","-150","130"
"401524020","Oregon State","21","Utah","7","Oregon State -4","William Hill (New Jersey)","43","-4","","","",""
"401525438","Duke","14","Notre Dame","21","Notre Dame -5.5","DraftKings","54.5","5.5","6.5","","180","-218"
"401525438","Duke","14","Notre Dame","21","Notre Dame -5.5","Bovada","52.5","5.5","6.5","51.5","180","-220"
"401525438","Duke","14","Notre Dame","21","Notre Dame -5.5","William Hill (New Jersey)","52.5","5.5","","","",""
"401520285","Mississippi State","17","Alabama","40","Alabama -14.5","DraftKings","47","14.5","11.5","","500","-700"
"401520285","Mississippi State","17","Alabama","40","Alabama -14.0","Bovada","46.5","14","15","48.5","430","-625"
"401520285","Mississippi State","17","Alabama","40","Alabama -16.5","William Hill (New Jersey)","45","16.5","","","",""
"401520282","Kentucky","33","Florida","14","Kentucky -1.5","DraftKings","45","-1.5","-3.5","","-122","102"
"401520282","Kentucky","33","Florida","14","Kentucky -2.5","Bovada","46.5","-2.5","-3","46","-140","120"
"401520282","Kentucky","33","Florida","14","Kentucky -1","William Hill (New Jersey)","44","-1","","","",""
"401531880","James Madison","31","South Alabama","23","James Madison -3","DraftKings","49.5","-3","-1","","-155","130"
"401531880","James Madison","31","South Alabama","23","James Madison -3.5","Bovada","52","-3.5","-5","52","-165","140"
"401531880","James Madison","31","South Alabama","23","James Madison -1","William Hill (New Jersey)","48.5","-1","","","",""
"401531876","South Alabama","30","Central Michigan","34","South Alabama -16.0","Bovada","47.5","-16","-14.5","52.5","-700","475"
"401531876","South Alabama","30","Central Michigan","34","South Alabama -16","DraftKings","47.5","-16","-15","49.5","-750","490"
"401531876","South Alabama","30","Central Michigan","34","South Alabama -16.5","William Hill (New Jersey)","46.5","-16.5","","","",""
"401531339","Tulsa","48","Temple","26","Tulsa -3.5","Bovada","54.5","-3.5","-4.5","54.5","-170","145"
"401531339","Tulsa","48","Temple","26","Tulsa -3","DraftKings","55","-3","-3.5","54.5","-162","136"
"401531339","Tulsa","48","Temple","26","Tulsa -3","William Hill (New Jersey)","56","-3","","","",""
"401520294","Middle Tennessee","30","Jacksonville State","45","Middle Tennessee -3.0","Bovada","52","-3","-4","51","-165","140"
"401520294","Middle Tennessee","30","Jacksonville State","45","Middle Tennessee -3.5","DraftKings","52","-3.5","-4.5","51.5","-142","145"
"401520294","Middle Tennessee","30","Jacksonville State","45","Middle Tennessee -2.5","William Hill (New Jersey)","52","-2.5","","","",""
"401532586","UNLV","44","Hawai'i","20","UNLV -11.0","Bovada","59","-11","-10","61","-440","330"
"401532586","UNLV","44","Hawai'i","20","UNLV -11","DraftKings","59.5","-11","-11","59","-440","340"
"401532586","UNLV","44","Hawai'i","20","UNLV -10.5","William Hill (New Jersey)","58.5","-10.5","","","",""
"401520277","Western Kentucky","31","Middle Tennessee","10","Western Kentucky -5.5","Bovada","60","-5.5","-8","60","-225","185"
"401520277","Western Kentucky","31","Middle Tennessee","10","Western Kentucky -7","DraftKings","60","-7","-5.5","59.5","-278","225"
"401520277","Western Kentucky","31","Middle Tennessee","10","Western Kentucky -6.5","William Hill (New Jersey)","61","-6.5","","","",""
"401520305","Missouri","39","LSU","49","LSU -6.5","Bovada","63.5","6.5","6","63.5","165","-195"
"401520305","Missouri","39","LSU","49","LSU -4","DraftKings","65","4","8","","200","-192"
"401520305","Missouri","39","LSU","49","LSU -6","William Hill (New Jersey)","63.5","6","","","",""
"401520293","Vanderbilt","21","Missouri","38","Missouri -13.5","Bovada","56","13.5","12","56.5","390","-550"
"401520293","Vanderbilt","21","Missouri","38","Missouri -13.5","DraftKings","54.5","13.5","13.5","56.5","410","-550"
"401520293","Vanderbilt","21","Missouri","38","Missouri -14","William Hill (New Jersey)","53.5","14","","","",""
"401520296","Liberty","21","Sam Houston","16","Liberty -21.5","Bovada","46.5","-21.5","-18.5","47","-1000","625"
"401520296","Liberty","21","Sam Houston","16","Liberty -19","DraftKings","45.5","-19","-18","47.5","-1450","700"
"401520296","Liberty","21","Sam Houston","16","Liberty -21","William Hill (New Jersey)","46.5","-21","","","",""
"401520295","Louisiana Tech","28","Western Kentucky","35","Western Kentucky -6.0","Bovada","59","6","5","58.5","185","-225"
"401520295","Louisiana Tech","28","Western Kentucky","35","Western Kentucky -6","DraftKings","59.5","6","7","59.5","195","-250"
"401520295","Louisiana Tech","28","Western Kentucky","35","Western Kentucky -6","William Hill (New Jersey)","59","6","","","",""
"401524024","Stanford","6","Oregon","42","Oregon -27.0","Bovada","61","27","27","61","1200","-4000"
"401524024","Stanford","6","Oregon","42","Oregon -27","DraftKings","61","27","27","61","1700","-4500"
"401524024","Stanford","6","Oregon","42","Oregon -27","William Hill (New Jersey)","59.5","27","","","",""
"401520297","New Mexico State","34","Florida International","17","New Mexico State -6.5","Bovada","49.5","-6.5","-6","50","-235","195"
"401520297","New Mexico State","34","Florida International","17","New Mexico State -6.5","DraftKings","49","-6.5","-5.5","","-245","205"
"401520297","New Mexico State","34","Florida International","17","New Mexico State -6.5","William Hill (New Jersey)","49.5","-6.5","","","",""
"401531878","Georgia Southern","38","Coastal Carolina","28","Georgia Southern -6.0","Bovada","62","-6","-5","62.5","-230","190"
"401531878","Georgia Southern","38","Coastal Carolina","28","Georgia Southern -6.5","DraftKings","64.5","-6.5","-6.5","61.5","-245","200"
"401531878","Georgia Southern","38","Coastal Carolina","28","Georgia Southern -6","William Hill (New Jersey)","67.5","-6","","","",""
"401532588","Wyoming","35","New Mexico","26","Wyoming -14.0","Bovada","41","-14","-12","41","",""
"401532588","Wyoming","35","New Mexico","26","Wyoming -14","DraftKings","41","-14","-14.5","42","-625","455"
"401532588","Wyoming","35","New Mexico","26","Wyoming -14.5","William Hill (New Jersey)","40.5","-14.5","","","",""
"401531414","Rice","24","East Carolina","17","Rice -3.0","Bovada","48.5","-3","-5.5","51.5","-145","125"
"401531414","Rice","24","East Carolina","17","Rice -3.5","DraftKings","46.5","-3.5","-3","48","-175","145"
"401531414","Rice","24","East Carolina","17","Rice -3.5","William Hill (New Jersey)","47","-3.5","","","",""
"401525856","UCF","35","Baylor","36","UCF -11.5","Bovada","56","-11.5","-12","56","-450","335"
"401525856","UCF","35","Baylor","36","UCF -12.5","DraftKings","55","-12.5","-11.5","55","-470","360"
"401525856","UCF","35","Baylor","36","UCF -8","William Hill (New Jersey)","56.5","-8","","","",""
"401520298","Army","24","Boston College","27","Army -2.0","Bovada","47","-2","-3","51","-145","125"
"401520298","Army","24","Boston College","27","Army -3","DraftKings","50","-3","-3.5","","-130","124"
"401520298","Army","24","Boston College","27","Army -2.5","William Hill (New Jersey)","47","-2.5","","","",""
"401520307","Ohio State","37","Maryland","17","Ohio State -17.0","Bovada","57","-17","-18","55","-1200","700"
"401520307","Ohio State","37","Maryland","17","Ohio State -20","DraftKings","57","-20","-18.5","","-950","800"
"401520307","Ohio State","37","Maryland","17","Ohio State -17","William Hill (New Jersey)","56.5","-17","","","",""
"401520284","Minnesota","35","Louisiana","24","Minnesota -10.0","Bovada","47.5","-10","-9.5","47","",""
"401520284","Minnesota","35","Louisiana","24","Minnesota -11","DraftKings","48.5","-11","-12.5","47.5","-440","340"
"401520284","Minnesota","35","Louisiana","24","Minnesota -9.5","William Hill (New Jersey)","49","-9.5","","","",""
"401525852","Oklahoma","50","Iowa State","20","Oklahoma -20.0","Bovada","48.5","-20","-21","48.5","-1300","725"
"401525852","Oklahoma","50","Iowa State","20","Oklahoma -20","DraftKings","48.5","-20","-20","48.5","-1350","800"
"401525852","Oklahoma","50","Iowa State","20","Oklahoma -19.5","William Hill (New Jersey)","48.5","-19.5","","","",""
"401531881","Marshall","41","Old Dominion","35","Marshall -14","DraftKings","46.5","-14","-14","46.5","-550","410"
"401531881","Marshall","41","Old Dominion","35","Marshall -14.0","Bovada","47","-14","-13","46.5","-585","410"
"401531881","Marshall","41","Old Dominion","35","Marshall -14.5","William Hill (New Jersey)","47","-14.5","","","",""
"401531883","Southern Miss","36","Texas State","50","Texas State -7.0","Bovada","60.5","7","7.5","62.5","215","-260"
"401531883","Southern Miss","36","Texas State","50","Texas State -5","DraftKings","62.5","5","7","60.5","170","-205"
"401531883","Southern Miss","36","Texas State","50","Texas State -6.5","William Hill (New Jersey)","60","6.5","","","",""
"401525513","Boston College","27","Virginia","24","Boston College -3.5","DraftKings","52.5","-3.5","-3","55","-166","140"
"401525513","Boston College","27","Virginia","24","Boston College -3.0","Bovada","55","-3","-2","56","-160","135"
"401525513","Boston College","27","Virginia","24","Boston College -5","William Hill (New Jersey)","52.5","-5","","","",""
"401520278","UTEP","10","Louisiana Tech","24","UTEP -1","DraftKings","50.5","-1","-1","53","-115","-105"
"401520278","UTEP","10","Louisiana Tech","24","Louisiana Tech -1.0","Bovada","52.5","1","-1","52.5","-110","-110"
"401520278","UTEP","10","Louisiana Tech","24","Louisiana Tech -2","William Hill (New Jersey)","49.5","2","","","",""
"401525515","Georgia Tech","27","Bowling Green","38","Georgia Tech -22","DraftKings","51.5","-22","-22","52.5","-1800","1000"
"401525515","Georgia Tech","27","Bowling Green","38","Georgia Tech -22.5","Bovada","52.5","-22.5","-20","54.5","-1200","700"
"401525515","Georgia Tech","27","Bowling Green","38","Georgia Tech -21","William Hill (New Jersey)","49.5","-21","","","",""
"401532589","Air Force","49","San Diego State","10","Air Force -10.5","DraftKings","43.5","-10.5","-10.5","43.5","-375","295"
"401532589","Air Force","49","San Diego State","10","Air Force -11.0","Bovada","44","-11","-10","43","-430","320"
"401532589","Air Force","49","San Diego State","10","Air Force -10.5","William Hill (New Jersey)","43.5","-10.5","","","",""
"401524021","Arizona","24","Washington","31","Washington -20","DraftKings","67","20","18","67.5","750","-1200"
"401524021","Arizona","24","Washington","31","Washington -17.5","Bovada","68.5","17.5","18.5","69.5","575","-900"
"401524021","Arizona","24","Washington","31","Washington -20","William Hill (New Jersey)","66","20","","","",""
"401532587","Fresno State","27","Nevada","9","Fresno State -24.5","DraftKings","51.5","-24.5","-24.5","52.5","-2800","1300"
"401532587","Fresno State","27","Nevada","9","Fresno State -24.5","Bovada","53","-24.5","-23","54","-2200","1000"
"401532587","Fresno State","27","Nevada","9","Fresno State -25.5","William Hill (New Jersey)","50.5","-25.5","","","",""
"401526836","Massachusetts","28","Arkansas State","52","Massachusetts -1","DraftKings","55","-1","-1","55.5","-115","-105"
"401526836","Massachusetts","28","Arkansas State","52","Massachusetts -1.5","Bovada","55","-1.5","","55.5","-120","100"
"401526836","Massachusetts","28","Arkansas State","52","Massachusetts -2.5","William Hill (New Jersey)","55.5","-2.5","","","",""
"401525516","Virginia Tech","38","Pittsburgh","21","Pittsburgh -2.5","DraftKings","39.5","2.5","2.5","41","114","-135"
"401525516","Virginia Tech","38","Pittsburgh","21","Pittsburgh -2.5","Bovada","40","2.5","2","42.5","110","-130"
"401525516","Virginia Tech","38","Pittsburgh","21","Pittsburgh -3","William Hill (New Jersey)","40","3","","","",""
"401532409","Western Michigan","42","Ball State","24","Western Michigan -1.5","DraftKings","50.5","-1.5","-1","52.5","-122","102"
"401532409","Western Michigan","42","Ball State","24","Western Michigan -1.0","Bovada","52","-1","-1","53","-115","-105"
"401532409","Western Michigan","42","Ball State","24","Western Michigan -1.5","William Hill (New Jersey)","50","-1.5","","","",""
"401525512","NC State","10","Louisville","13","Louisville -3.0","Bovada","55.5","3","3","55.5","145","-170"
"401525512","NC State","10","Louisville","13","Louisville -3.5","DraftKings","55.5","3.5","3.5","55.5","160","-192"
"401525512","NC State","10","Louisville","13","Louisville -3.5","William Hill (New Jersey)","56.5","3.5","","","",""
"401531879","Georgia State","7","Troy","28","Georgia State -1.0","Bovada","51.5","-1","-3.5","52","-115","-105"
"401531879","Georgia State","7","Troy","28","Georgia State -1.5","DraftKings","51","-1.5","-1.5","52","-120","100"
"401531879","Georgia State","7","Troy","28","Georgia State -1","William Hill (New Jersey)","50.5","-1","","","",""
"401532412","Akron","10","Buffalo","13","Akron -2.5","DraftKings","55.5","-2.5","-2.5","55.5","-142","120"
"401532412","Akron","10","Buffalo","13","Akron -2.5","Bovada","55.5","-2.5","-1.5","56","-140","120"
"401532412","Akron","10","Buffalo","13","Akron -3","William Hill (New Jersey)","53","-3","","","",""
"401520289","Purdue","44","Illinois","19","Purdue -1","DraftKings","53.5","-1","-1","53.5","-115","-105"
"401520289","Purdue","44","Illinois","19","Purdue -1.0","Bovada","53","-1","-1.5","53.5","-115","-105"
"401520289","Purdue","44","Illinois","19","Illinois -0","William Hill (New Jersey)","54","0","","","",""
"401532411","Toledo","35","Northern Illinois","33","Toledo -13","DraftKings","47","-13","-12.5","50","-520","390"
"401532411","Toledo","35","Northern Illinois","33","Toledo -13.5","Bovada","50","-13.5","-14","50","-525","375"
"401532411","Toledo","35","Northern Illinois","33","Toledo -13","William Hill (New Jersey)","48","-13","","","",""
"401520281","Iowa","26","Michigan State","16","Iowa -12.5","DraftKings","36.5","-12.5","-11.5","36.5","-470","360"
"401520281","Iowa","26","Michigan State","16","Iowa -12.0","Bovada","36.5","-12","-10","36","-470","345"
"401520281","Iowa","26","Michigan State","16","Iowa -10","William Hill (New Jersey)","36.5","-10","","","",""
"401531404","SMU","34","Charlotte","16","SMU -23.5","DraftKings","53.5","-23.5","-23","56.5","-2100","1100"
"401531404","SMU","34","Charlotte","16","SMU -23.5","Bovada","56","-23.5","-23","56.5","-1800","850"
"401531404","SMU","34","Charlotte","16","SMU -22.5","William Hill (New Jersey)","53","-22.5","","","",""
"401520292","UConn","33","Utah State","34","Utah State -6","DraftKings","51","6","4.5","51","195","-238"
"401520292","UConn","33","Utah State","34","Utah State -4.5","Bovada","51","4.5","6","51","165","-195"
"401520292","UConn","33","Utah State","34","Utah State -4","William Hill (New Jersey)","50.5","4","","","",""
"401525853","TCU","21","West Virginia","24","TCU -12.5","DraftKings","52","-12.5","-10.5","51","-470","360"
"401525853","TCU","21","West Virginia","24","TCU -11.0","Bovada","51","-11","-10","51","-435","325"
"401525853","TCU","21","West Virginia","24","TCU -14","William Hill (New Jersey)","52","-14","","","",""
"401520283","Maryland","44","Indiana","17","Maryland -14","DraftKings","50","-14","-14","50.5","-650","470"
"401520283","Maryland","44","Indiana","17","Maryland -14.0","Bovada","50","-14","-14.5","50","-625","430"
"401520283","Maryland","44","Indiana","17","Maryland -14.5","William Hill (New Jersey)","50","-14.5","","","",""
"401532410","Central Michigan","26","Eastern Michigan","23","Central Michigan -7.5","DraftKings","48","-7.5","-7.5","48","-310","250"
"401532410","Central Michigan","26","Eastern Michigan","23","Central Michigan -7.5","Bovada","47.5","-7.5","-6","47.5","-300","250"
"401532410","Central Michigan","26","Eastern Michigan","23","Central Michigan -9.5","William Hill (New Jersey)","45","-9.5","","","",""
"401531424","Navy","30","South Florida","44","Navy -3","DraftKings","54.5","-3","-4","54.5","-162","136"
"401531424","Navy","30","South Florida","44","Navy -4.0","Bovada","54.5","-4","-4","53","-185","160"
"401531424","Navy","30","South Florida","44","Navy -4","William Hill (New Jersey)","54","-4","","","",""
"401525851","BYU","35","Cincinnati","27","BYU -2.5","Bovada","48","-2.5","-3","50","-135","115"
"401525851","BYU","35","Cincinnati","27","Cincinnati -2","DraftKings","50.5","2","-2.5","50","110","-130"
"401525851","BYU","35","Cincinnati","27","BYU -1","William Hill (New Jersey)","47.5","-1","","","",""
"401532592","Boise State","35","San José State","27","Boise State -7.5","Bovada","57","-7.5","-9.5","57.5","-350","275"
"401532592","Boise State","35","San José State","27","Boise State -10","DraftKings","57.5","-10","-8.5","","-298","285"
"401532592","Boise State","35","San José State","27","Boise State -8","William Hill (New Jersey)","57.5","-8","","","",""
"401520287","Northwestern","13","Penn State","41","Penn State -25.5","Bovada","46","25.5","25.5","46","1100","-3300"
"401520287","Northwestern","13","Penn State","41","Penn State -27","DraftKings","46","27","25.5","46","1600","-4000"
"401520287","Northwestern","13","Penn State","41","Penn State -27","William Hill (New Jersey)","48","27","","","",""
"401531390","North Texas","45","Temple","14","North Texas -6.0","Bovada","68","-6","-8","70.5","-270","220"
"401531390","North Texas","45","Temple","14","North Texas -6.5","DraftKings","68.5","-6.5","-7","70.5","-325","215"
"401531390","North Texas","45","Temple","14","North Texas -8","William Hill (New Jersey)","65.5","-8","","","",""
"401531370","Tulane","35","UAB","23","Tulane -22.0","Bovada","57","-22","-20","57","-1400","750"
"401531370","Tulane","35","UAB","23","Tulane -21.5","DraftKings","58.5","-21.5","-21","57","-1650","950"
"401531370","Tulane","35","UAB","23","Tulane -22.5","William Hill (New Jersey)","59.5","-22.5","","","",""
"401525855","Texas Tech","49","Houston","28","Texas Tech -8.5","DraftKings","50.5","-8.5","-10","51.5","-325","260"
"401525855","Texas Tech","49","Houston","28","Texas Tech -10.0","Bovada","51.5","-10","-10","56","-390","295"
"401525855","Texas Tech","49","Houston","28","Texas Tech -8.5","William Hill (New Jersey)","52","-8.5","","","",""
"401531429","Memphis","35","Boise State","32","Memphis -3.5","DraftKings","60","-3.5","-3.5","60","-170","142"
"401531429","Memphis","35","Boise State","32","Memphis -3.5","Bovada","59.5","-3.5","-1","60","-170","145"
"401531429","Memphis","35","Boise State","32","Memphis -3","William Hill (New Jersey)","58","-3","","","",""
"401524022","California","24","Arizona State","21","California -12.5","DraftKings","47.5","-12.5","-12","49","-455","350"
"401524022","California","24","Arizona State","21","California -11.5","Bovada","49.5","-11.5","-11.5","50.5","-440","330"
"401524022","California","24","Arizona State","21","California -13","William Hill (New Jersey)","47.5","-13","","","",""
"401531882","UL Monroe","40","App State","41","App State -13.5","DraftKings","51","13.5","13.5","53","410","-550"
"401531882","UL Monroe","40","App State","41","App State -13.5","Bovada","53","13.5","13.5","53.5","390","-550"
"401531882","UL Monroe","40","App State","41","App State -13.5","William Hill (New Jersey)","50.5","13.5","","","",""
"401532413","Kent State","3","Miami (OH)","23","Miami (OH) -14.5","DraftKings","48.5","14.5","15.5","49.5","455","-625"
"401532413","Kent State","3","Miami (OH)","23","Miami (OH) -14.5","Bovada","49.5","14.5","15.5","51.5","430","-625"
"401532413","Kent State","3","Miami (OH)","23","Miami (OH) -14","William Hill (New Jersey)","51.5","14","","","",""
"401532419","Ball State","6","Toledo","13","Toledo -17.5","Bovada","48","17.5","16","52","525","-800"
"401532419","Ball State","6","Toledo","13","Toledo -17.5","DraftKings","48","17.5","16.5","52","675","-950"
"401532419","Ball State","6","Toledo","13","Toledo -17.5","William Hill (New Jersey)","48.5","17.5","","","",""
"401525859","Iowa State","27","TCU","14","TCU -6.5","Bovada","52.5","6.5","7","51","210","-250"
"401525859","Iowa State","27","TCU","14","TCU -6.5","DraftKings","53","6.5","5.5","49.5","200","-245"
"401525859","Iowa State","27","TCU","14","TCU -6.5","William Hill (New Jersey)","52.5","6.5","","","",""
"401532591","Wyoming","24","Fresno State","19","Fresno State -6.0","Bovada","42.5","6","6","46","180","-220"
"401532591","Wyoming","24","Fresno State","19","Fresno State -6","DraftKings","44.5","6","3","","160","-230"
"401532591","Wyoming","24","Fresno State","19","Fresno State -5.5","William Hill (New Jersey)","43","5.5","","","",""
"401525519","Miami","20","Georgia Tech","23","Miami -19.0","Bovada","57","-19","-20.5","59","-1300","725"
"401525519","Miami","20","Georgia Tech","23","Miami -19.5","DraftKings","57.5","-19.5","-18","","-1200","800"
"401525519","Miami","20","Georgia Tech","23","Miami -19","William Hill (New Jersey)","57","-19","","","",""
"401525858","Baylor","14","Texas Tech","39","Texas Tech -2.5","Bovada","59.5","2.5","1.5","60","100","-120"
"401525858","Baylor","14","Texas Tech","39","Texas Tech -1.5","DraftKings","59.5","1.5","-1","56.5","110","-122"
"401525858","Baylor","14","Texas Tech","39","Texas Tech -2.5","William Hill (New Jersey)","59.5","2.5","","","",""
"401524025","USC","43","Arizona","41","USC -21.0","Bovada","69.5","-21","-22","71","-1900","900"
"401524025","USC","43","Arizona","41","USC -21.5","DraftKings","72","-21.5","-22","72","-1800","1100"
"401524025","USC","43","Arizona","41","USC -21","William Hill (New Jersey)","69.5","-21","","","",""
"401524027","California","40","Oregon State","52","Oregon State -7.5","Bovada","51","7.5","9.5","51","275","-350"
"401524027","California","40","Oregon State","52","Oregon State -9.5","DraftKings","51.5","9.5","9","52.5","260","-375"
"401524027","California","40","Oregon State","52","Oregon State -7.5","William Hill (New Jersey)","51","7.5","","","",""
"401532597","Nevada","27","UNLV","45","UNLV -7.5","Bovada","51.5","7.5","9.5","56","290","-380"
"401532597","Nevada","27","UNLV","45","UNLV -8","DraftKings","53.5","8","9.5","56","225","-340"
"401532597","Nevada","27","UNLV","45","UNLV -7.5","William Hill (New Jersey)","51.5","7.5","","","",""
"401531405","Charlotte","0","Navy","14","Navy -3.0","Bovada","44.5","3","4.5","45","135","-160"
"401531405","Charlotte","0","Navy","14","Navy -3","DraftKings","44.5","3","3.5","45","140","-162"
"401531405","Charlotte","0","Navy","14","Navy -3.5","William Hill (New Jersey)","44","3.5","","","",""
"401532596","New Mexico","24","San José State","52","San José State -6.0","Bovada","54.5","6","9","57.5","255","-310"
"401532596","New Mexico","24","San José State","52","San José State -7","DraftKings","56","7","8.5","57.5","190","-278"
"401532596","New Mexico","24","San José State","52","San José State -6.5","William Hill (New Jersey)","55","6.5","","","",""
"401520303","Minnesota","10","Michigan","52","Michigan -18","DraftKings","46","18","15","","800","-1100"
"401520303","Minnesota","10","Michigan","52","Michigan -18.5","Bovada","46","18.5","20","46","750","-1400"
"401520303","Minnesota","10","Michigan","52","Michigan -18.5","William Hill (New Jersey)","46","18.5","","","",""
"401532415","Buffalo","37","Central Michigan","13","Central Michigan -3","DraftKings","52","3","2","","124","-155"
"401532415","Buffalo","37","Central Michigan","13","Central Michigan -2.5","Bovada","52","2.5","3","57","125","-145"
"401532415","Buffalo","37","Central Michigan","13","Central Michigan -2.5","William Hill (New Jersey)","51.5","2.5","","","",""
"401525517","Clemson","17","Wake Forest","12","Clemson -21.0","Bovada","53","-21","-21","51.5","-1500","775"
"401525517","Clemson","17","Wake Forest","12","Clemson -21","DraftKings","52.5","-21","-20.5","","-1650","950"
"401525517","Clemson","17","Wake Forest","12","Clemson -21","William Hill (New Jersey)","53.5","-21","","","",""
"401526837","Massachusetts","24","Toledo","41","Toledo -19.0","Bovada","55.5","19","18.5","59.5","650","-1100"
"401526837","Massachusetts","24","Toledo","41","Toledo -19","DraftKings","56.5","19","20","","750","-1100"
"401526837","Massachusetts","24","Toledo","41","Toledo -19","William Hill (New Jersey)","55.5","19","","","",""
"401525521","NC State","48","Marshall","41","NC State -6.5","Bovada","44","-6.5","-6.5","45.5","-250","210"
"401525521","NC State","48","Marshall","41","NC State -6.5","DraftKings","44.5","-6.5","-6.5","","-258","215"
"401525521","NC State","48","Marshall","41","NC State -6.5","William Hill (New Jersey)","44","-6.5","","","",""
"401520304","Mississippi State","41","Western Michigan","28","Mississippi State -21.0","Bovada","55","-21","-20","56","-1500","775"
"401520304","Mississippi State","41","Western Michigan","28","Mississippi State -20.5","DraftKings","56.5","-20.5","-21.5","","-1800","900"
"401520304","Mississippi State","41","Western Michigan","28","Mississippi State -21.5","William Hill (New Jersey)","54.5","-21.5","","","",""
"401532414","Eastern Michigan","24","Ball State","10","Eastern Michigan -2.0","Bovada","43.5","-2","-3","42.5","-130","110"
"401532414","Eastern Michigan","24","Ball State","10","Eastern Michigan -2.5","DraftKings","43","-2.5","-2.5","","-130","120"
"401532414","Eastern Michigan","24","Ball State","10","Eastern Michigan -2.5","William Hill (New Jersey)","43.5","-2.5","","","",""
"401531433","Navy","27","North Texas","24","Navy -6.5","Bovada","60","-6.5","-6.5","61.5","-240","200"
"401531433","Navy","27","North Texas","24","Navy -6","DraftKings","61","-6","-5.5","","-238","190"
"401531433","Navy","27","North Texas","24","Navy -6.5","William Hill (New Jersey)","60.5","-6.5","","","",""
"401532417","Ohio","42","Kent State","17","Ohio -24.0","Bovada","45.5","-24","-26","45.5","-4000","1200"
"401532417","Ohio","42","Kent State","17","Ohio -26","DraftKings","45.5","-26","-26","","-2800","1400"
"401532417","Ohio","42","Kent State","17","Ohio -24.5","William Hill (New Jersey)","45.5","-24.5","","","",""
"401525520","North Carolina","40","Syracuse","7","North Carolina -9.0","Bovada","59","-9","-8.5","58","-370","285"
"401525520","North Carolina","40","Syracuse","7","North Carolina -9.5","DraftKings","60","-9.5","-6.5","","-395","310"
"401525520","North Carolina","40","Syracuse","7","North Carolina -9.5","William Hill (New Jersey)","59","-9.5","","","",""
"401531887","Troy","37","Arkansas State","3","Troy -15.5","Bovada","52.5","-15.5","-16","52","-800","525"
"401531887","Troy","37","Arkansas State","3","Troy -16","DraftKings","52","-16","-17","","-700","550"
"401531887","Troy","37","Arkansas State","3","Troy -15.5","William Hill (New Jersey)","52","-15.5","","","",""
"401525860","Kansas","51","UCF","22","UCF -2.0","Bovada","64.5","2","-3","62","105","-125"
"401525860","Kansas","51","UCF","22","UCF -1.5","DraftKings","64","1.5","-3.5","","110","-120"
"401525860","Kansas","51","UCF","22","UCF -2","William Hill (New Jersey)","65","2","","","",""
"401520299","Florida","38","Vanderbilt","14","Florida -18.5","Bovada","51","-18.5","-18","53.5","-1000","625"
"401520299","Florida","38","Vanderbilt","14","Florida -18.5","DraftKings","51.5","-18.5","-18","53.5","-1000","675"
"401520299","Florida","38","Vanderbilt","14","Florida -18","William Hill (New Jersey)","51","-18","","","",""
"401532416","Miami (OH)","27","Bowling Green","0","Miami (OH) -7.5","Bovada","43","-7.5","-11","48","-410","305"
"401532416","Miami (OH)","27","Bowling Green","0","Miami (OH) -10","DraftKings","44.5","-10","-11.5","","-355","310"
"401532416","Miami (OH)","27","Bowling Green","0","Miami (OH) -7.5","William Hill (New Jersey)","43","-7.5","","","",""
"401520309","Rice","31","UConn","38","Rice -10.0","Bovada","47.5","-10","-10","49.5","-380","290"
"401520309","Rice","31","UConn","38","Rice -9.5","DraftKings","47.5","-9.5","-10","","-355","275"
"401520309","Rice","31","UConn","38","Rice -10","William Hill (New Jersey)","47.5","-10","","","",""
"401531389","Temple","34","UTSA","49","UTSA -14.0","Bovada","56.5","14","13.5","56","425","-600"
"401531389","Temple","34","UTSA","49","UTSA -14","DraftKings","55","14","11","","455","-650"
"401531389","Temple","34","UTSA","49","UTSA -14","William Hill (New Jersey)","56","14","","","",""
"401524028","UCLA","25","Washington State","17","UCLA -3.5","Bovada","59.5","-3.5","-4","60","-150","130"
"401524028","UCLA","25","Washington State","17","UCLA -3.5","DraftKings","60.5","-3.5","-4","","-170","142"
"401524028","UCLA","25","Washington State","17","UCLA -3","William Hill (New Jersey)","60","-3","","","",""
"401520302","Iowa","20","Purdue","14","Iowa -2.0","Bovada","38.5","-2","-2","41","-130","110"
"401520302","Iowa","20","Purdue","14","Iowa -2.5","DraftKings","39","-2.5","-3.5","41.5","-130","110"
"401520302","Iowa","20","Purdue","14","Iowa -2.5","William Hill (New Jersey)","38.5","-2.5","","","",""
"401520311","Wisconsin","24","Rutgers","13","Wisconsin -13.0","Bovada","44","-13","-13.5","46.5","-525","375"
"401520311","Wisconsin","24","Rutgers","13","Wisconsin -13","DraftKings","44","-13","-13.5","","-500","380"
"401520311","Wisconsin","24","Rutgers","13","Wisconsin -12.5","Caesars Sportsbook (Colorado)","44","-12.5","","","",""
"401525518","Florida State","39","Virginia Tech","17","Florida State -24.0","Bovada","52.5","-24","-24","52.5","-2800","1100"
"401525518","Florida State","39","Virginia Tech","17","Florida State -24","DraftKings","53","-24","-25.5","53","-2400","1100"
"401525518","Florida State","39","Virginia Tech","17","Florida State -23.5","William Hill (New Jersey)","52.5","-23.5","","","",""
"401532418","Akron","14","Northern Illinois","55","Northern Illinois -4.0","Bovada","42.5","4","5","44.5","160","-185"
"401532418","Akron","14","Northern Illinois","55","Northern Illinois -5","DraftKings","42.5","5","3","","160","-205"
"401532418","Akron","14","Northern Illinois","55","Northern Illinois -4","William Hill (New Jersey)","42.5","4","","","",""
"401531884","Louisiana","34","Texas State","30","Louisiana -1.0","Bovada","66.5","-1","-2.5","67","-135","115"
"401531884","Louisiana","34","Texas State","30","Louisiana -2.5","DraftKings","68","-2.5","-1","","-122","120"
"401531884","Louisiana","34","Texas State","30","Louisiana -1","William Hill (New Jersey)","67.5","-1","","","",""
"401524026","Arizona State","24","Colorado","27","Colorado -3.0","Bovada","58.5","3","4","59","150","-175"
"401524026","Arizona State","24","Colorado","27","Colorado -4","DraftKings","60","4","5.5","","136","-192"
"401524026","Arizona State","24","Colorado","27","Colorado -3","William Hill (New Jersey)","58","3","","","",""
"401532590","Utah State","44","Colorado State","24","Colorado State -3","DraftKings","62.5","3","","","124","-155"
"401532590","Utah State","44","Colorado State","24","Colorado State -3.0","Bovada","62","3","1","64","125","-145"
"401532590","Utah State","44","Colorado State","24","Colorado State -3","William Hill (New Jersey)","62","3","","","",""
"401520308","Ole Miss","27","Arkansas","20","Ole Miss -11.5","DraftKings","62.5","-11.5","-9.5","","-470","350"
"401520308","Ole Miss","27","Arkansas","20","Ole Miss -13.5","Bovada","62","-13.5","-11.5","62.5","-460","340"
"401520308","Ole Miss","27","Arkansas","20","Ole Miss -13","William Hill (New Jersey)","61.5","-13","","","",""
"401525439","Louisville","33","Notre Dame","20","Notre Dame -6.0","Bovada","54.5","6","7","51.5","200","-240"
"401525439","Louisville","33","Notre Dame","20","Notre Dame -6","DraftKings","54","6","6.5","","205","-245"
"401525439","Louisville","33","Notre Dame","20","Notre Dame -6.5","William Hill (New Jersey)","53","6.5","","","",""
"401531885","UL Monroe","7","South Alabama","55","South Alabama -10","DraftKings","51","10","12","","320","-360"
"401531885","UL Monroe","7","South Alabama","55","South Alabama -11.0","Bovada","50.5","11","12","51.5","315","-420"
"401531885","UL Monroe","7","South Alabama","55","South Alabama -11","William Hill (New Jersey)","51.5","11","","","",""
"401531886","Southern Miss","13","Old Dominion","17","Southern Miss -1.5","DraftKings","58","-1.5","-3","","-155","102"
"401531886","Southern Miss","13","Old Dominion","17","Southern Miss -3.0","Bovada","56.5","-3","-1.5","57.5","-125","105"
"401531886","Southern Miss","13","Old Dominion","17","Southern Miss -3","William Hill (New Jersey)","56.5","-3","","","",""
"401520300","Georgia","51","Kentucky","13","Georgia -14.5","Bovada","46.5","-14.5","-14","47.5","-675","460"
"401520300","Georgia","51","Kentucky","13","Georgia -14.5","DraftKings","47.5","-14.5","-21.5","","-650","425"
"401520300","Georgia","51","Kentucky","13","Georgia -14.5","William Hill (New Jersey)","47","-14.5","","","",""
"401531890","James Madison","41","Georgia Southern","13","James Madison -6","DraftKings","59.5","-6","-3.5","","-218","190"
"401531890","James Madison","41","Georgia Southern","13","James Madison -6.0","Bovada","59.5","-6","-3.5","58.5","-175","150"
"401531890","James Madison","41","Georgia Southern","13","James Madison -5.5","William Hill (New Jersey)","60","-5.5","","","",""
"401531340","Florida Atlantic","20","Tulsa","17","Florida Atlantic -3","DraftKings","54","-3","-3.5","","-155","130"
"401531340","Florida Atlantic","20","Tulsa","17","Florida Atlantic -2.5","Bovada","54.5","-2.5","-4","55","-150","130"
"401531340","Florida Atlantic","20","Tulsa","17","Florida Atlantic -3","William Hill (New Jersey)","54.5","-3","","","",""
"401520313","Middle Tennessee","31","Louisiana Tech","23","Middle Tennessee -3.0","Bovada","54","-3","-2.5","54.5","-150","130"
"401520313","Middle Tennessee","31","Louisiana Tech","23","Middle Tennessee -3","DraftKings","54.5","-3","-3","54.5","-148","130"
"401520313","Middle Tennessee","31","Louisiana Tech","23","Middle Tennessee -3","William Hill (New Jersey)","53.5","-3","","","",""
"401531888","App State","24","Coastal Carolina","27","App State -4.5","Bovada","59","-4.5","-6","63","-225","185"
"401531888","App State","24","Coastal Carolina","27","App State -6","DraftKings","63","-6","-6","63","-192","210"
"401531888","App State","24","Coastal Carolina","27","App State -4.5","William Hill (New Jersey)","59","-4.5","","","",""
"401520324","Rutgers","27","Michigan State","24","Rutgers -4.5","Bovada","40","-4.5","-5","41.5","-220","180"
"401520324","Rutgers","27","Michigan State","24","Rutgers -4.5","DraftKings","39.5","-4.5","-5.5","41","-180","164"
"401520324","Rutgers","27","Michigan State","24","Rutgers -4","Caesars Sportsbook (Colorado)","38.5","-4","","","",""
"401524032","Oregon State","36","UCLA","24","Oregon State -3.5","DraftKings","54","-3.5","-4","53","-192","160"
"401524032","Oregon State","36","UCLA","24","Oregon State -4.0","Bovada","53.5","-4","-5","53.5","-185","160"
"401524032","Oregon State","36","UCLA","24","Oregon State -3.5","William Hill (New Jersey)","53.5","-3.5","","","",""
"401525863","Cincinnati","10","Iowa State","30","Cincinnati -5.0","Bovada","43","-5","-3.5","49","-185","160"
"401525863","Cincinnati","10","Iowa State","30","Cincinnati -5","DraftKings","42.5","-5","-4","49","-180","154"
"401525863","Cincinnati","10","Iowa State","30","Cincinnati -4","William Hill (New Jersey)","42.5","-4","","","",""
"401531889","Georgia State","41","Marshall","24","Georgia State -1","DraftKings","53","-1","-1","57","-125","-105"
"401531889","Georgia State","41","Marshall","24","Georgia State -1.5","Bovada","54.5","-1.5","-1","57","-105","-115"
"401531889","Georgia State","41","Marshall","24","Georgia State -2","William Hill (New Jersey)","53.5","-2","","","",""
"401525527","Virginia Tech","30","Wake Forest","13","Virginia Tech -1.5","DraftKings","48","-1.5","1","48.5","-122","102"
"401525527","Virginia Tech","30","Wake Forest","13","Virginia Tech -1.5","Bovada","48.5","-1.5","1","49","-120","100"
"401525527","Virginia Tech","30","Wake Forest","13","Virginia Tech -1.5","William Hill (New Jersey)","48.5","-1.5","","","",""
"401525866","Texas Tech","21","Kansas State","38","Texas Tech -1.5","DraftKings","58","-1.5","-1","56","-118","110"
"401525866","Texas Tech","21","Kansas State","38","Texas Tech -1.0","Bovada","57.5","-1","-1","56","-115","-105"
"401525866","Texas Tech","21","Kansas State","38","Texas Tech -1","William Hill (New Jersey)","57","-1","","","",""
"401532598","Air Force","34","Wyoming","27","Air Force -13.0","Bovada","41","-13","-10","45","-415","310"
"401532598","Air Force","34","Wyoming","27","Air Force -11.5","DraftKings","42","-11.5","-10","44","-440","320"
"401532598","Air Force","34","Wyoming","27","Air Force -12.5","William Hill (New Jersey)","42","-12.5","","","",""
"401525865","TCU","44","BYU","11","TCU -5","DraftKings","52.5","-5","-5","52","-205","170"
"401525865","TCU","44","BYU","11","TCU -5.0","Bovada","53.5","-5","-5","52","-210","175"
"401525865","TCU","44","BYU","11","TCU -5","William Hill (New Jersey)","52.5","-5","","","",""
"401531381","UTSA","41","UAB","20","UTSA -9","DraftKings","67","-9","-8.5","64.5","-355","275"
"401531381","UTSA","41","UAB","20","UTSA -8.5","Bovada","66.5","-8.5","-8.5","64.5","-330","265"
"401531381","UTSA","41","UAB","20","UTSA -9","William Hill (New Jersey)","67","-9","","","",""
"401532593","Colorado State","31","Boise State","30","Boise State -8.5","DraftKings","60.5","8.5","7.5","62","250","-345"
"401532593","Colorado State","31","Boise State","30","Boise State -7.5","Bovada","59","7.5","7","62.5","250","-300"
"401532593","Colorado State","31","Boise State","30","Boise State -7.5","William Hill (New Jersey)","60","7.5","","","",""
"401532424","Northern Illinois","23","Ohio","13","Ohio -5.5","DraftKings","45","5.5","7","46.5","180","-218"
"401532424","Northern Illinois","23","Ohio","13","Ohio -5.5","Bovada","45","5.5","7","47","220","-270"
"401532424","Northern Illinois","23","Ohio","13","Ohio -5.5","William Hill (New Jersey)","45","5.5","","","",""
"401520312","Jacksonville State","13","Liberty","31","Liberty -6","DraftKings","56","6","6","56","225","-245"
"401520312","Jacksonville State","13","Liberty","31","Liberty -7.0","Bovada","59","7","6.5","56","185","-225"
"401520312","Jacksonville State","13","Liberty","31","Liberty -7","William Hill (New Jersey)","59.5","7","","","",""
"401520322","Penn State","63","Massachusetts","0","Penn State -41.5","DraftKings","55","-41.5","-43","58","",""
"401520322","Penn State","63","Massachusetts","0","Penn State -42.0","Bovada","54.5","-42","-42.5","58","",""
"401520322","Penn State","63","Massachusetts","0","Penn State -42","William Hill (New Jersey)","55","-42","","","",""
"401520318","Kentucky","21","Missouri","38","Kentucky -2.5","DraftKings","50.5","-2.5","-2.5","53","-125","114"
"401520318","Kentucky","21","Missouri","38","Kentucky -2.0","Bovada","50.5","-2","-3","53.5","-135","115"
"401520318","Kentucky","21","Missouri","38","Kentucky -1.5","William Hill (New Jersey)","50.5","-1.5","","","",""
"401532595","Hawai'i","34","San Diego State","41","San Diego State -6","DraftKings","52.5","6","6","52.5","190","-245"
"401532595","Hawai'i","34","San Diego State","41","San Diego State -6.0","Bovada","52","6","5","52","190","-230"
"401532595","Hawai'i","34","San Diego State","41","San Diego State -6","William Hill (New Jersey)","51.5","6","","","",""
"401532421","Buffalo","14","Bowling Green","24","Buffalo -4","DraftKings","44","-4","-5","48.5","-155","154"
"401532421","Buffalo","14","Bowling Green","24","Buffalo -3.0","Bovada","44.5","-3","-6","49","-220","180"
"401532421","Buffalo","14","Bowling Green","24","Buffalo -3","William Hill (New Jersey)","44.5","-3","","","",""
"401525864","Oklahoma State","39","Kansas","32","Kansas -3","DraftKings","54","3","4","58","124","-135"
"401525864","Oklahoma State","39","Kansas","32","Kansas -3.0","Bovada","53.5","3","3.5","58","150","-175"
"401525864","Oklahoma State","39","Kansas","32","Kansas -3","William Hill (New Jersey)","54","3","","","",""
"401520317","Army","0","Troy","19","Troy -6","DraftKings","42.5","6","4","43.5","205","-230"
"401520317","Army","0","Troy","19","Troy -6.5","Bovada","42","6.5","3","44","170","-200"
"401520317","Army","0","Troy","19","Troy -6.5","William Hill (New Jersey)","41.5","6.5","","","",""
"401532423","Western Michigan","21","Miami (OH)","34","Miami (OH) -8.5","DraftKings","45","8.5","9","53","250","-325"
"401532423","Western Michigan","21","Miami (OH)","34","Miami (OH) -7.5","Bovada","44.5","7.5","9.5","53.5","260","-320"
"401532423","Western Michigan","21","Miami (OH)","34","Miami (OH) -7.5","William Hill (New Jersey)","46","7.5","","","",""
"401531420","South Florida","14","Florida Atlantic","56","South Florida -2.5","Bovada","61.5","-2.5","-2","59.5","-140","120"
"401531420","South Florida","14","Florida Atlantic","56","South Florida -2.5","DraftKings","61","-2.5","-2","59.5","-155","120"
"401531420","South Florida","14","Florida Atlantic","56","South Florida -3","William Hill (New Jersey)","61","-3","","","",""
"401532420","Central Michigan","17","Akron","10","Central Michigan -10.5","Bovada","44","-10.5","-13","48","-470","345"
"401532420","Central Michigan","17","Akron","10","Central Michigan -10","DraftKings","43","-10","-12.5","48","-440","320"
"401532420","Central Michigan","17","Akron","10","Central Michigan -10.5","William Hill (New Jersey)","44","-10.5","","","",""
"401520320","Maryland","24","Illinois","27","Maryland -13.0","Bovada","52","-13","-14.5","52.5","-600","425"
"401520320","Maryland","24","Illinois","27","Maryland -13.5","DraftKings","51","-13.5","-14","52","-535","400"
"401520320","Maryland","24","Illinois","27","Maryland -13.5","William Hill (New Jersey)","52","-13.5","","","",""
"401532594","Utah State","32","Fresno State","37","Fresno State -7","DraftKings","60.5","7","7","60.5","185","-298"
"401532594","Utah State","32","Fresno State","37","Fresno State -5.5","Bovada","55.5","5.5","7","61.5","215","-260"
"401532594","Utah State","32","Fresno State","37","Fresno State -5.5","William Hill (New Jersey)","56","5.5","","","",""
"401531341","Tulsa","10","Rice","42","Tulsa -3.5","Bovada","56.5","-3.5","-3","57.5","-160","135"
"401531341","Tulsa","10","Rice","42","Tulsa -3","DraftKings","57","-3","-3","57","-175",""
"401531341","Tulsa","10","Rice","42","Tulsa -3","William Hill (New Jersey)","56.5","-3","","","",""
"401531397","Florida Atlantic","10","UTSA","36","UTSA -2.5","Bovada","59","2.5","3","59.5","120","-140"
"401531397","Florida Atlantic","10","UTSA","36","UTSA -2.5","DraftKings","58","2.5","2.5","58.5","120","-142"
"401531397","Florida Atlantic","10","UTSA","36","UTSA -2.5","William Hill (New Jersey)","58.5","2.5","","","",""
"401531893","Marshall","9","James Madison","20","James Madison -5.0","Bovada","49.5","5","4","51","145","-170"
"401531893","Marshall","9","James Madison","20","James Madison -1","DraftKings","","1","1","","150",""
"401531893","Marshall","9","James Madison","20","James Madison -5","William Hill (New Jersey)","49","5","","","",""
"401525531","North Carolina","27","Virginia","31","North Carolina -24.0","Bovada","57.5","-24","-23.5","56.5","-2200","1000"
"401525531","North Carolina","27","Virginia","31","North Carolina -24","DraftKings","58","-24","-23","56.5","-2800","1300"
"401525531","North Carolina","27","Virginia","31","North Carolina -24","William Hill (New Jersey)","58","-24","","","",""
"401532599","UNLV","25","Colorado State","23","UNLV -6.5","Bovada","60","-6.5","-8","63","-275","225"
"401532599","UNLV","25","Colorado State","23","UNLV -7","DraftKings","61.5","-7","-7","62","-290","235"
"401532599","UNLV","25","Colorado State","23","UNLV -6.5","William Hill (New Jersey)","60","-6.5","","","",""
"401520332","UTEP","7","New Mexico State","28","New Mexico State -3.0","Bovada","49","3","3","48","125","-145"
"401520332","UTEP","7","New Mexico State","28","New Mexico State -1","DraftKings","49.5","1","1","49.5","114",""
"401520332","UTEP","7","New Mexico State","28","New Mexico State -3","William Hill (New Jersey)","48.5","3","","","",""
"401532602","San José State","42","Utah State","21","San José State -4.0","Bovada","64.5","-4","-3.5","65.5","-185","160"
"401532602","San José State","42","Utah State","21","San José State -4","DraftKings","65.5","-4","-4.5","66","-185","154"
"401532602","San José State","42","Utah State","21","San José State -4","William Hill (New Jersey)","65","-4","","","",""
"401525867","BYU","27","Texas Tech","14","Texas Tech -3.0","Bovada","50","3","4","51.5","130","-150"
"401525867","BYU","27","Texas Tech","14","Texas Tech -3","DraftKings","51","3","3.5","51","120","-142"
"401525867","BYU","27","Texas Tech","14","Texas Tech -3","William Hill (New Jersey)","49","3","","","",""
"401531895","Old Dominion","28","App State","21","App State -6.0","Bovada","56.5","6","6.5","54","180","-220"
"401531895","Old Dominion","28","App State","21","App State -5.5","DraftKings","55.5","5.5","6","54","200","-245"
"401531895","Old Dominion","28","App State","21","App State -6","William Hill (New Jersey)","56","6","","","",""
"401531434","Navy","6","Air Force","17","Air Force -10.5","Bovada","34.5","10.5","10.5","36.5","325","-435"
"401531434","Navy","6","Air Force","17","Air Force -11.5","DraftKings","34","11.5","9.5","38","340","-440"
"401531434","Navy","6","Air Force","17","Air Force -11","William Hill (New Jersey)","34","11","","","",""
"401532422","Eastern Michigan","28","Kent State","14","Eastern Michigan -8.5","DraftKings","39.5","-8.5","-10.5","43.5","-270","270"
"401532422","Eastern Michigan","28","Kent State","14","Eastern Michigan -7.5","Bovada","40","-7.5","-11","45","-400","300"
"401532422","Eastern Michigan","28","Kent State","14","Eastern Michigan -7","William Hill (New Jersey)","40","-7","","","",""
"401524035","Oregon","38","Washington State","24","Oregon -19.0","Bovada","61.5","-19","-19.5","62.5","-1300","725"
"401524035","Oregon","38","Washington State","24","Oregon -20","DraftKings","60","-20","-14","","-1100","700"
"401524035","Oregon","38","Washington State","24","Oregon -19.5","William Hill (New Jersey)","60.5","-19.5","","","",""
"401520337","Indiana","14","Rutgers","31","Rutgers -6.0","Bovada","39.5","6","5.5","39.5","185","-225"
"401520337","Indiana","14","Rutgers","31","Rutgers -6","DraftKings","39.5","6","4","42.5","185","-225"
"401520337","Indiana","14","Rutgers","31","Rutgers -6","Caesars Sportsbook (Colorado)","39.5","6","","","",""
"401531891","Texas State","21","UL Monroe","20","Texas State -18","DraftKings","63.5","-18","-16.5","62","-1100","675"
"401531891","Texas State","21","UL Monroe","20","Texas State -19.0","Bovada","64.5","-19","-15.5","62","-800","525"
"401531891","Texas State","21","UL Monroe","20","Texas State -18.5","William Hill (New Jersey)","64.5","-18.5","","","",""
"401532427","Miami (OH)","17","Toledo","21","Toledo -2.5","Bovada","46.5","2.5","1","48","100","-120"
"401532427","Miami (OH)","17","Toledo","21","Toledo -2","DraftKings","46.5","2","1","49.5","110","-130"
"401532427","Miami (OH)","17","Toledo","21","Toledo -2","William Hill (New Jersey)","46.5","2","","","",""
"401531896","Arkansas State","17","Coastal Carolina","27","Coastal Carolina -8.5","Bovada","59.5","8.5","10","59","270","-340"
"401531896","Arkansas State","17","Coastal Carolina","27","Coastal Carolina -9","DraftKings","59.5","9","9","61.5","300","-380"
"401531896","Arkansas State","17","Coastal Carolina","27","Coastal Carolina -8.5","William Hill (New Jersey)","59","8.5","","","",""
"401531391","Temple","0","SMU","55","SMU -24.0","Bovada","53","24","20.5","54.5","700","-1200"
"401531391","Temple","0","SMU","55","SMU -22.5","DraftKings","54.5","22.5","18","57","1100","-2100"
"401531391","Temple","0","SMU","55","SMU -24","William Hill (New Jersey)","53","24","","","",""
"401525869","Houston","24","Texas","31","Texas -23.0","Bovada","60.5","23","23","61","900","-1900"
"401525869","Houston","24","Texas","31","Texas -23.5","DraftKings","60.5","23.5","22","61.5","1100","-2100"
"401525869","Houston","24","Texas","31","Texas -24","William Hill (New Jersey)","60.5","24","","","",""
"401525871","Oklahoma","31","UCF","29","Oklahoma -17.0","Bovada","68","-17","-19.5","65","-1000","625"
"401525871","Oklahoma","31","UCF","29","Oklahoma -17.5","DraftKings","67.5","-17.5","-18","63.5","-900","600"
"401525871","Oklahoma","31","UCF","29","Oklahoma -17","William Hill (New Jersey)","67.5","-17","","","",""
"401525868","Cincinnati","29","Baylor","32","Cincinnati -2.5","Bovada","50.5","-2.5","-3","50","-145","125"
"401525868","Cincinnati","29","Baylor","32","Cincinnati -3","DraftKings","50.5","-3","-1","52","-135","114"
"401525868","Cincinnati","29","Baylor","32","Cincinnati -2.5","William Hill (New Jersey)","51.5","-2.5","","","",""
"401531382","UAB","21","Memphis","45","Memphis -7.5","Bovada","62","7.5","6.5","62","250","-300"
"401531382","UAB","21","Memphis","45","Memphis -7","DraftKings","62","7","4.5","63","270","-340"
"401531382","UAB","21","Memphis","45","Memphis -7.5","William Hill (New Jersey)","61.5","7.5","","","",""
"401520335","Auburn","21","Ole Miss","28","Ole Miss -6.5","Bovada","55.5","6.5","7","57","190","-230"
"401520335","Auburn","21","Ole Miss","28","Ole Miss -6.5","DraftKings","55.5","6.5","3","","220","-270"
"401520335","Auburn","21","Ole Miss","28","Ole Miss -6.5","William Hill (New Jersey)","55.5","6.5","","","",""
"401532600","New Mexico","42","Hawai'i","21","Hawai'i -1.5","Bovada","59.5","1.5","2","60","115","-135"
"401532600","New Mexico","42","Hawai'i","21","Hawai'i -2.5","DraftKings","60","2.5","-2","59","110","-130"
"401532600","New Mexico","42","Hawai'i","21","Hawai'i -1.5","William Hill (New Jersey)","60","1.5","","","",""
"401531894","Georgia Southern","38","UL Monroe","28","Georgia Southern -16.0","Bovada","61","-16","-16.5","60","-800","525"
"401531894","Georgia Southern","38","UL Monroe","28","Georgia Southern -16.5","DraftKings","60","-16.5","-16","58.5","-800","550"
"401531894","Georgia Southern","38","UL Monroe","28","Georgia Southern -16.5","William Hill (New Jersey)","60.5","-16.5","","","",""
"401520331","Sam Houston","27","Florida International","33","Sam Houston -5.5","Bovada","42","-5.5","-5.5","41","-210","175"
"401520331","Sam Houston","27","Florida International","33","Sam Houston -5.5","DraftKings","39.5","-5.5","-5.5","39.5","-230",""
"401520331","Sam Houston","27","Florida International","33","Sam Houston -6","William Hill (New Jersey)","42","-6","","","",""
"401524036","Stanford","7","UCLA","42","UCLA -17.0","Bovada","51.5","17","16.5","54","550","-850"
"401524036","Stanford","7","UCLA","42","UCLA -17","DraftKings","52","17","16.5","55.5","600","-900"
"401524036","Stanford","7","UCLA","42","UCLA -17","William Hill (New Jersey)","52","17","","","",""
"401520341","Missouri","34","South Carolina","12","Missouri -7.5","DraftKings","58","-7.5","-6","59","-278","225"
"401520341","Missouri","34","South Carolina","12","Missouri -7.0","Bovada","57.5","-7","-7.5","59.5","-300","250"
"401520341","Missouri","34","South Carolina","12","Missouri -7.5","William Hill (New Jersey)","57.5","-7.5","","","",""
"401525532","Wake Forest","21","Pittsburgh","17","Wake Forest -1","DraftKings","45.5","-1","-1.5","48","120","-142"
"401525532","Wake Forest","21","Pittsburgh","17","Pittsburgh -3.0","Bovada","45","3","-1","47","-105","-115"
"401525532","Wake Forest","21","Pittsburgh","17","Pittsburgh -3","William Hill (New Jersey)","45","3","","","",""
"401520330","Liberty","42","Middle Tennessee","35","Liberty -16.0","Bovada","56.5","-16","-14.5","56.5","-675","460"
"401520330","Liberty","42","Middle Tennessee","35","Liberty -14","DraftKings","54.5","-14","-14","54.5","-750",""
"401520330","Liberty","42","Middle Tennessee","35","Liberty -16","William Hill (New Jersey)","56.5","-16","","","",""
"401532426","Northern Illinois","20","Eastern Michigan","13","Northern Illinois -12.0","Bovada","43","-12","-11.5","45.5","-480","350"
"401532426","Northern Illinois","20","Eastern Michigan","13","Northern Illinois -12","DraftKings","43.5","-12","-11","45","-485","370"
"401532426","Northern Illinois","20","Eastern Michigan","13","Northern Illinois -11.5","William Hill (New Jersey)","43.5","-11.5","","","",""
"401531897","Louisiana","17","Georgia State","20","Louisiana -3.5","DraftKings","62","-3.5","-2","58","-148","124"
"401531897","Louisiana","17","Georgia State","20","Louisiana -3.0","Bovada","62","-3","-3.5","62.5","-170","145"
"401531897","Louisiana","17","Georgia State","20","Louisiana -3","William Hill (New Jersey)","62","-3","","","",""
"401532428","Ohio","20","Western Michigan","17","Ohio -16.5","DraftKings","52","-16.5","-15.5","51.5","-750","525"
"401532428","Ohio","20","Western Michigan","17","Ohio -16.5","Bovada","52","-16.5","-17.5","53","-750","500"
"401532428","Ohio","20","Western Michigan","17","Ohio -16.5","William Hill (New Jersey)","52","-16.5","","","",""
"401531892","South Alabama","55","Southern Miss","3","South Alabama -17","DraftKings","53.5","-17","-17","53.5","-1100",""
"401531892","South Alabama","55","Southern Miss","3","South Alabama -18.5","Bovada","51","-18.5","-19","51.5","-1100","650"
"401531892","South Alabama","55","Southern Miss","3","South Alabama -18.5","William Hill (New Jersey)","51","-18.5","","","",""
"401532425","Ball State","24","Central Michigan","17","Central Michigan -5","DraftKings","41","5","3","44","170","-205"
"401532425","Ball State","24","Central Michigan","17","Central Michigan -5.0","Bovada","42","5","5.5","40.5","180","-220"
"401532425","Ball State","24","Central Michigan","17","Central Michigan -5","William Hill (New Jersey)","42","5","","","",""
"401520329","Jacksonville State","20","Western Kentucky","17","Western Kentucky -7.5","Bovada","60.5","7.5","8","59","270","-340"
"401520329","Jacksonville State","20","Western Kentucky","17","Western Kentucky -7","DraftKings","61","7","7","61","260",""
"401520329","Jacksonville State","20","Western Kentucky","17","Western Kentucky -7.5","William Hill (New Jersey)","60.5","7.5","","","",""
"401532430","Kent State","6","Buffalo","24","Buffalo -6.5","Bovada","44","6.5","","44.5","210","-250"
"401532430","Kent State","6","Buffalo","24","Buffalo -7","DraftKings","43","7","8.5","47","200","-245"
"401532430","Kent State","6","Buffalo","24","Buffalo -6.5","William Hill (New Jersey)","44","6.5","","","",""
"401520344","UConn","21","South Florida","24","South Florida -1","DraftKings","57","1","3.5","56.5","-112","-108"
"401520344","UConn","21","South Florida","24","UConn -1.0","Bovada","57","-1","1.5","54.5","-110","-110"
"401520344","UConn","21","South Florida","24","UConn -1","William Hill (New Jersey)","57","-1","","","",""
"401524038","Washington","15","Arizona State","7","Washington -27.5","DraftKings","60","-27.5","-27.5","58.5","-4000","1600"
"401524038","Washington","15","Arizona State","7","Washington -28.0","Bovada","60","-28","-27.5","59","-10000","1600"
"401524038","Washington","15","Arizona State","7","Washington -28","William Hill (New Jersey)","59.5","-28","","","",""
"401520342","Nebraska","17","Northwestern","9","Nebraska -10.5","DraftKings","40","-10.5","-12","44","-425","330"
"401520342","Nebraska","17","Northwestern","9","Nebraska -10.5","Bovada","40","-10.5","-12","41","-460","340"
"401520342","Nebraska","17","Northwestern","9","Nebraska -10.5","William Hill (New Jersey)","40","-10.5","","","",""
"401525872","West Virginia","34","Oklahoma State","48","West Virginia -3","DraftKings","48.5","-3","-2.5","50.5","-148","124"
"401525872","West Virginia","34","Oklahoma State","48","West Virginia -3.0","Bovada","48.5","-3","-3","50","-150","130"
"401525872","West Virginia","34","Oklahoma State","48","West Virginia -3","William Hill (New Jersey)","48","-3","","","",""
"401531372","Tulane","35","North Texas","28","Tulane -20","DraftKings","63.5","-20","-19","62","-1350","800"
"401531372","Tulane","35","North Texas","28","Tulane -20.5","Bovada","64.5","-20.5","-20","63.5","-1400","750"
"401531372","Tulane","35","North Texas","28","Tulane -20","William Hill (New Jersey)","63.5","-20","","","",""
"401531406","East Carolina","7","Charlotte","10","East Carolina -6.5","DraftKings","40.5","-6.5","-7.5","41.5","-230","190"
"401531406","East Carolina","7","Charlotte","10","East Carolina -6.0","Bovada","38.5","-6","-6.5","40.5","-245","205"
"401531406","East Carolina","7","Charlotte","10","East Carolina -6","William Hill (New Jersey)","39.5","-6","","","",""
"401532429","Bowling Green","41","Akron","14","Bowling Green -7.5","DraftKings","37.5","-7.5","-9","41.5","-285","230"
"401532429","Bowling Green","41","Akron","14","Bowling Green -7.0","Bovada","37","-7","-8","39.5","-320","260"
"401532429","Bowling Green","41","Akron","14","Bowling Green -7","William Hill (New Jersey)","37","-7","","","",""
"401532601","San Diego State","0","Nevada","6","San Diego State -11.5","DraftKings","48","-11.5","-13","49.5","-410","320"
"401532601","San Diego State","0","Nevada","6","San Diego State -11.0","Bovada","48.5","-11","-12.5","47.5","-480","350"
"401532601","San Diego State","0","Nevada","6","San Diego State -11","William Hill (New Jersey)","48.5","-11","","","",""
"401524039","Arizona","27","Oregon State","24","Oregon State -3.5","DraftKings","56.5","3.5","5","","130","-155"
"401524039","Arizona","27","Oregon State","24","Oregon State -3.0","Bovada","57.5","3","4","57","130","-150"
"401524039","Arizona","27","Oregon State","24","Oregon State -3","William Hill (New Jersey)","57.5","3","","","",""
"401532606","Fresno State","31","UNLV","24","Fresno State -7.5","DraftKings","57.5","-7.5","-7","","-425","330"
"401532606","Fresno State","31","UNLV","24","Fresno State -10.5","Bovada","55.5","-10.5","-8.5","58.5","-340","270"
"401532606","Fresno State","31","UNLV","24","Fresno State -10.5","William Hill (New Jersey)","56","-10.5","","","",""
"401520339","LSU","62","Army","0","LSU -33.0","Bovada","60.5","-33","-30.5","58.5","-10000","1600"
"401520339","LSU","62","Army","0","LSU -33","DraftKings","60","-33","-29.5","58","-10000","3000"
"401520339","LSU","62","Army","0","LSU -33","William Hill (New Jersey)","60","-33","","","",""
"401540432","Northwestern State","20","SE Louisiana","37","SE Louisiana -12.5","Bovada","51","12.5","12","51","",""
"401540432","Northwestern State","20","SE Louisiana","37","SE Louisiana -12.5","William Hill (New Jersey)","52","12.5","","","",""
"401532432","Ohio","16","Miami (OH)","30","Ohio -7.5","Bovada","39","-7.5","-7","40","-300","250"
"401532432","Ohio","16","Miami (OH)","30","Ohio -7","DraftKings","39.5","-7","-7","40","-298","240"
"401532432","Ohio","16","Miami (OH)","30","Ohio -7.5","William Hill (New Jersey)","39","-7.5","","","",""
"401520347","Florida International","16","Jacksonville State","41","Jacksonville State -9.5","Bovada","48","9.5","7.5","44","260","-320"
"401520347","Florida International","16","Jacksonville State","41","Jacksonville State -8","DraftKings","44","8","8","44","270","-340"
"401520347","Florida International","16","Jacksonville State","41","Jacksonville State -9","William Hill (New Jersey)","48","9","","","",""
"401531902","South Alabama","20","Louisiana","33","South Alabama -10.5","DraftKings","55","-10.5","-10","52.5","-440","340"
"401531902","South Alabama","20","Louisiana","33","South Alabama -11.5","Bovada","55","-11.5","-9.5","52","-440","330"
"401531902","South Alabama","20","Louisiana","33","South Alabama -11.5","William Hill (New Jersey)","55","-11.5","","","",""
"401520348","Sam Houston","34","UTEP","37","Sam Houston -3","DraftKings","36","-3","-3","36","-185","154"
"401520348","Sam Houston","34","UTEP","37","Sam Houston -4.0","Bovada","38","-4","-3","36","-185","160"
"401520348","Sam Houston","34","UTEP","37","Sam Houston -4","William Hill (New Jersey)","38.5","-4","","","",""
"401532604","Nevada","34","New Mexico","24","Nevada -1","DraftKings","49.5","-1","-1.5","50.5","-105","-115"
"401532604","Nevada","34","New Mexico","24","New Mexico -1.0","Bovada","49.5","1","-1","51","100","-120"
"401532604","Nevada","34","New Mexico","24","New Mexico -0","William Hill (New Jersey)","50","0","","","",""
"401520355","Nebraska","31","Purdue","14","Purdue -1.5","Bovada","39.5","1.5","-3","42","100","-120"
"401520355","Nebraska","31","Purdue","14","Nebraska -2.5","DraftKings","39.5","-2.5","-3","41.5","-105","-115"
"401520355","Nebraska","31","Purdue","14","Purdue -1","William Hill (New Jersey)","39.5","1","","","",""
"401525877","Texas","35","BYU","6","Texas -18.5","DraftKings","50","-18.5","-17.5","50.5","-1200","750"
"401525877","Texas","35","BYU","6","Texas -20.5","Bovada","49.5","-20.5","-19","50.5","-1200","700"
"401525877","Texas","35","BYU","6","Texas -20.5","William Hill (New Jersey)","48.5","-20.5","","","",""
"401531398","UTSA","41","East Carolina","27","UTSA -18.5","DraftKings","46","-18.5","-17","46","-1000","650"
"401531398","UTSA","41","East Carolina","27","UTSA -17.5","Bovada","48","-17.5","-17.5","46","-1000","625"
"401531398","UTSA","41","East Carolina","27","UTSA -17.5","William Hill (New Jersey)","48","-17.5","","","",""
"401520354","Minnesota","27","Michigan State","12","Minnesota -6.5","Bovada","41","-6.5","-7","40.5","-270","220"
"401520354","Minnesota","27","Michigan State","12","Minnesota -7","DraftKings","40","-7","-7","40.5","-230","190"
"401520354","Minnesota","27","Michigan State","12","Minnesota -6.5","William Hill (New Jersey)","41.5","-6.5","","","",""
"401520345","Louisiana Tech","24","New Mexico State","27","Louisiana Tech -3","DraftKings","52","-3","-4","","-155","130"
"401520345","Louisiana Tech","24","New Mexico State","27","Louisiana Tech -3.0","Bovada","55","-3","-2","51.5","-130","110"
"401520345","Louisiana Tech","24","New Mexico State","27","Louisiana Tech -3","William Hill (New Jersey)","55","-3","","","",""
"401525873","Baylor","18","Iowa State","30","Iowa State -3.0","Bovada","46.5","3","-1.5","47","130","-150"
"401525873","Baylor","18","Iowa State","30","Iowa State -2.5","DraftKings","47","2.5","1","47","130","-155"
"401525873","Baylor","18","Iowa State","30","Iowa State -3","William Hill (New Jersey)","47","3","","","",""
"401520350","Auburn","27","Mississippi State","13","Auburn -6.5","Bovada","40","-6.5","-6","43","-245","205"
"401520350","Auburn","27","Mississippi State","13","Auburn -6.5","DraftKings","41.5","-6.5","-7","43.5","-230","190"
"401520350","Auburn","27","Mississippi State","13","Auburn -6.5","William Hill (New Jersey)","40","-6.5","","","",""
"401525533","Virginia Tech","38","Syracuse","10","Virginia Tech -2.5","DraftKings","47","-2.5","-3","47","-142","120"
"401525533","Virginia Tech","38","Syracuse","10","Virginia Tech -2.5","Bovada","47","-2.5","-3","47","-145","125"
"401525533","Virginia Tech","38","Syracuse","10","Virginia Tech -2.5","William Hill (New Jersey)","47.5","-2.5","","","",""
"401520346","Western Kentucky","29","Liberty","42","Liberty -4","DraftKings","60","4","1.5","","164","-198"
"401520346","Western Kentucky","29","Liberty","42","Liberty -4.0","Bovada","61.5","4","3","60.5","185","-225"
"401520346","Western Kentucky","29","Liberty","42","Liberty -4","William Hill (New Jersey)","61.5","4","","","",""
"401525440","Notre Dame","58","Pittsburgh","7","Notre Dame -21.0","Bovada","46.5","-21","-18","46.5","-1500","775"
"401525440","Notre Dame","58","Pittsburgh","7","Notre Dame -20.5","DraftKings","44.5","-20.5","-18","46.5","-1450","850"
"401525440","Notre Dame","58","Pittsburgh","7","Notre Dame -21","William Hill (New Jersey)","45.5","-21","","","",""
"401531898","App State","48","Southern Miss","38","App State -16.0","Bovada","55.5","-16","-17","55.5","-850","550"
"401531898","App State","48","Southern Miss","38","App State -17","DraftKings","55","-17","-17.5","55.5","-800","550"
"401531898","App State","48","Southern Miss","38","App State -16","William Hill (New Jersey)","55.5","-16","","","",""
"401525538","Miami","29","Virginia","26","Miami -19.0","Bovada","48","-19","-18","50","-1100","650"
"401525538","Miami","29","Virginia","26","Miami -18.5","DraftKings","46.5","-18.5","-18","50","-1600","900"
"401525538","Miami","29","Virginia","26","Miami -18.5","William Hill (New Jersey)","48","-18.5","","","",""
"401525536","Wake Forest","16","Florida State","41","Florida State -20.5","DraftKings","51","20.5","20","53","850","-1450"
"401525536","Wake Forest","16","Florida State","41","Florida State -21.0","Bovada","53","21","20","53","775","-1500"
"401525536","Wake Forest","16","Florida State","41","Florida State -21","William Hill (New Jersey)","53.5","21","","","",""
"401524043","UCLA","28","Colorado","16","UCLA -17","DraftKings","63.5","-17","-15.5","","-600","440"
"401524043","UCLA","28","Colorado","16","UCLA -14.0","Bovada","60.5","-14","-17","64","-750","500"
"401524043","UCLA","28","Colorado","16","UCLA -14","William Hill (New Jersey)","60","-14","","","",""
"401531373","Rice","28","Tulane","30","Tulane -10.0","Bovada","55","10","10.5","54.5","320","-430"
"401531373","Rice","28","Tulane","30","Tulane -10.5","DraftKings","53.5","10.5","11.5","55","300","-380"
"401531373","Rice","28","Tulane","30","Tulane -10","William Hill (New Jersey)","55","10","","","",""
"401525537","Georgia Tech","46","North Carolina","42","North Carolina -11","DraftKings","64","11","11.5","63.5","380","-500"
"401525537","Georgia Tech","46","North Carolina","42","North Carolina -12.5","Bovada","65","12.5","12","63.5","350","-480"
"401525537","Georgia Tech","46","North Carolina","42","North Carolina -12","William Hill (New Jersey)","65.5","12","","","",""
"401524040","Arizona State","38","Washington State","27","Washington State -6","DraftKings","51","6","6.5","51.5","170","-205"
"401524040","Arizona State","38","Washington State","27","Washington State -4.0","Bovada","48.5","4","6.5","51.5","175","-210"
"401524040","Arizona State","38","Washington State","27","Washington State -4.5","William Hill (New Jersey)","49","4.5","","","",""
"401525875","Kansas State","41","Houston","0","Kansas State -17.5","DraftKings","58","-17.5","-17","60","-1050","675"
"401525875","Kansas State","41","Houston","0","Kansas State -18.5","Bovada","60.5","-18.5","-17","60.5","-950","600"
"401525875","Kansas State","41","Houston","0","Kansas State -17.5","William Hill (New Jersey)","61","-17.5","","","",""
"401525878","UCF","28","West Virginia","41","UCF -7","DraftKings","58","-7","-7","59.5","-258","210"
"401525878","UCF","28","West Virginia","41","UCF -6.5","Bovada","59","-6.5","-6","59.5","-275","225"
"401525878","UCF","28","West Virginia","41","UCF -6.5","William Hill (New Jersey)","59.5","-6.5","","","",""
"401525535","Louisville","23","Duke","0","Louisville -4.5","DraftKings","46","-4.5","-4","47","-198","164"
"401525535","Louisville","23","Duke","0","Louisville -5.0","Bovada","47","-5","-4","47","-235","195"
"401525535","Louisville","23","Duke","0","Louisville -5","William Hill (New Jersey)","47","-5","","","",""
"401531903","Texas State","13","Troy","31","Troy -6","DraftKings","53.5","6","6","52.5","215","-265"
"401531903","Texas State","13","Troy","31","Troy -6.5","Bovada","53.5","6.5","5.5","52.5","220","-270"
"401531903","Texas State","13","Troy","31","Troy -6.5","William Hill (New Jersey)","53","6.5","","","",""
"401520359","Texas A&M","30","South Carolina","17","Texas A&M -17.0","Bovada","51.5","-17","-13.5","54.5","-750","500"
"401520359","Texas A&M","30","South Carolina","17","Texas A&M -14.5","DraftKings","54","-14.5","-14","54.5","-850","575"
"401520359","Texas A&M","30","South Carolina","17","Texas A&M -17","William Hill (New Jersey)","51.5","-17","","","",""
"401524042","Stanford","33","Washington","42","Washington -28.0","Bovada","62","28","26.5","59.5","1300","-5000"
"401524042","Stanford","33","Washington","42","Washington -26.5","DraftKings","60.5","26.5","26.5","59.5","1700","-4500"
"401524042","Stanford","33","Washington","42","Washington -27.5","William Hill (New Jersey)","62","27.5","","","",""
"401520357","Ole Miss","33","Vanderbilt","7","Ole Miss -24.0","Bovada","63","-24","-25","63.5","-3300","1100"
"401520357","Ole Miss","33","Vanderbilt","7","Ole Miss -24.5","DraftKings","63.5","-24.5","-25.5","63.5","-2800","1300"
"401520357","Ole Miss","33","Vanderbilt","7","Ole Miss -24","William Hill (New Jersey)","62","-24","","","",""
"401531342","SMU","69","Tulsa","10","SMU -20.5","DraftKings","57","-20.5","-19.5","57","-1350","800"
"401531342","SMU","69","Tulsa","10","SMU -20.5","Bovada","55","-20.5","-19.5","57","-1300","725"
"401531342","SMU","69","Tulsa","10","SMU -20.5","William Hill (New Jersey)","55","-20.5","","","",""
"401531430","North Texas","42","Memphis","45","Memphis -7.5","DraftKings","69.5","7.5","7.5","67.5","205","-250"
"401531430","North Texas","42","Memphis","45","Memphis -6.5","Bovada","69.5","6.5","7.5","67.5","220","-270"
"401531430","North Texas","42","Memphis","45","Memphis -6.5","William Hill (New Jersey)","70","6.5","","","",""
"401532431","Eastern Michigan","21","Western Michigan","45","Western Michigan -3","DraftKings","46.5","3","1.5","44.5","130","-155"
"401532431","Eastern Michigan","21","Western Michigan","45","Western Michigan -3.0","Bovada","49.5","3","","44.5","130","-150"
"401532431","Eastern Michigan","21","Western Michigan","45","Western Michigan -3","William Hill (New Jersey)","50","3","","","",""
"401525876","Oklahoma State","45","Cincinnati","13","Oklahoma State -7.5","Bovada","53","-7.5","-8","54.5","-310","255"
"401525876","Oklahoma State","45","Cincinnati","13","Oklahoma State -7.5","DraftKings","53","-7.5","-7.5","54","-298","240"
"401525876","Oklahoma State","45","Cincinnati","13","Oklahoma State -7","William Hill (New Jersey)","53","-7","","","",""
"401531929","Georgia Southern","44","Georgia State","27","Georgia Southern -1.5","DraftKings","63","-1.5","-2.5","62","-115","-105"
"401531929","Georgia Southern","44","Georgia State","27","Georgia State -1.0","Bovada","63.5","1","-2.5","62","-110","-110"
"401531929","Georgia Southern","44","Georgia State","27","Georgia State -0","William Hill (New Jersey)","63","0","","","",""
"401520349","Army","14","Massachusetts","21","Army -10.0","Bovada","49","-10","-9","48","-360","280"
"401520349","Army","14","Massachusetts","21","Army -10","DraftKings","48","-10","-10","48","-380","300"
"401520349","Army","14","Massachusetts","21","Army -10","William Hill (New Jersey)","49.5","-10","","","",""
"401520358","Penn State","33","Indiana","24","Penn State -32","DraftKings","46","-32","-31","44.5","-8000","2200"
"401520358","Penn State","33","Indiana","24","Penn State -31.0","Bovada","45","-31","-31","44.5","-10000","1600"
"401520358","Penn State","33","Indiana","24","Penn State -31","William Hill (New Jersey)","45","-31","","","",""
"401531900","James Madison","30","Old Dominion","27","James Madison -20.5","DraftKings","49","-20.5","-17.5","49","-1450","850"
"401531900","James Madison","30","Old Dominion","27","James Madison -19.5","Bovada","48","-19.5","-17.5","49","-1400","750"
"401531900","James Madison","30","Old Dominion","27","James Madison -19.5","William Hill (New Jersey)","48","-19.5","","","",""
"401520351","Boston College","21","UConn","14","Boston College -14.5","DraftKings","51","-14.5","-13","52.5","-625","455"
"401520351","Boston College","21","UConn","14","Boston College -14.5","Bovada","49","-14.5","-12","52.5","-650","450"
"401520351","Boston College","21","UConn","14","Boston College -14.5","William Hill (New Jersey)","49","-14.5","","","",""
"401532605","Hawai'i","0","San José State","35","San José State -10","DraftKings","58.5","10","8.5","61","310","-395"
"401532605","Hawai'i","0","San José State","35","San José State -10.0","Bovada","57","10","8.5","61","315","-420"
"401532605","Hawai'i","0","San José State","35","San José State -10.5","William Hill (New Jersey)","57","10.5","","","",""
"401532607","Boise State","32","Wyoming","7","Boise State -5","DraftKings","49","-5","-5","50","-185","154"
"401532607","Boise State","32","Wyoming","7","Boise State -4.5","Bovada","48.5","-4.5","-5","49","-185","160"
"401532607","Boise State","32","Wyoming","7","Boise State -4.5","William Hill (New Jersey)","48.5","-4.5","","","",""
"401520356","Northwestern","33","Maryland","27","Maryland -14.5","Bovada","49","14.5","13","48.5","430","-625"
"401520356","Northwestern","33","Maryland","27","Maryland -13.5","DraftKings","48.5","13.5","13.5","49","455","-625"
"401520356","Northwestern","33","Maryland","27","Maryland -14","William Hill (New Jersey)","48.5","14","","","",""
"401531407","Charlotte","16","Florida Atlantic","38","Florida Atlantic -3.5","Bovada","45","3.5","6","42","145","-170"
"401531407","Charlotte","16","Florida Atlantic","38","Florida Atlantic -4","DraftKings","42","4","5","41","136","-162"
"401531407","Charlotte","16","Florida Atlantic","38","Florida Atlantic -3.5","William Hill (New Jersey)","45.5","3.5","","","",""
"401532603","Colorado State","13","Air Force","30","Air Force -13","DraftKings","48","13","12","49.5","455","-625"
"401532603","Colorado State","13","Air Force","30","Air Force -14.5","Bovada","47.5","14.5","11.5","50","430","-625"
"401532603","Colorado State","13","Air Force","30","Air Force -14.5","William Hill (New Jersey)","47","14.5","","","",""
"401520353","Kentucky","27","Tennessee","33","Tennessee -3.5","Bovada","50","3.5","4","51.5","150","-175"
"401520353","Kentucky","27","Tennessee","33","Tennessee -3.5","DraftKings","51.5","3.5","3.5","","154","-185"
"401520353","Kentucky","27","Tennessee","33","Tennessee -4","William Hill (New Jersey)","50.5","4","","","",""
"401531910","Texas State","45","Georgia Southern","24","Texas State -2.5","Bovada","68.5","-2.5","1.5","71","105","-125"
"401531910","Texas State","45","Georgia Southern","24","Georgia Southern -2","DraftKings","69","2","2.5","","-135","114"
"401532433","Central Michigan","37","Northern Illinois","31","Northern Illinois -6.5","Bovada","48","6.5","3.5","45.5","180","-220"
"401532433","Central Michigan","37","Northern Illinois","31","Northern Illinois -3","DraftKings","","3","3","","205","-250"
"401525543","Louisville","34","Virginia Tech","3","Louisville -10.0","Bovada","48.5","-10","-10.5","48.5","-390","295"
"401525543","Louisville","34","Virginia Tech","3","Louisville -9.5","DraftKings","48.5","-9.5","-10","","-340","270"
"401520379","Vanderbilt","15","Auburn","31","Auburn -12.5","DraftKings","49","12.5","13","","390","-520"
"401520379","Vanderbilt","15","Auburn","31","Auburn -12.5","Bovada","50","12.5","12.5","49","360","-500"
"401532612","San Diego State","24","Utah State","32","Utah State -2.5","DraftKings","56.5","2.5","1","","114","-135"
"401532612","San Diego State","24","Utah State","32","Utah State -2.0","Bovada","56.5","2","2.5","56","115","-135"
"401540326","Hampton","3","Delaware","47","Delaware -14","William Hill (New Jersey)","52","14","","","",""
"401540105","Youngstown State","41","Illinois State","38","Youngstown State -8","William Hill (New Jersey)","57","-8","","","",""
"401540425","Eastern Illinois","25","Bryant","24","Eastern Illinois -4","William Hill (New Jersey)","46","-4","","","",""
"401540620","Samford","37","The Citadel","7","Samford -24","Caesars Sportsbook (Colorado)","51.5","-24","","","",""
"401540081","Dartmouth","34","Lehigh","17","Dartmouth -17","Caesars Sportsbook (Colorado)","41","-17","","","",""
"401540599","Furman","38","Mercer","14","Furman -10.5","Caesars Sportsbook (Colorado)","50.5","-10.5","","","",""
"401540102","Illinois State","48","Lindenwood","17","Illinois State -21","Caesars Sportsbook (Colorado)","55.5","-21","","","",""
"401540390","Eastern Illinois","31","McNeese","28","Eastern Illinois -12","Caesars Sportsbook (Colorado)","47.5","-12","","","",""
"401540048","Bucknell","21","Pennsylvania","37","Pennsylvania -12","Caesars Sportsbook (Colorado)","35.5","12","","","",""
"401540455","Valparaiso","30","Marist","36","Valparaiso -9","Caesars Sportsbook (Colorado)","53","-9","","","",""
"401540073","Lafayette","28","Monmouth","20","Monmouth -7","Caesars Sportsbook (Colorado)","43","7","","","",""
"401540573","Stony Brook","19","Richmond","20","Richmond -13","Caesars Sportsbook (Colorado)","34.5","13","","","",""
"401540622","VMI","17","Wofford","14","VMI -4","Caesars Sportsbook (Colorado)","35.5","-4","","","",""
"401540549","Villanova","35","Rhode Island","9","Villanova -3.5","Caesars Sportsbook (Colorado)","48","-3.5","","","",""
"401540058","Columbia","30","Georgetown","0","Columbia -6.5","Caesars Sportsbook (Colorado)","35","-6.5","","","",""
"401540157","Grambling","35","Texas Southern","23","Grambling -3","Caesars Sportsbook (Colorado)","63.5","-3","","","",""
"401540414","Elon","28","Monmouth","26","Monmouth -3","Caesars Sportsbook (Colorado)","52","3","","","",""
"401540500","Tennessee Tech","3","Southeast Missouri State","28","Southeast Missouri State -17.5","William Hill (New Jersey)","49","17.5","","","",""
"401540602","Western Carolina","17","Furman","29","Western Carolina -3","William Hill (New Jersey)","64","-3","","","",""
"401540062","Georgetown","18","Colgate","28","Georgetown -4","William Hill (New Jersey)","44","-4","","","",""
"401540128","Arkansas-Pine Bluff","7","Alcorn State","31","Alcorn State -14","William Hill (New Jersey)","45.5","14","","","",""
"401540350","Missouri State","28","Murray State","24","Missouri State -19","William Hill (New Jersey)","55","-19","","","",""
"401540379","Lamar","7","Incarnate Word","17","Incarnate Word -15","William Hill (New Jersey)","51","15","","","",""
"401540426","Charleston Southern","24","Bryant","47","Bryant -1.5","William Hill (New Jersey)","46.5","1.5","","","",""
"401540316","Campbell","34","Maine","28","Campbell -13","William Hill (New Jersey)","61","-13","","","",""
"401540385","North Dakota State","52","Western Illinois","7","North Dakota State -36.5","William Hill (New Jersey)","60.5","-36.5","","","",""
"401540448","Southern Illinois","10","South Dakota State","17","South Dakota State -14","William Hill (New Jersey)","47.5","14","","","",""
"401540475","UT Martin","17","Charleston Southern","0","UT Martin -20","William Hill (New Jersey)","53.5","-20","","","",""
"401540531","Stony Brook","14","New Hampshire","45","New Hampshire -17.5","William Hill (New Jersey)","52","17.5","","","",""
"401540571","UAlbany","35","Rhode Island","10","UAlbany -3.5","William Hill (New Jersey)","52","-3.5","","","",""
"401540496","Tennessee State","43","Lindenwood","20","Tennessee State -11.5","Caesars Sportsbook (Colorado)","54","-11.5","","","",""
"401540161","Mississippi Valley State","6","Jackson State","21","Jackson State -19.5","William Hill (New Jersey)","48","19.5","","","",""
"401540373","Northern Iowa","27","North Dakota","0","North Dakota -4.5","William Hill (New Jersey)","59","4.5","","","",""
"401540612","Mercer","31","Wofford","17","Mercer -18.5","William Hill (New Jersey)","42.5","-18.5","","","",""
"401540516","San Diego","20","Drake","25","Drake -4","William Hill (New Jersey)","50","4","","","",""
"401532396","Central Michigan","45","New Hampshire","42","Central Michigan -7","William Hill (New Jersey)","48.5","-7","","","",""
"401525469","Louisville","56","Murray State","0","Louisville -43.5","William Hill (New Jersey)","55.5","-43.5","","","",""
"401531844","South Alabama","35","SE Louisiana","17","South Alabama -24","William Hill (New Jersey)","59.5","-24","","","",""
"401540216","Tarleton State","42","Morehead State","0","Tarleton State -22","William Hill (New Jersey)","60.5","-22","","","",""
"401540240","Eastern Washington","31","Weber State","23","Eastern Washington -5","William Hill (New Jersey)","57","-5","","","",""
"401541631","Stephen F. Austin","27","Abilene Christian","34","Stephen F. Austin -7.5","William Hill (New Jersey)","58","-7.5","","","",""
"401540628","UAlbany","34","Fordham","13","UAlbany -4.5","William Hill (New Jersey)","59","-4.5","","","",""
"401539999","Jackson State","37","South Carolina State","7","Jackson State -9.5","William Hill (New Jersey)","45.5","-9.5","","","",""
"401540285","Nicholls","24","Sacramento State","38","Sacramento State -23.5","William Hill (New Jersey)","54.5","23.5","","","",""
"401525815","Kansas","48","Missouri State","17","Kansas -32.5","William Hill (New Jersey)","60.5","-32.5","","","",""
"401531426","Memphis","56","Bethune-Cookman","14","Memphis -49","William Hill (New Jersey)","59.5","-49","","","",""
"401525821","Kansas State","45","Southeast Missouri State","0","Kansas State -28.5","William Hill (New Jersey)","56.5","-28.5","","","",""
"401540451","Youngstown State","52","Valparaiso","10","Youngstown State -36","William Hill (New Jersey)","51.5","-36","","","",""
"401540534","Furman","45","Tennessee Tech","10","Furman -27","William Hill (New Jersey)","49.5","-27","","","",""
"401540323","Stony Brook","13","Delaware","37","Delaware -15","William Hill (New Jersey)","45.5","15","","","",""
"401540278","Abilene Christian","31","Northern Colorado","11","Abilene Christian -13.5","William Hill (New Jersey)","51.5","-13.5","","","",""
"401540244","Lamar","17","Idaho","42","Idaho -25.5","William Hill (New Jersey)","55.5","25.5","","","",""
"401540178","Southern Utah","45","Austin Peay","48","Austin Peay -8","William Hill (New Jersey)","51.5","8","","","",""
"401540231","Cal Poly","24","Northern Colorado","17","Northern Colorado -2.5","William Hill (New Jersey)","55","2.5","","","",""
"401540152","Texas Southern","21","Florida A&M","31","Florida A&M -17.5","William Hill (New Jersey)","55.5","17.5","","","",""
"401532399","Akron","24","Morgan State","21","Akron -25","William Hill (New Jersey)","46","-25","","","",""
"401520197","Louisiana Tech","51","Northwestern State","21","Louisiana Tech -23","William Hill (New Jersey)","58.5","-23","","","",""
"401531422","South Florida","38","Florida A&M","24","South Florida -20","William Hill (New Jersey)","63","-20","","","",""
"401520212","South Carolina","47","Furman","21","South Carolina -18","William Hill (New Jersey)","52.5","-18","","","",""
"401525833","West Virginia","56","Duquesne","17","West Virginia -38.5","William Hill (New Jersey)","55.5","-38.5","","","",""
"401532401","Buffalo","37","Fordham","40","Buffalo -23.5","William Hill (New Jersey)","55.5","-23.5","","","",""
"401520218","Western Kentucky","52","Houston Christian","22","Western Kentucky -41.5","William Hill (New Jersey)","64.5","-41.5","","","",""
"401520199","LSU","72","Grambling","10","LSU -56.5","William Hill (New Jersey)","61.5","-56.5","","","",""
"401532402","Ball State","45","Indiana State","7","Ball State -26","William Hill (New Jersey)","45","-26","","","",""
"401540267","Montana State","57","Stetson","20","Montana State -45.5","William Hill (New Jersey)","59.5","-45.5","","","",""
"401540488","Maine","17","Rhode Island","34","Rhode Island -11","Caesars Sportsbook (Colorado)","53","11","","","",""
"401532579","Utah State","78","Idaho State","28","Utah State -24","William Hill (New Jersey)","61","-24","","","",""
"401531388","Temple","41","Norfolk State","9","Temple -30.5","William Hill (New Jersey)","55","-30.5","","","",""
"401525832","TCU","41","Nicholls","6","TCU -41.5","William Hill (New Jersey)","59.5","-41.5","","","",""
"401549200","Colgate","6","Pennsylvania","20","Pennsylvania -9.5","William Hill (New Jersey)","46.5","9.5","","","",""
"401524012","Utah","31","Weber State","7","Utah -26.5","William Hill (New Jersey)","44","-26.5","","","",""
"401525834","Baylor","30","Long Island University","7","Baylor -44","William Hill (New Jersey)","54","-44","","","",""
"401525499","Miami","48","Bethune-Cookman","7","Miami -54","William Hill (New Jersey)","63.5","-54","","","",""
"401540375","South Dakota","35","Lamar","6","South Dakota -24","William Hill (New Jersey)","48","-24","","","",""
"401540080","Lehigh","20","Cornell","23","Cornell -3.5","William Hill (New Jersey)","45.5","3.5","","","",""
"401540101","Eastern Illinois","14","Illinois State","13","Illinois State -11.5","William Hill (New Jersey)","41.5","11.5","","","",""
"401525502","NC State","45","VMI","7","NC State -42.5","William Hill (New Jersey)","51","-42.5","","","",""
"401524013","Washington State","64","Northern Colorado","21","Washington State -48","William Hill (New Jersey)","55","-48","","","",""
"401540452","Youngstown State","48","Robert Morris","28","Youngstown State -28.5","William Hill (New Jersey)","50.5","-28.5","","","",""
"401532404","Kent State","38","Central Connecticut","10","Kent State -21.5","William Hill (New Jersey)","46.5","-21.5","","","",""
"401524011","UCLA","59","North Carolina Central","7","UCLA -35","William Hill (New Jersey)","60.5","-35","","","",""
"401524006","California","31","Idaho","17","California -14.5","William Hill (New Jersey)","52.5","-14.5","","","",""
"401531843","UL Monroe","24","Lamar","14","UL Monroe -26","William Hill (New Jersey)","48.5","-26","","","",""
"401525841","Texas Tech","41","Tarleton State","3","Texas Tech -36.5","William Hill (New Jersey)","75.5","-36.5","","","",""
"401539988","Towson","14","Norfolk State","21","Towson -17.5","William Hill (New Jersey)","40.5","-17.5","","","",""
"401531438","SMU","69","Prairie View A&M","0","SMU -42.5","William Hill (New Jersey)","63.5","-42.5","","","",""
"401525843","UCF","48","Villanova","14","UCF -26.5","William Hill (New Jersey)","54","-26.5","","","",""
"401539995","North Carolina Central","45","Mississippi Valley State","3","North Carolina Central -24.5","Caesars Sportsbook (Colorado)","47.5","-24.5","","","",""
"401540489","William & Mary","28","Maine","3","William & Mary -17.5","Caesars Sportsbook (Colorado)","35.5","-17.5","","","",""
"401540045","Wagner","30","Merrimack","27","Merrimack -11.5","William Hill (New Jersey)","35","11.5","","","",""
"401540227","Portland State","59","Cal Poly","21","Portland State -10.5","William Hill (New Jersey)","65.5","-10.5","","","",""
"401540067","Holy Cross","47","Colgate","7","Holy Cross -31","Caesars Sportsbook (Colorado)","55","-31","","","",""
"401540583","Samford","24","Chattanooga","47","Samford -6.5","Caesars Sportsbook (Colorado)","56","-6.5","","","",""
"401540422","Princeton","13","Bryant","16","Princeton -10.5","Caesars Sportsbook (Colorado)","38","-10.5","","","",""
"401540087","Alabama A&M","31","Arkansas-Pine Bluff","24","Alabama A&M -9.5","William Hill (New Jersey)","50.5","-9.5","","","",""
"401540142","Jackson State","22","Bethune-Cookman","16","Jackson State -20.5","William Hill (New Jersey)","50.5","-20.5","","","",""
"401540472","Western Carolina","77","Charleston Southern","21","Western Carolina -22","Caesars Sportsbook (Colorado)","48","-22","","","",""
"401540529","St. Thomas (MN)","35","Morehead State","28","St. Thomas (MN) -16","Caesars Sportsbook (Colorado)","49.5","-16","","","",""
"401531847","Texas State","77","Jackson State","34","Texas State -17.5","William Hill (New Jersey)","61.5","-17.5","","","",""
"401524010","Stanford","23","Sacramento State","30","Stanford -7","William Hill (New Jersey)","60.5","-7","","","",""
"401520234","Middle Tennessee","35","Murray State","14","Middle Tennessee -34.5","William Hill (New Jersey)","51","-34.5","","","",""
"401531845","Coastal Carolina","66","Duquesne","7","Coastal Carolina -35","William Hill (New Jersey)","55.5","-35","","","",""
"401531846","Arkansas State","31","Stony Brook","7","Arkansas State -24","William Hill (New Jersey)","47.5","-24","","","",""
"401531441","Rice","59","Texas Southern","7","Rice -35.5","William Hill (New Jersey)","60","-35.5","","","",""
"401539981","Yale","45","Morgan State","3","Yale -15.5","William Hill (New Jersey)","39","-15.5","","","",""
"401540522","Marist","34","Stetson","24","Stetson -2.5","William Hill (New Jersey)","54.5","2.5","","","",""
"401540268","Weber State","0","Montana State","40","Montana State -7","William Hill (New Jersey)","54.5","7","","","",""
"401540335","Pennsylvania","20","Dartmouth","23","Pennsylvania -2","William Hill (New Jersey)","38.5","-2","","","",""
"401540082","Monmouth","49","Lehigh","7","Monmouth -15.5","Caesars Sportsbook (Colorado)","53","-15.5","","","",""
"401540400","Davidson","55","San Diego","33","Davidson -6","William Hill (New Jersey)","49","-6","","","",""
"401541632","Princeton","10","Columbia","7","Princeton -6.5","Caesars Sportsbook (Colorado)","40.5","-6.5","","","",""
"401534852","Robert Morris","10","Howard","35","Howard -9.5","William Hill (New Jersey)","59","9.5","","","",""
"401540005","Brown","42","Central Connecticut","20","Brown -14.5","William Hill (New Jersey)","53.5","-14.5","","","",""
"401540013","Long Island University","28","Duquesne","31","Long Island University -3.5","William Hill (New Jersey)","47.5","-3.5","","","",""
"401540356","SE Louisiana","19","Houston Christian","34","SE Louisiana -28.5","William Hill (New Jersey)","64.5","-28.5","","","",""
"401540030","Sacred Heart","7","Merrimack","17","Sacred Heart -2.5","William Hill (New Jersey)","41.5","-2.5","","","",""
"401540207","Southern Utah","37","Western Illinois","17","Southern Utah -18.5","William Hill (New Jersey)","58.5","-18.5","","","",""
"401540237","UC Davis","24","Eastern Washington","27","UC Davis -7","William Hill (New Jersey)","62.5","-7","","","",""
"401540050","Bucknell","27","Holy Cross","55","Holy Cross -29","William Hill (New Jersey)","64.5","29","","","",""
"401540060","Pennsylvania","42","Georgetown","39","Pennsylvania -15.5","William Hill (New Jersey)","41.5","-15.5","","","",""
"401540074","Princeton","9","Lafayette","12","Princeton -5.5","Caesars Sportsbook (Colorado)","39.5","-5.5","","","",""
"401540083","Fordham","38","Lehigh","35","Fordham -20.5","William Hill (New Jersey)","55.5","-20.5","","","",""
"401540469","Morehead State","31","Dayton","7","Dayton -4","William Hill (New Jersey)","54.5","4","","","",""
"401540378","SE Louisiana","24","Lamar","30","SE Louisiana -15","William Hill (New Jersey)","47.5","-15","","","",""
"401540424","Bryant","43","Robert Morris","24","Bryant -10.5","William Hill (New Jersey)","51","-10.5","","","",""
"401540586","Mercer","10","Chattanooga","22","Mercer -1","William Hill (New Jersey)","50","-1","","","",""
"401539990","Tennessee State","24","Norfolk State","17","Tennessee State -9.5","William Hill (New Jersey)","50.5","-9.5","","","",""
"401540168","Houston Christian","30","Prairie View A&M","0","Prairie View A&M -2","William Hill (New Jersey)","56","2","","","",""
"401540188","Central Arkansas","24","Stephen F. Austin","21","Central Arkansas -7.5","William Hill (New Jersey)","64.5","-7.5","","","",""
"401540239","Idaho State","42","Eastern Washington","41","Eastern Washington -12.5","William Hill (New Jersey)","69","12.5","","","",""
"401540349","Western Illinois","7","Missouri State","48","Missouri State -17","William Hill (New Jersey)","56","17","","","",""
"401540351","Youngstown State","44","Missouri State","28","Youngstown State -10","William Hill (New Jersey)","64.5","-10","","","",""
"401540303","North Dakota","36","Indiana State","33","North Dakota -26","William Hill (New Jersey)","52.5","-26","","","",""
"401540037","Saint Francis","28","Merrimack","21","Saint Francis -1.5","William Hill (New Jersey)","48.5","-1.5","","","",""
"401540053","Colgate","34","Bucknell","49","Colgate -7.5","William Hill (New Jersey)","50.5","-7.5","","","",""
"401540070","Fordham","47","Holy Cross","49","Holy Cross -10","William Hill (New Jersey)","71","10","","","",""
"401540106","Illinois State","21","Northern Iowa","24","Northern Iowa -1.5","William Hill (New Jersey)","54.5","1.5","","","",""
"401540532","Rhode Island","34","New Hampshire","28","New Hampshire -4.5","William Hill (New Jersey)","64","4.5","","","",""
"401540459","Butler","17","Valparaiso","7","Butler -13","William Hill (New Jersey)","47.5","-13","","","",""
"401540419","Hampton","26","North Carolina A&T","24","Hampton -4","William Hill (New Jersey)","44","-4","","","",""
"401540330","Cornell","3","Princeton","14","Princeton -5.5","Caesars Sportsbook (Colorado)","41","5.5","","","",""
"401540486","Gardner-Webb","38","UT Martin","34","UT Martin -6","William Hill (New Jersey)","51.5","6","","","",""
"401540492","Maine","21","UAlbany","37","UAlbany -11","William Hill (New Jersey)","48.5","11","","","",""
"401539984","Norfolk State","28","Morgan State","32","Morgan State -0","William Hill (New Jersey)","38","0","","","",""
"401540517","Drake","33","Stetson","7","Drake -14","William Hill (New Jersey)","51","-14","","","",""
"401540504","William & Mary","31","Monmouth","28","William & Mary -2.5","Caesars Sportsbook (Colorado)","52.5","-2.5","","","",""
"401540588","VMI","23","Chattanooga","24","Chattanooga -18.5","William Hill (New Jersey)","45.5","18.5","","","",""
"401540063","Georgetown","25","Lafayette","35","Lafayette -9.5","William Hill (New Jersey)","45","9.5","","","",""
"401540393","McNeese","24","Incarnate Word","35","Incarnate Word -22","William Hill (New Jersey)","56.5","22","","","",""
"401540129","Alcorn State","24","Mississippi Valley State","3","Alcorn State -19.5","Caesars Sportsbook (Colorado)","39.5","-19.5","","","",""
"401540137","Arkansas-Pine Bluff","14","Jackson State","40","Jackson State -21","Caesars Sportsbook (Colorado)","50","21","","","",""
"401541634","Yale","35","Columbia","7","Yale -7.5","William Hill (New Jersey)","40.5","-7.5","","","",""
"401540145","Grambling","28","Bethune-Cookman","14","Grambling -7","Caesars Sportsbook (Colorado)","54.5","-7","","","",""
"401540497","Robert Morris","13","Tennessee Tech","38","Tennessee Tech -0","William Hill (New Jersey)","42.5","0","","","",""
"401540501","Nicholls","31","Southeast Missouri State","35","Southeast Missouri State -3.5","Caesars Sportsbook (Colorado)","49","3.5","","","",""
"401540209","Southern Utah","52","Abilene Christian","14","Southern Utah -3.5","Caesars Sportsbook (Colorado)","56","-3.5","","","",""
"401540262","Montana","40","Northern Colorado","0","Montana -23.5","Caesars Sportsbook (Colorado)","46.5","-23.5","","","",""
"401540526","St. Thomas (MN)","49","Marist","14","St. Thomas (MN) -10.5","William Hill (New Jersey)","46.5","-10.5","","","",""
"401540576","Villanova","48","Stony Brook","13","Villanova -27.5","William Hill (New Jersey)","46.5","-27.5","","","",""
"401540594","Furman","16","East Tennessee State","8","Furman -24","William Hill (New Jersey)","51.5","-24","","","",""
"401540443","South Dakota","3","South Dakota State","37","South Dakota State -14.5","William Hill (New Jersey)","47","14.5","","","",""
"401540613","Western Carolina","38","Mercer","45","Western Carolina -8","Caesars Sportsbook (Colorado)","56","-8","","","",""
"401534855","Delaware State","10","Howard","17","Howard -19","William Hill (New Jersey)","53.5","19","","","",""
"401540241","Portland State","47","Eastern Washington","35","Eastern Washington -2.5","William Hill (New Jersey)","68.5","2.5","","","",""
"401540111","Alabama State","31","Alabama A&M","16","Alabama State -2.5","William Hill (New Jersey)","47.5","-2.5","","","",""
"401540247","Idaho","24","Montana State","21","Montana State -6","William Hill (New Jersey)","60","6","","","",""
"401540276","Northern Arizona","38","UC Davis","21","UC Davis -3","William Hill (New Jersey)","54","3","","","",""
"401540317","Richmond","44","Campbell","13","Richmond -2","William Hill (New Jersey)","58.5","-2","","","",""
"401540327","Towson","13","Delaware","51","Delaware -9.5","William Hill (New Jersey)","52.5","9.5","","","",""
"401540153","Florida A&M","45","Prairie View A&M","7","Florida A&M -20","William Hill (New Jersey)","51","-20","","","",""
"401540179","Austin Peay","49","North Alabama","39","Austin Peay -21","William Hill (New Jersey)","60.5","-21","","","",""
"401540189","Central Arkansas","23","Tarleton State","25","Central Arkansas -11","William Hill (New Jersey)","61","-11","","","",""
"401540171","Southern","23","Texas Southern","17","Southern -11","William Hill (New Jersey)","50","-11","","","",""
"401540339","Harvard","17","Dartmouth","9","Harvard -8.5","William Hill (New Jersey)","45.5","-8.5","","","",""
"401540366","North Dakota State","38","Murray State","6","North Dakota State -32.5","William Hill (New Jersey)","54.5","-32.5","","","",""
"401540449","Western Illinois","0","Southern Illinois","63","Southern Illinois -28","William Hill (New Jersey)","51.5","28","","","",""
"401532577","New Mexico","56","Tennessee Tech","10","New Mexico -16","William Hill (New Jersey)","51.5","-16","","","",""
"401532575","Hawai'i","31","UAlbany","20","Hawai'i -10.5","William Hill (New Jersey)","58.5","-10.5","","","",""
"401532408","Miami (OH)","62","Delaware State","20","Miami (OH) -40.5","Caesars Sportsbook (Colorado)","49.5","-40.5","","","",""
"401520290","Rutgers","52","Wagner","3","Rutgers -46","Caesars Sportsbook (Colorado)","52.5","-46","","","",""
"401520306","Northwestern","23","Howard","20","Northwestern -23","William Hill (New Jersey)","51","-23","","","",""
"401520221","Auburn","45","Samford","13","Auburn -37.5","William Hill (New Jersey)","62","-37.5","","","",""
"401532582","Boise State","42","North Dakota","18","Boise State -15","William Hill (New Jersey)","58","-15","","","",""
"401532393","Western Michigan","35","Saint Francis","17","Western Michigan -14","William Hill (New Jersey)","58","-14","","","",""
"401532394","Eastern Michigan","33","Howard","23","Eastern Michigan -20","William Hill (New Jersey)","55.5","-20","","","",""
"401531413","East Carolina","44","Gardner-Webb","0","East Carolina -13","William Hill (New Jersey)","51","-13","","","",""
"401531349","Tulane","36","Nicholls","7","Tulane -38","William Hill (New Jersey)","55.5","-38","","","",""
"401531436","North Texas","45","Abilene Christian","31","North Texas -15.5","William Hill (New Jersey)","70.5","-15.5","","","",""
"401540370","South Dakota State","42","North Dakota","21","South Dakota State -18.5","Caesars Sportsbook (Colorado)","54.5","-18.5","","","",""
"401540423","Rhode Island","49","Bryant","26","Rhode Island -11.5","William Hill (New Jersey)","56.5","-11.5","","","",""
"401540509","New Hampshire","51","Towson","54","New Hampshire -20","Caesars Sportsbook (Colorado)","55","-20","","","",""
"401540193","Eastern Kentucky","41","Southeast Missouri State","38","Southeast Missouri State -3.5","William Hill (New Jersey)","61.5","3.5","","","",""
"401540314","Campbell","24","Elon","28","Campbell -4.5","William Hill (New Jersey)","57.5","-4.5","","","",""
"401540049","Lafayette","56","Bucknell","22","Lafayette -13","Caesars Sportsbook (Colorado)","40","-13","","","",""
"401540126","Alcorn State","20","Prairie View A&M","23","Alcorn State -6.5","William Hill (New Jersey)","50.5","-6.5","","","",""
"401540467","San Diego","40","Dayton","25","San Diego -3.5","William Hill (New Jersey)","47.5","-3.5","","","",""
"401540555","Butler","27","Presbyterian","17","Butler -21","William Hill (New Jersey)","50.5","-21","","","",""
"401540245","Idaho","36","Sacramento State","27","Idaho -2.5","William Hill (New Jersey)","57.5","-2.5","","","",""
"401540260","Northern Arizona","28","Montana","14","Montana -17","William Hill (New Jersey)","52.5","17","","","",""
"401540468","Dayton","14","St. Thomas (MN)","20","St. Thomas (MN) -4","William Hill (New Jersey)","54.5","4","","","",""
"401539980","Morgan State","17","UAlbany","23","UAlbany -13","William Hill (New Jersey)","35.5","13","","","",""
"401540175","Stephen F. Austin","20","Austin Peay","22","Austin Peay -1.5","William Hill (New Jersey)","61.5","1.5","","","",""
"401540117","Florida A&M","23","Alabama State","10","Florida A&M -17","William Hill (New Jersey)","44","-17","","","",""
"401540280","Northern Colorado","21","Weber State","28","Weber State -22.5","Caesars Sportsbook (Colorado)","50.5","22.5","","","",""
"401540000","South Carolina State","31","The Citadel","10","South Carolina State -4.5","William Hill (New Jersey)","40.5","-4.5","","","",""
"401540252","Idaho State","35","Northern Colorado","21","Idaho State -6.5","William Hill (New Jersey)","67","-6.5","","","",""
"401540490","Maine","56","Stony Brook","28","Maine -6","Caesars Sportsbook (Colorado)","40.5","-6","","","",""
"401540591","Samford","42","East Tennessee State","28","Samford -17.5","William Hill (New Jersey)","59.5","-17.5","","","",""
"401540606","UAlbany","31","Villanova","10","Villanova -4","Caesars Sportsbook (Colorado)","49.5","4","","","",""
"401525522","Virginia","27","William & Mary","13","Virginia -10","William Hill (New Jersey)","42","-10","","","",""
"401540336","Dartmouth","24","Yale","31","Yale -4.5","William Hill (New Jersey)","42","4.5","","","",""
"401540556","Presbyterian","24","Stetson","28","Presbyterian -1.5","William Hill (New Jersey)","53.5","-1.5","","","",""
"401540563","St. Thomas (MN)","17","Butler","10","St. Thomas (MN) -2","William Hill (New Jersey)","45.5","-2","","","",""
"401539998","North Carolina Central","62","South Carolina State","28","North Carolina Central -14.5","William Hill (New Jersey)","51.5","-14.5","","","",""
"401540194","North Alabama","22","Eastern Kentucky","32","Eastern Kentucky -7","William Hill (New Jersey)","62.5","7","","","",""
"401540150","Mississippi Valley State","7","Florida A&M","31","Florida A&M -30.5","William Hill (New Jersey)","45.5","30.5","","","",""
"401539996","North Carolina Central","49","Campbell","48","Campbell -2.5","William Hill (New Jersey)","62.5","2.5","","","",""
"401540357","Houston Christian","19","Lamar","21","Houston Christian -2.5","William Hill (New Jersey)","55.5","-2.5","","","",""
"401540238","Eastern Washington","36","Idaho","44","Idaho -7.5","William Hill (New Jersey)","63","7.5","","","",""
"401540253","Montana","28","Idaho State","20","Montana -21","William Hill (New Jersey)","56.5","-21","","","",""
"401540391","McNeese","10","Nicholls","31","Nicholls -7","William Hill (New Jersey)","53.5","7","","","",""
"401540584","Wofford","13","Chattanooga","23","Chattanooga -17.5","William Hill (New Jersey)","49.5","17.5","","","",""
"401540118","Alabama State","20","Alcorn State","23","Alabama State -2","William Hill (New Jersey)","37.5","-2","","","",""
"401540292","Brown","30","Rhode Island","34","Rhode Island -10","William Hill (New Jersey)","63.5","10","","","",""
"401540309","Harvard","41","Cornell","23","Harvard -12.5","William Hill (New Jersey)","48","-12.5","","","",""
"401540158","Prairie View A&M","20","Grambling","35","Grambling -2","William Hill (New Jersey)","60.5","2","","","",""
"401540186","Southern Utah","27","Central Arkansas","29","Central Arkansas -8","William Hill (New Jersey)","57.5","8","","","",""
"401540523","Columbia","16","Marist","0","Columbia -21.5","William Hill (New Jersey)","45","-21.5","","","",""
"401540021","Long Island University","23","Sacred Heart","13","Long Island University -7.5","William Hill (New Jersey)","42","-7.5","","","",""
"401540269","Montana State","38","Portland State","22","Montana State -24.5","William Hill (New Jersey)","65.5","-24.5","","","",""
"401540215","SE Louisiana","13","Tarleton State","14","SE Louisiana -3.5","William Hill (New Jersey)","67.5","-3.5","","","",""
"401540300","Murray State","30","Indiana State","28","Indiana State -2","William Hill (New Jersey)","45.5","2","","","",""
"401540430","Northwestern State","10","Eastern Illinois","19","Eastern Illinois -6.5","William Hill (New Jersey)","49.5","6.5","","","",""
"401540228","Cal Poly","13","UC Davis","31","UC Davis -23","William Hill (New Jersey)","58","23","","","",""
"401540273","Sacramento State","31","Northern Arizona","30","Sacramento State -20","William Hill (New Jersey)","59.5","-20","","","",""
"401540542","UT Martin","20","Tennessee State","10","UT Martin -20.5","William Hill (New Jersey)","55.5","-20.5","","","",""
"401540611","Mercer","38","VMI","3","Mercer -20","William Hill (New Jersey)","41","-20","","","",""
"401534853","Harvard","48","Howard","7","Harvard -8","William Hill (New Jersey)","60.5","-8","","","",""
"401540293","Brown","28","Princeton","27","Princeton -3","Caesars Sportsbook (Colorado)","51","3","","","",""
"401540524","Marist","30","San Diego","16","San Diego -3","William Hill (New Jersey)","54.5","3","","","",""
"401540014","Delaware","43","Duquesne","17","Delaware -21.5","William Hill (New Jersey)","60","-21.5","","","",""
"401540315","Hampton","27","Campbell","30","Campbell -7.5","William Hill (New Jersey)","64","7.5","","","",""
"401540371","North Dakota","49","Western Illinois","10","North Dakota -27","William Hill (New Jersey)","64","-27","","","",""
"401540457","Drake","20","Valparaiso","14","Drake -4.5","William Hill (New Jersey)","47","-4.5","","","",""
"401540495","Lindenwood","23","Tennessee Tech","0","Tennessee Tech -2.5","William Hill (New Jersey)","55","2.5","","","",""
"401540600","Furman","28","The Citadel","14","Furman -34.5","William Hill (New Jersey)","51.5","-34.5","","","",""
"401539973","Central Connecticut","51","Delaware State","44","Central Connecticut -4.5","William Hill (New Jersey)","51","-4.5","","","",""
"401539997","Elon","23","North Carolina Central","34","Elon -6.5","William Hill (New Jersey)","51","-6.5","","","",""
"401540008","Central Connecticut","23","Long Island University","24","Long Island University -2.5","William Hill (New Jersey)","45.5","2.5","","","",""
"401540295","Pennsylvania","26","Brown","30","Pennsylvania -10","William Hill (New Jersey)","57","-10","","","",""
"401540270","Sacramento State","30","Montana State","42","Montana State -10","William Hill (New Jersey)","59","10","","","",""
"401540364","South Dakota","38","Murray State","7","South Dakota -20","William Hill (New Jersey)","45.5","-20","","","",""
"401540348","Missouri State","10","North Dakota State","38","North Dakota State -15.5","William Hill (New Jersey)","56","15.5","","","",""
"401540479","Eastern Illinois","27","UT Martin","28","UT Martin -14","William Hill (New Jersey)","50.5","14","","","",""
"401540089","Alabama A&M","30","Jackson State","45","Jackson State -10","William Hill (New Jersey)","54.5","10","","","",""
"401540491","Richmond","42","Maine","31","Richmond -3.5","William Hill (New Jersey)","45","-3.5","","","",""
"401540592","East Tennessee State","6","Mercer","24","Mercer -14.5","William Hill (New Jersey)","54","14.5","","","",""
"401540119","Alabama State","19","Bethune-Cookman","14","Alabama State -7","William Hill (New Jersey)","41","-7","","","",""
"401540127","Alcorn State","25","Grambling","24","Alcorn State -1.5","William Hill (New Jersey)","48","-1.5","","","",""
"401540144","Bethune-Cookman","18","Southern","28","Southern -7.5","William Hill (New Jersey)","42.5","7.5","","","",""
"401540254","Portland State","24","Idaho State","38","Portland State -12","William Hill (New Jersey)","68.5","-12","","","",""
"401540579","William & Mary","24","Towson","34","William & Mary -12.5","William Hill (New Jersey)","41","-12.5","","","",""
"401540229","Cal Poly","14","Idaho","42","Idaho -28","William Hill (New Jersey)","56","28","","","",""
"401540418","Monmouth","61","Hampton","10","Monmouth -8.5","Caesars Sportsbook (Colorado)","57","-8.5","","","",""
"401540261","UC Davis","23","Montana","31","UC Davis -7.5","William Hill (New Jersey)","50.5","-7.5","","","",""
"401540435","Incarnate Word","33","SE Louisiana","26","Incarnate Word -19.5","William Hill (New Jersey)","61","-19.5","","","",""
"401540208","Tarleton State","26","Southern Utah","27","Southern Utah -1","William Hill (New Jersey)","53.5","1","","","",""
"401540103","Illinois State","21","South Dakota State","40","South Dakota State -21","William Hill (New Jersey)","47","21","","","",""
"401540274","Weber State","10","Northern Arizona","27","Weber State -8.5","William Hill (New Jersey)","50.5","-8.5","","","",""
"401540442","South Dakota","34","Youngstown State","31","South Dakota -1","William Hill (New Jersey)","46","-1","","","",""
"401540447","Youngstown State","31","Southern Illinois","3","Southern Illinois -4","William Hill (New Jersey)","57","4","","","",""
"401540301","Indiana State","20","Northern Iowa","27","Northern Iowa -17.5","William Hill (New Jersey)","50","17.5","","","",""
"401540485","Gardner-Webb","31","Robert Morris","16","Gardner-Webb -21","William Hill (New Jersey)","52","-21","","","",""
"401540302","Indiana State","3","South Dakota","17","South Dakota -20","William Hill (New Jersey)","43","20","","","",""
"401540358","Nicholls","38","Houston Christian","7","Nicholls -14.5","William Hill (New Jersey)","55","-14.5","","","",""
"401540544","North Carolina A&T","14","Villanova","37","Villanova -15","William Hill (New Jersey)","46","15","","","",""
"401540337","Colgate","27","Dartmouth","24","Dartmouth -10.5","William Hill (New Jersey)","44.5","10.5","","","",""
"401540515","Drake","52","St. Thomas (MN)","21","St. Thomas (MN) -6","William Hill (New Jersey)","38.5","6","","","",""
"401540022","Maine","24","Long Island University","13","Maine -7.5","William Hill (New Jersey)","50","-7.5","","","",""
"401540372","North Dakota","49","North Dakota State","24","North Dakota State -7","William Hill (New Jersey)","58","7","","","",""
"401540377","Lamar","27","Northwestern State","13","Lamar -3","William Hill (New Jersey)","46","-3","","","",""
"401540151","Southern","19","Florida A&M","26","Florida A&M -8","William Hill (New Jersey)","38","8","","","",""
"401541633","Columbia","17","Pennsylvania","20","Pennsylvania -3","William Hill (New Jersey)","34.5","3","","","",""
"401540165","Prairie View A&M","31","Mississippi Valley State","12","Prairie View A&M -18.5","William Hill (New Jersey)","50.5","-18.5","","","",""
"401540601","Samford","21","Furman","27","Furman -6","William Hill (New Jersey)","59","6","","","",""
"401540578","Towson","17","UAlbany","24","UAlbany -9.5","William Hill (New Jersey)","46.5","9.5","","","",""
"401540187","Central Arkansas","38","Southeast Missouri State","33","Central Arkansas -3.5","William Hill (New Jersey)","65.5","-3.5","","","",""
"401540585","Chattanooga","50","Western Carolina","52","Western Carolina -3.5","William Hill (New Jersey)","60.5","3.5","","","",""
"401540031","Yale","31","Sacred Heart","3","Yale -22.5","William Hill (New Jersey)","44","-22.5","","","",""
"401540401","Butler","33","Davidson","35","Davidson -4","William Hill (New Jersey)","51.5","4","","","",""
"401540051","Cornell","13","Bucknell","21","Cornell -11","William Hill (New Jersey)","53.5","-11","","","",""
"401540061","Lehigh","7","Georgetown","17","Georgetown -3.5","William Hill (New Jersey)","42.5","3.5","","","",""
"401540510","Dayton","17","Presbyterian","20","Dayton -8","William Hill (New Jersey)","51","-8","","","",""
"401540619","The Citadel","13","VMI","17","VMI -2","William Hill (New Jersey)","35","2","","","",""
"401540002","South Carolina State","7","Tennessee Tech","28","South Carolina State -4","William Hill (New Jersey)","37.5","-4","","","",""
"401540036","Saint Francis","31","Wagner","7","Saint Francis -11","William Hill (New Jersey)","50","-11","","","",""
"401540413","Villanova","21","Elon","0","Villanova -7.5","William Hill (New Jersey)","45","-7.5","","","",""
"401540177","Austin Peay","41","Gardner-Webb","14","Austin Peay -14","William Hill (New Jersey)","54","-14","","","",""
"401540342","Princeton","21","Harvard","14","Harvard -8","Caesars Sportsbook (Colorado)","38","8","","","",""
"401540402","Davidson","42","Valparaiso","21","Davidson -15.5","William Hill (New Jersey)","56.5","-15.5","","","",""
"401540511","Dayton","10","Butler","37","Butler -7","William Hill (New Jersey)","48.5","7","","","",""
