"Id","Season","Week","SeasonType","StartDate","StartTimeTBD","Completed","NeutralSite","ConferenceGame","Attendance","VenueId","Venue","HomeId","HomeTeam","HomeClassification","HomeConference","HomePoints","HomeLineScores","HomePostgameWinProbability","HomePregameElo","HomePostgameElo","AwayId","AwayTeam","AwayClassification","AwayConference","AwayPoints","AwayLineScores","AwayPostgameWinProbability","AwayPregameElo","AwayPostgameElo","ExcitementIndex","Highlights","Notes","Playoff"
"401756846","2025","1","regular","2025-08-23T16:00:00.000Z","false","true","true","true","47221","3504","Aviva Stadium","2306","Kansas State","fbs","Big 12","21","0,7,0,14","0.050372593104839325","1669","1666","66","Iowa State","fbs","Big 12","24","7,0,7,10","0.9496274068951607","1616","1619","6.029094160739601","","Aer Lingus College Football Classic",""
"401760371","2025","1","regular","2025-08-23T20:00:00.000Z","false","true","false","false","25723","6501","Allegiant Stadium","2439","UNLV","fbs","Mountain West","38","0,14,10,14","1","","","304","Idaho State","fcs","Big Sky","31","10,7,7,7","0","","","8.650095280317405","","",""
"401756847","2025","1","regular","2025-08-23T22:30:00.000Z","false","true","false","false","41525","3833","Memorial Stadium","2305","Kansas","fbs","Big 12","31","14,10,7,0","1","1583","1632","278","Fresno State","fbs","Mountain West","7","7,0,0,0","0","1490","1441","2.7830408481663227","","",""
"401757218","2025","1","regular","2025-08-23T23:00:00.000Z","false","true","false","true","15312","3796","Houchens Industries-L.T. Smith Stadium","98","Western Kentucky","fbs","Conference USA","41","7,13,14,7","0.9504224061965942","1409","1450","2534","Sam Houston","fbs","Conference USA","24","3,7,14,0","0.04957759380340576","1452","1411","5.04146368507938","","",""
"401754516","2025","1","regular","2025-08-23T23:30:00.000Z","false","true","false","false","15194","7220","Clarence T.C. Ching Athletics Complex","62","Hawai'i","fbs","Mountain West","23","7,7,3,6","0.4369106590747833","1257","1258","24","Stanford","fbs","ACC","20","10,3,0,7","0.5630893409252167","1283","1282","6.995256097508367","","",""
"401762522","2025","1","regular","2025-08-28T21:30:00.000Z","false","true","false","false","34707","3886","Raymond James Stadium","58","South Florida","fbs","American Athletic","34","0,10,14,10","0.991242527961731","1456","1554","68","Boise State","fbs","Mountain West","7","7,0,0,0","0.008757472038269043","1676","1578","4.198854782620091","","",""
"401762790","2025","1","regular","2025-08-28T22:00:00.000Z","false","true","false","false","19328","3700","Doyt L. Perry Stadium","189","Bowling Green","fbs","Mid-American","26","7,10,6,3","1","1461","1461","322","Lafayette","fcs","Patriot","7","0,0,7,0","0","","","1.743718059958304","","",""
"401752794","2025","1","regular","2025-08-28T22:00:00.000Z","false","true","false","false","46907","6577","SHI Stadium","164","Rutgers","fbs","Big Ten","34","7,24,0,3","0.9000661373138428","1522","1524","195","Ohio","fbs","Mid-American","31","7,10,14,0","0.09993386268615723","1621","1619","6.943864856309906","","",""
"401761588","2025","1","regular","2025-08-28T23:00:00.000Z","false","true","false","false","12459","3817","Malone Stadium","2433","UL Monroe","fbs","Sun Belt","29","7,3,7,12","0.9948040246963501","1281","1281","2598","Saint Francis","fcs","NEC","0","0,0,0,0","0.005195975303649902","","","2.6582437502851985","","",""
"401762789","2025","1","regular","2025-08-28T23:00:00.000Z","false","true","false","false","9138","3768","InfoCision Stadium","2006","Akron","fbs","Mid-American","0","0,0,0,0","0.1403001993894577","1245","1235","2751","Wyoming","fbs","Mountain West","10","0,3,0,7","0.8596998006105423","1367","1377","4.853832638856986","","",""
"401754373","2025","1","regular","2025-08-28T23:00:00.000Z","false","true","false","false","56919","3670","Carter-Finley Stadium","152","NC State","fbs","ACC","24","3,14,7,0","0.7440896034240723","1501","1507","151","East Carolina","fbs","American Athletic","17","0,7,0,10","0.25591039657592773","1435","1429","3.940855281840526","","",""
"401756848","2025","1","regular","2025-08-28T23:00:00.000Z","false","true","false","false","43043","3652","FBC Mortgage Stadium","2116","UCF","fbs","Big 12","17","0,0,3,14","0.8685790300369263","1538","1554","55","Jacksonville State","fbs","Conference USA","10","0,0,3,7","0.13142096996307373","1650","1634","6.779838854522642","","",""
"401757219","2025","1","regular","2025-08-28T23:00:00.000Z","false","true","false","false","17895","3695","Delaware Stadium","48","Delaware","fbs","Conference USA","35","0,14,7,14","0.948571503162384","1500","1500","2169","Delaware State","fcs","MEAC","17","0,3,7,7","0.05142849683761597","","","3.8863147504803375","","",""
"401752674","2025","1","regular","2025-08-28T23:30:00.000Z","false","true","false","false","57321","3838","Memorial Stadium","142","Missouri","fbs","SEC","61","9,17,14,21","0.9923890829086304","1640","1640","2110","Central Arkansas","fcs","UAC","6","0,0,0,6","0.007610917091369629","","","3.2619476923306743","","",""
"401754517","2025","1","regular","2025-08-28T23:30:00.000Z","false","true","false","false","15677","3982","Wallace Wade Stadium","150","Duke","fbs","ACC","45","3,7,14,21","0.9505264759063721","1526","1526","2210","Elon","fcs","Coastal Athletic","17","0,10,0,7","0.04947352409362793","","","5.108617579482511","","",""
"401756876","2025","1","regular","2025-08-28T23:30:00.000Z","false","true","false","false","44809","3646","Boone Pickens Stadium","197","Oklahoma State","fbs","Big 12","27","14,3,3,7","0.8100014328956604","1334","1334","2630","UT Martin","fcs","OVC-Big South","7","7,0,0,0","0.1899985671043396","","","2.5593415223854774","","",""
"401752793","2025","1","regular","2025-08-29T00:00:00.000Z","false","true","false","false","47774","3953","Huntington Bank Stadium","135","Minnesota","fbs","Big Ten","23","0,10,3,10","0.9904310703277588","1616","1625","2084","Buffalo","fbs","Mid-American","10","0,3,7,0","0.009568929672241211","1416","1407","3.4432187643946706","","",""
"401756852","2025","1","regular","2025-08-29T00:00:00.000Z","false","true","false","false","28150","4728","TDECU Stadium","248","Houston","fbs","Big 12","27","7,10,7,3","1","1375","1375","2617","Stephen F. Austin","fcs","Southland","0","0,0,0,0","0","","","2.357485880054012","","",""
"401762430","2025","1","regular","2025-08-29T00:30:00.000Z","false","true","false","false","26294","7221","Protective Stadium","5","UAB","fbs","American Athletic","52","10,7,21,14","0.6135753989219666","1319","1319","2011","Alabama State","fcs","SWAC","42","7,14,7,14","0.38642460107803345","","","6.530426333629312","","",""
"401762791","2025","1","regular","2025-08-29T01:00:00.000Z","false","true","false","false","65952","347","Camp Randall Stadium","275","Wisconsin","fbs","Big Ten","17","3,0,7,7","1","1536","1573","193","Miami (OH)","fbs","Mid-American","0","0,0,0,0","0","1528","1491","3.079787957421434","","",""
"401752796","2025","1","regular","2025-08-29T01:00:00.000Z","false","true","true","false","72884","3622","GEHA Field at Arrowhead Stadium","2132","Cincinnati","fbs","Big 12","17","3,0,7,7","0.6849573254585266","1475","1477","158","Nebraska","fbs","Big Ten","20","0,13,0,7","0.3150426745414734","1524","1522","6.207148038057158","","",""
"401760357","2025","1","regular","2025-08-29T02:00:00.000Z","false","true","false","false","20624","7311","Snapdragon Stadium","21","San Diego State","fbs","Mountain West","42","14,6,8,14","1","1318","1318","2619","Stony Brook","fcs","Coastal Athletic","0","0,0,0,0","0","","","2.6060254433997136","","",""
"401762432","2025","1","regular","2025-08-29T22:00:00.000Z","false","true","false","false","23032","3841","Michie Stadium","349","Army","fbs","American Athletic","27","7,10,7,0,3","0.34902462363243103","1607","1607","2627","Tarleton State","fcs","UAC","30","3,7,7,7,6","0.650975376367569","","","6.9127413278628165","","",""
"401754374","2025","1","regular","2025-08-29T23:00:00.000Z","false","true","false","false","30789","3630","Allegacy Federal Credit Union Stadium","154","Wake Forest","fbs","ACC","10","7,0,3,0","0.9848545789718628","1397","1394","338","Kennesaw State","fbs","Conference USA","9","6,0,3,0","0.015145421028137207","1266","1269","5.674199343634623","","",""
"401752802","2025","1","regular","2025-08-29T23:00:00.000Z","false","true","false","false","71657","3936","Spartan Stadium","127","Michigan State","fbs","Big Ten","23","7,14,2,0","1","1368","1403","2711","Western Michigan","fbs","Mid-American","6","0,0,0,6","0","1345","1310","2.8680052592635046","","",""
"401761589","2025","1","regular","2025-08-29T23:00:00.000Z","false","true","true","false","35718","3628","Bank of America Stadium","2429","Charlotte","fbs","American Athletic","11","3,0,0,8","0.042695220559835434","1254","1221","2026","App State","fbs","Sun Belt","34","0,17,10,7","0.9573047794401646","1428","1461","3.6672300484451488","","Duke’s Mayo Classic",""
"401766898","2025","1","regular","2025-08-29T23:00:00.000Z","false","true","false","false","18034","2031","Pitbull Stadium","2229","Florida International","fbs","Conference USA","42","7,21,7,7","0.9834718108177185","1372","1372","2065","Bethune-Cookman","fcs","SWAC","9","3,3,0,3","0.016528189182281494","","","2.954049844219754","","",""
"401756854","2025","1","regular","2025-08-29T23:30:00.000Z","false","true","false","false","39129","3833","Memorial Stadium","2305","Kansas","fbs","Big 12","46","14,15,10,7","0.9886996150016785","1633","1633","2681","Wagner","fcs","NEC","7","0,7,0,0","0.011300384998321533","","","1.6895921395162847","","",""
"401752795","2025","1","regular","2025-08-29T23:30:00.000Z","false","true","false","false","56040","3832","Memorial Stadium (Champaign, IL)","356","Illinois","fbs","Big Ten","52","14,17,7,14","0.9946691989898682","1578","1578","2710","Western Illinois","fcs","OVC-Big South","3","0,0,0,3","0.005330801010131836","","","1.9825601280930891","","",""
"401752667","2025","1","regular","2025-08-30T00:00:00.000Z","false","true","false","false","45233","4727","McLane Stadium","239","Baylor","fbs","Big 12","24","3,7,7,7","0.19976085424423218","1604","1569","2","Auburn","fbs","SEC","38","7,10,14,7","0.8002391457557678","1574","1609","5.207606567811596","","",""
"401754375","2025","1","regular","2025-08-30T00:00:00.000Z","false","true","false","false","52868","3726","Folsom Field","38","Colorado","fbs","Big 12","20","7,3,3,7","0.467380553483963","1634","1613","59","Georgia Tech","fbs","ACC","27","0,13,7,7","0.532619446516037","1536","1557","5.409469095229784","","",""
"401757224","2025","1","regular","2025-08-30T01:30:00.000Z","false","true","true","false","5837","3631","BBVA Compass Stadium","2534","Sam Houston","fbs","Conference USA","21","7,0,0,14","0.03245411068201065","1411","1397","2439","UNLV","fbs","Mountain West","38","14,10,7,7","0.9675458893179893","1619","1633","3.6618211785683403","","",""
"401760358","2025","1","regular","2025-08-30T02:30:00.000Z","false","true","false","false","14877","3935","CEFCU Stadium","23","San José State","fbs","Mountain West","14","0,7,7,0","0.032235562801361084","1484","1467","2117","Central Michigan","fbs","Mid-American","16","10,3,0,3","0.9677644371986389","1235","1252","6.0997865114863705","","",""
"401752673","2025","1","regular","2025-08-30T16:00:00.000Z","false","true","false","false","33485","3815","M. M. Roberts Stadium","2572","Southern Miss","fbs","Sun Belt","17","3,7,0,7","0.018377596512436867","1119","1107","344","Mississippi State","fbs","SEC","34","10,3,21,0","0.9816224034875631","1412","1424","4.441994027739813","","",""
"401754520","2025","1","regular","2025-08-30T16:00:00.000Z","false","true","false","false","53006","3752","Acrisure Stadium","221","Pittsburgh","fbs","ACC","61","14,20,14,13","0.9959656000137329","1470","1470","2184","Duquesne","fcs","NEC","9","0,6,0,3","0.00403439998626709","","","2.544712763176378","","",""
"401752677","2025","1","regular","2025-08-30T16:00:00.000Z","false","true","false","false","107524","3861","Ohio Stadium","194","Ohio State","fbs","Big Ten","14","0,7,0,7","0.7310812473297119","1974","1977","251","Texas","fbs","SEC","7","0,0,0,7","0.2689187526702881","1861","1858","2.8501456148390796","","",""
"401762434","2025","1","regular","2025-08-30T16:00:00.000Z","false","true","false","false","30014","3852","Navy-Marine Corps Memorial Stadium","2426","Navy","fbs","American Athletic","52","7,21,10,14","0.9952975511550903","1543","1543","2678","VMI","fcs","Southern","7","0,0,7,0","0.004702448844909668","","","1.9702852958010257","","",""
"401762792","2025","1","regular","2025-08-30T16:00:00.000Z","false","true","false","false","8647","3696","Dix Stadium","2309","Kent State","fbs","Mid-American","21","0,7,7,7","0.7662817239761353","1006","1006","2771","Merrimack","fcs","FCS Independents","17","0,3,3,11","0.23371827602386475","","","5.994707794081288","","",""
"401752803","2025","1","regular","2025-08-30T16:00:00.000Z","false","true","false","false","22103","4729","Yulman Stadium","2655","Tulane","fbs","American Athletic","23","7,13,3,0","1","1616","1644","77","Northwestern","fbs","Big Ten","3","3,0,0,0","0","1431","1403","2.4735579019831504","","",""
"401752801","2025","1","regular","2025-08-30T16:00:00.000Z","false","true","false","false","53994","3907","Ross-Ade Stadium","2509","Purdue","fbs","Big Ten","31","14,7,7,3","0.988307774066925","1207","1293","2050","Ball State","fbs","Mid-American","0","0,0,0,0","0.011692225933074951","1224","1138","2.2003856045032593","","",""
"401752676","2025","1","regular","2025-08-30T16:00:00.000Z","false","true","true","false","45918","5348","Mercedes-Benz Stadium","2633","Tennessee","fbs","SEC","45","17,14,7,7","0.9841050505638123","1776","1799","183","Syracuse","fbs","ACC","26","0,14,6,6","0.015894949436187744","1499","1476","3.339909414752006","","Aflac Kickoff",""
"401752797","2025","1","regular","2025-08-30T16:00:00.000Z","false","true","false","false","35067","3665","SECU Stadium","120","Maryland","fbs","Big Ten","39","7,26,6,0","0.9894888997077942","1438","1509","2226","Florida Atlantic","fbs","American Athletic","7","7,0,0,0","0.01051110029220581","1311","1240","4.0587975477575435","","",""
"401752670","2025","1","regular","2025-08-30T16:45:00.000Z","false","true","false","false","56457","3683","Kroger Field","96","Kentucky","fbs","SEC","24","7,3,0,14","0.9706190228462219","1498","1507","2649","Toledo","fbs","Mid-American","16","0,2,0,14","0.029380977153778076","1454","1445","3.6450777717616583","","",""
"401754518","2025","1","regular","2025-08-30T18:00:00.000Z","false","true","false","false","41221","3615","Alumni Stadium (Chestnut Hill, MA)","103","Boston College","fbs","ACC","66","14,7,24,21","0.9878271818161011","1508","1508","2230","Fordham","fcs","Patriot","10","3,0,0,7","0.012172818183898926","","","1.976087307715974","","",""
"401757167","2025","1","regular","2025-08-30T18:00:00.000Z","false","true","false","false","37594","3892","Pratt & Whitney Stadium","41","UConn","fbs","FBS Independents","59","14,21,10,14","0.990516722202301","1454","1454","2115","Central Connecticut","fcs","NEC","13","7,3,3,0","0.009483277797698975","","","3.3336148066236553","","",""
"401756878","2025","1","regular","2025-08-30T18:00:00.000Z","false","true","false","false","57093","3842","Milan Puskar Stadium","277","West Virginia","fbs","Big 12","45","7,3,14,21","0.9934393763542175","1470","1470","2523","Robert Morris","fcs","NEC","3","0,3,0,0","0.006560623645782471","","","2.9644348700139513","","",""
"401752806","2025","1","regular","2025-08-30T18:30:00.000Z","false","true","false","false","47109","3830","Memorial Stadium (Bloomington, IN)","84","Indiana","fbs","Big Ten","27","7,10,10,0","0.7637277245521545","1800","1800","295","Old Dominion","fbs","Sun Belt","14","7,0,0,7","0.23627227544784546","1480","1480","3.5853643609346264","","",""
"401754519","2025","1","regular","2025-08-30T19:00:00.000Z","false","true","false","false","50536","3873","L&N Federal Credit Union Stadium","97","Louisville","fbs","ACC","51","21,20,7,3","0.9674173593521118","1706","1706","2198","Eastern Kentucky","fcs","UAC","17","0,7,0,10","0.032582640647888184","","","2.510451246927339","","",""
"401756853","2025","1","regular","2025-08-30T19:30:00.000Z","false","true","false","false","61500","3772","Jack Trice Stadium","66","Iowa State","fbs","Big 12","55","14,13,14,14","0.9931229948997498","1621","1621","233","South Dakota","fcs","MVFC","7","7,0,0,0","0.006877005100250244","","","2.7165267446492507","","",""
"401752669","2025","1","regular","2025-08-30T19:30:00.000Z","false","true","false","false","93033","3917","Sanford Stadium","61","Georgia","fbs","SEC","45","14,10,14,7","0.9931291341781616","1998","2053","276","Marshall","fbs","Sun Belt","7","0,0,0,7","0.006870865821838379","1574","1519","2.831958872682932","","",""
"401762456","2025","1","regular","2025-08-30T19:30:00.000Z","false","true","false","false","11565","3985","Warren McGuirk Alumni Stadium","113","Massachusetts","fbs","Mid-American","10","10,0,0,0","0.022659098729491234","1193","1101","218","Temple","fbs","American Athletic","42","7,21,0,14","0.9773409012705088","1192","1284","3.8483313691960914","","",""
"401752807","2025","1","regular","2025-08-30T19:30:00.000Z","false","true","false","false","106915","3632","Beaver Stadium","213","Penn State","fbs","Big Ten","46","10,17,12,7","0.9887898564338684","2063","2073","2440","Nevada","fbs","Mountain West","11","0,3,0,8","0.011210143566131592","1294","1284","2.740640517537327","","",""
"401762793","2025","1","regular","2025-08-30T19:30:00.000Z","false","true","false","false","10569","3764","Huskie Stadium","2459","Northern Illinois","fbs","Mid-American","19","3,3,0,13","0.8795457482337952","1470","1470","107","Holy Cross","fcs","Patriot","17","0,3,0,14","0.12045425176620483","","","5.4788604432195065","","",""
"401760359","2025","1","regular","2025-08-30T19:30:00.000Z","false","true","false","false","30207","3713","Falcon Stadium","2005","Air Force","fbs","Mountain West","49","14,14,14,7","0.9939007759094238","1438","1438","2083","Bucknell","fcs","Patriot","13","0,7,3,3","0.006099224090576172","","","2.7835130951563953","","",""
"401752665","2025","1","regular","2025-08-30T19:30:00.000Z","false","true","false","false","67277","3697","Doak Campbell Stadium","52","Florida State","fbs","ACC","31","7,10,7,7","0.9999723434448242","1408","1477","333","Alabama","fbs","SEC","17","7,0,3,7","0.00002765655517578125","1824","1755","3.890692760872287","","",""
"401752804","2025","1","regular","2025-08-30T20:00:00.000Z","false","true","false","false","57257","3626","Autzen Stadium","2483","Oregon","fbs","Big Ten","59","17,21,14,7","0.9927279949188232","1860","1860","147","Montana State","fcs","Big Sky","13","0,3,3,7","0.007272005081176758","","","2.4032563558584434","","",""
"401757220","2025","1","regular","2025-08-30T20:00:00.000Z","false","true","false","false","20337","3992","Williams Stadium (VA)","2335","Liberty","fbs","Conference USA","28","0,7,0,21","1","1502","1502","311","Maine","fcs","Coastal Athletic","7","0,7,0,0","0","","","4.596249113453677","","",""
"401752666","2025","1","regular","2025-08-30T20:15:00.000Z","false","true","false","false","70827","3887","Razorback Stadium","8","Arkansas","fbs","SEC","52","10,21,14,7","0.954650342464447","1574","1574","2010","Alabama A&M","fcs","SWAC","7","7,0,0,0","0.04534965753555298","","","3.687395892523427","","",""
"401762433","2025","1","regular","2025-08-30T20:30:00.000Z","false","true","false","false","25011","3805","Simmons Bank Liberty Stadium","235","Memphis","fbs","American Athletic","45","14,14,10,7","0.9938881397247314","1604","1604","236","Chattanooga","fcs","Southern","10","0,3,0,7","0.006111860275268555","","","1.8319668734099273","","",""
"401752799","2025","1","regular","2025-08-30T22:00:00.000Z","false","true","false","false","69250","3793","Kinnick Stadium","2294","Iowa","fbs","Big Ten","34","3,14,7,10","0.9937663078308105","1682","1682","399","UAlbany","fcs","Coastal Athletic","7","0,7,0,0","0.006233692169189453","","","3.449036446083837","","",""
"401761590","2025","1","regular","2025-08-30T22:00:00.000Z","false","true","false","false","24965","3651","Bridgeforth Stadium","256","James Madison","fbs","Sun Belt","45","14,14,3,14","0.99522864818573","1627","1627","2692","Weber State","fcs","Big Sky","10","0,7,3,0","0.0047713518142700195","","","2.311021820853732","","",""
"401754616","2025","1","regular","2025-08-30T22:00:00.000Z","false","true","false","false","46143","3923","Scott Stadium","258","Virginia","fbs","ACC","48","7,21,14,6","0.9922709465026855","1404","1521","324","Coastal Carolina","fbs","Sun Belt","7","0,0,7,0","0.007729053497314453","1379","1262","2.5924538254952325","","",""
"401752675","2025","1","regular","2025-08-30T22:00:00.000Z","false","true","false","false","83218","3835","Memorial Stadium (Norman, OK)","201","Oklahoma","fbs","SEC","35","7,14,0,14","0.9841676354408264","1650","1650","2287","Illinois State","fcs","MVFC","3","0,0,3,0","0.015832364559173584","","","2.339243175901871","","",""
"401761593","2025","1","regular","2025-08-30T23:00:00.000Z","false","true","false","false","14017","6526","Hancock Whitney Stadium","6","South Alabama","fbs","Sun Belt","38","7,10,7,14","0.9894805550575256","1555","1555","2415","Morgan State","fcs","MEAC","21","7,0,7,7","0.010519444942474365","","","4.579103970844046","","",""
"401752678","2025","1","regular","2025-08-30T23:00:00.000Z","false","true","false","false","107521","3795","Kyle Field","245","Texas A&M","fbs","SEC","42","7,14,14,7","1","1674","1700","2636","UTSA","fbs","American Athletic","24","3,7,7,7","0","1529","1503","5.030838796225625","","",""
"401757222","2025","1","regular","2025-08-30T23:00:00.000Z","false","true","false","false","18505","3725","Johnny ""Red"" Floyd Stadium","2393","Middle Tennessee","fbs","Conference USA","14","0,7,7,0","0.04707856848835945","1228","1228","2046","Austin Peay","fcs","UAC","34","14,7,3,10","0.9529214315116405","","","3.462974439157419","","",""
"401761591","2025","1","regular","2025-08-30T23:00:00.000Z","false","true","false","false","18241","3625","Centennial Bank Stadium","2032","Arkansas State","fbs","Sun Belt","42","7,21,7,7","0.9896280169487","1344","1344","2546","Southeast Missouri State","fcs","OVC-Big South","24","7,3,0,14","0.010371983051300049","","","5.044477295926289","","",""
"401757226","2025","1","regular","2025-08-30T23:00:00.000Z","false","true","false","false","12226","3796","Houchens Industries-L.T. Smith Stadium","98","Western Kentucky","fbs","Conference USA","55","14,28,3,10","0.9865192174911499","1445","1445","2453","North Alabama","fcs","UAC","6","6,0,0,0","0.013480782508850098","","","2.9685185692235607","","",""
"401752679","2025","1","regular","2025-08-30T23:00:00.000Z","false","true","false","false","35000","3973","FirstBank Stadium","238","Vanderbilt","fbs","SEC","45","14,14,7,10","0.9889649748802185","1497","1497","2127","Charleston Southern","fcs","OVC-Big South","3","0,0,0,3","0.011035025119781494","","","1.7678967453755141","","",""
"401752668","2025","1","regular","2025-08-30T23:00:00.000Z","false","true","false","false","89451","3634","Ben Hill Griffin Stadium","57","Florida","fbs","SEC","55","14,24,10,7","0.9889460802078247","1678","1678","2341","Long Island University","fcs","NEC","0","0,0,0,0","0.011053919792175293","","","1.4437960459230383","","",""
"401756855","2025","1","regular","2025-08-30T23:00:00.000Z","false","true","false","false","51927","3636","Bill Snyder Family Stadium","2306","Kansas State","fbs","Big 12","38","10,7,14,7","0.9437008500099182","1664","1664","155","North Dakota","fcs","MVFC","35","7,14,0,14","0.05629914999008179","","","7.381952693813373","","",""
"401761595","2025","1","regular","2025-08-30T23:00:00.000Z","false","true","false","false","25546","3975","Veterans Memorial Stadium (AL)","2653","Troy","fbs","Sun Belt","38","0,7,3,28","0.9957315325737","1476","1476","2447","Nicholls","fcs","Southland","20","0,10,7,3","0.004268467426300049","","","5.097250982479779","","",""
"401756877","2025","1","regular","2025-08-30T23:30:00.000Z","false","true","false","false","60229","3784","Jones AT&T Stadium","2641","Texas Tech","fbs","Big 12","67","23,24,14,6","0.9876359701156616","1571","1571","2029","Arkansas-Pine Bluff","fcs","SWAC","7","0,0,0,7","0.012364029884338379","","","2.1355264776531504","","",""
"401752808","2025","1","regular","2025-08-30T23:30:00.000Z","false","true","false","false","110648","3558","Michigan Stadium","130","Michigan","fbs","Big Ten","34","14,10,3,7","0.9898145198822021","1772","1771","167","New Mexico","fbs","Mountain West","17","0,10,7,0","0.010185480117797852","1331","1332","2.8071636758153686","","",""
"401757221","2025","1","regular","2025-08-30T23:30:00.000Z","false","true","false","false","12872","3776","Joe Aillet Stadium","2348","Louisiana Tech","fbs","Conference USA","24","0,3,21,0","0.932179868221283","1397","1397","2545","SE Louisiana","fcs","Southland","0","0,0,0,0","0.06782013177871704","","","4.255358736024053","","",""
"401752671","2025","1","regular","2025-08-30T23:30:00.000Z","false","true","false","false","81500","3836","Memorial Stadium (Clemson, SC)","228","Clemson","fbs","ACC","10","3,7,0,0","0.10257373750209808","1704","1692","99","LSU","fbs","SEC","17","0,3,7,7","0.8974262624979019","1718","1730","5.004065274365249","","",""
"401757225","2025","1","regular","2025-08-30T23:30:00.000Z","false","true","false","false","16448","3905","Maverik Stadium","328","Utah State","fbs","Mountain West","28","10,10,8,0","0.827567994594574","1408","1418","2638","UTEP","fbs","Conference USA","16","7,3,0,6","0.17243200540542603","1240","1230","4.024054871708383","","",""
"401752798","2025","1","regular","2025-08-30T23:30:00.000Z","false","true","false","false","62841","477","Los Angeles Memorial Coliseum","30","USC","fbs","Big Ten","73","14,28,14,17","0.9899773597717285","1676","1841","2623","Missouri State","fbs","Conference USA","13","3,7,3,0","0.010022640228271484","1500","1335","3.0279735308189717","","",""
"401752672","2025","1","regular","2025-08-30T23:45:00.000Z","false","true","false","false","66378","3974","Vaught-Hemingway Stadium","145","Ole Miss","fbs","SEC","63","7,18,17,21","0.9927834868431091","1838","1939","2247","Georgia State","fbs","Sun Belt","7","0,7,0,0","0.007216513156890869","1331","1230","2.746951828945296","","",""
"401762457","2025","1","regular","2025-08-31T00:00:00.000Z","false","true","false","false","17337","3674","Chapman Stadium","202","Tulsa","fbs","American Athletic","35","7,3,11,14","0.9792423248291016","1041","1041","2000","Abilene Christian","fcs","UAC","7","0,0,0,7","0.020757675170898438","","","2.621739144074778","","",""
"401756851","2025","1","regular","2025-08-31T00:00:00.000Z","false","true","false","false","64494","3801","LaVell Edwards Stadium","252","BYU","fbs","Big 12","69","14,35,6,14","0.9965556859970093","1644","1644","2502","Portland State","fcs","Big Sky","0","0,0,0,0","0.0034443140029907227","","","2.5564132230791032","","",""
"401762435","2025","1","regular","2025-08-31T00:00:00.000Z","false","true","false","false","20594","3825","DATCU Stadium","249","North Texas","fbs","American Athletic","51","13,24,14,0","0.990288496017456","1411","1411","2320","Lamar","fcs","Southland","0","0,0,0,0","0.009711503982543945","","","2.3573009786963683","","",""
"401761592","2025","1","regular","2025-08-31T00:00:00.000Z","false","true","false","false","22148","3666","Cajun Field","309","Louisiana","fbs","Sun Belt","12","3,3,6,0","0.09075912833213806","1474","1463","242","Rice","fbs","American Athletic","14","0,14,0,0","0.9092408716678619","1326","1337","5.187988330546746","","",""
"401761594","2025","1","regular","2025-08-31T00:00:00.000Z","false","true","false","false","21082","3644","Bobcat Stadium (TX)","326","Texas State","fbs","Sun Belt","52","14,10,14,14","0.9995025992393494","1593","1623","2199","Eastern Michigan","fbs","Mid-American","27","3,14,0,10","0.0004974007606506348","1283","1253","4.503330170819301","","",""
"401757223","2025","1","regular","2025-08-31T01:00:00.000Z","false","true","false","false","10058","3601","Aggie Memorial Stadium","166","New Mexico State","fbs","Conference USA","19","6,3,0,10","0.8037628531455994","1246","1246","2803","Bryant","fcs","Coastal Athletic","3","3,0,0,0","0.19623714685440063","","","4.622536798733111","","",""
"401754521","2025","1","regular","2025-08-31T01:00:00.000Z","false","true","false","false","33044","3735","Gerald J. Ford Stadium","2567","SMU","fbs","ACC","42","14,7,7,14","0.9236699342727661","1717","1717","2837","East Texas A&M","fcs","Southland","13","0,3,0,10","0.07633006572723389","","","2.8074836179099596","","",""
"401760361","2025","1","regular","2025-08-31T01:30:00.000Z","false","true","false","false","36801","3660","Valley Children's Stadium","278","Fresno State","fbs","Mountain West","42","10,3,15,14","1","1441","1516","290","Georgia Southern","fbs","Sun Belt","14","7,7,0,0","0","1457","1382","4.663563603587247","","",""
"401752947","2025","1","regular","2025-08-31T02:00:00.000Z","false","true","false","false","28243","3820","Gesa Field","265","Washington State","fbs","Pac-12","13","0,7,3,3","0.29766109585762024","1520","1520","70","Idaho","fcs","Big Sky","10","0,0,0,10","0.7023389041423798","","","4.3135115653866585","","",""
"401756850","2025","1","regular","2025-08-31T02:00:00.000Z","false","true","false","false","56759","3947","Mountain America Stadium","9","Arizona State","fbs","Big 12","38","14,3,14,7","0.9801790118217468","1700","1700","2464","Northern Arizona","fcs","Big Sky","19","0,6,7,6","0.019820988178253174","","","3.454469563632829","","",""
"401756849","2025","1","regular","2025-08-31T02:30:00.000Z","false","true","false","false","42423","3619","Arizona Stadium","12","Arizona","fbs","Big 12","40","7,10,14,9","0.9823190569877625","1371","1451","62","Hawai'i","fbs","Mountain West","6","3,3,0,0","0.01768094301223755","1258","1178","3.2736314520920584","","",""
"401752936","2025","1","regular","2025-08-31T02:30:00.000Z","false","true","false","false","31630","3893","Reser Stadium","204","Oregon State","fbs","Pac-12","15","0,3,6,6","0.024204296991229057","1406","1371","25","California","fbs","ACC","34","14,3,7,10","0.9757957030087709","1519","1554","2.8187930693076786","","",""
"401752800","2025","1","regular","2025-08-31T03:00:00.000Z","false","true","false","false","35032","1056","Rose Bowl","26","UCLA","fbs","Big Ten","10","0,7,3,0","0","1492","1404","254","Utah","fbs","Big 12","43","13,10,7,13","1","1542","1630","2.96631481543708","","",""
"401752805","2025","1","regular","2025-08-31T03:00:00.000Z","false","true","false","false","67778","3765","Husky Stadium","264","Washington","fbs","Big Ten","38","7,7,14,10","0.9972135424613953","1585","1604","36","Colorado State","fbs","Mountain West","21","7,7,7,0","0.0027864575386047363","1382","1363","4.716015967021742","","",""
"401752680","2025","1","regular","2025-08-31T19:00:00.000Z","false","true","true","false","55531","5348","Mercedes-Benz Stadium","2579","South Carolina","fbs","SEC","24","7,3,0,14","0.8414051532745361","1706","1729","259","Virginia Tech","fbs","ACC","11","2,6,0,3","0.15859484672546387","1598","1575","4.239271697882769","","Aflac Kickoff",""
"401754522","2025","1","regular","2025-08-31T23:30:00.000Z","false","true","false","false","66793","3948","Hard Rock Stadium","2390","Miami","fbs","ACC","27","0,14,7,6","0.9332687258720398","1736","1743","87","Notre Dame","fbs","FBS Independents","24","0,7,0,17","0.0667312741279602","2173","2166","4.531250325366178","","",""
"401754523","2025","1","regular","2025-09-02T00:00:00.000Z","false","true","false","false","50500","3787","Kenan Stadium","153","North Carolina","fbs","ACC","14","7,0,7,0","0.029689423739910126","1497","1417","2628","TCU","fbs","Big 12","48","7,13,21,7","0.9703105762600899","1633","1713","3.407486721191629","","",""
"401754528","2025","2","regular","2025-09-05T23:00:00.000Z","false","true","false","false","48717","3873","L&N Federal Credit Union Stadium","97","Louisville","fbs","ACC","28","0,6,8,14","0.7079175710678101","1706","1727","256","James Madison","fbs","Sun Belt","14","7,0,7,0","0.29208242893218994","1627","1606","6.579471474543188","","",""
"401752817","2025","2","regular","2025-09-05T23:30:00.000Z","false","true","false","false","9647","5960","Lanny and Sharon Martin Stadium","77","Northwestern","fbs","Big Ten","42","15,7,6,14","0.988507091999054","1397","1397","2710","Western Illinois","fcs","OVC-Big South","7","0,0,0,7","0.011492908000946045","","","1.9188416939903041","","",""
"401752826","2025","2","regular","2025-09-05T23:30:00.000Z","false","true","false","false","35331","3665","SECU Stadium","120","Maryland","fbs","Big Ten","20","3,7,3,7","0.6393875479698181","1509","1526","2459","Northern Illinois","fbs","Mid-American","9","0,3,6,0","0.3606124520301819","1470","1453","3.687040328791484","","",""
"401760363","2025","2","regular","2025-09-06T01:00:00.000Z","false","true","false","false","32887","3653","Albertsons Stadium","68","Boise State","fbs","Mountain West","51","20,10,7,14","0.9921911954879761","1596","1596","331","Eastern Washington","fcs","Big Sky","14","0,7,0,7","0.007808804512023926","","","2.5236959378510284","","",""
"401754524","2025","2","regular","2025-09-06T16:00:00.000Z","false","true","false","false","56919","3670","Carter-Finley Stadium","152","NC State","fbs","ACC","35","7,7,21,0","0.6785362958908081","1507","1510","258","Virginia","fbs","ACC","31","14,10,7,0","0.3214637041091919","1521","1518","7.232871463699586","","",""
"401754618","2025","2","regular","2025-09-06T16:00:00.000Z","false","true","false","false","39391","1964","JMA Wireless Dome","183","Syracuse","fbs","ACC","27","0,6,0,14,7","0.18266627192497253","1476","1484","41","UConn","fbs","FBS Independents","20","0,14,3,3,0","0.8173337280750275","1454","1446","6.642710881646021","","",""
"401754525","2025","2","regular","2025-09-06T16:00:00.000Z","false","true","false","false","34852","3735","Gerald J. Ford Stadium","2567","SMU","fbs","ACC","45","10,14,0,14,7,0","0.9366649985313416","1717","1703","239","Baylor","fbs","Big 12","48","0,21,3,14,7,3","0.06333500146865845","1569","1583","8.737381517894203","","",""
"401752813","2025","2","regular","2025-09-06T16:00:00.000Z","false","true","false","false","42447","3953","Huntington Bank Stadium","135","Minnesota","fbs","Big Ten","66","35,24,7,0","0.9938032031059265","1630","1630","2466","Northwestern State","fcs","Southland","0","0,0,0,0","0.006196796894073486","","","0.9151125280369778","","",""
"401756885","2025","2","regular","2025-09-06T16:00:00.000Z","false","true","false","false","60229","3784","Jones AT&T Stadium","2641","Texas Tech","fbs","Big 12","62","21,27,7,7","0.989311695098877","1571","1639","2309","Kent State","fbs","Mid-American","14","0,0,0,14","0.010688304901123047","1006","938","2.276871401163506","","",""
"401752825","2025","2","regular","2025-09-06T16:00:00.000Z","false","true","false","false","23893","3982","Wallace Wade Stadium","150","Duke","fbs","ACC","19","3,10,6,0","0.2316601723432541","1526","1462","356","Illinois","fbs","Big Ten","45","7,7,14,17","0.7683398276567459","1578","1642","5.058968869408419","","",""
"401754529","2025","2","regular","2025-09-06T16:00:00.000Z","false","true","false","false","48424","3752","Acrisure Stadium","221","Pittsburgh","fbs","ACC","45","7,17,7,14","0.9779407978057861","1470","1518","2117","Central Michigan","fbs","Mid-American","17","0,10,7,0","0.022059202194213867","1252","1204","2.9827182864377737","","",""
"401757227","2025","2","regular","2025-09-06T16:00:00.000Z","false","true","false","true","20755","3662","AmFirst Stadium","55","Jacksonville State","fbs","Conference USA","34","7,10,7,10","0.8045607209205627","1634","1642","2335","Liberty","fbs","Conference USA","24","7,3,0,14","0.19543927907943726","1502","1494","3.6223782137060643","","",""
"401752693","2025","2","regular","2025-09-06T16:00:00.000Z","false","true","false","false","100841","3910","DKR-Texas Memorial Stadium","251","Texas","fbs","SEC","38","14,14,10,0","0.9910861253738403","1858","1896","23","San José State","fbs","Mountain West","7","0,7,0,0","0.008913874626159668","1467","1429","3.0706770400082175","","",""
"401752822","2025","2","regular","2025-09-06T16:00:00.000Z","false","true","false","false","61500","3772","Jack Trice Stadium","66","Iowa State","fbs","Big 12","16","6,7,0,3","0.9640465378761292","1619","1621","2294","Iowa","fbs","Big Ten","13","0,10,3,0","0.03595346212387085","1682","1680","4.137924145830644","","",""
"401754621","2025","2","regular","2025-09-06T16:00:00.000Z","false","true","false","false","65430","3697","Doak Campbell Stadium","52","Florida State","fbs","ACC","77","21,28,21,7","0.9972588419914246","1452","1452","2837","East Texas A&M","fcs","Southland","3","0,0,0,3","0.0027411580085754395","","","1.7743432518372813","","",""
"401752812","2025","2","regular","2025-09-06T16:00:00.000Z","false","true","false","false","43801","3830","Memorial Stadium (Bloomington, IN)","84","Indiana","fbs","Big Ten","56","14,7,21,14","0.9847565293312073","1800","1869","338","Kennesaw State","fbs","Conference USA","9","0,6,3,0","0.015243470668792725","1269","1200","2.707155848014116","","",""
"401752811","2025","2","regular","2025-09-06T16:00:00.000Z","false","true","false","false","103818","3632","Beaver Stadium","213","Penn State","fbs","Big Ten","34","7,3,10,14","0.959557294845581","2073","2087","2229","Florida International","fbs","Conference USA","0","0,0,0,0","0.040442705154418945","1372","1358","3.3761229236617063","","",""
"401752694","2025","2","regular","2025-09-06T16:45:00.000Z","false","true","false","false","100026","3795","Kyle Field","245","Texas A&M","fbs","SEC","44","10,20,7,7","0.9944328665733337","1700","1724","328","Utah State","fbs","Mountain West","22","6,0,8,8","0.00556713342666626","1418","1394","2.8471288896070894","","",""
"401762462","2025","2","regular","2025-09-06T18:00:00.000Z","false","true","false","false","15655","3806","Lincoln Financial Field","218","Temple","fbs","American Athletic","55","21,10,14,10","0.9970473051071167","1289","1289","47","Howard","fcs","MEAC","7","0,7,0,0","0.0029526948928833008","","","2.1065490207743376","","",""
"401754620","2025","2","regular","2025-09-06T18:00:00.000Z","false","true","false","false","28239","3630","Allegacy Federal Credit Union Stadium","154","Wake Forest","fbs","ACC","42","21,0,21,0","0.9889627695083618","1394","1394","2717","Western Carolina","fcs","Southern","10","0,3,0,7","0.011037230491638184","","","3.4066339060301316","","",""
"401760366","2025","2","regular","2025-09-06T19:00:00.000Z","false","true","false","false","17639","3971","University Stadium (NM)","167","New Mexico","fbs","Mountain West","32","7,7,3,15","0.9902304410934448","1317","1317","304","Idaho State","fcs","Big Sky","22","0,10,6,6","0.009769558906555176","","","9.17245648654974","","",""
"401756880","2025","2","regular","2025-09-06T19:30:00.000Z","false","true","false","false","35421","3854","Nippert Stadium","2132","Cincinnati","fbs","Big 12","34","7,14,10,3","0.943564772605896","1477","1504","189","Bowling Green","fbs","Mid-American","20","0,3,7,10","0.056435227394104004","1461","1434","2.2549227112151478","","",""
"401752685","2025","2","regular","2025-09-06T19:30:00.000Z","false","true","false","false","93033","3917","Sanford Stadium","61","Georgia","fbs","SEC","28","7,7,7,7","0.9730114340782166","2072","2072","2046","Austin Peay","fcs","UAC","6","0,3,3,0","0.026988565921783447","","","2.1152278036155816","","",""
"401762794","2025","2","regular","2025-09-06T19:30:00.000Z","false","true","false","false","15740","3965","UB Stadium","2084","Buffalo","fbs","Mid-American","45","17,7,14,7","0.9950892329216003","1402","1402","2598","Saint Francis","fcs","NEC","6","0,0,0,6","0.004910767078399658","","","2.291655555280953","","",""
"401762461","2025","2","regular","2025-09-06T19:30:00.000Z","false","true","false","false","20051","3980","Waldo Stadium","2711","Western Michigan","fbs","Mid-American","30","0,17,7,3,3","0.38369107246398926","1310","1312","249","North Texas","fbs","American Athletic","33","0,7,10,10,6","0.6163089275360107","1411","1409","13.082157990893087","","",""
"401762458","2025","2","regular","2025-09-06T19:30:00.000Z","false","true","false","true","28325","3852","Navy-Marine Corps Memorial Stadium","2426","Navy","fbs","American Athletic","38","14,10,7,7","0.999152660369873","1543","1553","5","UAB","fbs","American Athletic","24","7,17,0,0","0.0008473396301269531","1319","1309","4.7014933667827785","","",""
"401752689","2025","2","regular","2025-09-06T19:30:00.000Z","false","true","false","false","57321","3838","Memorial Stadium","142","Missouri","fbs","SEC","42","6,15,7,14","0.9613492488861084","1640","1659","2305","Kansas","fbs","Big 12","31","21,0,3,7","0.0386507511138916","1632","1613","7.009144755470777","","",""
"401752686","2025","2","regular","2025-09-06T19:30:00.000Z","false","true","false","true","58346","3683","Kroger Field","96","Kentucky","fbs","SEC","23","7,6,7,3","0.4151056110858917","1507","1524","145","Ole Miss","fbs","SEC","30","0,17,10,3","0.5848943889141083","1939","1922","5.576328550071941","","",""
"401752937","2025","2","regular","2025-09-06T19:30:00.000Z","false","true","false","false","28068","3893","Reser Stadium","204","Oregon State","fbs","Pac-12","27","6,9,6,6","0.881254255771637","1371","1365","278","Fresno State","fbs","Mountain West","36","7,13,0,16","0.11874574422836304","1516","1522","10.016643565438494","","",""
"401756881","2025","2","regular","2025-09-06T19:30:00.000Z","false","true","false","false","50341","3726","Folsom Field","38","Colorado","fbs","Big 12","31","7,10,7,7","0.9268234372138977","1613","1660","48","Delaware","fbs","Conference USA","7","0,7,0,0","0.0731765627861023","1500","1453","3.0806966829732896","","",""
"401752815","2025","2","regular","2025-09-06T19:30:00.000Z","false","true","false","false","100624","3861","Ohio Stadium","194","Ohio State","fbs","Big Ten","70","21,14,21,14","0.9849264025688171","1978","1978","2755","Grambling","fcs","SWAC","0","0,0,0,0","0.015073597431182861","","","1.8562841171230613","","",""
"401754637","2025","2","regular","2025-09-06T19:30:00.000Z","false","true","false","false","77890","3836","Memorial Stadium (Clemson, SC)","228","Clemson","fbs","ACC","27","0,3,17,7","1","1692","1696","2653","Troy","fbs","Sun Belt","16","7,9,0,0","0","1476","1472","4.694620885378706","","",""
"401752818","2025","2","regular","2025-09-06T19:30:00.000Z","false","true","false","false","45981","6577","SHI Stadium","164","Rutgers","fbs","Big Ten","45","7,17,7,14","0.9909569621086121","1524","1593","193","Miami (OH)","fbs","Mid-American","17","7,3,7,0","0.00904303789138794","1491","1422","3.418786733415338","","",""
"401752824","2025","2","regular","2025-09-06T19:30:00.000Z","false","true","false","false","57266","3626","Autzen Stadium","2483","Oregon","fbs","Big Ten","69","20,21,28,0","0.9958012700080872","1860","1992","197","Oklahoma State","fbs","Big 12","3","0,3,0,0","0.004198729991912842","1334","1202","2.2316889409328917","","",""
"401754622","2025","2","regular","2025-09-06T19:30:00.000Z","false","true","false","false","37775","721","Bobby Dodd Stadium","59","Georgia Tech","fbs","ACC","59","7,21,14,17","0.9895111918449402","1556","1556","2241","Gardner-Webb","fcs","OVC-Big South","12","6,0,0,6","0.010488808155059814","","","4.322248368858751","","",""
"401761596","2025","2","regular","2025-09-06T19:30:00.000Z","false","true","false","false","34921","3792","Kidd Brewer Stadium","2026","App State","fbs","Sun Belt","20","14,0,3,3","0.7579728364944458","1477","1477","2815","Lindenwood","fcs","OVC-Big South","13","0,6,0,7","0.2420271635055542","","","2.840284969539618","","",""
"401761603","2025","2","regular","2025-09-06T19:30:00.000Z","false","true","false","false","45778","3604","Alamodome","2636","UTSA","fbs","American Athletic","36","0,14,14,8","0.1666414737701416","1503","1499","326","Texas State","fbs","Sun Belt","43","2,17,10,14","0.8333585262298584","1623","1627","7.993288344920428","","",""
"401752692","2025","2","regular","2025-09-06T19:30:00.000Z","false","true","false","false","101915","3853","Neyland Stadium","2633","Tennessee","fbs","SEC","72","24,24,14,10","0.9897788166999817","1808","1808","2193","East Tennessee State","fcs","Southern","17","0,7,3,7","0.01022118330001831","","","2.3666336633020975","","",""
"401762816","2025","2","regular","2025-09-06T19:30:00.000Z","false","true","false","false","3714","3985","Warren McGuirk Alumni Stadium","113","Massachusetts","fbs","Mid-American","26","6,14,3,3","0.9517859816551208","1096","1096","2803","Bryant","fcs","Coastal Athletic","27","0,10,14,3","0.04821401834487915","","","12.276715985149488","","",""
"401760367","2025","2","regular","2025-09-06T20:00:00.000Z","false","true","false","false","25009","3984","War Memorial Stadium","2751","Wyoming","fbs","Mountain West","31","7,10,7,7","0.9853284955024719","1386","1386","2460","Northern Iowa","fcs","MVFC","7","0,7,0,0","0.014671504497528076","","","7.255029662458553","","",""
"401756883","2025","2","regular","2025-09-06T20:00:00.000Z","false","true","false","false","26740","3876","Peden Stadium","195","Ohio","fbs","Mid-American","17","3,14,0,0","0.8875462412834167","1619","1620","277","West Virginia","fbs","Big 12","10","7,0,3,0","0.11245375871658325","1470","1469","4.290102965286809","","",""
"401752820","2025","2","regular","2025-09-06T20:00:00.000Z","false","true","false","false","70368","347","Camp Randall Stadium","275","Wisconsin","fbs","Big Ten","42","0,14,14,14","0.9707022905349731","1573","1619","2393","Middle Tennessee","fbs","Conference USA","10","3,7,0,0","0.029297709465026855","1228","1182","7.30487217133281","","",""
"401752684","2025","2","regular","2025-09-06T20:15:00.000Z","false","true","false","false","89909","3634","Ben Hill Griffin Stadium","57","Florida","fbs","SEC","16","3,6,0,7","0.49722573161125183","1678","1668","58","South Florida","fbs","American Athletic","18","0,6,9,3","0.5027742683887482","1554","1564","6.000807473517696","","",""
"401760365","2025","2","regular","2025-09-06T21:00:00.000Z","false","true","false","false","20535","3816","Mackay Stadium","2440","Nevada","fbs","Mountain West","20","0,13,0,7","0.3233785331249237","1249","1249","16","Sacramento State","fcs","Big Sky","17","7,10,0,0","0.6766214668750763","","","6.902041952612669","","",""
"401752682","2025","2","regular","2025-09-06T21:00:00.000Z","false","true","true","false","54224","3983","War Memorial Stadium (AR)","8","Arkansas","fbs","SEC","56","28,7,14,7","0.998382568359375","1574","1674","2032","Arkansas State","fbs","Sun Belt","14","7,7,0,0","0.001617431640625","1344","1244","3.493453978670016","","",""
"401761602","2025","2","regular","2025-09-06T21:00:00.000Z","false","true","false","false","32011","3815","M. M. Roberts Stadium","2572","Southern Miss","fbs","Sun Belt","38","14,3,7,14","0.9898084998130798","1089","1089","2296","Jackson State","fcs","SWAC","20","3,7,0,10","0.010191500186920166","","","3.6500557956045463","","",""
"401757228","2025","2","regular","2025-09-06T22:00:00.000Z","false","true","false","false","28564","3775","Joan C. Edwards Stadium","276","Marshall","fbs","Sun Belt","20","0,17,3,0","0.04023043066263199","1519","1508","2623","Missouri State","fbs","Conference USA","21","0,7,7,7","0.959769569337368","1335","1346","7.466062922611336","","",""
"401761599","2025","2","regular","2025-09-06T22:00:00.000Z","false","true","false","false","18111","3918","S.B. Ballard Stadium","295","Old Dominion","fbs","Sun Belt","54","9,7,28,10","0.9922709465026855","1470","1470","2428","North Carolina Central","fcs","MEAC","6","0,3,3,0","0.007729053497314453","","","3.171607761996218","","",""
"401762459","2025","2","regular","2025-09-06T22:00:00.000Z","false","true","false","false","35120","3699","Dowdy-Ficklen Stadium","151","East Carolina","fbs","American Athletic","56","14,21,14,7","0.9879902005195618","1429","1429","2097","Campbell","fcs","Coastal Athletic","3","0,3,0,0","0.012009799480438232","","","2.3894709194043213","","",""
"401756887","2025","2","regular","2025-09-06T22:00:00.000Z","false","true","false","false","51463","587","Rice-Eccles Stadium","254","Utah","fbs","Big 12","63","14,21,21,7","0.9827632308006287","1638","1638","13","Cal Poly","fcs","Big Sky","9","3,3,0,3","0.017236769199371338","","","2.1367854662551324","","",""
"401754530","2025","2","regular","2025-09-06T22:00:00.000Z","false","true","false","false","35898","3831","California Memorial Stadium","25","California","fbs","ACC","35","3,8,14,10","0.9355884194374084","1564","1564","2640","Texas Southern","fcs","SWAC","3","0,0,0,3","0.06441158056259155","","","3.713203523942471","","",""
"401762460","2025","2","regular","2025-09-06T22:00:00.000Z","false","true","false","false","21029","3715","FAU Stadium","2226","Florida Atlantic","fbs","American Athletic","56","22,17,0,17","0.977178156375885","1237","1237","50","Florida A&M","fcs","SWAC","14","0,0,7,7","0.02282184362411499","","","2.097398530154686","","",""
"401761601","2025","2","regular","2025-09-06T23:00:00.000Z","false","true","false","false","16871","6526","Hancock Whitney Stadium","6","South Alabama","fbs","Sun Belt","31","14,0,0,17","0.1358165442943573","1555","1557","2655","Tulane","fbs","American Athletic","33","14,10,3,6","0.8641834557056427","1644","1642","5.567741495898722","","",""
"401752691","2025","2","regular","2025-09-06T23:00:00.000Z","false","true","false","false","79705","3994","Williams-Brice Stadium","2579","South Carolina","fbs","SEC","38","0,17,21,0","0.6999583840370178","1729","1729","2569","South Carolina State","fcs","MEAC","10","3,0,0,7","0.3000416159629822","","","3.6234773442688484","","",""
"401756882","2025","2","regular","2025-09-06T23:00:00.000Z","false","true","false","false","52723","3636","Bill Snyder Family Stadium","2306","Kansas State","fbs","Big 12","21","3,10,8,0","0.24810242652893066","1666","1658","349","Army","fbs","American Athletic","24","0,7,7,10","0.7518975734710693","1607","1615","4.812631689492559","","",""
"401757232","2025","2","regular","2025-09-06T23:00:00.000Z","false","true","false","false","24138","3739","Glass Bowl","2649","Toledo","fbs","Mid-American","45","21,10,14,0","0.9942803382873535","1445","1505","98","Western Kentucky","fbs","Conference USA","21","7,0,0,14","0.005719661712646484","1450","1390","2.539211806272949","","",""
"401756884","2025","2","regular","2025-09-06T23:00:00.000Z","false","true","false","false","30116","3895","Rice Stadium","242","Rice","fbs","American Athletic","9","0,3,0,6","0.10369107872247696","1337","1271","248","Houston","fbs","Big 12","35","0,7,7,21","0.896308921277523","1375","1441","5.868186786577186","","",""
"401756886","2025","2","regular","2025-09-06T23:00:00.000Z","false","true","false","false","44009","3652","FBC Mortgage Stadium","2116","UCF","fbs","Big 12","68","28,12,14,14","0.9864861965179443","1550","1550","2448","North Carolina A&T","fcs","Coastal Athletic","7","0,0,0,7","0.013513803482055664","","","2.4314072997372134","","",""
"401762795","2025","2","regular","2025-09-06T23:00:00.000Z","false","true","false","false","15313","3912","Rynearson Stadium","2199","Eastern Michigan","fbs","Mid-American","23","3,7,0,13","0.010683189146220684","1241","1241","2341","Long Island University","fcs","NEC","28","7,7,0,14","0.9893168108537793","","","10.841158200364873","","",""
"401754641","2025","2","regular","2025-09-06T23:00:00.000Z","false","true","false","false","60617","3948","Hard Rock Stadium","2390","Miami","fbs","ACC","45","14,14,7,10","0.9784430861473083","1752","1752","2065","Bethune-Cookman","fcs","SWAC","3","0,3,0,0","0.02155691385269165","","","1.7536217433564345","","",""
"401754527","2025","2","regular","2025-09-06T23:00:00.000Z","false","true","false","false","19233","4418","Jerry Richardson Stadium","2429","Charlotte","fbs","American Athletic","3","0,3,0,0","0","1221","1200","153","North Carolina","fbs","ACC","20","10,7,0,3","1","1417","1438","3.333886477580821","","",""
"401760364","2025","2","regular","2025-09-06T23:00:00.000Z","false","true","false","false","37023","5388","Canvas Stadium","36","Colorado State","fbs","Mountain West","21","0,0,14,7","0.9605945348739624","1357","1357","2458","Northern Colorado","fcs","Big Sky","17","7,3,7,0","0.0394054651260376","","","6.357367126535031","","",""
"401761598","2025","2","regular","2025-09-06T23:00:00.000Z","false","true","false","false","13625","4246","Center Parc Stadium","2247","Georgia State","fbs","Sun Belt","16","9,7,0,0","0.16244572401046753","1230","1213","235","Memphis","fbs","American Athletic","38","7,10,14,7","0.8375542759895325","1604","1621","11.630263530136874","","",""
"401752819","2025","2","regular","2025-09-06T23:30:00.000Z","false","true","false","false","54663","3907","Ross-Ade Stadium","2509","Purdue","fbs","Big Ten","34","14,10,3,7","0.9792229533195496","1287","1287","79","Southern Illinois","fcs","MVFC","17","14,0,0,3","0.02077704668045044","","","3.7228955481882204","","",""
"401752695","2025","2","regular","2025-09-06T23:30:00.000Z","false","true","false","false","65632","3799","Lane Stadium","259","Virginia Tech","fbs","ACC","20","10,10,0,0","0.025915134698152542","1575","1502","238","Vanderbilt","fbs","SEC","44","0,10,13,21","0.9740848653018475","1497","1570","5.012196213185042","","",""
"401752688","2025","2","regular","2025-09-06T23:30:00.000Z","false","true","false","false","50808","3693","Davis Wade Stadium","344","Mississippi State","fbs","SEC","24","10,7,0,7","0.8706225156784058","1424","1436","9","Arizona State","fbs","Big 12","20","0,3,7,10","0.12937748432159424","1700","1688","4.934156253962285","","",""
"401761597","2025","2","regular","2025-09-06T23:30:00.000Z","false","true","false","false","22217","3654","Brooks Stadium (SC)","324","Coastal Carolina","fbs","Sun Belt","13","0,3,0,10","1","1266","1266","2127","Charleston Southern","fcs","OVC-Big South","0","0,0,0,0","0","","","4.242174070025722","","",""
"401752814","2025","2","regular","2025-09-06T23:30:00.000Z","false","true","false","false","","477","Los Angeles Memorial Coliseum","30","USC","fbs","Big Ten","59","21,10,14,14","0.9896509051322937","1841","1895","290","Georgia Southern","fbs","Sun Belt","20","6,7,7,0","0.010349094867706299","1382","1328","3.561627952727972","","",""
"401752687","2025","2","regular","2025-09-06T23:30:00.000Z","false","true","false","false","101667","3958","Tiger Stadium (LA)","99","LSU","fbs","SEC","23","7,3,7,6","0.9601048827171326","1730","1735","2348","Louisiana Tech","fbs","Conference USA","7","0,0,0,7","0.03989511728286743","1397","1392","2.689104640399413","","",""
"401752816","2025","2","regular","2025-09-06T23:30:00.000Z","false","true","false","false","70510","3936","Spartan Stadium","127","Michigan State","fbs","Big Ten","42","7,7,10,3,7,8","0.05183751508593559","1403","1405","103","Boston College","fbs","ACC","40","0,21,3,3,7,6","0.9481624849140644","1508","1506","12.45742436349646","","",""
"401752690","2025","2","regular","2025-09-06T23:30:00.000Z","false","true","false","false","84107","3835","Memorial Stadium (Norman, OK)","201","Oklahoma","fbs","SEC","24","7,7,7,3","0.8726335167884827","1650","1679","130","Michigan","fbs","Big Ten","13","0,0,13,0","0.12736648321151733","1771","1742","3.288925346237761","","",""
"401752810","2025","2","regular","2025-09-06T23:30:00.000Z","false","true","false","false","86439","3834","Memorial Stadium (Lincoln, NE)","158","Nebraska","fbs","Big Ten","68","9,24,21,14","0.993889331817627","1522","1699","2006","Akron","fbs","Mid-American","0","0,0,0,0","0.006110668182373047","1235","1058","2.7140669746621877","","",""
"401752683","2025","2","regular","2025-09-06T23:30:00.000Z","false","true","false","false","88043","3785","Jordan-Hare Stadium","2","Auburn","fbs","SEC","42","14,7,7,14","0.9814049601554871","1609","1661","2050","Ball State","fbs","Mid-American","3","0,0,3,0","0.01859503984451294","1138","1086","3.1998303337378187","","",""
"401752681","2025","2","regular","2025-09-06T23:45:00.000Z","false","true","false","false","100077","3657","Bryant-Denny Stadium","333","Alabama","fbs","SEC","73","21,21,10,21","0.9963486790657043","1755","1920","2433","UL Monroe","fbs","Sun Belt","0","0,0,0,0","0.0036513209342956543","1281","1116","1.7092281180496258","","",""
"401752823","2025","2","regular","2025-09-07T00:00:00.000Z","false","true","false","false","36117","6501","Allegiant Stadium","2439","UNLV","fbs","Mountain West","30","10,13,0,7","0.7130630612373352","1633","1630","26","UCLA","fbs","Big Ten","23","0,3,10,10","0.2869369387626648","1404","1407","3.0101892724210857","","",""
"401761600","2025","2","regular","2025-09-07T00:00:00.000Z","false","true","false","false","26071","3666","Cajun Field","309","Louisiana","fbs","Sun Belt","34","7,10,0,17","0.9776145815849304","1465","1465","2377","McNeese","fcs","Southland","10","7,0,3,0","0.02238541841506958","","","4.00838757879188","","",""
"401757231","2025","2","regular","2025-09-07T01:00:00.000Z","false","true","false","false","31122","3946","Sun Bowl","2638","UTEP","fbs","Conference USA","42","7,21,14,0","0.9783709049224854","1227","1227","2630","UT Martin","fcs","OVC-Big South","17","0,7,3,7","0.02162909507751465","","","3.292420370184263","","",""
"401757229","2025","2","regular","2025-09-07T01:00:00.000Z","false","true","false","false","10240","3601","Aggie Memorial Stadium","166","New Mexico State","fbs","Conference USA","21","3,0,7,11","0.9349650740623474","1246","1244","202","Tulsa","fbs","American Athletic","14","0,0,7,7","0.06503492593765259","1041","1043","11.044681784504647","","",""
"401756879","2025","2","regular","2025-09-07T02:00:00.000Z","false","true","false","false","40038","3619","Arizona Stadium","12","Arizona","fbs","Big 12","48","24,10,14,0","0.9933739304542542","1453","1453","2692","Weber State","fcs","Big Sky","3","0,0,0,3","0.00662606954574585","","","2.013261608018814","","",""
"401754526","2025","2","regular","2025-09-07T02:15:00.000Z","false","true","false","false","64692","3801","LaVell Edwards Stadium","252","BYU","fbs","Big 12","27","6,8,10,3","0.9587950110435486","1644","1666","24","Stanford","fbs","ACC","3","0,0,0,3","0.041204988956451416","1282","1260","2.1486485074285286","","",""
"401752948","2025","2","regular","2025-09-07T02:15:00.000Z","false","true","false","false","24330","3820","Gesa Field","265","Washington State","fbs","Pac-12","36","7,12,10,7","0.9851616621017456","1520","1555","21","San Diego State","fbs","Mountain West","13","7,0,6,0","0.014838337898254395","1318","1283","4.054313451343486","","",""
"401752821","2025","2","regular","2025-09-07T03:00:00.000Z","false","true","false","false","65421","3765","Husky Stadium","264","Washington","fbs","Big Ten","70","14,28,14,14","0.9911258220672607","1610","1610","302","UC Davis","fcs","Big Sky","10","3,7,0,0","0.008874177932739258","","","2.1246557869163945","","",""
"401757230","2025","2","regular","2025-09-07T03:59:00.000Z","false","true","false","false","11625","7220","Clarence T.C. Ching Athletics Complex","62","Hawai'i","fbs","Mountain West","37","7,10,3,17","0.9157441258430481","1178","1238","2534","Sam Houston","fbs","Conference USA","20","3,3,7,7","0.0842558741569519","1397","1337","3.805860380572348","","",""
"401754531","2025","3","regular","2025-09-11T23:30:00.000Z","false","true","false","true","29043","3630","Allegacy Federal Credit Union Stadium","154","Wake Forest","fbs","ACC","24","14,10,0,0","0","1394","1383","152","NC State","fbs","ACC","34","14,3,7,10","1","1510","1521","5.133342505139144","","",""
"401752836","2025","3","regular","2025-09-12T22:30:00.000Z","false","true","false","false","46219","3830","Memorial Stadium (Bloomington, IN)","84","Indiana","fbs","Big Ten","73","21,24,21,7","0.9889745712280273","1904","1904","282","Indiana State","fcs","MVFC","0","0,0,0,0","0.011025428771972656","","","2.0712970299067037","","",""
"401754532","2025","3","regular","2025-09-12T23:00:00.000Z","false","true","false","false","37372","1964","JMA Wireless Dome","183","Syracuse","fbs","ACC","66","14,24,7,21","0.9939893484115601","1475","1475","2142","Colgate","fcs","Patriot","24","3,0,14,7","0.006010651588439941","","","2.529816092843343","","",""
"401756893","2025","3","regular","2025-09-12T23:30:00.000Z","false","true","false","true","37899","4728","TDECU Stadium","248","Houston","fbs","Big 12","36","10,6,10,10","1","1441","1497","38","Colorado","fbs","Big 12","20","0,14,0,6","0","1660","1604","3.8156903990071345","","",""
"401756888","2025","3","regular","2025-09-13T01:00:00.000Z","false","true","false","false","40051","3619","Arizona Stadium","12","Arizona","fbs","Big 12","23","7,10,3,3","0.8945243954658508","1451","1469","2306","Kansas State","fbs","Big 12","17","3,0,14,0","0.10547560453414917","1658","1640","4.652025807713283","","",""
"401752837","2025","3","regular","2025-09-13T02:00:00.000Z","false","true","false","false","31163","1056","Rose Bowl","26","UCLA","fbs","Big Ten","10","0,7,3,0","0","1407","1331","167","New Mexico","fbs","Mountain West","35","7,7,0,21","1","1332","1408","3.584693048370142","","",""
"401752828","2025","3","regular","2025-09-13T16:00:00.000Z","false","true","false","false","86292","3834","Memorial Stadium (Lincoln, NE)","158","Nebraska","fbs","Big Ten","59","17,21,14,7","0.9886107444763184","1712","1712","2277","Houston Christian","fcs","Southland","7","0,0,7,0","0.01138925552368164","","","2.439646774748465","","",""
"401752839","2025","3","regular","2025-09-13T16:00:00.000Z","false","true","false","false","110740","3558","Michigan Stadium","130","Michigan","fbs","Big Ten","63","14,21,14,14","0.9919071197509766","1742","1852","2117","Central Michigan","fbs","Mid-American","3","0,3,0,0","0.008092880249023438","1204","1094","2.0936837087583444","","",""
"401761608","2025","3","regular","2025-09-13T16:00:00.000Z","false","true","false","false","23384","3975","Veterans Memorial Stadium (AL)","2653","Troy","fbs","Sun Belt","7","0,7,0,0","0","1472","1435","235","Memphis","fbs","American Athletic","28","7,14,0,7","1","1621","1658","4.585106428375084","","",""
"401752703","2025","3","regular","2025-09-13T16:00:00.000Z","false","true","false","false","24927","3806","Lincoln Financial Field","218","Temple","fbs","American Athletic","3","0,3,0,0","0.03236179053783417","1284","1221","201","Oklahoma","fbs","SEC","42","11,17,14,0","0.9676382094621658","1679","1742","2.8145400659947084","","",""
"401762817","2025","3","regular","2025-09-13T16:00:00.000Z","false","true","false","true","11833","3696","Dix Stadium","2309","Kent State","fbs","Mid-American","28","7,7,7,7","0.28332847356796265","938","959","2084","Buffalo","fbs","Mid-American","31","0,10,14,7","0.7166715264320374","1407","1386","6.469148484749553","","",""
"401752696","2025","3","regular","2025-09-13T16:00:00.000Z","false","true","false","false","100077","3657","Bryant-Denny Stadium","333","Alabama","fbs","SEC","38","7,14,14,3","0.8941497206687927","1920","1948","275","Wisconsin","fbs","Big Ten","14","0,0,7,7","0.10585027933120728","1619","1591","2.1300362761686698","","",""
"401754623","2025","3","regular","2025-09-13T16:00:00.000Z","false","true","false","true","48059","721","Bobby Dodd Stadium","59","Georgia Tech","fbs","ACC","24","3,10,0,11","0.70292729139328","1557","1560","228","Clemson","fbs","ACC","21","0,7,7,7","0.29707270860671997","1696","1693","5.074361404081918","","",""
"401752838","2025","3","regular","2025-09-13T16:00:00.000Z","false","true","false","false","36780","3665","SECU Stadium","120","Maryland","fbs","Big Ten","44","17,17,7,3","0.9941574335098267","1528","1528","119","Towson","fcs","Coastal Athletic","17","0,0,7,10","0.00584256649017334","","","1.9388600742460969","","",""
"401754619","2025","3","regular","2025-09-13T16:00:00.000Z","false","true","false","false","38512","3923","Scott Stadium","258","Virginia","fbs","ACC","55","14,28,10,3","0.9928979873657227","1514","1514","2729","William & Mary","fcs","Coastal Athletic","16","0,7,7,2","0.007102012634277344","","","2.634922305513789","","",""
"401756891","2025","3","regular","2025-09-13T16:00:00.000Z","false","true","false","false","41215","4727","McLane Stadium","239","Baylor","fbs","Big 12","42","14,21,0,7","0.8392053842544556","1579","1579","2535","Samford","fcs","Southern","7","7,0,0,0","0.16079461574554443","","","2.898550045459711","","",""
"401752831","2025","3","regular","2025-09-13T16:00:00.000Z","false","true","false","true","12023","5960","Lanny and Sharon Martin Stadium","77","Northwestern","fbs","Big Ten","14","0,0,0,14","0.03427131846547127","1403","1411","2483","Oregon","fbs","Big Ten","34","7,10,14,3","0.9657286815345287","1992","1984","3.2641501167463502","","",""
"401752697","2025","3","regular","2025-09-13T16:45:00.000Z","false","true","false","false","88043","3785","Jordan-Hare Stadium","2","Auburn","fbs","SEC","31","7,21,3,0","0.9974876046180725","1661","1686","6","South Alabama","fbs","Sun Belt","15","3,6,6,0","0.0025123953819274902","1557","1532","2.4154160553241155","","",""
"401752702","2025","3","regular","2025-09-13T17:00:00.000Z","false","true","false","false","57321","3838","Memorial Stadium","142","Missouri","fbs","SEC","52","14,24,7,7","0.9936493635177612","1659","1755","309","Louisiana","fbs","Sun Belt","10","0,10,0,0","0.0063506364822387695","1463","1367","1.633721829510829","","",""
"401762818","2025","3","regular","2025-09-13T18:00:00.000Z","false","true","false","false","10512","3919","Scheumann Stadium","2050","Ball State","fbs","Mid-American","34","14,14,6,0","0.6108605861663818","1070","1070","160","New Hampshire","fcs","Coastal Athletic","29","14,7,3,5","0.38913941383361816","","","5.4201324303022815","","",""
"401757168","2025","3","regular","2025-09-13T19:00:00.000Z","false","true","false","false","17862","3695","Delaware Stadium","48","Delaware","fbs","Conference USA","44","14,14,7,3,6","0.25627401471138","1453","1454","41","UConn","fbs","FBS Independents","41","10,14,7,7,3","0.74372598528862","1446","1445","7.432477630514397","","",""
"401762819","2025","3","regular","2025-09-13T19:30:00.000Z","false","true","false","false","22846","3739","Glass Bowl","2649","Toledo","fbs","Mid-American","60","3,43,7,7","0.9923451542854309","1501","1501","2415","Morgan State","fcs","MEAC","0","0,0,0,0","0.007654845714569092","","","2.4077897300641373","","",""
"401752949","2025","3","regular","2025-09-13T19:30:00.000Z","false","true","false","false","26837","3825","DATCU Stadium","249","North Texas","fbs","American Athletic","59","14,28,10,7","0.992473304271698","1409","1585","265","Washington State","fbs","Pac-12","10","3,0,0,7","0.007526695728302002","1555","1379","2.337911501476914","","",""
"401754615","2025","3","regular","2025-09-13T19:30:00.000Z","false","true","false","false","15027","3878","Plaster Sports Complex","2623","Missouri State","fbs","Conference USA","10","10,0,0,0","0.006041337735950947","1346","1338","2567","SMU","fbs","ACC","28","0,14,7,7","0.993958662264049","1703","1711","4.819093231576694","","",""
"401752938","2025","3","regular","2025-09-13T19:30:00.000Z","false","true","false","false","60229","3784","Jones AT&T Stadium","2641","Texas Tech","fbs","Big 12","45","14,14,10,7","0.9839296936988831","1639","1690","204","Oregon State","fbs","Pac-12","14","0,0,0,14","0.016070306301116943","1365","1314","2.7183524777019303","","",""
"401754638","2025","3","regular","2025-09-13T19:30:00.000Z","false","true","false","false","62108","3842","Milan Puskar Stadium","277","West Virginia","fbs","Big 12","31","0,7,7,10,7","0.17670735716819763","1469","1481","221","Pittsburgh","fbs","ACC","24","0,3,11,10,0","0.8232926428318024","1518","1506","6.6083691049315805","","",""
"401752705","2025","3","regular","2025-09-13T19:30:00.000Z","false","true","false","true","101915","3853","Neyland Stadium","2633","Tennessee","fbs","SEC","41","21,0,7,10,3","0.8366788625717163","1799","1809","61","Georgia","fbs","SEC","44","7,10,10,11,6","0.1633211374282837","2053","2043","8.927697065894355","","",""
"401754639","2025","3","regular","2025-09-13T19:30:00.000Z","false","true","false","false","50500","3787","Kenan Stadium","153","North Carolina","fbs","ACC","41","10,10,7,14","0.9921181201934814","1439","1439","257","Richmond","fcs","Patriot","6","0,3,0,3","0.007881879806518555","","","1.969859511624668","","",""
"401762467","2025","3","regular","2025-09-13T19:30:00.000Z","false","true","false","false","20421","3604","Alamodome","2636","UTSA","fbs","American Athletic","48","10,14,14,10","0.9960624575614929","1489","1489","2916","Incarnate Word","fcs","Southland","20","0,0,14,6","0.00393754243850708","","","2.14359432660084","","",""
"401752834","2025","3","regular","2025-09-13T19:30:00.000Z","false","true","false","false","71301","3936","Spartan Stadium","127","Michigan State","fbs","Big Ten","41","7,10,14,10","0.9076184034347534","1406","1406","2754","Youngstown State","fcs","MVFC","24","3,7,7,7","0.09238159656524658","","","3.481551560526096","","",""
"401752833","2025","3","regular","2025-09-13T19:30:00.000Z","false","true","false","false","41011","6577","SHI Stadium","164","Rutgers","fbs","Big Ten","60","13,13,20,14","0.9916054010391235","1594","1594","2450","Norfolk State","fcs","MEAC","10","0,3,7,0","0.008394598960876465","","","2.6001700876586886","","",""
"401756892","2025","3","regular","2025-09-13T19:30:00.000Z","false","true","false","false","30014","3854","Nippert Stadium","2132","Cincinnati","fbs","Big 12","70","35,21,7,7","0.9783123731613159","1498","1498","2466","Northwestern State","fcs","Southland","0","0,0,0,0","0.021687626838684082","","","1.9902269210722308","","",""
"401752832","2025","3","regular","2025-09-13T19:30:00.000Z","false","true","false","true","58065","3907","Ross-Ade Stadium","2509","Purdue","fbs","Big Ten","17","0,3,7,7","0.0364251509308815","1293","1310","30","USC","fbs","Big Ten","33","3,14,13,3","0.9635748490691185","1895","1878","4.127607975845876","","",""
"401752835","2025","3","regular","2025-09-13T19:30:00.000Z","false","true","false","false","109516","3632","Beaver Stadium","213","Penn State","fbs","Big Ten","52","7,14,10,21","1","2152","2152","222","Villanova","fcs","Coastal Athletic","6","0,0,0,6","0","","","1.5691614982419644","","",""
"401756890","2025","3","regular","2025-09-13T20:00:00.000Z","false","true","false","false","22348","3625","Centennial Bank Stadium","2032","Arkansas State","fbs","Sun Belt","16","0,10,3,3","0.10015681385993958","1244","1257","66","Iowa State","fbs","Big 12","24","9,8,0,7","0.8998431861400604","1621","1608","6.731182769771558","","",""
"401752706","2025","3","regular","2025-09-13T20:15:00.000Z","false","true","false","false","102025","3910","DKR-Texas Memorial Stadium","251","Texas","fbs","SEC","27","7,7,6,7","1","1896","1878","2638","UTEP","fbs","Conference USA","10","0,3,0,7","0","1230","1248","3.4510180667844916","","",""
"401754535","2025","3","regular","2025-09-13T20:30:00.000Z","false","true","false","false","66591","3948","Hard Rock Stadium","2390","Miami","fbs","ACC","49","14,14,7,14","0.9881351590156555","1743","1825","58","South Florida","fbs","American Athletic","12","3,3,0,6","0.011864840984344482","1564","1482","2.955756798120136","","",""
"401757258","2025","3","regular","2025-09-13T21:00:00.000Z","false","true","false","false","16808","3816","Mackay Stadium","2440","Nevada","fbs","Mountain West","13","0,13,0,0","0.7403632402420044","1284","1278","2393","Middle Tennessee","fbs","Conference USA","14","0,0,0,14","0.2596367597579956","1182","1188","4.244323209980611","","",""
"401757256","2025","3","regular","2025-09-13T21:00:00.000Z","false","true","false","false","23159","3700","Doyt L. Perry Stadium","189","Bowling Green","fbs","Mid-American","23","3,7,3,10","0.9232409596443176","1434","1456","2335","Liberty","fbs","Conference USA","13","0,0,7,6","0.07675904035568237","1494","1472","3.9960137813612553","","",""
"401757235","2025","3","regular","2025-09-13T22:00:00.000Z","false","true","false","false","11040","4899","Fifth Third Stadium","338","Kennesaw State","fbs","Conference USA","27","0,7,17,3","0.8851298093795776","1175","1175","2771","Merrimack","fcs","FCS Independents","13","0,0,0,13","0.11487019062042236","","","3.858363899375836","","",""
"401752701","2025","3","regular","2025-09-13T22:00:00.000Z","false","true","false","false","49158","3693","Davis Wade Stadium","344","Mississippi State","fbs","SEC","63","28,14,7,14","0.9959214925765991","1454","1454","2016","Alcorn State","fcs","SWAC","0","0,0,0,0","0.004078507423400879","","","1.7864428042072722","","",""
"401761606","2025","3","regular","2025-09-13T22:00:00.000Z","false","true","false","false","23925","3775","Joan C. Edwards Stadium","276","Marshall","fbs","Sun Belt","38","17,14,7,0","0.9945290088653564","1492","1492","2198","Eastern Kentucky","fcs","UAC","7","0,0,7,0","0.005470991134643555","","","2.546843613107965","","",""
"401762464","2025","3","regular","2025-09-13T22:00:00.000Z","false","true","false","false","15681","4418","Jerry Richardson Stadium","2429","Charlotte","fbs","American Athletic","42","0,7,21,14","0.9812779426574707","1170","1170","2405","Monmouth","fcs","Coastal Athletic","35","7,7,7,14","0.018722057342529297","","","7.631365971094696","","",""
"401757233","2025","3","regular","2025-09-13T22:00:00.000Z","false","true","false","false","17638","2031","Pitbull Stadium","2229","Florida International","fbs","Conference USA","38","7,10,21,0","1","1358","1367","2226","Florida Atlantic","fbs","American Athletic","28","7,14,0,7","0","1240","1231","5.3864632418035905","","",""
"401757234","2025","3","regular","2025-09-13T23:00:00.000Z","false","true","false","false","24585","3608","Allen E. Paulson Stadium","290","Georgia Southern","fbs","Sun Belt","41","17,14,0,10","0.9934029579162598","1328","1357","55","Jacksonville State","fbs","Conference USA","34","14,10,10,0","0.006597042083740234","1642","1613","6.064462253017327","","",""
"401752827","2025","3","regular","2025-09-13T23:00:00.000Z","false","true","false","false","105765","3861","Ohio Stadium","194","Ohio State","fbs","Big Ten","37","3,10,10,14","0.9895108938217163","1977","2010","195","Ohio","fbs","Mid-American","9","0,3,6,0","0.010489106178283691","1620","1587","2.6200476901291596","","",""
"401761605","2025","3","regular","2025-09-13T23:00:00.000Z","false","true","false","false","13988","4246","Center Parc Stadium","2247","Georgia State","fbs","Sun Belt","37","14,9,7,7","0.9919071197509766","1167","1167","93","Murray State","fcs","MVFC","21","0,7,0,14","0.008092880249023438","","","3.3424632064061637","","",""
"401762466","2025","3","regular","2025-09-13T23:00:00.000Z","false","true","false","false","22260","3895","Rice Stadium","242","Rice","fbs","American Athletic","38","7,17,7,7","0.9957946538925171","1262","1262","2504","Prairie View A&M","fcs","SWAC","17","7,0,3,7","0.00420534610748291","","","3.318519201815514","","",""
"401752700","2025","3","regular","2025-09-13T23:00:00.000Z","false","true","false","true","65068","3974","Vaught-Hemingway Stadium","145","Ole Miss","fbs","SEC","41","7,24,7,3","0.4054233729839325","1922","1918","8","Arkansas","fbs","SEC","35","7,21,0,7","0.5945766270160675","1674","1678","6.476053958073642","","",""
"401761607","2025","3","regular","2025-09-13T23:00:00.000Z","false","true","false","true","24534","3815","M. M. Roberts Stadium","2572","Southern Miss","fbs","Sun Belt","38","7,10,7,14","0.9881961345672607","1107","1178","2026","App State","fbs","Sun Belt","22","7,0,7,8","0.011803865432739258","1461","1390","4.30131453710597","","",""
"401754536","2025","3","regular","2025-09-13T23:00:00.000Z","false","true","false","false","57627","3799","Lane Stadium","259","Virginia Tech","fbs","ACC","26","0,0,7,19","0.054570745676755905","1502","1452","295","Old Dominion","fbs","Sun Belt","45","7,21,10,7","0.9454292543232441","1480","1530","3.4013443232710543","","",""
"401752829","2025","3","regular","2025-09-13T23:00:00.000Z","false","true","false","false","60670","3832","Memorial Stadium (Champaign, IL)","356","Illinois","fbs","Big Ten","38","3,7,14,14","0.9919793605804443","1642","1708","2711","Western Michigan","fbs","Mid-American","0","0,0,0,0","0.008020639419555664","1312","1246","2.477241590312125","","",""
"401757257","2025","3","regular","2025-09-13T23:30:00.000Z","false","true","false","true","60229","3776","Joe Aillet Stadium","2348","Louisiana Tech","fbs","Conference USA","49","10,17,0,22","0.9931659698486328","1392","1471","166","New Mexico State","fbs","Conference USA","14","0,14,0,0","0.0068340301513671875","1244","1165","2.632393593303924","","",""
"401752830","2025","3","regular","2025-09-13T23:30:00.000Z","false","true","false","false","69250","3793","Kinnick Stadium","2294","Iowa","fbs","Big Ten","47","20,10,10,7","0.9895370602607727","1680","1723","113","Massachusetts","fbs","Mid-American","7","0,7,0,0","0.010462939739227295","1101","1058","1.7656731380714883","","",""
"401752698","2025","3","regular","2025-09-13T23:30:00.000Z","false","true","false","false","58489","3683","Kroger Field","96","Kentucky","fbs","SEC","48","14,14,10,10","0.9919674396514893","1524","1557","2199","Eastern Michigan","fbs","Mid-American","23","3,13,0,7","0.008032560348510742","1253","1220","3.1385967464938243","","",""
"401752699","2025","3","regular","2025-09-13T23:30:00.000Z","false","true","false","true","102158","3958","Tiger Stadium (LA)","99","LSU","fbs","SEC","20","0,13,7,0","0.9602018594741821","1735","1747","57","Florida","fbs","SEC","10","3,7,0,0","0.03979814052581787","1668","1656","4.803348735160815","","",""
"401752707","2025","3","regular","2025-09-13T23:30:00.000Z","false","true","false","false","77622","3855","Notre Dame Stadium","87","Notre Dame","fbs","FBS Independents","40","14,10,7,9","0.14940443634986877","2166","2141","245","Texas A&M","fbs","SEC","41","7,21,3,10","0.8505955636501312","1724","1749","8.103345635698446","","",""
"401761604","2025","3","regular","2025-09-13T23:30:00.000Z","false","true","false","false","21634","3654","Brooks Stadium (SC)","324","Coastal Carolina","fbs","Sun Belt","0","0,0,0,0","0","1262","1172","151","East Carolina","fbs","American Athletic","38","10,0,7,21","1","1429","1519","3.8528115010189783","","",""
"401752704","2025","3","regular","2025-09-13T23:45:00.000Z","false","true","false","true","79873","3994","Williams-Brice Stadium","2579","South Carolina","fbs","SEC","7","7,0,0,0","0.015361112542450428","1729","1645","238","Vanderbilt","fbs","SEC","31","7,7,7,10","0.9846388874575496","1570","1654","4.458445004730975","","",""
"401762465","2025","3","regular","2025-09-14T00:00:00.000Z","false","true","false","true","20103","3674","Chapman Stadium","202","Tulsa","fbs","American Athletic","23","14,3,0,6","0.055036623030900955","1043","1046","2426","Navy","fbs","American Athletic","42","7,14,14,7","0.944963376969099","1553","1550","4.787999254795146","","",""
"401756894","2025","3","regular","2025-09-14T00:00:00.000Z","false","true","false","false","48094","3616","Amon G. Carter Stadium","2628","TCU","fbs","Big 12","42","14,14,7,7","0.6292220950126648","1726","1726","2000","Abilene Christian","fcs","UAC","21","0,0,9,12","0.3707779049873352","","","2.1478550419011553","","",""
"401756895","2025","3","regular","2025-09-14T00:00:00.000Z","false","true","false","false","23500","3984","War Memorial Stadium","2751","Wyoming","fbs","Mountain West","6","0,0,0,6","0","1377","1339","254","Utah","fbs","Big 12","31","3,0,14,14","1","1630","1668","3.6670493757129026","","",""
"401754534","2025","3","regular","2025-09-14T00:00:00.000Z","false","true","false","false","30000","4729","Yulman Stadium","2655","Tulane","fbs","American Athletic","34","14,10,7,3","1","1642","1642","150","Duke","fbs","ACC","27","0,9,7,11","0","1462","1462","3.00333564937811","","",""
"401762463","2025","3","regular","2025-09-14T00:30:00.000Z","false","true","false","false","17823","7221","Protective Stadium","5","UAB","fbs","American Athletic","31","14,17,0,0","0.2481190413236618","1309","1307","2006","Akron","fbs","Mid-American","28","17,3,0,8","0.7518809586763382","1058","1060","4.763485619363661","","",""
"401760368","2025","3","regular","2025-09-14T01:45:00.000Z","false","true","false","true","17124","3905","Maverik Stadium","328","Utah State","fbs","Mountain West","49","7,7,21,14","0.9948674440383911","1394","1442","2005","Air Force","fbs","Mountain West","30","0,10,6,14","0.005132555961608887","1438","1390","4.81997204774554","","",""
"401760369","2025","3","regular","2025-09-14T02:00:00.000Z","false","true","false","false","37210","3660","Valley Children's Stadium","278","Fresno State","fbs","Mountain West","56","14,21,7,14","0.9841591715812683","1458","1458","2582","Southern","fcs","SWAC","7","0,7,0,0","0.01584082841873169","","","2.7328645123792015","","",""
"401754533","2025","3","regular","2025-09-14T02:30:00.000Z","false","true","false","true","22162","3940","Stanford Stadium","24","Stanford","fbs","ACC","30","6,14,7,3","0.9348934888839722","1260","1296","103","Boston College","fbs","ACC","20","0,20,0,0","0.06510651111602783","1506","1470","4.314606342621533","","",""
"401752840","2025","3","regular","2025-09-14T02:30:00.000Z","false","true","false","false","38556","3831","California Memorial Stadium","25","California","fbs","ACC","27","7,3,7,10","0.8893956542015076","1554","1586","135","Minnesota","fbs","Big Ten","14","0,7,7,0","0.11060434579849243","1625","1593","5.165404689795862","","",""
"401756889","2025","3","regular","2025-09-14T02:30:00.000Z","false","true","false","false","54005","3947","Mountain America Stadium","9","Arizona State","fbs","Big 12","34","3,17,14,0","0.8866621851921082","1688","1725","326","Texas State","fbs","Sun Belt","15","3,0,6,6","0.11333781480789185","1627","1590","3.280185399518363","","",""
"401760370","2025","3","regular","2025-09-14T03:59:00.000Z","false","true","false","false","11936","7220","Clarence T.C. Ching Athletics Complex","62","Hawai'i","fbs","Mountain West","23","0,14,3,6","0.9712616205215454","1220","1220","2502","Portland State","fcs","Big Sky","3","0,0,3,0","0.02873837947845459","","","3.47505583467685","","",""
"401762468","2025","4","regular","2025-09-18T23:30:00.000Z","false","true","false","true","13397","4418","Jerry Richardson Stadium","2429","Charlotte","fbs","American Athletic","17","3,6,0,8","0.13469073176383972","1200","1183","242","Rice","fbs","American Athletic","28","7,7,7,7","0.8653092682361603","1271","1288","4.3486835794294665","","",""
"401756900","2025","4","regular","2025-09-19T23:30:00.000Z","false","true","false","false","48842","3646","Boone Pickens Stadium","197","Oklahoma State","fbs","Big 12","12","3,0,0,9","0.16373471915721893","1202","1176","202","Tulsa","fbs","American Athletic","19","10,6,3,0","0.8362652808427811","1046","1072","4.265337484404841","","",""
"401752844","2025","4","regular","2025-09-20T00:00:00.000Z","false","true","false","true","55942","6577","SHI Stadium","164","Rutgers","fbs","Big Ten","28","14,7,0,7","0.03705144301056862","1593","1583","2294","Iowa","fbs","Big Ten","38","14,7,0,17","0.9629485569894314","1723","1733","6.504062292308946","","",""
"401754642","2025","4","regular","2025-09-20T16:00:00.000Z","false","true","false","false","49482","3873","L&N Federal Credit Union Stadium","97","Louisville","fbs","ACC","40","7,14,9,10","0.9894548654556274","1727","1755","189","Bowling Green","fbs","Mid-American","17","3,0,0,14","0.010545134544372559","1456","1428","3.18187023671258","","",""
"401754636","2025","4","regular","2025-09-20T16:00:00.000Z","false","true","false","false","43333","3616","Amon G. Carter Stadium","2628","TCU","fbs","Big 12","35","7,7,7,14","0.948393702507019","1713","1733","2567","SMU","fbs","ACC","24","3,7,7,7","0.05160629749298096","1711","1691","5.107027581915229","","",""
"401752845","2025","4","regular","2025-09-20T16:00:00.000Z","false","true","false","true","68547","347","Camp Randall Stadium","275","Wisconsin","fbs","Big Ten","10","0,0,3,7","0.16352635622024536","1591","1543","120","Maryland","fbs","Big Ten","27","7,13,0,7","0.8364736437797546","1526","1574","3.246110005059111","","",""
"401754537","2025","4","regular","2025-09-20T16:00:00.000Z","false","true","false","true","80225","3836","Memorial Stadium (Clemson, SC)","228","Clemson","fbs","ACC","21","7,7,0,7","0.03948278725147247","1693","1642","183","Syracuse","fbs","ACC","34","10,14,10,0","0.9605172127485275","1484","1535","4.317694278621441","","",""
"401762469","2025","4","regular","2025-09-20T16:00:00.000Z","false","true","false","true","28446","3841","Michie Stadium","349","Army","fbs","American Athletic","38","7,7,7,17,0","0.514945387840271","1615","1599","249","North Texas","fbs","American Athletic","45","21,7,3,7,7","0.485054612159729","1585","1601","5.938978446833998","","",""
"401760376","2025","4","regular","2025-09-20T16:00:00.000Z","false","true","false","false","12625","3996","Yager Stadium","193","Miami (OH)","fbs","Mid-American","38","14,10,14,0","0.25967973470687866","1422","1430","2439","UNLV","fbs","Mountain West","41","0,10,14,17","0.7403202652931213","1630","1622","6.068854680783486","","",""
"401754617","2025","4","regular","2025-09-20T16:00:00.000Z","false","true","false","false","57229","3799","Lane Stadium","259","Virginia Tech","fbs","ACC","38","7,14,10,7","1","1449","1449","2747","Wofford","fcs","Southern","6","0,3,0,3","0","","","2.2832560051662276","","",""
"401762470","2025","4","regular","2025-09-20T16:00:00.000Z","false","true","false","false","28461","3886","Raymond James Stadium","58","South Florida","fbs","American Athletic","63","7,14,35,7","0.9685367941856384","1477","1477","2569","South Carolina State","fcs","MEAC","14","0,7,0,7","0.03146320581436157","","","2.56000165452392","","",""
"401752708","2025","4","regular","2025-09-20T16:00:00.000Z","false","true","false","false","39861","3805","Simmons Bank Liberty Stadium","235","Memphis","fbs","American Athletic","32","10,7,9,6","0.8126097321510315","1658","1659","8","Arkansas","fbs","SEC","31","7,21,3,0","0.1873902678489685","1678","1677","7.031627542435475","","",""
"401756901","2025","4","regular","2025-09-20T16:00:00.000Z","false","true","false","true","52236","587","Rice-Eccles Stadium","254","Utah","fbs","Big 12","10","0,3,0,7","0.04007043316960335","1668","1607","2641","Texas Tech","fbs","Big 12","34","7,3,0,24","0.9599295668303967","1690","1751","5.001086331842076","","",""
"401752715","2025","4","regular","2025-09-20T16:45:00.000Z","false","true","false","false","101915","3853","Neyland Stadium","2633","Tennessee","fbs","SEC","56","21,21,14,0","0.9989473819732666","1809","1838","5","UAB","fbs","American Athletic","24","0,7,10,7","0.0010526180267333984","1307","1278","2.4876261409806415","","",""
"401762822","2025","4","regular","2025-09-20T17:00:00.000Z","false","true","false","false","18787","3786","Kelly/Shorts Stadium","2117","Central Michigan","fbs","Mid-American","49","14,21,14,0","0.9925546050071716","1069","1069","2681","Wagner","fcs","NEC","10","0,3,0,7","0.007445394992828369","","","2.359798098679042","","",""
"401752841","2025","4","regular","2025-09-20T19:00:00.000Z","false","true","false","false","58571","3626","Autzen Stadium","2483","Oregon","fbs","Big Ten","41","7,14,10,10","0.9918121695518494","1984","2001","204","Oregon State","fbs","Pac-12","7","7,0,0,0","0.008187830448150635","1314","1297","3.085551441109206","","",""
"401757169","2025","4","regular","2025-09-20T19:30:00.000Z","false","true","false","false","25025","3892","Pratt & Whitney Stadium","41","UConn","fbs","FBS Independents","31","10,0,7,14","0.8598232865333557","1445","1436","2050","Ball State","fbs","Mid-American","25","0,7,3,15","0.1401767134666443","1086","1095","4.406614000406764","","",""
"401761610","2025","4","regular","2025-09-20T19:30:00.000Z","false","true","false","false","18371","3912","Rynearson Stadium","2199","Eastern Michigan","fbs","Mid-American","34","7,14,0,13","0.8346293568611145","1220","1223","309","Louisiana","fbs","Sun Belt","31","7,10,7,7","0.1653706431388855","1367","1364","6.789217291186414","","",""
"401752714","2025","4","regular","2025-09-20T19:30:00.000Z","false","true","false","true","83639","3835","Memorial Stadium (Norman, OK)","201","Oklahoma","fbs","SEC","24","3,7,3,11","0.9085173606872559","1742","1748","2","Auburn","fbs","SEC","17","3,7,0,7","0.09148263931274414","1686","1680","5.956621046190708","","",""
"401757262","2025","4","regular","2025-09-20T19:30:00.000Z","false","true","false","false","24022","3992","Williams Stadium (VA)","2335","Liberty","fbs","Conference USA","13","3,7,3,0","0.015911566093564034","1472","1442","256","James Madison","fbs","Sun Belt","31","3,7,7,14","0.984088433906436","1606","1636","3.7421837106554343","","",""
"401761613","2025","4","regular","2025-09-20T19:30:00.000Z","false","true","false","false","12068","3965","UB Stadium","2084","Buffalo","fbs","Mid-American","17","7,0,7,3","0.19558115303516388","1386","1383","2653","Troy","fbs","Sun Belt","21","0,0,0,21","0.8044188469648361","1435","1438","4.636984161676919","","",""
"401752848","2025","4","regular","2025-09-20T19:30:00.000Z","false","true","false","false","77622","3855","Notre Dame Stadium","87","Notre Dame","fbs","FBS Independents","56","14,21,21,0","0.9886400699615479","2141","2126","2509","Purdue","fbs","Big Ten","30","7,16,0,7","0.011359930038452148","1310","1325","3.9527377374059056","","",""
"401762820","2025","4","regular","2025-09-20T19:30:00.000Z","false","true","false","true","20744","3980","Waldo Stadium","2711","Western Michigan","fbs","Mid-American","14","0,0,6,8","0.6010221838951111","1246","1254","2649","Toledo","fbs","Mid-American","13","0,3,10,0","0.3989778161048889","1505","1497","5.110531368179245","","",""
"401754640","2025","4","regular","2025-09-20T19:30:00.000Z","false","true","false","false","44206","3652","FBC Mortgage Stadium","2116","UCF","fbs","Big 12","34","10,10,7,7","0.9924783706665039","1554","1604","153","North Carolina","fbs","ACC","9","0,3,6,0","0.007521629333496094","1438","1388","2.664027745298376","","",""
"401752846","2025","4","regular","2025-09-20T19:30:00.000Z","false","true","false","true","87278","3834","Memorial Stadium (Lincoln, NE)","158","Nebraska","fbs","Big Ten","27","0,17,0,10","0.3412935435771942","1699","1703","130","Michigan","fbs","Big Ten","30","10,7,10,3","0.6587064564228058","1852","1848","6.364445124145732","","",""
"401752711","2025","4","regular","2025-09-20T19:30:00.000Z","false","true","false","false","65644","3974","Vaught-Hemingway Stadium","145","Ole Miss","fbs","SEC","45","10,13,0,22","0.9863547682762146","1918","1981","2655","Tulane","fbs","American Athletic","10","0,3,0,7","0.0136452317237854","1642","1579","1.8655250919442568","","",""
"401754541","2025","4","regular","2025-09-20T19:30:00.000Z","false","true","false","false","67277","3697","Doak Campbell Stadium","52","Florida State","fbs","ACC","66","35,10,14,7","0.9925882816314697","1477","1577","2309","Kent State","fbs","Mid-American","10","7,0,0,3","0.0074117183685302734","959","859","2.1885062522393874","","",""
"401762823","2025","4","regular","2025-09-20T19:30:00.000Z","false","true","false","false","22312","3876","Peden Stadium","195","Ohio","fbs","Mid-American","52","3,28,7,14","0.7757560014724731","1572","1572","2241","Gardner-Webb","fcs","OVC-Big South","35","14,7,0,14","0.22424399852752686","","","4.344308300856461","","",""
"401754538","2025","4","regular","2025-09-20T20:00:00.000Z","false","true","false","true","30022","3982","Wallace Wade Stadium","150","Duke","fbs","ACC","45","7,14,14,10","0.9929142594337463","1462","1489","152","NC State","fbs","ACC","33","7,13,6,7","0.007085740566253662","1521","1494","5.954364216208502","","",""
"401752712","2025","4","regular","2025-09-20T20:15:00.000Z","false","true","false","false","45803","3693","Davis Wade Stadium","344","Mississippi State","fbs","SEC","38","7,7,10,14","0.989556610584259","1436","1512","2459","Northern Illinois","fbs","Mid-American","10","3,7,0,0","0.010443389415740967","1453","1377","3.2053902517985993","","",""
"401754542","2025","4","regular","2025-09-20T20:30:00.000Z","false","true","false","false","45123","721","Bobby Dodd Stadium","59","Georgia Tech","fbs","ACC","45","21,0,14,10","0.9912994503974915","1560","1576","218","Temple","fbs","American Athletic","24","0,7,7,10","0.008700549602508545","1221","1205","2.4358362182481184","","",""
"401760375","2025","4","regular","2025-09-20T21:00:00.000Z","false","true","false","false","13155","3935","CEFCU Stadium","23","San José State","fbs","Mountain West","31","0,14,7,10","0.6454872488975525","1416","1416","70","Idaho","fcs","Big Sky","28","7,7,7,7","0.3545127511024475","","","7.178558080115324","","",""
"401757261","2025","4","regular","2025-09-20T22:00:00.000Z","false","true","false","false","10713","4899","Fifth Third Stadium","338","Kennesaw State","fbs","Conference USA","28","21,0,7,0","1","1200","1213","2032","Arkansas State","fbs","Sun Belt","21","0,7,7,7","0","1257","1244","4.732694572867168","","",""
"401756899","2025","4","regular","2025-09-20T22:00:00.000Z","false","true","false","true","40320","3833","Memorial Stadium","2305","Kansas","fbs","Big 12","41","7,13,14,7","0.9924370050430298","1613","1680","277","West Virginia","fbs","Big 12","10","0,3,0,7","0.007562994956970215","1481","1414","2.641422746892105","","",""
"401762821","2025","4","regular","2025-09-20T22:00:00.000Z","false","true","false","false","8117","3768","InfoCision Stadium","2006","Akron","fbs","Mid-American","51","10,28,7,6","0.988182008266449","1064","1064","2184","Duquesne","fcs","NEC","7","0,0,7,0","0.011817991733551025","","","2.2853455631928883","","",""
"401757259","2025","4","regular","2025-09-20T22:00:00.000Z","false","true","false","true","11705","2031","Pitbull Stadium","2229","Florida International","fbs","Conference USA","16","7,0,3,6","0.12030911445617676","1367","1320","48","Delaware","fbs","Conference USA","38","3,21,7,7","0.8796908855438232","1454","1501","3.857832326216719","","",""
"401752713","2025","4","regular","2025-09-20T23:00:00.000Z","false","true","false","true","57321","3838","Memorial Stadium","142","Missouri","fbs","SEC","29","0,12,6,11","0.9567704796791077","1755","1762","2579","South Carolina","fbs","SEC","20","0,14,6,0","0.043229520320892334","1645","1638","6.401869009669572","","",""
"401761609","2025","4","regular","2025-09-20T23:00:00.000Z","false","true","false","false","23217","3608","Allen E. Paulson Stadium","290","Georgia Southern","fbs","Sun Belt","45","7,10,14,14","0.9874967336654663","1347","1347","311","Maine","fcs","Coastal Athletic","17","7,7,3,0","0.012503266334533691","","","3.6091894149333887","","",""
"401757268","2025","4","regular","2025-09-20T23:00:00.000Z","false","true","false","false","17247","3796","Houchens Industries-L.T. Smith Stadium","98","Western Kentucky","fbs","Conference USA","31","3,0,7,21","0.6574909687042236","1390","1411","2440","Nevada","fbs","Mountain West","16","3,7,3,3","0.34250903129577637","1278","1257","5.524897301525892","","",""
"401761611","2025","4","regular","2025-09-20T23:00:00.000Z","false","true","false","true","17050","6526","Hancock Whitney Stadium","6","South Alabama","fbs","Sun Belt","20","0,14,3,3","0.03821929916739464","1532","1445","324","Coastal Carolina","fbs","Sun Belt","38","0,7,14,17","0.9617807008326054","1172","1259","6.294906926418065","","",""
"401757264","2025","4","regular","2025-09-20T23:00:00.000Z","false","true","false","false","15168","3725","Johnny ""Red"" Floyd Stadium","2393","Middle Tennessee","fbs","Conference USA","28","14,6,8,0","0.0052274065092206","1188","1185","276","Marshall","fbs","Sun Belt","42","21,0,0,21","0.9947725934907794","1508","1511","7.080076248813927","","",""
"401757260","2025","4","regular","2025-09-20T23:00:00.000Z","false","true","false","false","21426","3662","AmFirst Stadium","55","Jacksonville State","fbs","Conference USA","45","7,17,14,7","0.9939760565757751","1623","1623","93","Murray State","fcs","MVFC","10","3,0,7,0","0.0060239434242248535","","","3.1062490141334944","","",""
"401757265","2025","4","regular","2025-09-20T23:00:00.000Z","false","true","false","false","14476","3878","Plaster Sports Complex","2623","Missouri State","fbs","Conference USA","42","21,14,7,0","0.9847715497016907","1316","1316","2630","UT Martin","fcs","OVC-Big South","10","0,0,0,10","0.015228450298309326","","","2.2687440490074784","","",""
"401760372","2025","4","regular","2025-09-20T23:00:00.000Z","false","true","false","true","24046","3713","Falcon Stadium","2005","Air Force","fbs","Mountain West","37","7,7,10,13","0.13651491701602936","1390","1381","68","Boise State","fbs","Mountain West","49","14,7,14,14","0.8634850829839706","1578","1587","7.33669359799025","","",""
"401757263","2025","4","regular","2025-09-20T23:30:00.000Z","false","true","false","false","17108","3776","Joe Aillet Stadium","2348","Louisiana Tech","fbs","Conference USA","30","17,13,0,0","0.9279791712760925","1471","1468","2572","Southern Miss","fbs","Sun Belt","20","10,0,3,7","0.07202082872390747","1178","1181","3.828634490127194","","",""
"401754539","2025","4","regular","2025-09-20T23:30:00.000Z","false","true","false","true","36223","3923","Scott Stadium","258","Virginia","fbs","ACC","48","21,7,10,10","0.9902341961860657","1518","1565","24","Stanford","fbs","ACC","20","7,7,6,0","0.009765803813934326","1296","1249","3.680080334067038","","",""
"401752716","2025","4","regular","2025-09-20T23:30:00.000Z","false","true","false","false","35000","3973","FirstBank Stadium","238","Vanderbilt","fbs","SEC","70","21,21,14,14","0.9932364821434021","1654","1741","2247","Georgia State","fbs","Sun Belt","21","3,6,6,6","0.0067635178565979","1213","1126","3.416313854106599","","",""
"401756898","2025","4","regular","2025-09-20T23:30:00.000Z","false","true","false","false","47213","3699","Dowdy-Ficklen Stadium","151","East Carolina","fbs","American Athletic","13","3,0,3,7","0.014823171310126781","1519","1482","252","BYU","fbs","Big 12","34","3,10,7,14","0.9851768286898732","1666","1703","4.208961929345976","","",""
"401756896","2025","4","regular","2025-09-20T23:30:00.000Z","false","true","false","true","40964","4727","McLane Stadium","239","Baylor","fbs","Big 12","24","3,7,0,14","0.579441487789154","1583","1587","9","Arizona State","fbs","Big 12","27","3,7,3,14","0.42055851221084595","1725","1721","7.112305805049334","","",""
"401752842","2025","4","regular","2025-09-20T23:30:00.000Z","false","true","false","false","32952","3820","Gesa Field","265","Washington State","fbs","Pac-12","24","0,10,14,0","0.010280482470989227","1379","1307","264","Washington","fbs","Big Ten","59","14,10,7,28","0.9897195175290108","1604","1676","4.161728481343954","","",""
"401752843","2025","4","regular","2025-09-20T23:30:00.000Z","false","true","false","true","56088","3830","Memorial Stadium (Bloomington, IN)","84","Indiana","fbs","Big Ten","63","14,21,14,14","0.9921911954879761","1869","2010","356","Illinois","fbs","Big Ten","10","7,3,0,0","0.007808804512023926","1708","1567","2.6827283378576943","","",""
"401752709","2025","4","regular","2025-09-20T23:30:00.000Z","false","true","false","false","66713","3948","Hard Rock Stadium","2390","Miami","fbs","ACC","26","7,6,0,13","1","1825","1852","57","Florida","fbs","SEC","7","0,0,7,0","0","1656","1629","3.3658697574455463","","",""
"401752710","2025","4","regular","2025-09-20T23:45:00.000Z","false","true","false","false","102219","3958","Tiger Stadium (LA)","99","LSU","fbs","SEC","56","7,28,7,14","0.9890648722648621","1747","1747","2545","SE Louisiana","fcs","Southland","10","0,0,7,3","0.01093512773513794","","","2.416578722550905","","",""
"401760377","2025","4","regular","2025-09-21T00:00:00.000Z","false","true","false","false","16273","3905","Maverik Stadium","328","Utah State","fbs","Mountain West","48","13,21,14,0","0.9917429685592651","1436","1436","2377","McNeese","fcs","Southland","7","0,7,0,0","0.008257031440734863","","","2.4736816052879043","","",""
"401761612","2025","4","regular","2025-09-21T00:00:00.000Z","false","true","false","false","31500","3644","Bobcat Stadium (TX)","326","Texas State","fbs","Sun Belt","35","7,21,7,0","0.9768553972244263","1590","1590","2447","Nicholls","fcs","Southland","3","3,0,0,0","0.02314460277557373","","","2.8064114536095865","","",""
"401752723","2025","4","regular","2025-09-21T00:00:00.000Z","false","true","false","false","103003","3910","DKR-Texas Memorial Stadium","251","Texas","fbs","SEC","55","14,17,17,7","0.9902904629707336","1878","1972","2534","Sam Houston","fbs","Conference USA","0","0,0,0,0","0.009709537029266357","1337","1243","2.8833695642232984","","",""
"401757267","2025","4","regular","2025-09-21T01:00:00.000Z","false","true","false","false","15272","3946","Sun Bowl","2638","UTEP","fbs","Conference USA","25","7,0,3,15","0.00011676212307065725","1248","1227","2433","UL Monroe","fbs","Sun Belt","31","14,10,7,0","0.9998832378769293","1116","1137","5.968620563481887","","",""
"401760373","2025","4","regular","2025-09-21T01:30:00.000Z","false","true","false","false","32061","5388","Canvas Stadium","36","Colorado State","fbs","Mountain West","16","0,3,0,13","0.6911537051200867","1363","1368","2636","UTSA","fbs","American Athletic","17","0,10,0,7","0.30884629487991333","1499","1494","7.314316560895462","","",""
"401756897","2025","4","regular","2025-09-21T02:15:00.000Z","false","true","false","false","53442","3726","Folsom Field","38","Colorado","fbs","Big 12","37","0,21,7,9","0.979032576084137","1604","1617","2751","Wyoming","fbs","Mountain West","20","0,3,10,7","0.020967423915863037","1339","1326","2.957025965675921","","",""
"401754540","2025","4","regular","2025-09-21T02:30:00.000Z","false","true","false","false","31369","7311","Snapdragon Stadium","21","San Diego State","fbs","Mountain West","34","0,13,14,7","0.9996335506439209","1283","1422","25","California","fbs","ACC","0","0,0,0,0","0.00036644935607910156","1586","1447","2.5758433433059102","","",""
"401752847","2025","4","regular","2025-09-21T03:00:00.000Z","false","true","false","true","67614","477","Los Angeles Memorial Coliseum","30","USC","fbs","Big Ten","45","10,14,7,14","0.9623426795005798","1878","1869","127","Michigan State","fbs","Big Ten","31","7,3,14,7","0.037657320499420166","1405","1414","3.3870736205636875","","",""
"401760374","2025","4","regular","2025-09-21T03:59:00.000Z","false","true","false","true","13789","7220","Clarence T.C. Ching Athletics Complex","62","Hawai'i","fbs","Mountain West","21","0,9,6,6","0.04184763878583908","1238","1250","278","Fresno State","fbs","Mountain West","23","0,7,6,10","0.9581523612141609","1522","1510","6.726265961961575","","",""
"401762471","2025","5","regular","2025-09-25T23:30:00.000Z","false","true","false","true","32497","3699","Dowdy-Ficklen Stadium","151","East Carolina","fbs","American Athletic","28","21,0,0,7","0.9631180763244629","1482","1548","349","Army","fbs","American Athletic","6","0,0,6,0","0.03688192367553711","1599","1533","1.8188151150227017","","",""
"401754543","2025","5","regular","2025-09-26T23:00:00.000Z","false","true","false","true","50107","3923","Scott Stadium","258","Virginia","fbs","ACC","46","7,14,7,7,3,8","0.5579074621200562","1565","1578","52","Florida State","fbs","ACC","38","0,21,7,7,3,0","0.44209253787994385","1577","1564","8.217825215322934","","",""
"401756902","2025","5","regular","2025-09-27T01:00:00.000Z","false","true","false","true","53774","3947","Mountain America Stadium","9","Arizona State","fbs","Big 12","27","0,14,3,10","0.9671964645385742","1721","1722","2628","TCU","fbs","Big 12","24","7,10,7,0","0.03280353546142578","1733","1732","6.2247709465896754","","",""
"401752939","2025","5","regular","2025-09-27T02:30:00.000Z","false","true","false","false","29338","3893","Reser Stadium","204","Oregon State","fbs","Pac-12","24","7,7,3,7,0","0.9730728268623352","1297","1304","248","Houston","fbs","Big 12","27","0,10,0,14,3","0.026927173137664795","1497","1490","6.212626502878512","","",""
"401756906","2025","5","regular","2025-09-27T16:00:00.000Z","false","true","false","true","53013","3636","Bill Snyder Family Stadium","2306","Kansas State","fbs","Big 12","34","0,17,14,3","0.9885370135307312","1640","1665","2116","UCF","fbs","Big 12","20","0,7,10,3","0.011462986469268799","1604","1579","3.382435912410488","","",""
"401752850","2025","5","regular","2025-09-27T16:00:00.000Z","false","true","false","true","60670","3832","Memorial Stadium (Champaign, IL)","356","Illinois","fbs","Big Ten","34","7,7,10,10","0.686018168926239","1567","1571","30","USC","fbs","Big Ten","32","7,3,7,15","0.313981831073761","1869","1865","5.793640598744493","","",""
"401762825","2025","5","regular","2025-09-27T16:00:00.000Z","false","true","false","true","20027","3876","Peden Stadium","195","Ohio","fbs","Mid-American","35","14,7,7,7","1","1587","1604","189","Bowling Green","fbs","Mid-American","20","10,3,0,7","0","1428","1411","3.812115943813982","","",""
"401752717","2025","5","regular","2025-09-27T16:00:00.000Z","false","true","false","false","75111","3887","Razorback Stadium","8","Arkansas","fbs","SEC","13","3,10,0,0","0.07087067514657974","1677","1608","87","Notre Dame","fbs","FBS Independents","56","14,28,7,7","0.9291293248534203","2126","2195","3.1141392481338106","","",""
"401754546","2025","5","regular","2025-09-27T16:00:00.000Z","false","true","false","true","30264","3630","Allegacy Federal Credit Union Stadium","154","Wake Forest","fbs","ACC","29","0,17,3,3,6","0.9560624957084656","1383","1391","59","Georgia Tech","fbs","ACC","30","3,0,14,6,7","0.043937504291534424","1576","1568","7.461044236655397","","",""
"401754545","2025","5","regular","2025-09-27T16:00:00.000Z","false","true","false","true","44451","1964","JMA Wireless Dome","183","Syracuse","fbs","ACC","3","3,0,0,0","0.003790461691096425","1535","1426","150","Duke","fbs","ACC","38","10,14,7,7","0.9962095383089036","1489","1598","4.2228872621589435","","",""
"401752849","2025","5","regular","2025-09-27T16:00:00.000Z","false","true","false","true","46234","3953","Huntington Bank Stadium","135","Minnesota","fbs","Big Ten","31","0,14,10,7","0.7365654706954956","1593","1594","164","Rutgers","fbs","Big Ten","28","7,14,0,7","0.2634345293045044","1583","1582","7.037807510854444","","",""
"401761617","2025","5","regular","2025-09-27T16:00:00.000Z","false","true","false","false","16575","3825","DATCU Stadium","249","North Texas","fbs","American Athletic","36","7,7,14,8","0.9968198537826538","1601","1616","6","South Alabama","fbs","Sun Belt","22","7,0,7,8","0.0031801462173461914","1445","1430","5.295937666588428","","",""
"401754547","2025","5","regular","2025-09-27T16:00:00.000Z","false","true","false","true","45301","3752","Acrisure Stadium","221","Pittsburgh","fbs","ACC","27","17,10,0,0","0.1551940143108368","1506","1511","97","Louisville","fbs","ACC","34","0,17,3,14","0.8448059856891632","1755","1750","5.393030338489725","","",""
"401756905","2025","5","regular","2025-09-27T16:00:00.000Z","false","true","false","true","41525","3833","Memorial Stadium","2305","Kansas","fbs","Big 12","34","7,6,14,7","0.6432141065597534","1680","1664","2132","Cincinnati","fbs","Big 12","37","7,13,10,7","0.3567858934402466","1504","1520","8.502777237602228","","",""
"401752725","2025","5","regular","2025-09-27T16:45:00.000Z","false","true","false","false","33688","3973","FirstBank Stadium","238","Vanderbilt","fbs","SEC","55","7,24,17,7","0.9819328784942627","1741","1758","328","Utah State","fbs","Mountain West","35","7,14,0,14","0.018067121505737305","1442","1425","4.60252610511381","","",""
"401762826","2025","5","regular","2025-09-27T17:00:00.000Z","false","true","false","true","28605","3786","Kelly/Shorts Stadium","2117","Central Michigan","fbs","Mid-American","24","14,7,0,3","0.9720277190208435","1094","1124","2199","Eastern Michigan","fbs","Mid-American","13","3,3,7,0","0.027972280979156494","1223","1193","2.407559954134809","","",""
"401761614","2025","5","regular","2025-09-27T17:30:00.000Z","false","true","false","true","25029","3651","Bridgeforth Stadium","256","James Madison","fbs","Sun Belt","35","7,14,14,0","0.9939213395118713","1636","1669","290","Georgia Southern","fbs","Sun Belt","10","0,3,7,0","0.006078660488128662","1357","1324","2.740239301258901","","",""
"401761616","2025","5","regular","2025-09-27T19:00:00.000Z","false","true","false","true","21147","3817","Malone Stadium","2433","UL Monroe","fbs","Sun Belt","28","0,14,7,7","0.9813252091407776","1137","1168","2032","Arkansas State","fbs","Sun Belt","16","10,0,3,3","0.018674790859222412","1244","1213","5.703973319291415","","",""
"401752851","2025","5","regular","2025-09-27T19:30:00.000Z","false","true","false","true","12023","5960","Lanny and Sharon Martin Stadium","77","Northwestern","fbs","Big Ten","17","3,14,0,0","0.6868436336517334","1411","1411","26","UCLA","fbs","Big Ten","14","0,3,3,8","0.3131563663482666","1331","1331","3.2096617060479944","","",""
"401756908","2025","5","regular","2025-09-27T19:30:00.000Z","false","true","false","true","53965","3842","Milan Puskar Stadium","277","West Virginia","fbs","Big 12","14","0,0,7,7","0","1414","1341","254","Utah","fbs","Big 12","48","14,14,10,10","1","1607","1680","3.294367911328435","","",""
"401752853","2025","5","regular","2025-09-27T19:30:00.000Z","false","true","false","true","69250","3793","Kinnick Stadium","2294","Iowa","fbs","Big Ten","15","3,7,0,5","0.08642464876174927","1733","1743","84","Indiana","fbs","Big Ten","20","7,3,0,10","0.9135753512382507","2010","2000","7.018765473483252","","",""
"401752719","2025","5","regular","2025-09-27T19:30:00.000Z","false","true","false","true","67737","3974","Vaught-Hemingway Stadium","145","Ole Miss","fbs","SEC","24","3,14,0,7","0.8488922119140625","1981","1977","99","LSU","fbs","SEC","19","7,0,6,6","0.1511077880859375","1747","1751","5.3689509418819625","","",""
"401752724","2025","5","regular","2025-09-27T19:30:00.000Z","false","true","false","true","108449","3795","Kyle Field","245","Texas A&M","fbs","SEC","16","7,6,0,3","0.9677963852882385","1749","1753","2","Auburn","fbs","SEC","10","0,3,0,7","0.032203614711761475","1680","1676","3.8765048091063026","","",""
"401760380","2025","5","regular","2025-09-27T19:30:00.000Z","false","true","false","false","13512","3764","Huskie Stadium","2459","Northern Illinois","fbs","Mid-American","3","3,0,0,0","0.6836990714073181","1377","1375","21","San Diego State","fbs","Mountain West","6","0,3,0,3","0.3163009285926819","1422","1424","5.207526340091206","","",""
"401752852","2025","5","regular","2025-09-27T19:30:00.000Z","false","true","false","true","72485","3765","Husky Stadium","264","Washington","fbs","Big Ten","6","0,3,3,0","0","1676","1665","194","Ohio State","fbs","Big Ten","24","0,7,7,10","1","2010","2021","3.5693821702972266","","",""
"401762473","2025","5","regular","2025-09-27T19:30:00.000Z","false","true","false","true","28873","3852","Navy-Marine Corps Memorial Stadium","2426","Navy","fbs","American Athletic","21","7,7,0,7","0.9838424324989319","1550","1547","242","Rice","fbs","American Athletic","13","0,0,3,10","0.016157567501068115","1288","1291","2.2905691020692287","","",""
"401762827","2025","5","regular","2025-09-27T19:30:00.000Z","false","true","false","false","10504","3996","Yager Stadium","193","Miami (OH)","fbs","Mid-American","38","7,10,14,7","0.9914972186088562","1495","1495","2815","Lindenwood","fcs","OVC-Big South","0","0,0,0,0","0.008502781391143799","","","2.645236547747449","","",""
"401756907","2025","5","regular","2025-09-27T19:30:00.000Z","false","true","false","true","45689","3646","Boone Pickens Stadium","197","Oklahoma State","fbs","Big 12","27","7,13,7,0","0.01507523376494646","1176","1173","239","Baylor","fbs","Big 12","45","7,21,7,10","0.9849247662350535","1587","1590","6.252031557586193","","",""
"401757170","2025","5","regular","2025-09-27T19:30:00.000Z","false","true","false","false","12717","3965","UB Stadium","2084","Buffalo","fbs","Mid-American","17","0,7,3,7","0.1814369261264801","1383","1382","41","UConn","fbs","FBS Independents","20","0,7,10,3","0.8185630738735199","1436","1437","5.418023678480578","","",""
"401754544","2025","5","regular","2025-09-27T19:30:00.000Z","false","true","false","true","44500","3615","Alumni Stadium (Chestnut Hill, MA)","103","Boston College","fbs","ACC","24","14,3,0,7","0.7262603640556335","1470","1462","25","California","fbs","ACC","28","7,7,0,14","0.27373963594436646","1447","1455","6.918061132137002","","",""
"401762824","2025","5","regular","2025-09-27T19:30:00.000Z","false","true","false","true","24535","3739","Glass Bowl","2649","Toledo","fbs","Mid-American","45","14,21,3,7","0.9890300631523132","1497","1562","2006","Akron","fbs","Mid-American","3","0,3,0,0","0.010969936847686768","1060","995","2.037751308081071","","",""
"401760378","2025","5","regular","2025-09-27T20:00:00.000Z","false","true","false","true","22677","3713","Falcon Stadium","2005","Air Force","fbs","Mountain West","35","7,0,7,21","0.43226560950279236","1381","1351","62","Hawai'i","fbs","Mountain West","44","14,3,7,20","0.5677343904972076","1250","1280","6.016653245970114","","",""
"401762474","2025","5","regular","2025-09-27T20:00:00.000Z","false","true","false","true","16311","3674","Chapman Stadium","202","Tulsa","fbs","American Athletic","14","7,7,0,0","0.023173080757260323","1072","1079","2655","Tulane","fbs","American Athletic","31","7,17,7,0","0.9768269192427397","1579","1572","5.984301461097488","","",""
"401757274","2025","5","regular","2025-09-27T20:00:00.000Z","false","true","false","false","37440","3971","University Stadium (NM)","167","New Mexico","fbs","Mountain West","38","7,7,10,14","0.9572336077690125","1408","1426","166","New Mexico State","fbs","Conference USA","20","7,10,0,3","0.04276639223098755","1165","1147","6.244615631678274","","",""
"401752720","2025","5","regular","2025-09-27T20:15:00.000Z","false","true","false","true","60417","3693","Davis Wade Stadium","344","Mississippi State","fbs","SEC","34","7,10,7,10,0","0.27220362424850464","1512","1523","2633","Tennessee","fbs","SEC","41","10,7,3,14,7","0.7277963757514954","1838","1827","8.714407031892366","","",""
"401757271","2025","5","regular","2025-09-27T22:00:00.000Z","false","true","false","false","18435","3918","S.B. Ballard Stadium","295","Old Dominion","fbs","Sun Belt","21","0,14,0,7","1","1530","1551","2335","Liberty","fbs","Conference USA","7","0,0,7,0","0","1442","1421","3.8746917798708536","","",""
"401757270","2025","5","regular","2025-09-27T22:00:00.000Z","false","true","false","true","11040","4899","Fifth Third Stadium","338","Kennesaw State","fbs","Conference USA","24","21,0,0,3","0.7368634939193726","1213","1223","2393","Middle Tennessee","fbs","Conference USA","16","3,7,0,6","0.26313650608062744","1185","1175","3.4086167982523374","","",""
"401762828","2025","5","regular","2025-09-27T22:30:00.000Z","false","true","false","false","20191","3980","Waldo Stadium","2711","Western Michigan","fbs","Mid-American","47","3,28,13,3","0.9961190223693848","1255","1255","227","Rhode Island","fcs","Coastal Athletic","14","7,0,0,7","0.0038809776306152344","","","3.107216197522771","","",""
"401757269","2025","5","regular","2025-09-27T23:00:00.000Z","false","true","false","false","25034","3815","M. M. Roberts Stadium","2572","Southern Miss","fbs","Sun Belt","42","14,7,14,7","0.9974352121353149","1181","1265","55","Jacksonville State","fbs","Conference USA","25","3,0,8,14","0.0025647878646850586","1613","1529","2.6005906885756223","","",""
"401754548","2025","5","regular","2025-09-27T23:00:00.000Z","false","true","false","true","56919","3670","Carter-Finley Stadium","152","NC State","fbs","ACC","21","7,0,7,7","0.23347881436347961","1494","1489","259","Virginia Tech","fbs","ACC","23","3,10,7,3","0.7665211856365204","1452","1457","6.646683052975088","","",""
"401756904","2025","5","regular","2025-09-27T23:00:00.000Z","false","true","false","true","61500","3772","Jack Trice Stadium","66","Iowa State","fbs","Big 12","39","8,14,14,3","1","1608","1655","12","Arizona","fbs","Big 12","14","0,7,7,0","0","1469","1422","2.561086514101573","","",""
"401757273","2025","5","regular","2025-09-27T23:00:00.000Z","false","true","false","true","10068","3878","Plaster Sports Complex","2623","Missouri State","fbs","Conference USA","22","0,9,7,6","0.05562228709459305","1338","1335","98","Western Kentucky","fbs","Conference USA","27","0,10,14,3","0.944377712905407","1411","1414","6.079149938303324","","",""
"401762472","2025","5","regular","2025-09-27T23:00:00.000Z","false","true","false","true","17733","3715","FAU Stadium","2226","Florida Atlantic","fbs","American Athletic","26","7,9,3,7","0.009624889120459557","1231","1201","235","Memphis","fbs","American Athletic","55","10,7,7,31","0.9903751108795404","1659","1689","6.5867582029500635","","",""
"401752718","2025","5","regular","2025-09-27T23:30:00.000Z","false","true","false","true","93033","3917","Sanford Stadium","61","Georgia","fbs","SEC","21","0,14,7,0","0.19026361405849457","2043","2033","333","Alabama","fbs","SEC","24","7,17,0,0","0.8097363859415054","1948","1958","6.2853613474576715","","",""
"401754549","2025","5","regular","2025-09-27T23:30:00.000Z","false","true","false","false","26357","3940","Stanford Stadium","24","Stanford","fbs","ACC","30","7,7,0,16","0.601484477519989","1249","1255","23","San José State","fbs","Mountain West","29","10,10,0,9","0.398515522480011","1429","1423","7.475573235995273","","",""
"401752854","2025","5","regular","2025-09-27T23:30:00.000Z","false","true","false","true","111015","3632","Beaver Stadium","213","Penn State","fbs","Big Ten","24","0,3,0,14,7,0","0.1887364685535431","2087","2070","2483","Oregon","fbs","Big Ten","30","0,3,7,7,7,6","0.8112635314464569","2001","2018","6.821436627621328","","",""
"401752950","2025","5","regular","2025-09-27T23:30:00.000Z","false","true","false","false","32087","5388","Canvas Stadium","36","Colorado State","fbs","Mountain West","3","3,0,0,0","0.020959042012691498","1368","1320","265","Washington State","fbs","Pac-12","20","10,10,0,0","0.9790409579873085","1307","1355","4.024978427575145","","",""
"401760379","2025","5","regular","2025-09-27T23:30:00.000Z","false","true","false","false","32904","3653","Albertsons Stadium","68","Boise State","fbs","Mountain West","47","14,10,9,14","0.9969602227210999","1587","1653","2026","App State","fbs","Sun Belt","14","0,7,7,0","0.0030397772789001465","1390","1324","3.0308629395219366","","",""
"401752721","2025","5","regular","2025-09-27T23:30:00.000Z","false","true","false","false","57321","3838","Memorial Stadium","142","Missouri","fbs","SEC","42","14,7,14,7","0.9859509468078613","1762","1781","113","Massachusetts","fbs","Mid-American","6","6,0,0,0","0.014049053192138672","1058","1039","2.574124852200219","","",""
"401752722","2025","5","regular","2025-09-27T23:45:00.000Z","false","true","false","true","79266","3994","Williams-Brice Stadium","2579","South Carolina","fbs","SEC","35","7,21,0,7","0.991369366645813","1638","1682","96","Kentucky","fbs","SEC","13","10,0,3,0","0.008630633354187012","1557","1513","3.3690642585545874","","",""
"401761615","2025","5","regular","2025-09-28T00:00:00.000Z","false","true","false","true","20125","3666","Cajun Field","309","Louisiana","fbs","Sun Belt","54","3,14,3,21,7,6","0.017636394128203392","1364","1367","276","Marshall","fbs","Sun Belt","51","3,14,17,7,7,3","0.9823636058717966","1511","1508","7.478263274664832","","",""
"401757272","2025","5","regular","2025-09-28T01:00:00.000Z","false","true","false","true","13013","3946","Sun Bowl","2638","UTEP","fbs","Conference USA","11","0,0,0,11","0.1915610134601593","1227","1205","2348","Louisiana Tech","fbs","Conference USA","30","7,0,3,20","0.8084389865398407","1468","1490","4.2935016288278005","","",""
"401756903","2025","5","regular","2025-09-28T02:15:00.000Z","false","true","false","true","52265","3726","Folsom Field","38","Colorado","fbs","Big 12","21","14,0,7,0","0.32688406109809875","1617","1618","252","BYU","fbs","Big 12","24","3,7,7,7","0.6731159389019012","1703","1702","5.397702544157396","","",""
"401757275","2025","6","regular","2025-10-03T01:00:00.000Z","false","true","false","true","9089","3601","Aggie Memorial Stadium","166","New Mexico State","fbs","Conference USA","37","0,10,3,24","0.9957097768783569","1147","1229","2534","Sam Houston","fbs","Conference USA","10","0,3,7,0","0.004290223121643066","1243","1161","3.263384173376266","","",""
"401762475","2025","6","regular","2025-10-03T23:00:00.000Z","false","true","false","true","34577","3886","Raymond James Stadium","58","South Florida","fbs","American Athletic","54","23,10,0,21","0.9636630415916443","1482","1521","2429","Charlotte","fbs","American Athletic","26","0,7,3,16","0.03633695840835571","1183","1144","2.2800703984341304","","",""
"401757276","2025","6","regular","2025-10-03T23:00:00.000Z","false","true","false","true","19176","3695","Delaware Stadium","48","Delaware","fbs","Conference USA","24","7,10,0,7","0.08564870804548264","1501","1491","98","Western Kentucky","fbs","Conference USA","27","0,10,17,0","0.9143512919545174","1414","1424","5.912223443709713","","",""
"401760384","2025","6","regular","2025-10-04T02:00:00.000Z","false","true","false","true","12109","3935","CEFCU Stadium","23","San José State","fbs","Mountain West","35","7,14,14,0","0.9569445848464966","1423","1433","167","New Mexico","fbs","Mountain West","28","0,17,0,11","0.04305541515350342","1426","1416","3.656062003082878","","",""
"401760382","2025","6","regular","2025-10-04T02:30:00.000Z","false","true","false","true","29019","7311","Snapdragon Stadium","21","San Diego State","fbs","Mountain West","45","7,21,10,7","0.9995191097259521","1424","1463","36","Colorado State","fbs","Mountain West","24","0,10,0,14","0.00048089027404785156","1320","1281","3.06872635804126","","",""
"401756909","2025","6","regular","2025-10-04T02:30:00.000Z","false","true","false","true","63917","3801","LaVell Edwards Stadium","252","BYU","fbs","Big 12","38","14,14,3,7","0.9500316381454468","1702","1701","277","West Virginia","fbs","Big 12","24","0,10,7,7","0.04996836185455322","1341","1342","2.9887289453194654","","",""
"401756911","2025","6","regular","2025-10-04T16:00:00.000Z","false","true","false","true","35596","4727","McLane Stadium","239","Baylor","fbs","Big 12","35","3,14,0,18","0.5523378849029541","1590","1593","2306","Kansas State","fbs","Big 12","34","7,10,14,3","0.4476621150970459","1665","1662","7.944630830586239","","",""
"401760381","2025","6","regular","2025-10-04T16:00:00.000Z","false","true","false","false","37517","3852","Navy-Marine Corps Memorial Stadium","2426","Navy","fbs","American Athletic","34","3,14,7,10","0.6797995567321777","1547","1546","2005","Air Force","fbs","Mountain West","31","7,3,7,14","0.32020044326782227","1351","1352","6.6230747879830165","","",""
"401752856","2025","6","regular","2025-10-04T16:00:00.000Z","false","true","false","true","111070","3558","Michigan Stadium","130","Michigan","fbs","Big Ten","24","7,3,7,7","0.9820447564125061","1848","1851","275","Wisconsin","fbs","Big Ten","10","7,0,0,3","0.017955243587493896","1543","1540","3.6001514426885888","","",""
"401752728","2025","6","regular","2025-10-04T16:00:00.000Z","false","true","false","true","93033","3917","Sanford Stadium","61","Georgia","fbs","SEC","35","14,7,14,0","1","2033","2033","96","Kentucky","fbs","SEC","14","0,7,0,7","0","1513","1513","2.8258150901367185","","",""
"401762830","2025","6","regular","2025-10-04T16:00:00.000Z","false","true","false","true","8427","3919","Scheumann Stadium","2050","Ball State","fbs","Mid-American","20","0,0,10,10","0.15050174295902252","1095","1131","195","Ohio","fbs","Mid-American","14","7,7,0,0","0.8494982570409775","1604","1568","7.259397238585601","","",""
"401756912","2025","6","regular","2025-10-04T16:00:00.000Z","false","true","false","true","38007","3854","Nippert Stadium","2132","Cincinnati","fbs","Big 12","38","17,14,0,7","0.9722381234169006","1520","1541","66","Iowa State","fbs","Big 12","30","0,15,7,8","0.027761876583099365","1655","1634","3.6924631307420728","","",""
"401754550","2025","6","regular","2025-10-04T16:00:00.000Z","false","true","false","true","51101","3752","Acrisure Stadium","221","Pittsburgh","fbs","ACC","48","10,21,14,3","0.9918763637542725","1511","1624","103","Boston College","fbs","ACC","7","0,0,0,7","0.008123636245727539","1462","1349","2.486695716920178","","",""
"401762476","2025","6","regular","2025-10-04T16:00:00.000Z","false","true","false","true","22489","7221","Protective Stadium","5","UAB","fbs","American Athletic","13","0,7,0,6","0.04413039609789848","1278","1260","349","Army","fbs","American Athletic","31","0,10,7,14","0.9558696039021015","1533","1551","4.306678498592513","","",""
"401754552","2025","6","regular","2025-10-04T16:00:00.000Z","false","true","false","true","50500","3787","Kenan Stadium","153","North Carolina","fbs","ACC","10","3,0,0,7","0.026435913518071175","1388","1342","228","Clemson","fbs","ACC","38","28,7,0,3","0.9735640864819288","1642","1688","3.1263997871486096","","",""
"401752861","2025","6","regular","2025-10-04T16:00:00.000Z","false","true","false","true","56551","3907","Ross-Ade Stadium","2509","Purdue","fbs","Big Ten","27","7,7,7,6","0","1325","1311","356","Illinois","fbs","Big Ten","43","0,27,13,3","1","1571","1585","4.648508792456986","","",""
"401754556","2025","6","regular","2025-10-04T17:00:00.000Z","false","true","false","true","65632","3799","Lane Stadium","259","Virginia Tech","fbs","ACC","23","7,7,9,0","0.4085460305213928","1457","1439","154","Wake Forest","fbs","ACC","30","3,21,3,3","0.5914539694786072","1391","1409","6.575458124170345","","",""
"401762479","2025","6","regular","2025-10-04T17:00:00.000Z","false","true","false","true","12132","3806","Lincoln Financial Field","218","Temple","fbs","American Athletic","27","3,0,21,3","0.9132686853408813","1205","1228","2636","UTSA","fbs","American Athletic","21","7,7,7,0","0.08673131465911865","1494","1471","3.7445383852734455","","",""
"401754557","2025","6","regular","2025-10-04T18:00:00.000Z","false","true","false","false","56919","3670","Carter-Finley Stadium","152","NC State","fbs","ACC","56","21,28,7,0","0.9692317843437195","1488","1488","2097","Campbell","fcs","Coastal Athletic","10","7,0,0,3","0.030768215656280518","","","3.0935695521469495","","",""
"401762832","2025","6","regular","2025-10-04T18:30:00.000Z","false","true","false","true","10014","3985","Warren McGuirk Alumni Stadium","113","Massachusetts","fbs","Mid-American","3","3,0,0,0","0.022389713674783707","1039","1017","2711","Western Michigan","fbs","Mid-American","21","0,7,7,7","0.9776102863252163","1254","1276","4.403949342086451","","",""
"401756910","2025","6","regular","2025-10-04T19:00:00.000Z","false","true","false","true","40685","3619","Arizona Stadium","12","Arizona","fbs","Big 12","41","14,10,14,3","0.9457634687423706","1422","1467","197","Oklahoma State","fbs","Big 12","13","3,3,0,7","0.054236531257629395","1173","1128","2.707031841015566","","",""
"401757165","2025","6","regular","2025-10-04T19:30:00.000Z","false","true","false","false","77622","3855","Notre Dame Stadium","87","Notre Dame","fbs","FBS Independents","28","6,8,7,7","1","2195","2194","68","Boise State","fbs","Mountain West","7","0,7,0,0","0","1653","1654","4.003611025708899","","",""
"401752940","2025","6","regular","2025-10-04T19:30:00.000Z","false","true","false","false","35021","3792","Kidd Brewer Stadium","2026","App State","fbs","Sun Belt","27","17,0,10,0","0.8085228800773621","1324","1326","204","Oregon State","fbs","Pac-12","23","0,14,7,2","0.19147711992263794","1304","1302","5.490605485805172","","",""
"401752727","2025","6","regular","2025-10-04T19:30:00.000Z","false","true","false","true","90714","3634","Ben Hill Griffin Stadium","57","Florida","fbs","SEC","29","10,9,10,0","0.9032769799232483","1629","1665","251","Texas","fbs","SEC","21","0,7,7,7","0.09672302007675171","1972","1936","3.328666311999717","","",""
"401754554","2025","6","regular","2025-10-04T19:30:00.000Z","false","true","false","true","50032","3873","L&N Federal Credit Union Stadium","97","Louisville","fbs","ACC","27","7,7,0,10,3","0.7687817215919495","1750","1735","258","Virginia","fbs","ACC","30","7,7,10,0,6","0.23121827840805054","1578","1593","9.702094358757874","","",""
"401752726","2025","6","regular","2025-10-04T19:30:00.000Z","false","true","false","true","100077","3657","Bryant-Denny Stadium","333","Alabama","fbs","SEC","30","0,14,6,10","0.9804922938346863","1958","1974","238","Vanderbilt","fbs","SEC","14","7,7,0,0","0.01950770616531372","1758","1742","4.929460919889916","","",""
"401757171","2025","6","regular","2025-10-04T19:30:00.000Z","false","true","false","false","27310","3892","Pratt & Whitney Stadium","41","UConn","fbs","FBS Independents","51","14,13,17,7","0.9888136386871338","1437","1541","2229","Florida International","fbs","Conference USA","10","0,3,0,7","0.011186361312866211","1320","1216","2.7682177131520103","","",""
"401762829","2025","6","regular","2025-10-04T19:30:00.000Z","false","true","false","true","8995","3768","InfoCision Stadium","2006","Akron","fbs","Mid-American","28","0,14,14,0","0.6349771022796631","995","1009","2117","Central Michigan","fbs","Mid-American","22","3,7,3,9","0.3650228977203369","1124","1110","5.048822755088203","","",""
"401762831","2025","6","regular","2025-10-04T19:30:00.000Z","false","true","false","true","17300","3965","UB Stadium","2084","Buffalo","fbs","Mid-American","31","7,7,7,3,7","0.3499263525009155","1382","1377","2199","Eastern Michigan","fbs","Mid-American","30","7,7,7,3,6","0.6500736474990845","1193","1198","10.583398660904624","","",""
"401762873","2025","6","regular","2025-10-04T19:30:00.000Z","false","true","false","true","13827","3764","Huskie Stadium","2459","Northern Illinois","fbs","Mid-American","14","14,0,0,0","0.05484992265701294","1375","1356","193","Miami (OH)","fbs","Mid-American","25","0,10,12,3","0.9451500773429871","1430","1449","4.53942701175636","","",""
"401754555","2025","6","regular","2025-10-04T19:30:00.000Z","false","true","false","true","34845","3735","Gerald J. Ford Stadium","2567","SMU","fbs","ACC","31","3,21,0,7","0.9218617081642151","1691","1695","183","Syracuse","fbs","ACC","18","0,3,0,15","0.07813829183578491","1426","1422","2.9473198489980983","","",""
"401761618","2025","6","regular","2025-10-04T19:30:00.000Z","false","true","false","true","19256","4246","Center Parc Stadium","2247","Georgia State","fbs","Sun Belt","7","7,0,0,0","0.4305460453033447","1126","1150","256","James Madison","fbs","Sun Belt","14","0,0,7,7","0.5694539546966553","1669","1645","4.209128497176163","","",""
"401752855","2025","6","regular","2025-10-04T19:30:00.000Z","false","true","false","true","39256","1056","Rose Bowl","26","UCLA","fbs","Big Ten","42","10,17,7,8","0.6434393525123596","1331","1373","213","Penn State","fbs","Big Ten","37","7,0,14,16","0.3565606474876404","2070","2028","5.385604262565175","","",""
"401752857","2025","6","regular","2025-10-04T19:30:00.000Z","false","true","false","true","46185","3665","SECU Stadium","120","Maryland","fbs","Big Ten","20","10,3,7,0","0.3396335542201996","1574","1573","264","Washington","fbs","Big Ten","24","0,0,3,21","0.6603664457798004","1665","1666","4.668454458410852","","",""
"401752858","2025","6","regular","2025-10-04T19:30:00.000Z","false","true","false","false","12023","5960","Lanny and Sharon Martin Stadium","77","Northwestern","fbs","Big Ten","42","7,11,21,3","0.9911018013954163","1411","1478","2433","UL Monroe","fbs","Sun Belt","7","7,0,0,0","0.00889819860458374","1168","1101","3.3367463399414543","","",""
"401752860","2025","6","regular","2025-10-04T20:00:00.000Z","false","true","false","true","86496","3834","Memorial Stadium (Lincoln, NE)","158","Nebraska","fbs","Big Ten","38","14,0,7,17","0.6233457922935486","1703","1702","127","Michigan State","fbs","Big Ten","27","0,7,14,6","0.3766542077064514","1414","1415","4.799806501970732","","",""
"401752729","2025","6","regular","2025-10-04T20:00:00.000Z","false","true","false","false","83016","3835","Memorial Stadium (Norman, OK)","201","Oklahoma","fbs","SEC","44","10,13,21,0","0.9927051663398743","1748","1769","2309","Kent State","fbs","Mid-American","0","0,0,0,0","0.007294833660125732","859","838","2.256360267230515","","",""
"401761620","2025","6","regular","2025-10-04T20:00:00.000Z","false","true","false","true","15841","3625","Centennial Bank Stadium","2032","Arkansas State","fbs","Sun Belt","31","7,3,0,21","0.6875132918357849","1213","1224","326","Texas State","fbs","Sun Belt","30","7,3,0,20","0.3124867081642151","1590","1579","7.976827137552203","","",""
"401761619","2025","6","regular","2025-10-04T22:00:00.000Z","false","true","false","true","20895","3918","S.B. Ballard Stadium","295","Old Dominion","fbs","Sun Belt","47","10,24,10,3","0.9817699790000916","1551","1628","324","Coastal Carolina","fbs","Sun Belt","7","0,0,0,7","0.018230020999908447","1259","1182","2.0492652937190687","","",""
"401760385","2025","6","regular","2025-10-04T23:00:00.000Z","false","true","false","true","19861","3984","War Memorial Stadium","2751","Wyoming","fbs","Mountain West","17","3,0,7,7","0","1326","1321","2439","UNLV","fbs","Mountain West","31","17,7,0,7","1","1622","1627","3.254392040823553","","",""
"401762477","2025","6","regular","2025-10-04T23:00:00.000Z","false","true","false","true","22999","3895","Rice Stadium","242","Rice","fbs","American Athletic","21","7,0,7,7","0.4553762972354889","1291","1273","2226","Florida Atlantic","fbs","American Athletic","27","14,3,7,3","0.5446237027645111","1201","1219","3.6297493058176755","","",""
"401756913","2025","6","regular","2025-10-04T23:00:00.000Z","false","true","false","true","42806","4728","TDECU Stadium","248","Houston","fbs","Big 12","11","3,8,0,0","0.0017014285549521446","1490","1456","2641","Texas Tech","fbs","Big 12","35","15,10,3,7","0.9982985714450479","1751","1785","4.3021884566467214","","",""
"401761621","2025","6","regular","2025-10-04T23:00:00.000Z","false","true","false","true","28035","3975","Veterans Memorial Stadium (AL)","2653","Troy","fbs","Sun Belt","31","7,7,7,3,7","0.8889092803001404","1438","1447","6","South Alabama","fbs","Sun Belt","24","7,0,10,7,0","0.11109071969985962","1430","1421","7.5309253915796495","","",""
"401756915","2025","6","regular","2025-10-04T23:30:00.000Z","false","true","false","true","43229","3652","FBC Mortgage Stadium","2116","UCF","fbs","Big 12","20","7,13,0,0","0.07477742433547974","1579","1572","2305","Kansas","fbs","Big 12","27","0,14,13,0","0.9252225756645203","1664","1671","5.384533111657922","","",""
"401754553","2025","6","regular","2025-10-04T23:30:00.000Z","false","true","false","true","67277","3697","Doak Campbell Stadium","52","Florida State","fbs","ACC","22","3,0,0,19","0.0358876995742321","1564","1573","2390","Miami","fbs","ACC","28","7,7,14,0","0.9641123004257679","1852","1843","4.2630519356314","","",""
"401756914","2025","6","regular","2025-10-04T23:30:00.000Z","false","true","false","true","43160","3616","Amon G. Carter Stadium","2628","TCU","fbs","Big 12","35","0,14,0,21","0.9767547249794006","1732","1751","38","Colorado","fbs","Big 12","21","0,14,0,7","0.023245275020599365","1618","1599","7.391437085165478","","",""
"401752730","2025","6","regular","2025-10-04T23:30:00.000Z","false","true","false","true","108572","3795","Kyle Field","245","Texas A&M","fbs","SEC","31","0,7,7,17","0.9942386746406555","1753","1782","344","Mississippi State","fbs","SEC","9","3,0,0,6","0.005761325359344482","1523","1494","3.4951418576507356","","",""
"401752859","2025","6","regular","2025-10-04T23:30:00.000Z","false","true","false","true","105114","3861","Ohio Stadium","194","Ohio State","fbs","Big Ten","42","7,14,7,14","0.9900946021080017","2021","2078","135","Minnesota","fbs","Big Ten","3","3,0,0,0","0.009905397891998291","1594","1537","2.2398531878981753","","",""
"401762478","2025","6","regular","2025-10-05T00:00:00.000Z","false","true","false","true","27303","3805","Simmons Bank Liberty Stadium","235","Memphis","fbs","American Athletic","45","7,21,10,7","0.9879499673843384","1689","1723","202","Tulsa","fbs","American Athletic","7","0,7,0,0","0.012050032615661621","1079","1045","3.022417484440957","","",""
"401754551","2025","6","regular","2025-10-05T02:30:00.000Z","false","true","false","true","42240","3831","California Memorial Stadium","25","California","fbs","ACC","21","14,7,0,0","0.00967482291162014","1455","1408","150","Duke","fbs","ACC","45","7,24,0,14","0.9903251770883799","1598","1645","4.772030131847419","","",""
"401760383","2025","6","regular","2025-10-05T02:30:00.000Z","false","true","false","true","40005","3660","Valley Children's Stadium","278","Fresno State","fbs","Mountain West","20","0,20,0,0","0.9091994166374207","1510","1508","2440","Nevada","fbs","Mountain West","17","3,0,7,7","0.09080058336257935","1257","1259","5.041799954848204","","",""
"401757278","2025","7","regular","2025-10-08T23:30:00.000Z","false","true","false","true","9806","3725","Johnny ""Red"" Floyd Stadium","2393","Middle Tennessee","fbs","Conference USA","20","3,10,0,7","0.1189020425081253","1175","1181","2623","Missouri State","fbs","Conference USA","22","0,16,3,3","0.8810979574918747","1335","1329","6.335220540226636","","",""
"401757277","2025","7","regular","2025-10-09T00:00:00.000Z","false","true","false","true","9286","3946","Sun Bowl","2638","UTEP","fbs","Conference USA","8","0,0,0,8","0","1205","1200","2335","Liberty","fbs","Conference USA","19","7,6,6,0","1","1421","1426","3.2463058882707863","","",""
"401757280","2025","7","regular","2025-10-09T23:00:00.000Z","false","true","false","true","9585","4899","Fifth Third Stadium","338","Kennesaw State","fbs","Conference USA","35","0,14,7,14","0.9933742880821228","1223","1332","2348","Louisiana Tech","fbs","Conference USA","7","7,0,0,0","0.006625711917877197","1490","1381","3.4898260862460013","","",""
"401762480","2025","7","regular","2025-10-09T23:30:00.000Z","false","true","false","true","20035","4729","Yulman Stadium","2655","Tulane","fbs","American Athletic","26","3,9,0,14","0.8662735819816589","1572","1580","151","East Carolina","fbs","American Athletic","19","0,0,16,3","0.13372641801834106","1548","1540","5.097665639948918","","",""
"401757279","2025","7","regular","2025-10-10T00:00:00.000Z","false","true","true","true","5419","3631","BBVA Compass Stadium","2534","Sam Houston","fbs","Conference USA","27","0,14,7,6","0.4215710461139679","1161","1173","55","Jacksonville State","fbs","Conference USA","29","7,10,0,12","0.5784289538860321","1529","1517","7.2093854505096235","","",""
"401761622","2025","7","regular","2025-10-10T00:00:00.000Z","false","true","false","true","20032","3608","Allen E. Paulson Stadium","290","Georgia Southern","fbs","Sun Belt","35","7,0,14,14","0.05019142106175423","1324","1316","2572","Southern Miss","fbs","Sun Belt","38","7,21,7,3","0.9498085789382458","1265","1273","6.0306831730253965","","",""
"401762481","2025","7","regular","2025-10-10T23:30:00.000Z","false","true","false","true","31386","3825","DATCU Stadium","249","North Texas","fbs","American Athletic","36","14,7,7,8","0.0013628927990794182","1616","1530","58","South Florida","fbs","American Athletic","63","7,14,28,14","0.9986371072009206","1521","1607","5.324575969232542","","",""
"401760388","2025","7","regular","2025-10-11T01:00:00.000Z","false","true","false","true","27874","5388","Canvas Stadium","36","Colorado State","fbs","Mountain West","49","14,21,0,14","0.9976986050605774","1281","1384","278","Fresno State","fbs","Mountain West","21","0,14,7,0","0.0023013949394226074","1508","1405","3.3412158647561894","","",""
"401752862","2025","7","regular","2025-10-11T01:00:00.000Z","false","true","false","true","63743","3765","Husky Stadium","264","Washington","fbs","Big Ten","38","0,10,21,7","0.9742462038993835","1666","1701","164","Rutgers","fbs","Big Ten","19","10,3,6,0","0.025753796100616455","1582","1547","6.099229154473839","","",""
"401752863","2025","7","regular","2025-10-11T16:00:00.000Z","false","true","false","true","72109","3936","Spartan Stadium","127","Michigan State","fbs","Big Ten","13","7,0,0,6","0.0009458241984248161","1415","1343","26","UCLA","fbs","Big Ten","38","10,14,14,0","0.9990541758015752","1373","1445","3.6543543575854267","","",""
"401754559","2025","7","regular","2025-10-11T16:00:00.000Z","false","true","false","true","65256","3697","Doak Campbell Stadium","52","Florida State","fbs","ACC","31","7,14,3,7","0.2889930009841919","1573","1572","221","Pittsburgh","fbs","ACC","34","7,7,7,13","0.7110069990158081","1624","1625","7.152016154781661","","",""
"401761625","2025","7","regular","2025-10-11T16:00:00.000Z","false","true","false","true","","3651","Bridgeforth Stadium","256","James Madison","fbs","Sun Belt","24","0,7,7,10","0.9947808980941772","1645","1643","309","Louisiana","fbs","Sun Belt","14","0,14,0,0","0.005219101905822754","1367","1369","5.265986701294481","","",""
"401762483","2025","7","regular","2025-10-11T16:00:00.000Z","false","true","false","true","31172","3841","Michie Stadium","349","Army","fbs","American Athletic","24","7,10,7,0","0.9966606497764587","1551","1552","2429","Charlotte","fbs","American Athletic","7","0,0,0,7","0.0033393502235412598","1144","1143","2.2951208124148885","","",""
"401756917","2025","7","regular","2025-10-11T16:00:00.000Z","false","true","false","true","35782","3854","Nippert Stadium","2132","Cincinnati","fbs","Big 12","20","7,10,0,3","0.975276529788971","1541","1558","2116","UCF","fbs","Big 12","11","0,3,0,8","0.024723470211029053","1572","1555","2.636105198957938","","",""
"401752734","2025","7","regular","2025-10-11T16:00:00.000Z","false","true","false","true","57321","3838","Memorial Stadium","142","Missouri","fbs","SEC","24","7,3,7,7","0.12980933487415314","1781","1788","333","Alabama","fbs","SEC","27","7,10,3,7","0.8701906651258469","1974","1967","6.769031039615297","","",""
"401756920","2025","7","regular","2025-10-11T16:00:00.000Z","false","true","false","true","44941","3646","Boone Pickens Stadium","197","Oklahoma State","fbs","Big 12","17","7,3,0,7","0.020953290164470673","1128","1107","248","Houston","fbs","Big 12","39","10,14,12,3","0.9790467098355293","1456","1477","4.179605229194508","","",""
"401752865","2025","7","regular","2025-10-11T16:00:00.000Z","false","true","false","true","60670","3832","Memorial Stadium (Champaign, IL)","356","Illinois","fbs","Big Ten","16","0,3,7,6","0.03809349611401558","1585","1589","194","Ohio State","fbs","Big Ten","34","10,10,7,7","0.9619065038859844","2078","2074","3.495212533410147","","",""
"401762833","2025","7","regular","2025-10-11T16:00:00.000Z","false","true","false","true","6575","3768","InfoCision Stadium","2006","Akron","fbs","Mid-American","7","0,0,0,7","0","1009","1018","193","Miami (OH)","fbs","Mid-American","20","0,3,14,3","1","1449","1440","3.3376481574054546","","",""
"401762835","2025","7","regular","2025-10-11T16:00:00.000Z","false","true","false","true","24000","3700","Doyt L. Perry Stadium","189","Bowling Green","fbs","Mid-American","28","0,7,7,14","0.6695540547370911","1411","1422","2649","Toledo","fbs","Mid-American","23","14,7,0,2","0.33044594526290894","1562","1551","4.618460980246395","","",""
"401754561","2025","7","regular","2025-10-11T16:00:00.000Z","false","true","false","true","30654","3735","Gerald J. Ford Stadium","2567","SMU","fbs","ACC","34","7,10,7,10","0.9821944832801819","1695","1709","24","Stanford","fbs","ACC","10","0,7,3,0","0.017805516719818115","1255","1241","3.0702369618575003","","",""
"401752733","2025","7","regular","2025-10-11T16:45:00.000Z","false","true","false","false","66392","3974","Vaught-Hemingway Stadium","145","Ole Miss","fbs","SEC","24","0,10,7,7","0.8845190405845642","1977","1971","265","Washington State","fbs","Pac-12","21","7,0,7,7","0.11548095941543579","1355","1361","5.373502448379028","","",""
"401762836","2025","7","regular","2025-10-11T17:00:00.000Z","false","true","false","true","15676","3912","Rynearson Stadium","2199","Eastern Michigan","fbs","Mid-American","16","3,3,0,10","0.9610708355903625","1198","1213","2459","Northern Illinois","fbs","Mid-American","10","0,3,7,0","0.03892916440963745","1356","1341","4.819976326098797","","",""
"401762837","2025","7","regular","2025-10-11T18:30:00.000Z","false","true","false","true","11523","3696","Dix Stadium","2309","Kent State","fbs","Mid-American","42","14,7,21,0","0.9943628311157227","838","966","113","Massachusetts","fbs","Mid-American","6","0,6,0,0","0.005637168884277344","1017","889","1.8487384351500182","","",""
"401756919","2025","7","regular","2025-10-11T19:30:00.000Z","false","true","false","true","51316","3636","Bill Snyder Family Stadium","2306","Kansas State","fbs","Big 12","41","0,14,14,13","0.9988245368003845","1662","1695","2628","TCU","fbs","Big 12","28","0,7,7,14","0.0011754631996154785","1751","1718","4.311708038251212","","",""
"401754562","2025","7","regular","2025-10-11T19:30:00.000Z","false","true","false","false","77622","3855","Notre Dame Stadium","87","Notre Dame","fbs","FBS Independents","36","7,3,14,12","0.9864176511764526","2194","2196","152","NC State","fbs","ACC","7","0,7,0,0","0.013582348823547363","1489","1487","4.13579605947671","","",""
"401760386","2025","7","regular","2025-10-11T19:30:00.000Z","false","true","false","true","32932","6501","Allegiant Stadium","2439","UNLV","fbs","Mountain West","51","7,6,16,22","0.7981698513031006","1627","1625","2005","Air Force","fbs","Mountain West","48","7,14,7,20","0.20183014869689941","1352","1354","9.358486001155997","","",""
"401752867","2025","7","regular","2025-10-11T19:30:00.000Z","false","true","false","true","39623","3665","SECU Stadium","120","Maryland","fbs","Big Ten","31","0,17,14,0","0.565939724445343","1573","1576","158","Nebraska","fbs","Big Ten","34","7,17,0,10","0.434060275554657","1702","1699","6.460996284830717","","",""
"401762834","2025","7","regular","2025-10-11T19:30:00.000Z","false","true","false","true","20032","3980","Waldo Stadium","2711","Western Michigan","fbs","Mid-American","42","7,14,7,14","0.994542121887207","1276","1379","2050","Ball State","fbs","Mid-American","0","0,0,0,0","0.005457878112792969","1131","1028","2.4716812597707336","","",""
"401754560","2025","7","regular","2025-10-11T19:30:00.000Z","false","true","false","true","50878","721","Bobby Dodd Stadium","59","Georgia Tech","fbs","ACC","35","15,6,7,7","0.9663555026054382","1568","1588","259","Virginia Tech","fbs","ACC","20","0,7,7,6","0.03364449739456177","1439","1419","2.3769529767711317","","",""
"401752736","2025","7","regular","2025-10-11T19:30:00.000Z","false","true","true","true","92100","499","Cotton Bowl","251","Texas","fbs","SEC","23","0,3,10,10","0.9899123311042786","1936","1964","201","Oklahoma","fbs","SEC","6","3,3,0,0","0.010087668895721436","1769","1741","4.19443888245953","","Allstate Red River Rivalry",""
"401754563","2025","7","regular","2025-10-11T19:30:00.000Z","false","true","false","false","29710","3893","Reser Stadium","204","Oregon State","fbs","Pac-12","14","0,0,0,14","0.07040251791477203","1302","1248","154","Wake Forest","fbs","ACC","39","15,10,7,7","0.929597482085228","1409","1463","3.0025001196704193","","",""
"401752870","2025","7","regular","2025-10-11T19:30:00.000Z","false","true","false","true","59625","3626","Autzen Stadium","2483","Oregon","fbs","Big Ten","20","7,3,3,7","0.09701064229011536","2018","1996","84","Indiana","fbs","Big Ten","30","10,3,7,10","0.9029893577098846","2000","2022","5.790429511289678","","",""
"401761626","2025","7","regular","2025-10-11T19:30:00.000Z","false","true","false","true","23515","3775","Joan C. Edwards Stadium","276","Marshall","fbs","Sun Belt","48","7,17,17,7","0.9955727458000183","1508","1582","295","Old Dominion","fbs","Sun Belt","24","7,3,0,14","0.0044272541999816895","1628","1554","4.323536814197387","","",""
"401761624","2025","7","regular","2025-10-11T19:30:00.000Z","false","true","false","true","19587","4246","Center Parc Stadium","2247","Georgia State","fbs","Sun Belt","20","0,0,14,6","0.018627790734171867","1150","1116","2026","App State","fbs","Sun Belt","41","7,10,21,3","0.9813722092658281","1326","1360","3.3372824593976382","","",""
"401756918","2025","7","regular","2025-10-11T19:30:00.000Z","false","true","false","true","52698","3726","Folsom Field","38","Colorado","fbs","Big 12","24","7,0,14,3","0.9795348048210144","1599","1611","66","Iowa State","fbs","Big 12","17","0,10,7,0","0.020465195178985596","1634","1622","5.620581706607601","","",""
"401752866","2025","7","regular","2025-10-11T19:30:00.000Z","false","true","false","true","108121","3632","Beaver Stadium","213","Penn State","fbs","Big Ten","21","0,14,0,7","0.7152867913246155","2028","1996","77","Northwestern","fbs","Big Ten","22","3,10,0,9","0.2847132086753845","1478","1510","6.179311855515855","","",""
"401762484","2025","7","regular","2025-10-11T20:00:00.000Z","false","true","false","true","26149","3806","Lincoln Financial Field","218","Temple","fbs","American Athletic","31","7,10,7,7","0.6812015175819397","1228","1241","2426","Navy","fbs","American Athletic","32","7,0,14,11","0.3187984824180603","1546","1533","6.2423048366125435","","",""
"401752735","2025","7","regular","2025-10-11T20:15:00.000Z","false","true","false","true","101915","3853","Neyland Stadium","2633","Tennessee","fbs","SEC","34","7,10,10,7","0.8328769207000732","1827","1825","8","Arkansas","fbs","SEC","31","10,7,0,14","0.16712307929992676","1608","1610","5.12397736458338","","",""
"401762482","2025","7","regular","2025-10-11T22:00:00.000Z","false","true","false","true","20052","3715","FAU Stadium","2226","Florida Atlantic","fbs","American Athletic","53","21,14,15,3","1","1219","1270","5","UAB","fbs","American Athletic","33","0,14,16,3","0","1260","1209","1.8945495929790195","","",""
"401760391","2025","7","regular","2025-10-11T23:00:00.000Z","false","true","false","true","20970","3984","War Memorial Stadium","2751","Wyoming","fbs","Mountain West","35","7,7,0,21","0.43602803349494934","1321","1337","23","San José State","fbs","Mountain West","28","14,14,0,0","0.5639719665050507","1433","1417","6.175670868403655","","",""
"401752737","2025","7","regular","2025-10-11T23:00:00.000Z","false","true","false","true","105086","3795","Kyle Field","245","Texas A&M","fbs","SEC","34","14,7,3,10","0.9996259808540344","1782","1808","57","Florida","fbs","SEC","17","14,0,3,0","0.00037401914596557617","1665","1639","3.5273446774125765","","",""
"401761623","2025","7","regular","2025-10-11T23:00:00.000Z","false","true","false","true","15211","3654","Brooks Stadium (SC)","324","Coastal Carolina","fbs","Sun Belt","23","6,10,7,0","0.9057210683822632","1182","1206","2433","UL Monroe","fbs","Sun Belt","8","0,0,8,0","0.09427893161773682","1101","1077","3.101859981932509","","",""
"401752869","2025","7","regular","2025-10-11T23:00:00.000Z","false","true","false","true","76064","347","Camp Randall Stadium","275","Wisconsin","fbs","Big Ten","0","0,0,0,0","0.008784875273704529","1540","1459","2294","Iowa","fbs","Big Ten","37","17,6,7,7","0.9912151247262955","1743","1824","2.1669036104572132","","",""
"401752868","2025","7","regular","2025-10-11T23:30:00.000Z","false","true","false","true","75500","477","Los Angeles Memorial Coliseum","30","USC","fbs","Big Ten","31","7,7,7,10","0.9903444051742554","1865","1904","130","Michigan","fbs","Big Ten","13","0,7,0,6","0.009655594825744629","1851","1812","2.813885377187143","","",""
"401756921","2025","7","regular","2025-10-11T23:30:00.000Z","false","true","false","true","60229","3784","Jones AT&T Stadium","2641","Texas Tech","fbs","Big 12","42","18,3,7,14","0.9748497009277344","1785","1835","2305","Kansas","fbs","Big 12","17","0,17,0,0","0.025150299072265625","1671","1621","3.776573182508832","","",""
"401752731","2025","7","regular","2025-10-11T23:30:00.000Z","false","true","false","true","88043","3785","Jordan-Hare Stadium","2","Auburn","fbs","SEC","10","7,3,0,0","0.43863198161125183","1676","1684","61","Georgia","fbs","SEC","20","0,3,10,7","0.5613680183887482","2033","2025","3.7158594869496846","","",""
"401754558","2025","7","regular","2025-10-11T23:30:00.000Z","false","true","false","true","42265","3615","Alumni Stadium (Chestnut Hill, MA)","103","Boston College","fbs","ACC","10","3,7,0,0","0.008241342380642891","1349","1303","228","Clemson","fbs","ACC","41","10,24,0,7","0.9917586576193571","1688","1734","3.6232546541892043","","",""
"401762485","2025","7","regular","2025-10-11T23:30:00.000Z","false","true","false","true","22058","3604","Alamodome","2636","UTSA","fbs","American Athletic","61","21,17,23,0","0.9894030094146729","1471","1588","242","Rice","fbs","American Athletic","13","3,7,0,3","0.010596990585327148","1273","1156","2.2423407780473745","","",""
"401752864","2025","7","regular","2025-10-11T23:30:00.000Z","false","true","false","true","49254","3953","Huntington Bank Stadium","135","Minnesota","fbs","Big Ten","27","0,13,0,14","0.3324294686317444","1537","1534","2509","Purdue","fbs","Big Ten","20","7,10,3,0","0.6675705313682556","1311","1314","6.680073664999941","","",""
"401752732","2025","7","regular","2025-10-11T23:45:00.000Z","false","true","false","true","101921","3958","Tiger Stadium (LA)","99","LSU","fbs","SEC","20","3,7,7,3","0.9584726095199585","1751","1763","2579","South Carolina","fbs","SEC","10","7,0,3,0","0.041527390480041504","1682","1670","4.958702234174087","","",""
"401756916","2025","7","regular","2025-10-12T00:00:00.000Z","false","true","false","true","47960","3619","Arizona Stadium","12","Arizona","fbs","Big 12","27","7,10,0,7,3,0","0.47610944509506226","1467","1473","252","BYU","fbs","Big 12","33","14,0,0,10,3,6","0.5238905549049377","1701","1695","9.418590352527037","","",""
"401761627","2025","7","regular","2025-10-12T00:00:00.000Z","false","true","false","true","24369","3644","Bobcat Stadium (TX)","326","Texas State","fbs","Sun Belt","41","28,3,7,3,0","0.835141122341156","1579","1555","2653","Troy","fbs","Sun Belt","48","7,10,10,14,7","0.164858877658844","1447","1471","6.582113673903993","","",""
"401760387","2025","7","regular","2025-10-12T01:45:00.000Z","false","true","false","true","32982","3653","Albertsons Stadium","68","Boise State","fbs","Mountain West","41","10,7,3,21","0.9968152642250061","1654","1667","167","New Mexico","fbs","Mountain West","25","0,14,3,8","0.0031847357749938965","1416","1403","4.229356450034913","","",""
"401756922","2025","7","regular","2025-10-12T02:15:00.000Z","false","true","false","true","51444","587","Rice-Eccles Stadium","254","Utah","fbs","Big 12","42","7,14,14,7","0.9942936897277832","1680","1773","9","Arizona State","fbs","Big 12","10","3,0,7,0","0.005706310272216797","1722","1629","2.318773229034503","","",""
"401760390","2025","7","regular","2025-10-12T02:30:00.000Z","false","true","false","true","19473","3816","Mackay Stadium","2440","Nevada","fbs","Mountain West","10","0,0,0,10","0","1259","1188","21","San Diego State","fbs","Mountain West","44","14,21,9,0","1","1463","1534","2.7710207793983725","","",""
"401760389","2025","7","regular","2025-10-12T03:59:00.000Z","false","true","false","true","13023","7220","Clarence T.C. Ching Athletics Complex","62","Hawai'i","fbs","Mountain West","44","10,14,3,17","0.8383846879005432","1280","1335","328","Utah State","fbs","Mountain West","26","3,17,6,0","0.1616153120994568","1425","1370","6.577668914310783","","",""
"401757282","2025","8","regular","2025-10-14T23:00:00.000Z","false","true","false","true","16312","3992","Williams Stadium (VA)","2335","Liberty","fbs","Conference USA","30","3,17,0,10","0.14899571239948273","1426","1424","166","New Mexico State","fbs","Conference USA","27","0,6,14,7","0.8510042876005173","1229","1231","6.354180523660053","","",""
"401761628","2025","8","regular","2025-10-14T23:30:00.000Z","false","true","false","true","19634","6526","Hancock Whitney Stadium","6","South Alabama","fbs","Sun Belt","14","7,0,7,0","0.3514746129512787","1421","1410","2032","Arkansas State","fbs","Sun Belt","15","0,3,0,12","0.6485253870487213","1224","1235","6.007573581603441","","",""
"401757281","2025","8","regular","2025-10-15T00:00:00.000Z","false","true","false","true","12276","3796","Houchens Industries-L.T. Smith Stadium","98","Western Kentucky","fbs","Conference USA","6","3,3,0,0","0.028629839420318604","1424","1352","2229","Florida International","fbs","Conference USA","25","6,13,6,0","0.9713701605796814","1216","1288","3.3262775774847855","","",""
"401757284","2025","8","regular","2025-10-15T23:00:00.000Z","false","true","true","true","4657","3631","BBVA Compass Stadium","2534","Sam Houston","fbs","Conference USA","17","7,3,7,0","0.22097884118556976","1173","1139","2638","UTEP","fbs","Conference USA","35","7,7,7,14","0.7790211588144302","1200","1234","6.415474181610054","","",""
"401757283","2025","8","regular","2025-10-15T23:00:00.000Z","false","true","false","true","16884","3662","AmFirst Stadium","55","Jacksonville State","fbs","Conference USA","38","7,14,14,3","0.9933927655220032","1517","1540","48","Delaware","fbs","Conference USA","25","0,6,6,13","0.006607234477996826","1491","1468","3.1959847532851486","","",""
"401762486","2025","8","regular","2025-10-16T23:30:00.000Z","false","true","false","true","31307","3699","Dowdy-Ficklen Stadium","151","East Carolina","fbs","American Athletic","41","10,14,7,10","0.9893907904624939","1540","1530","202","Tulsa","fbs","American Athletic","27","7,7,3,10","0.010609209537506104","1045","1055","4.473966791859087","","",""
"401754564","2025","8","regular","2025-10-17T23:00:00.000Z","false","true","false","true","66573","3948","Hard Rock Stadium","2390","Miami","fbs","ACC","21","7,3,3,8","0.6015821099281311","1843","1832","97","Louisville","fbs","ACC","24","14,0,3,7","0.3984178900718689","1735","1746","6.084893249932992","","",""
"401752872","2025","8","regular","2025-10-18T00:00:00.000Z","false","true","false","true","48549","3953","Huntington Bank Stadium","135","Minnesota","fbs","Big Ten","24","0,7,7,10","0.9812977313995361","1534","1592","158","Nebraska","fbs","Big Ten","6","3,3,0,0","0.018702268600463867","1699","1641","2.8117471745196485","","",""
"401760396","2025","8","regular","2025-10-18T01:00:00.000Z","false","true","false","true","22710","3905","Maverik Stadium","328","Utah State","fbs","Mountain West","30","7,3,14,6","0.48661836981773376","1370","1376","23","San José State","fbs","Mountain West","25","3,6,10,6","0.5133816301822662","1417","1411","6.126946510509998","","",""
"401754371","2025","8","regular","2025-10-18T02:30:00.000Z","false","true","false","true","33401","3831","California Memorial Stadium","25","California","fbs","ACC","21","14,0,7,0","0.7403112053871155","1408","1408","153","North Carolina","fbs","ACC","18","7,3,0,8","0.2596887946128845","1342","1342","4.470531145553338","","",""
"401754569","2025","8","regular","2025-10-18T16:00:00.000Z","false","true","false","false","38917","3615","Alumni Stadium (Chestnut Hill, MA)","103","Boston College","fbs","ACC","23","6,14,0,3","0.2284274846315384","1303","1291","41","UConn","fbs","FBS Independents","38","7,10,14,7","0.7715725153684616","1541","1553","6.2886720268955845","","",""
"401754566","2025","8","regular","2025-10-18T16:00:00.000Z","false","true","false","true","27846","3982","Wallace Wade Stadium","150","Duke","fbs","ACC","18","0,7,3,8","0.13504232466220856","1645","1622","59","Georgia Tech","fbs","ACC","27","7,0,3,17","0.8649576753377914","1588","1611","5.815864619099065","","",""
"401762488","2025","8","regular","2025-10-18T16:00:00.000Z","false","true","false","true","20027","4729","Yulman Stadium","2655","Tulane","fbs","American Athletic","24","0,3,7,14","0.6845576763153076","1580","1588","349","Army","fbs","American Athletic","17","0,3,7,7","0.3154423236846924","1552","1544","5.876755016290959","","",""
"401752873","2025","8","regular","2025-10-18T16:00:00.000Z","false","true","false","true","110701","3558","Michigan Stadium","130","Michigan","fbs","Big Ten","24","7,0,7,10","0.9841411113739014","1812","1839","264","Washington","fbs","Big Ten","7","0,7,0,0","0.015858888626098633","1701","1674","3.969699647089477","","",""
"401756927","2025","8","regular","2025-10-18T16:00:00.000Z","false","true","false","true","43868","3616","Amon G. Carter Stadium","2628","TCU","fbs","Big 12","42","0,21,7,14","1","1718","1719","239","Baylor","fbs","Big 12","36","7,3,8,18","0","1593","1592","5.070363114347411","","",""
"401762841","2025","8","regular","2025-10-18T16:00:00.000Z","false","true","false","true","6832","3996","Yager Stadium","193","Miami (OH)","fbs","Mid-American","44","7,14,7,16","0.9974722266197205","1440","1449","2199","Eastern Michigan","fbs","Mid-American","30","0,14,0,16","0.002527773380279541","1213","1204","3.34424224366337","","",""
"401752745","2025","8","regular","2025-10-18T16:00:00.000Z","false","true","false","true","35000","3973","FirstBank Stadium","238","Vanderbilt","fbs","SEC","31","7,10,14,0","0.9556613564491272","1742","1753","99","LSU","fbs","SEC","24","3,10,8,3","0.0443386435508728","1763","1752","4.356349337034045","","",""
"401762839","2025","8","regular","2025-10-18T16:00:00.000Z","false","true","false","true","23105","3700","Doyt L. Perry Stadium","189","Bowling Green","fbs","Mid-American","6","3,3,0,0","0.020962966606020927","1422","1329","2117","Central Michigan","fbs","Mid-American","27","0,17,10,0","0.9790370333939791","1110","1203","3.6125295218185793","","",""
"401756925","2025","8","regular","2025-10-18T16:00:00.000Z","false","true","false","true","28535","4728","TDECU Stadium","248","Houston","fbs","Big 12","31","7,14,7,3","0.7116693258285522","1477","1478","12","Arizona","fbs","Big 12","28","14,0,0,14","0.28833067417144775","1473","1472","5.216628655704583","","",""
"401752744","2025","8","regular","2025-10-18T16:45:00.000Z","false","true","false","true","78680","3994","Williams-Brice Stadium","2579","South Carolina","fbs","SEC","7","0,7,0,0","0.012702463194727898","1670","1630","201","Oklahoma","fbs","SEC","26","7,7,10,2","0.9872975368052721","1741","1781","4.716868331594246","","",""
"401756928","2025","8","regular","2025-10-18T17:00:00.000Z","false","true","false","true","43445","3652","FBC Mortgage Stadium","2116","UCF","fbs","Big 12","45","14,0,21,10","0.9519932270050049","1555","1616","277","West Virginia","fbs","Big 12","13","0,7,0,6","0.04800677299499512","1342","1281","3.8274028211489983","","",""
"401762842","2025","8","regular","2025-10-18T18:00:00.000Z","false","true","false","true","18417","3739","Glass Bowl","2649","Toledo","fbs","Mid-American","45","7,10,21,7","0.9882878661155701","1551","1579","2309","Kent State","fbs","Mid-American","10","10,0,0,0","0.011712133884429932","966","938","3.880598138150394","","",""
"401762840","2025","8","regular","2025-10-18T18:30:00.000Z","false","true","false","true","15239","3985","Warren McGuirk Alumni Stadium","113","Massachusetts","fbs","Mid-American","21","0,14,7,0","0.5865947008132935","889","910","2084","Buffalo","fbs","Mid-American","28","3,7,10,8","0.41340529918670654","1377","1356","6.595531852666956","","",""
"401761633","2025","8","regular","2025-10-18T19:00:00.000Z","false","true","false","true","16863","3817","Malone Stadium","2433","UL Monroe","fbs","Sun Belt","14","0,8,6,0","0","1077","1060","2653","Troy","fbs","Sun Belt","37","10,7,10,10","1","1471","1488","5.693478891724538","","",""
"401752874","2025","8","regular","2025-10-18T19:00:00.000Z","false","true","false","true","12023","5960","Lanny and Sharon Martin Stadium","77","Northwestern","fbs","Big Ten","19","3,10,6,0","0.9019933938980103","1510","1534","2509","Purdue","fbs","Big Ten","0","0,0,0,0","0.09800660610198975","1314","1290","2.4761171545339984","","",""
"401752742","2025","8","regular","2025-10-18T19:30:00.000Z","false","true","false","true","93033","3917","Sanford Stadium","61","Georgia","fbs","SEC","43","3,17,6,17","1","2025","2034","145","Ole Miss","fbs","SEC","35","7,14,14,0","0","1971","1962","6.5134351342636005","","",""
"401762491","2025","8","regular","2025-10-18T19:30:00.000Z","false","true","false","true","25053","3825","DATCU Stadium","249","North Texas","fbs","American Athletic","55","17,7,21,10","0.985666036605835","1530","1648","2636","UTSA","fbs","American Athletic","17","7,7,3,0","0.014333963394165039","1588","1470","4.1325353533684455","","",""
"401752739","2025","8","regular","2025-10-18T19:30:00.000Z","false","true","false","true","73845","3887","Razorback Stadium","8","Arkansas","fbs","SEC","42","3,17,7,15","0.24348041415214539","1610","1617","245","Texas A&M","fbs","SEC","45","7,14,17,7","0.7565195858478546","1808","1801","7.050104190802901","","",""
"401760392","2025","8","regular","2025-10-18T19:30:00.000Z","false","true","false","true","23401","3713","Falcon Stadium","2005","Air Force","fbs","Mountain West","24","3,3,8,10","0.6335259675979614","1354","1355","2751","Wyoming","fbs","Mountain West","21","7,0,7,7","0.3664740324020386","1337","1336","5.419990199182639","","",""
"401752877","2025","8","regular","2025-10-18T19:30:00.000Z","false","true","false","true","72795","347","Camp Randall Stadium","275","Wisconsin","fbs","Big Ten","0","0,0,0,0","0.041887398809194565","1459","1435","194","Ohio State","fbs","Big Ten","34","17,0,10,7","0.9581126011908054","2074","2098","2.6917223168852957","","",""
"401760393","2025","8","regular","2025-10-18T19:30:00.000Z","false","true","false","true","32927","3653","Albertsons Stadium","68","Boise State","fbs","Mountain West","56","14,14,21,7","0.9625915288925171","1667","1725","2439","UNLV","fbs","Mountain West","31","3,21,0,7","0.03740847110748291","1625","1567","4.201195094053385","","",""
"401762838","2025","8","regular","2025-10-18T19:30:00.000Z","false","true","false","true","12248","3919","Scheumann Stadium","2050","Ball State","fbs","Mid-American","42","14,0,14,14","0.8880213499069214","1028","1055","2006","Akron","fbs","Mid-American","28","8,7,10,3","0.11197865009307861","1018","991","6.314330218644035","","",""
"401762843","2025","8","regular","2025-10-18T19:30:00.000Z","false","true","false","true","22293","3876","Peden Stadium","195","Ohio","fbs","Mid-American","48","14,7,13,14","0.992224931716919","1568","1612","2459","Northern Illinois","fbs","Mid-American","21","0,8,6,7","0.007775068283081055","1341","1297","2.2632176094688368","","",""
"401754565","2025","8","regular","2025-10-18T19:30:00.000Z","false","true","false","true","78669","3836","Memorial Stadium (Clemson, SC)","228","Clemson","fbs","ACC","24","0,7,10,7","0.3757469058036804","1734","1708","2567","SMU","fbs","ACC","35","7,9,7,12","0.6242530941963196","1709","1735","5.469391383562523","","",""
"401761632","2025","8","regular","2025-10-18T19:30:00.000Z","false","true","false","true","27533","3775","Joan C. Edwards Stadium","276","Marshall","fbs","Sun Belt","40","7,6,3,11,7,6","0.701595664024353","1582","1583","326","Texas State","fbs","Sun Belt","37","7,10,0,10,7,3","0.298404335975647","1555","1554","23.246644462024943","","",""
"401752878","2025","8","regular","2025-10-18T19:30:00.000Z","false","true","false","true","55165","3830","Memorial Stadium (Bloomington, IN)","84","Indiana","fbs","Big Ten","38","7,14,14,3","0.9220895767211914","2022","2017","127","Michigan State","fbs","Big Ten","13","3,7,0,3","0.0779104232788086","1343","1348","3.80234001453004","","",""
"401761629","2025","8","regular","2025-10-18T19:30:00.000Z","false","true","false","true","33862","3792","Kidd Brewer Stadium","2026","App State","fbs","Sun Belt","37","14,10,10,3","0.3072485029697418","1360","1331","324","Coastal Carolina","fbs","Sun Belt","45","10,7,14,14","0.6927514970302582","1206","1235","5.483124376722729","","",""
"401762489","2025","8","regular","2025-10-18T19:30:00.000Z","false","true","false","true","13618","4418","Jerry Richardson Stadium","2429","Charlotte","fbs","American Athletic","14","7,0,0,7","0.0009986907243728638","1143","1054","218","Temple","fbs","American Athletic","49","7,21,21,0","0.9990013092756271","1241","1330","3.3193001555565673","","",""
"401761631","2025","8","regular","2025-10-18T19:30:00.000Z","false","true","false","true","25232","3651","Bridgeforth Stadium","256","James Madison","fbs","Sun Belt","63","14,14,21,14","1","1643","1733","295","Old Dominion","fbs","Sun Belt","27","20,7,0,0","0","1554","1464","5.342991925842684","","",""
"401756923","2025","8","regular","2025-10-18T20:00:00.000Z","false","true","false","true","54177","3947","Mountain America Stadium","9","Arizona State","fbs","Big 12","26","3,6,7,10","0.7303037643432617","1629","1638","2641","Texas Tech","fbs","Big 12","22","0,7,0,15","0.2696962356567383","1835","1826","8.210014656868877","","",""
"401762487","2025","8","regular","2025-10-18T20:00:00.000Z","false","true","false","true","19037","7221","Protective Stadium","5","UAB","fbs","American Athletic","31","7,10,7,7","0.932528018951416","1209","1252","235","Memphis","fbs","American Athletic","24","7,7,3,7","0.06747198104858398","1723","1680","5.591450317310427","","",""
"401752741","2025","8","regular","2025-10-18T20:15:00.000Z","false","true","false","true","90203","3634","Ben Hill Griffin Stadium","57","Florida","fbs","SEC","23","3,10,0,10","0.5562131404876709","1639","1638","344","Mississippi State","fbs","SEC","21","7,0,0,14","0.4437868595123291","1494","1495","6.722744597880556","","",""
"401761668","2025","8","regular","2025-10-18T21:00:00.000Z","false","true","false","true","21047","3666","Cajun Field","309","Louisiana","fbs","Sun Belt","10","7,0,3,0","0.484975665807724","1369","1333","2572","Southern Miss","fbs","Sun Belt","22","0,13,7,2","0.515024334192276","1273","1309","4.490560801194364","","",""
"401752876","2025","8","regular","2025-10-18T22:30:00.000Z","false","true","false","true","53127","6577","SHI Stadium","164","Rutgers","fbs","Big Ten","10","3,0,0,7","0.06474416702985764","1547","1468","2483","Oregon","fbs","Big Ten","56","14,28,14,0","0.9352558329701424","1996","2075","2.8655127929578694","","",""
"401752951","2025","8","regular","2025-10-18T22:30:00.000Z","false","true","false","false","56048","3923","Scott Stadium","258","Virginia","fbs","ACC","22","7,0,3,12","0.8094696998596191","1593","1590","265","Washington State","fbs","Pac-12","20","7,10,3,0","0.19053030014038086","1361","1364","5.834354257036716","","",""
"401752875","2025","8","regular","2025-10-18T23:00:00.000Z","false","true","false","true","69250","3793","Kinnick Stadium","2294","Iowa","fbs","Big Ten","25","3,7,6,9","0.9411588907241821","1824","1830","213","Penn State","fbs","Big Ten","24","7,7,7,3","0.05884110927581787","1996","1990","5.691935195239559","","",""
"401752743","2025","8","regular","2025-10-18T23:00:00.000Z","false","true","false","true","60937","3683","Kroger Field","96","Kentucky","fbs","SEC","13","0,0,3,10,0","0.6518524885177612","1513","1533","251","Texas","fbs","SEC","16","0,7,3,3,3","0.34814751148223877","1964","1944","8.799986829345762","","",""
"401761630","2025","8","regular","2025-10-18T23:00:00.000Z","false","true","false","true","25428","3608","Allen E. Paulson Stadium","290","Georgia Southern","fbs","Sun Belt","41","3,10,7,21","0.9113202095031738","1316","1335","2247","Georgia State","fbs","Sun Belt","24","7,10,7,0","0.08867979049682617","1116","1097","5.848176064577403","","",""
"401760394","2025","8","regular","2025-10-18T23:00:00.000Z","false","true","false","true","40416","5388","Canvas Stadium","36","Colorado State","fbs","Mountain West","19","7,0,0,12","0.01324478816241026","1384","1353","62","Hawai'i","fbs","Mountain West","31","7,7,10,7","0.9867552118375897","1335","1366","5.144720454505094","","",""
"401752879","2025","8","regular","2025-10-18T23:00:00.000Z","false","true","false","true","35561","1056","Rose Bowl","26","UCLA","fbs","Big Ten","20","0,7,0,13","0.38513466715812683","1445","1448","120","Maryland","fbs","Big Ten","17","0,3,7,7","0.6148653328418732","1576","1573","7.414016656180507","","",""
"401752738","2025","8","regular","2025-10-18T23:30:00.000Z","false","true","false","true","100077","3657","Bryant-Denny Stadium","333","Alabama","fbs","SEC","37","7,16,7,7","0.8311017751693726","1967","1991","2633","Tennessee","fbs","SEC","20","0,7,6,7","0.16889822483062744","1825","1801","3.936617568158109","","",""
"401754568","2025","8","regular","2025-10-18T23:30:00.000Z","false","true","false","true","40772","1964","JMA Wireless Dome","183","Syracuse","fbs","ACC","13","7,0,0,6","0.18327978253364563","1422","1402","221","Pittsburgh","fbs","ACC","30","7,10,3,10","0.8167202174663544","1625","1645","4.623256562987445","","",""
"401752871","2025","8","regular","2025-10-18T23:30:00.000Z","false","true","false","false","77622","3855","Notre Dame Stadium","87","Notre Dame","fbs","FBS Independents","34","7,7,13,7","0.9801550507545471","2196","2193","30","USC","fbs","Big Ten","24","10,3,11,0","0.01984494924545288","1904","1907","5.899381659571455","","",""
"401762490","2025","8","regular","2025-10-18T23:30:00.000Z","false","true","false","true","45169","3886","Raymond James Stadium","58","South Florida","fbs","American Athletic","48","7,14,10,17","0.9991554617881775","1607","1663","2226","Florida Atlantic","fbs","American Athletic","13","3,3,7,0","0.0008445382118225098","1270","1214","3.650755447946169","","",""
"401752740","2025","8","regular","2025-10-18T23:45:00.000Z","false","true","false","true","88043","3785","Jordan-Hare Stadium","2","Auburn","fbs","SEC","17","7,0,7,3,0,0","0.33761686086654663","1684","1681","142","Missouri","fbs","SEC","23","3,7,0,7,0,6","0.6623831391334534","1788","1791","8.047831932676818","","",""
"401756926","2025","8","regular","2025-10-19T00:00:00.000Z","false","true","false","true","46901","3646","Boone Pickens Stadium","197","Oklahoma State","fbs","Big 12","17","3,7,7,0","0.0426059365272522","1107","1071","2132","Cincinnati","fbs","Big 12","49","7,21,0,21","0.9573940634727478","1558","1594","4.321065221154091","","",""
"401756924","2025","8","regular","2025-10-19T00:00:00.000Z","false","true","false","true","64794","3801","LaVell Edwards Stadium","252","BYU","fbs","Big 12","24","0,10,0,14","0.7315915822982788","1695","1697","254","Utah","fbs","Big 12","21","0,7,0,14","0.2684084177017212","1773","1771","5.791657620958455","","",""
"401760395","2025","8","regular","2025-10-19T01:45:00.000Z","false","true","false","true","18233","3971","University Stadium (NM)","167","New Mexico","fbs","Mountain West","24","7,7,10,0","0.40355268120765686","1403","1401","2440","Nevada","fbs","Mountain West","22","3,9,7,3","0.5964473187923431","1188","1190","5.439889461029641","","",""
"401752941","2025","8","regular","2025-10-19T02:00:00.000Z","false","true","false","false","27735","3893","Reser Stadium","204","Oregon State","fbs","Pac-12","45","3,7,21,14","0.9931827187538147","1237","1237","322","Lafayette","fcs","Patriot","13","3,10,0,0","0.006817281246185303","","","4.638206639317544","","",""
"401754567","2025","8","regular","2025-10-19T02:30:00.000Z","false","true","false","true","26470","3940","Stanford Stadium","24","Stanford","fbs","ACC","20","3,10,7,0","0.4927515685558319","1241","1271","52","Florida State","fbs","ACC","13","0,10,0,3","0.5072484314441681","1572","1542","4.547792894378754","","",""
"401757285","2025","9","regular","2025-10-21T23:00:00.000Z","false","true","false","true","12133","2031","Pitbull Stadium","2229","Florida International","fbs","Conference USA","26","7,7,3,9","0","1288","1246","338","Kennesaw State","fbs","Conference USA","45","14,10,7,14","1","1332","1374","4.216063643104564","","",""
"401757286","2025","9","regular","2025-10-21T23:30:00.000Z","false","true","false","true","10928","3776","Joe Aillet Stadium","2348","Louisiana Tech","fbs","Conference USA","27","7,0,7,6,7","0.6517226696014404","1381","1378","98","Western Kentucky","fbs","Conference USA","28","10,10,0,0,8","0.34827733039855957","1352","1355","9.038273739815125","","",""
"401757287","2025","9","regular","2025-10-22T23:30:00.000Z","false","true","false","true","14102","3695","Delaware Stadium","48","Delaware","fbs","Conference USA","31","7,17,7,0","0.7459631562232971","1468","1465","2393","Middle Tennessee","fbs","Conference USA","28","14,0,7,7","0.2540368437767029","1181","1184","5.995049717453125","","",""
"401757288","2025","9","regular","2025-10-23T01:00:00.000Z","false","true","false","true","8790","3601","Aggie Memorial Stadium","166","New Mexico State","fbs","Conference USA","17","0,7,0,10,0","0.3332197070121765","1231","1225","2623","Missouri State","fbs","Conference USA","24","7,0,10,0,7","0.6667802929878235","1329","1335","7.537797642472893","","",""
"401761634","2025","9","regular","2025-10-23T23:30:00.000Z","false","true","false","true","13673","4246","Center Parc Stadium","2247","Georgia State","fbs","Sun Belt","31","14,0,3,14","0.020935334265232086","1097","1107","6","South Alabama","fbs","Sun Belt","38","21,7,0,10","0.9790646657347679","1410","1400","6.390908995027831","","",""
"401762492","2025","9","regular","2025-10-24T23:00:00.000Z","false","true","false","true","9626","4418","Jerry Richardson Stadium","2429","Charlotte","fbs","American Athletic","20","10,7,3,0","0.05873166769742966","1054","1028","249","North Texas","fbs","American Athletic","54","7,10,10,27","0.9412683323025703","1648","1674","5.201038363476169","","",""
"401754372","2025","9","regular","2025-10-24T23:30:00.000Z","false","true","false","true","53837","3799","Lane Stadium","259","Virginia Tech","fbs","ACC","42","10,0,10,7,7,8","0.8125044703483582","1419","1430","25","California","fbs","ACC","34","3,17,0,7,7,0","0.18749552965164185","1408","1397","11.999217742937725","","",""
"401760397","2025","9","regular","2025-10-25T02:00:00.000Z","false","true","false","true","18029","3816","Mackay Stadium","2440","Nevada","fbs","Mountain West","3","3,0,0,0","0.11258255690336227","1190","1191","68","Boise State","fbs","Mountain West","24","3,7,7,7","0.8874174430966377","1725","1724","5.885370695021587","","",""
"401762848","2025","9","regular","2025-10-25T16:00:00.000Z","false","true","false","true","15985","3912","Rynearson Stadium","2199","Eastern Michigan","fbs","Mid-American","21","14,0,0,7","0.27308493852615356","1204","1220","195","Ohio","fbs","Mid-American","28","7,0,7,14","0.7269150614738464","1612","1596","5.532686554097608","","",""
"401752750","2025","9","regular","2025-10-25T16:00:00.000Z","false","true","false","true","83468","3835","Memorial Stadium (Norman, OK)","201","Oklahoma","fbs","SEC","26","3,7,16,0","0.10893948376178741","1781","1780","145","Ole Miss","fbs","SEC","34","10,12,3,9","0.8910605162382126","1962","1963","6.522901703271394","","",""
"401754573","2025","9","regular","2025-10-25T16:00:00.000Z","false","true","false","true","50500","3787","Kenan Stadium","153","North Carolina","fbs","ACC","16","0,10,0,0,6","0.853123664855957","1342","1352","258","Virginia","fbs","ACC","17","3,7,0,0,7","0.14687633514404297","1590","1580","7.587525597139318","","",""
"401762846","2025","9","regular","2025-10-25T16:00:00.000Z","false","true","false","true","9260","3696","Dix Stadium","2309","Kent State","fbs","Mid-American","24","0,3,14,7","0.5430498719215393","938","945","189","Bowling Green","fbs","Mid-American","21","7,7,7,0","0.4569501280784607","1329","1322","5.591471527723739","","",""
"401752942","2025","9","regular","2025-10-25T16:00:00.000Z","false","true","false","true","28358","3630","Allegacy Federal Credit Union Stadium","154","Wake Forest","fbs","ACC","13","3,7,0,3","0.7061779499053955","1463","1471","2567","SMU","fbs","ACC","12","0,6,6,0","0.2938220500946045","1735","1727","7.275136107763749","","",""
"401754571","2025","9","regular","2025-10-25T16:00:00.000Z","false","true","false","true","51913","721","Bobby Dodd Stadium","59","Georgia Tech","fbs","ACC","41","3,17,14,7","0.9979444742202759","1611","1651","183","Syracuse","fbs","ACC","16","3,0,7,6","0.002055525779724121","1402","1362","3.855946668588535","","",""
"401761635","2025","9","regular","2025-10-25T16:00:00.000Z","false","true","false","true","18097","3918","S.B. Ballard Stadium","295","Old Dominion","fbs","Sun Belt","24","7,3,14,0","0.9613745212554932","1464","1463","2026","App State","fbs","Sun Belt","21","0,7,0,14","0.038625478744506836","1331","1332","4.274537527076779","","",""
"401752884","2025","9","regular","2025-10-25T16:00:00.000Z","false","true","false","true","55289","3907","Ross-Ade Stadium","2509","Purdue","fbs","Big Ten","24","10,0,7,7","0.4158609211444855","1290","1296","164","Rutgers","fbs","Big Ten","27","0,7,7,13","0.5841390788555145","1468","1462","6.663165101411546","","",""
"401752885","2025","9","regular","2025-10-25T16:00:00.000Z","false","true","false","true","54867","3830","Memorial Stadium (Bloomington, IN)","84","Indiana","fbs","Big Ten","56","14,21,14,7","0.989940881729126","2017","2091","26","UCLA","fbs","Big Ten","6","0,3,3,0","0.010059118270874023","1448","1374","2.030595373015224","","",""
"401752883","2025","9","regular","2025-10-25T16:00:00.000Z","false","true","false","true","86401","3834","Memorial Stadium (Lincoln, NE)","158","Nebraska","fbs","Big Ten","28","7,0,14,7","0.987456202507019","1641","1645","77","Northwestern","fbs","Big Ten","21","3,3,7,8","0.012543797492980957","1534","1530","4.629625981360863","","",""
"401762494","2025","9","regular","2025-10-25T16:00:00.000Z","false","true","false","true","30940","3805","Simmons Bank Liberty Stadium","235","Memphis","fbs","American Athletic","34","7,7,3,17","0.38053426146507263","1680","1681","58","South Florida","fbs","American Athletic","31","14,10,7,0","0.6194657385349274","1663","1662","7.483692560112042","","",""
"401756932","2025","9","regular","2025-10-25T16:00:00.000Z","false","true","false","true","","3833","Memorial Stadium","2305","Kansas","fbs","Big 12","17","7,7,3,0","0.023410659283399582","1621","1563","2306","Kansas State","fbs","Big 12","42","21,0,14,7","0.9765893407166004","1695","1753","4.163411187007522","","",""
"401752746","2025","9","regular","2025-10-25T16:45:00.000Z","false","true","false","true","68922","3887","Razorback Stadium","8","Arkansas","fbs","SEC","24","0,21,3,0","0.1527402400970459","1617","1604","2","Auburn","fbs","SEC","33","7,3,6,17","0.8472597599029541","1681","1694","5.35366278395004","","",""
"401762844","2025","9","regular","2025-10-25T17:00:00.000Z","false","true","false","true","12491","3965","UB Stadium","2084","Buffalo","fbs","Mid-American","16","2,8,3,3","0.02811599150300026","1356","1307","2006","Akron","fbs","Mid-American","24","3,0,14,7","0.9718840084969997","991","1040","7.407073768153699","","",""
"401757172","2025","9","regular","2025-10-25T19:00:00.000Z","false","true","false","false","21122","3895","Rice Stadium","242","Rice","fbs","American Athletic","37","3,14,0,7,7,6","0.8228422403335571","1156","1163","41","UConn","fbs","FBS Independents","34","7,14,3,0,7,3","0.17715775966644287","1553","1546","9.782133091757844","","",""
"401760400","2025","9","regular","2025-10-25T19:00:00.000Z","false","true","false","true","20097","3971","University Stadium (NM)","167","New Mexico","fbs","Mountain West","33","7,19,0,7","0.7954603433609009","1401","1442","328","Utah State","fbs","Mountain West","14","0,7,0,7","0.20453965663909912","1377","1336","3.5724362517660464","","",""
"401752751","2025","9","regular","2025-10-25T19:30:00.000Z","false","true","false","true","79537","3994","Williams-Brice Stadium","2579","South Carolina","fbs","SEC","22","3,3,9,7","0.3482479751110077","1630","1643","333","Alabama","fbs","SEC","29","7,7,0,15","0.6517520248889923","1991","1978","6.965500888933744","","",""
"401762845","2025","9","regular","2025-10-25T19:30:00.000Z","false","true","false","true","10124","3764","Huskie Stadium","2459","Northern Illinois","fbs","Mid-American","21","7,0,7,7","0.14104697108268738","1297","1305","2050","Ball State","fbs","Mid-American","7","0,7,0,0","0.8589530289173126","1055","1047","4.565846594745","","",""
"401762493","2025","9","regular","2025-10-25T19:30:00.000Z","false","true","false","true","32175","3852","Navy-Marine Corps Memorial Stadium","2426","Navy","fbs","American Athletic","42","14,7,0,21","0.9364301562309265","1533","1529","2226","Florida Atlantic","fbs","American Athletic","32","10,3,0,19","0.06356984376907349","1214","1218","5.010906886551114","","",""
"401760399","2025","9","regular","2025-10-25T19:30:00.000Z","false","true","false","true","41535","3660","Valley Children's Stadium","278","Fresno State","fbs","Mountain West","0","0,0,0,0","0","1405","1360","21","San Diego State","fbs","Mountain West","23","7,6,0,10","1","1534","1579","3.0376400475819985","","",""
"401762874","2025","9","regular","2025-10-25T19:30:00.000Z","false","true","false","true","18025","3996","Yager Stadium","193","Miami (OH)","fbs","Mid-American","26","3,6,0,17","0.9573808312416077","1449","1459","2711","Western Michigan","fbs","Mid-American","17","0,14,3,0","0.042619168758392334","1379","1369","5.224410165579504","","",""
"401762495","2025","9","regular","2025-10-25T19:30:00.000Z","false","true","false","true","16403","3674","Chapman Stadium","202","Tulsa","fbs","American Athletic","37","3,14,7,7,6","0.7279811501502991","1055","1066","218","Temple","fbs","American Athletic","38","7,7,14,3,7","0.2720188498497009","1330","1319","10.629657665692894","","",""
"401761637","2025","9","regular","2025-10-25T19:30:00.000Z","false","true","false","true","27111","3815","M. M. Roberts Stadium","2572","Southern Miss","fbs","Sun Belt","49","7,14,14,14","0.9987277984619141","1309","1354","2433","UL Monroe","fbs","Sun Belt","21","7,7,0,7","0.0012722015380859375","1060","1015","3.606584824673627","","",""
"401752952","2025","9","regular","2025-10-25T19:30:00.000Z","false","true","false","false","27646","3820","Gesa Field","265","Washington State","fbs","Pac-12","28","0,21,0,7","0.9499668478965759","1364","1438","2649","Toledo","fbs","Mid-American","7","0,7,0,0","0.05003315210342407","1579","1505","2.8357891127616592","","",""
"401754574","2025","9","regular","2025-10-25T19:30:00.000Z","false","true","false","true","46840","3752","Acrisure Stadium","221","Pittsburgh","fbs","ACC","53","10,21,15,7","1","1645","1673","152","NC State","fbs","ACC","34","7,14,0,13","0","1487","1459","3.9319619869279503","","",""
"401752882","2025","9","regular","2025-10-25T19:30:00.000Z","false","true","false","true","69250","3793","Kinnick Stadium","2294","Iowa","fbs","Big Ten","41","17,14,3,7","0.9994415640830994","1830","1907","135","Minnesota","fbs","Big Ten","3","0,0,3,0","0.0005584359169006348","1592","1515","1.877402479993451","","",""
"401756931","2025","9","regular","2025-10-25T19:30:00.000Z","false","true","false","true","61500","3772","Jack Trice Stadium","66","Iowa State","fbs","Big 12","27","17,7,3,0","0.6387631893157959","1622","1597","252","BYU","fbs","Big 12","41","7,10,10,14","0.3612368106842041","1697","1722","5.903255152394795","","",""
"401752880","2025","9","regular","2025-10-25T19:30:00.000Z","false","true","false","true","68630","3765","Husky Stadium","264","Washington","fbs","Big Ten","42","14,7,7,14","0.9434303045272827","1674","1703","356","Illinois","fbs","Big Ten","25","3,14,0,8","0.056569695472717285","1589","1560","3.937463841305171","","",""
"401752752","2025","9","regular","2025-10-25T19:30:00.000Z","false","true","false","true","35000","3973","FirstBank Stadium","238","Vanderbilt","fbs","SEC","17","0,3,7,7","0.17339718341827393","1753","1765","142","Missouri","fbs","SEC","10","0,3,0,7","0.8266028165817261","1791","1779","5.267295377402327","","",""
"401762847","2025","9","regular","2025-10-25T19:30:00.000Z","false","true","false","true","20489","3786","Kelly/Shorts Stadium","2117","Central Michigan","fbs","Mid-American","38","21,3,14,0","0.9943882822990417","1203","1234","113","Massachusetts","fbs","Mid-American","13","7,3,3,0","0.005611717700958252","910","879","3.5203497405038147","","",""
"401756933","2025","9","regular","2025-10-25T20:00:00.000Z","false","true","false","true","59625","3784","Jones AT&T Stadium","2641","Texas Tech","fbs","Big 12","42","21,7,14,0","0.9837449193000793","1826","1855","197","Oklahoma State","fbs","Big 12","0","0,0,0,0","0.016255080699920654","1071","1042","2.329245255067711","","",""
"401756930","2025","9","regular","2025-10-25T20:00:00.000Z","false","true","false","true","38007","3854","Nippert Stadium","2132","Cincinnati","fbs","Big 12","41","14,10,3,14","0.9918137788772583","1594","1644","239","Baylor","fbs","Big 12","20","0,6,6,8","0.0081862211227417","1592","1542","2.1967496901640793","","",""
"401752749","2025","9","regular","2025-10-25T20:15:00.000Z","false","true","false","true","52680","3693","Davis Wade Stadium","344","Mississippi State","fbs","SEC","38","7,17,7,7,0","0.28513211011886597","1495","1514","251","Texas","fbs","SEC","45","7,7,0,24,7","0.714867889881134","1944","1925","9.321110708758852","","",""
"401756935","2025","9","regular","2025-10-25T22:00:00.000Z","false","true","false","true","54110","3842","Milan Puskar Stadium","277","West Virginia","fbs","Big 12","17","0,7,3,7","0.21968325972557068","1281","1300","2628","TCU","fbs","Big 12","23","10,10,0,3","0.7803167402744293","1719","1700","4.075723777053685","","",""
"401761638","2025","9","regular","2025-10-25T23:00:00.000Z","false","true","false","true","23719","3975","Veterans Memorial Stadium (AL)","2653","Troy","fbs","Sun Belt","35","7,14,7,7","0.8598994016647339","1488","1499","309","Louisiana","fbs","Sun Belt","23","7,10,3,3","0.1401005983352661","1333","1322","5.765403250853845","","",""
"401752886","2025","9","regular","2025-10-25T23:00:00.000Z","false","true","false","true","58940","3626","Autzen Stadium","2483","Oregon","fbs","Big Ten","21","0,7,7,7","0.9917219281196594","2075","2055","275","Wisconsin","fbs","Big Ten","7","0,0,0,7","0.008278071880340576","1435","1455","3.6594482803859503","","",""
"401754572","2025","9","regular","2025-10-25T23:00:00.000Z","false","true","false","true","63892","3948","Hard Rock Stadium","2390","Miami","fbs","ACC","42","0,7,21,14","0.988811731338501","1832","1863","24","Stanford","fbs","ACC","7","7,0,0,0","0.011188268661499023","1271","1240","3.7910785572974213","","",""
"401761636","2025","9","regular","2025-10-25T23:00:00.000Z","false","true","false","true","16341","3625","Centennial Bank Stadium","2032","Arkansas State","fbs","Sun Belt","34","7,10,7,10","0.8245862126350403","1235","1260","290","Georgia Southern","fbs","Sun Belt","24","14,7,0,3","0.17541378736495972","1335","1310","6.524004653583363","","",""
"401752748","2025","9","regular","2025-10-25T23:30:00.000Z","false","true","false","true","101924","3958","Tiger Stadium (LA)","99","LSU","fbs","SEC","25","7,11,0,7","0","1752","1694","245","Texas A&M","fbs","SEC","49","14,0,21,14","1","1801","1859","5.32002098367874","","",""
"401760398","2025","9","regular","2025-10-25T23:30:00.000Z","false","true","false","true","25609","3984","War Memorial Stadium","2751","Wyoming","fbs","Mountain West","28","7,14,7,0","0.9982336163520813","1336","1412","36","Colorado State","fbs","Mountain West","0","0,0,0,0","0.0017663836479187012","1353","1277","2.2356075993077673","","",""
"401752881","2025","9","regular","2025-10-25T23:30:00.000Z","false","true","false","true","75085","3936","Spartan Stadium","127","Michigan State","fbs","Big Ten","20","0,7,0,13","0","1348","1364","130","Michigan","fbs","Big Ten","31","10,0,14,7","1","1839","1823","4.5247274470283","","",""
"401754570","2025","9","regular","2025-10-25T23:30:00.000Z","false","true","false","true","50320","3873","L&N Federal Credit Union Stadium","97","Louisville","fbs","ACC","38","7,14,7,10","1","1746","1738","103","Boston College","fbs","ACC","24","3,7,7,7","0","1291","1299","4.755154180508504","","",""
"401752747","2025","9","regular","2025-10-25T23:45:00.000Z","false","true","false","true","60153","3683","Kroger Field","96","Kentucky","fbs","SEC","34","7,14,6,7","0.01421354804188013","1533","1506","2633","Tennessee","fbs","SEC","56","21,14,14,7","0.9857864519581199","1801","1828","4.0851942581443055","","",""
"401756929","2025","9","regular","2025-10-26T00:00:00.000Z","false","true","false","true","54256","3947","Mountain America Stadium","9","Arizona State","fbs","Big 12","16","0,0,0,16","0","1638","1609","248","Houston","fbs","Big 12","24","10,0,14,0","1","1478","1507","4.716608221900163","","",""
"401756934","2025","9","regular","2025-10-26T02:15:00.000Z","false","true","false","true","51949","587","Rice-Eccles Stadium","254","Utah","fbs","Big 12","53","17,26,3,7","0.9948615431785583","1771","1887","38","Colorado","fbs","Big 12","7","0,0,0,7","0.00513845682144165","1611","1495","2.497372620669279","","",""
"401757289","2025","10","regular","2025-10-29T00:00:00.000Z","false","true","false","true","11040","4899","Fifth Third Stadium","338","Kennesaw State","fbs","Conference USA","33","14,2,7,10","0.8267028331756592","1374","1388","2638","UTEP","fbs","Conference USA","20","0,10,10,0","0.17329716682434082","1234","1220","5.908515511047378","","",""
"401761639","2025","10","regular","2025-10-29T00:00:00.000Z","false","true","false","true","17363","3644","Bobcat Stadium (TX)","326","Texas State","fbs","Sun Belt","20","0,20,0,0","0.0021346090361475945","1554","1486","256","James Madison","fbs","Sun Belt","52","14,14,21,3","0.9978653909638524","1733","1801","4.307558561592839","","",""
"401757292","2025","10","regular","2025-10-29T23:30:00.000Z","false","true","false","true","10200","3725","Johnny ""Red"" Floyd Stadium","2393","Middle Tennessee","fbs","Conference USA","21","6,0,8,7","0.22879831492900848","1184","1199","55","Jacksonville State","fbs","Conference USA","24","0,7,0,17","0.7712016850709915","1540","1525","5.738443333761415","","",""
"401757291","2025","10","regular","2025-10-30T00:00:00.000Z","false","true","false","true","8754","3878","Plaster Sports Complex","2623","Missouri State","fbs","Conference USA","28","7,7,7,7","0.5291013121604919","1335","1340","2229","Florida International","fbs","Conference USA","21","7,7,0,7","0.47089868783950806","1246","1241","5.075261446471696","","",""
"401761640","2025","10","regular","2025-10-30T23:30:00.000Z","false","true","false","true","17034","3654","Brooks Stadium (SC)","324","Coastal Carolina","fbs","Sun Belt","44","3,14,20,7","0.7426753640174866","1235","1309","276","Marshall","fbs","Sun Belt","27","10,10,7,0","0.2573246359825134","1583","1509","7.199110789458465","","",""
"401762443","2025","10","regular","2025-10-30T23:30:00.000Z","false","true","false","true","16715","3604","Alamodome","2636","UTSA","fbs","American Athletic","48","10,21,7,10","1","1470","1537","2655","Tulane","fbs","American Athletic","26","6,6,7,7","0","1588","1521","2.954352524973834","","",""
"401762497","2025","10","regular","2025-10-31T23:00:00.000Z","false","true","false","true","20197","3895","Rice Stadium","242","Rice","fbs","American Athletic","14","0,7,0,7","0.018175363540649414","1163","1155","235","Memphis","fbs","American Athletic","38","14,17,7,0","0.9818246364593506","1681","1689","3.0092875279502422","","",""
"401754575","2025","10","regular","2025-10-31T23:30:00.000Z","false","true","false","true","37184","1964","JMA Wireless Dome","183","Syracuse","fbs","ACC","10","7,3,0,0","0.019985033199191093","1362","1320","153","North Carolina","fbs","ACC","27","3,3,14,7","0.9800149668008089","1352","1394","3.9698319179483317","","",""
"401757290","2025","10","regular","2025-11-01T00:00:00.000Z","false","true","false","true","17841","3776","Joe Aillet Stadium","2348","Louisiana Tech","fbs","Conference USA","55","14,13,14,14","0.9912233948707581","1378","1465","2534","Sam Houston","fbs","Conference USA","14","0,0,14,0","0.008776605129241943","1139","1052","1.8612539134862605","","",""
"401756938","2025","10","regular","2025-11-01T16:00:00.000Z","false","true","false","true","25049","4728","TDECU Stadium","248","Houston","fbs","Big 12","35","7,14,7,7","0.03517993912100792","1507","1467","277","West Virginia","fbs","Big 12","45","14,7,10,14","0.9648200608789921","1300","1340","6.363517032629233","","",""
"401757173","2025","10","regular","2025-11-01T16:00:00.000Z","false","true","false","false","23170","3892","Pratt & Whitney Stadium","41","UConn","fbs","FBS Independents","38","7,17,14,0","0.9872789978981018","1546","1561","5","UAB","fbs","American Athletic","19","0,0,6,13","0.012721002101898193","1252","1237","4.058511052098757","","",""
"401752891","2025","10","regular","2025-11-01T16:00:00.000Z","false","true","false","true","60670","3832","Memorial Stadium (Champaign, IL)","356","Illinois","fbs","Big Ten","35","7,14,14,0","0.9382127523422241","1560","1603","164","Rutgers","fbs","Big Ten","13","0,6,0,7","0.06178724765777588","1462","1419","3.235287264590744","","",""
"401760401","2025","10","regular","2025-11-01T16:00:00.000Z","false","true","false","false","39441","3713","Falcon Stadium","2005","Air Force","fbs","Mountain West","17","3,0,7,7","0.5374033451080322","1355","1362","349","Army","fbs","American Athletic","20","7,3,0,10","0.4625966548919678","1544","1537","5.535816980973042","","",""
"401752758","2025","10","regular","2025-11-01T16:00:00.000Z","false","true","false","true","102338","3910","DKR-Texas Memorial Stadium","251","Texas","fbs","SEC","34","17,7,10,0","0.7722781300544739","1925","1924","238","Vanderbilt","fbs","SEC","31","0,10,0,21","0.22772186994552612","1765","1766","3.920122530757057","","",""
"401762849","2025","10","regular","2025-11-01T16:00:00.000Z","false","true","false","true","11876","3700","Doyt L. Perry Stadium","189","Bowling Green","fbs","Mid-American","3","0,0,0,3","0.011615565046668053","1322","1253","2084","Buffalo","fbs","Mid-American","28","7,14,7,0","0.988384434953332","1307","1376","2.84265125294086","","",""
"401756936","2025","10","regular","2025-11-01T16:00:00.000Z","false","true","false","true","40212","4727","McLane Stadium","239","Baylor","fbs","Big 12","30","14,6,3,7","0.985271155834198","1542","1621","2116","UCF","fbs","Big 12","3","0,3,0,0","0.014728844165802002","1616","1537","2.730376747954225","","",""
"401754577","2025","10","regular","2025-11-01T16:00:00.000Z","false","true","false","true","75809","3836","Memorial Stadium (Clemson, SC)","228","Clemson","fbs","ACC","45","7,21,10,7","0.9769346117973328","1708","1703","150","Duke","fbs","ACC","46","21,7,7,11","0.023065388202667236","1622","1627","7.8957948169637735","","",""
"401762499","2025","10","regular","2025-11-01T16:00:00.000Z","false","true","false","true","26516","3825","DATCU Stadium","249","North Texas","fbs","American Athletic","31","14,10,7,0","0.9541565775871277","1674","1690","2426","Navy","fbs","American Athletic","17","0,10,7,0","0.045843422412872314","1529","1513","2.6246469328814164","","",""
"401752889","2025","10","regular","2025-11-01T16:00:00.000Z","false","true","false","true","105517","3861","Ohio Stadium","194","Ohio State","fbs","Big Ten","38","7,10,14,7","0.9644951820373535","2098","2146","213","Penn State","fbs","Big Ten","14","0,14,0,0","0.035504817962646484","1990","1942","4.216863180603837","","",""
"401754581","2025","10","regular","2025-11-01T16:00:00.000Z","false","true","false","true","35074","3735","Gerald J. Ford Stadium","2567","SMU","fbs","ACC","26","0,7,10,3,6","0.6046087145805359","1727","1741","2390","Miami","fbs","ACC","20","7,3,7,3,0","0.3953912854194641","1863","1849","9.401323185274995","","",""
"401756939","2025","10","regular","2025-11-01T17:00:00.000Z","false","true","false","true","60899","3772","Jack Trice Stadium","66","Iowa State","fbs","Big 12","19","3,13,3,0","0.4088120758533478","1597","1589","9","Arizona State","fbs","Big 12","24","3,14,7,0","0.5911879241466522","1609","1617","6.789113847524804","","",""
"401762498","2025","10","regular","2025-11-01T18:00:00.000Z","false","true","false","true","13168","3806","Lincoln Financial Field","218","Temple","fbs","American Athletic","14","7,7,0,0","0.03383317217230797","1319","1258","151","East Carolina","fbs","American Athletic","45","14,14,14,3","0.966166827827692","1530","1591","4.039789827827728","","",""
"401760404","2025","10","regular","2025-11-01T19:00:00.000Z","false","true","false","true","25972","6501","Allegiant Stadium","2439","UNLV","fbs","Mountain West","35","0,21,7,7","0.055169641971588135","1567","1549","167","New Mexico","fbs","Mountain West","40","7,24,3,6","0.9448303580284119","1442","1460","7.218828658078055","","",""
"401754580","2025","10","regular","2025-11-01T19:00:00.000Z","false","true","false","true","54030","3799","Lane Stadium","259","Virginia Tech","fbs","ACC","16","9,7,0,0","0.09104979038238525","1430","1431","97","Louisville","fbs","ACC","28","7,0,14,7","0.9089502096176147","1738","1737","6.175265038989168","","",""
"401756941","2025","10","regular","2025-11-01T19:30:00.000Z","false","true","false","true","52111","3636","Bill Snyder Family Stadium","2306","Kansas State","fbs","Big 12","20","7,0,7,6","0","1753","1705","2641","Texas Tech","fbs","Big 12","43","0,12,17,14","1","1855","1903","4.938054776568564","","",""
"401752888","2025","10","regular","2025-11-01T19:30:00.000Z","false","true","false","true","45339","3953","Huntington Bank Stadium","135","Minnesota","fbs","Big Ten","23","7,3,0,7,6","0.17097459733486176","1515","1514","127","Michigan State","fbs","Big Ten","20","0,0,7,10,3","0.8290254026651382","1364","1365","8.124405035274927","","",""
"401752887","2025","10","regular","2025-11-01T19:30:00.000Z","false","true","false","true","46185","3665","SECU Stadium","120","Maryland","fbs","Big Ten","10","3,0,7,0","0.09772736579179764","1573","1506","84","Indiana","fbs","Big Ten","55","7,13,21,14","0.9022726342082024","2091","2158","3.557163403999338","","",""
"401760402","2025","10","regular","2025-11-01T19:30:00.000Z","false","true","false","true","32826","3653","Albertsons Stadium","68","Boise State","fbs","Mountain West","7","0,7,0,0","0.06801986694335938","1724","1616","278","Fresno State","fbs","Mountain West","30","7,3,14,6","0.9319801330566406","1360","1468","4.483067995981335","","",""
"401752755","2025","10","regular","2025-11-01T19:30:00.000Z","false","true","true","true","76131","3712","EverBank Stadium","57","Florida","fbs","SEC","20","10,0,7,3","0.12382172793149948","1638","1655","61","Georgia","fbs","SEC","24","7,3,7,7","0.8761782720685005","2034","2017","7.501922970887811","","",""
"401757294","2025","10","regular","2025-11-01T19:30:00.000Z","false","true","false","true","15023","3796","Houchens Industries-L.T. Smith Stadium","98","Western Kentucky","fbs","Conference USA","35","0,14,14,7","0.9685057401657104","1355","1386","166","New Mexico State","fbs","Conference USA","16","3,3,3,7","0.03149425983428955","1225","1194","4.312841567214245","","",""
"401754582","2025","10","regular","2025-11-01T19:30:00.000Z","false","true","false","true","16540","3940","Stanford Stadium","24","Stanford","fbs","ACC","20","10,3,0,7","0.00761042395606637","1240","1245","221","Pittsburgh","fbs","ACC","35","7,14,14,0","0.9923895760439336","1673","1668","5.712078469404845","","",""
"401761642","2025","10","regular","2025-11-01T19:30:00.000Z","false","true","false","true","18462","6526","Hancock Whitney Stadium","6","South Alabama","fbs","Sun Belt","22","0,7,7,8","0.02950141206383705","1400","1375","309","Louisiana","fbs","Sun Belt","31","10,14,7,0","0.970498587936163","1322","1347","4.0834056992858185","","",""
"401761641","2025","10","regular","2025-11-01T19:30:00.000Z","false","true","false","true","17087","3817","Malone Stadium","2433","UL Monroe","fbs","Sun Belt","6","0,0,0,6","0","1015","998","295","Old Dominion","fbs","Sun Belt","31","17,7,0,7","1","1463","1480","2.631088345259229","","",""
"401757293","2025","10","regular","2025-11-01T19:30:00.000Z","false","true","false","true","18455","3992","Williams Stadium (VA)","2335","Liberty","fbs","Conference USA","59","7,21,21,10","0.9901004433631897","1424","1506","48","Delaware","fbs","Conference USA","30","3,6,15,6","0.009899556636810303","1465","1383","3.451953355812776","","",""
"401754583","2025","10","regular","2025-11-01T19:30:00.000Z","false","true","false","false","44500","3615","Alumni Stadium (Chestnut Hill, MA)","103","Boston College","fbs","ACC","10","0,7,3,0","0","1299","1339","87","Notre Dame","fbs","FBS Independents","25","0,12,6,7","1","2193","2153","5.266984922724491","","",""
"401754576","2025","10","regular","2025-11-01T19:45:00.000Z","false","true","false","true","30893","3831","California Memorial Stadium","25","California","fbs","ACC","21","0,7,7,7","0.02269030548632145","1397","1392","258","Virginia","fbs","ACC","31","10,7,7,7","0.9773096945136786","1580","1585","5.718828438861106","","",""
"401752753","2025","10","regular","2025-11-01T20:00:00.000Z","false","true","false","true","68358","3887","Razorback Stadium","8","Arkansas","fbs","SEC","35","0,13,15,7","0.7248119115829468","1604","1594","344","Mississippi State","fbs","SEC","38","7,0,14,17","0.2751880884170532","1514","1524","7.06341697165689","","",""
"401762850","2025","10","regular","2025-11-01T20:00:00.000Z","false","true","false","true","29299","3980","Waldo Stadium","2711","Western Michigan","fbs","Mid-American","24","0,7,7,10","0.705152690410614","1369","1368","2117","Central Michigan","fbs","Mid-American","21","7,7,0,7","0.294847309589386","1234","1235","5.32630256682886","","",""
"401756940","2025","10","regular","2025-11-01T20:00:00.000Z","false","true","false","true","39511","3833","Memorial Stadium","2305","Kansas","fbs","Big 12","38","3,7,14,14","0.9927200675010681","1563","1556","197","Oklahoma State","fbs","Big 12","21","7,0,7,7","0.007279932498931885","1042","1049","3.274824852384832","","",""
"401760405","2025","10","regular","2025-11-01T23:00:00.000Z","false","true","false","true","24325","7311","Snapdragon Stadium","21","San Diego State","fbs","Mountain West","24","7,10,0,7","0.9544255137443542","1579","1601","2751","Wyoming","fbs","Mountain West","7","7,0,0,0","0.04557448625564575","1412","1390","3.707834455669849","","",""
"401752890","2025","10","regular","2025-11-01T23:00:00.000Z","false","true","false","true","110517","3558","Michigan Stadium","130","Michigan","fbs","Big Ten","21","7,7,0,7","0.9230600595474243","1823","1809","2509","Purdue","fbs","Big Ten","16","0,7,3,6","0.07693994045257568","1296","1310","4.825745803362734","","",""
"401756937","2025","10","regular","2025-11-01T23:00:00.000Z","false","true","false","true","48322","3726","Folsom Field","38","Colorado","fbs","Big 12","17","0,7,7,3","0.09115053713321686","1495","1389","12","Arizona","fbs","Big 12","52","17,21,14,0","0.9088494628667831","1472","1578","2.909193799765285","","",""
"401752756","2025","10","regular","2025-11-01T23:00:00.000Z","false","true","false","true","67491","3974","Vaught-Hemingway Stadium","145","Ole Miss","fbs","SEC","30","10,7,3,10","0.9924944639205933","1963","1969","2579","South Carolina","fbs","SEC","14","7,0,7,0","0.007505536079406738","1643","1637","4.9470900482214235","","",""
"401754578","2025","10","regular","2025-11-01T23:30:00.000Z","false","true","false","true","63677","3697","Doak Campbell Stadium","52","Florida State","fbs","ACC","42","0,14,14,14","0.9879111051559448","1542","1631","154","Wake Forest","fbs","ACC","7","0,0,0,7","0.012088894844055176","1471","1382","3.138984018856726","","",""
"401752892","2025","10","regular","2025-11-01T23:30:00.000Z","false","true","false","true","86529","3834","Memorial Stadium (Lincoln, NE)","158","Nebraska","fbs","Big Ten","17","7,7,0,3","0.1601679027080536","1645","1655","30","USC","fbs","Big Ten","21","0,6,8,7","0.8398320972919464","1907","1897","4.7153808799608","","",""
"401752757","2025","10","regular","2025-11-01T23:30:00.000Z","false","true","false","true","101915","3853","Neyland Stadium","2633","Tennessee","fbs","SEC","27","10,0,7,10","0.4345937967300415","1828","1814","201","Oklahoma","fbs","SEC","33","7,9,7,10","0.5654062032699585","1780","1794","7.451622569791746","","",""
"401752754","2025","10","regular","2025-11-01T23:30:00.000Z","false","true","false","true","88043","3785","Jordan-Hare Stadium","2","Auburn","fbs","SEC","3","0,3,0,0","0.2702767848968506","1694","1665","96","Kentucky","fbs","SEC","10","0,3,7,0","0.7297232151031494","1506","1535","5.095503034276599","","",""
"401754579","2025","10","regular","2025-11-01T23:30:00.000Z","false","true","false","true","56919","3670","Carter-Finley Stadium","152","NC State","fbs","ACC","48","14,10,14,10","0.9727997183799744","1459","1498","59","Georgia Tech","fbs","ACC","36","7,10,13,6","0.027200281620025635","1651","1612","5.721442235800005","","",""
"401752943","2025","10","regular","2025-11-01T23:30:00.000Z","false","true","false","true","32905","3893","Reser Stadium","204","Oregon State","fbs","Pac-12","10","0,3,0,7","0.7984362244606018","1248","1252","265","Washington State","fbs","Pac-12","7","0,7,0,0","0.2015637755393982","1438","1434","5.505177024647975","","",""
"401761643","2025","10","regular","2025-11-02T00:00:00.000Z","false","true","false","true","23391","3975","Veterans Memorial Stadium (AL)","2653","Troy","fbs","Sun Belt","10","0,3,0,7","0.08692364394664764","1499","1445","2032","Arkansas State","fbs","Sun Belt","23","17,0,3,3","0.9130763560533524","1260","1314","3.168595591458259","","",""
"401756942","2025","10","regular","2025-11-02T02:15:00.000Z","false","true","false","true","51672","587","Rice-Eccles Stadium","254","Utah","fbs","Big 12","45","14,10,14,7","0.9974363446235657","1887","1941","2132","Cincinnati","fbs","Big 12","14","7,0,7,0","0.002563655376434326","1644","1590","4.154913900410911","","",""
"401760403","2025","10","regular","2025-11-02T02:30:00.000Z","false","true","false","true","16012","3935","CEFCU Stadium","23","San José State","fbs","Mountain West","45","7,24,7,7","0.7434321045875549","1410","1417","62","Hawai'i","fbs","Mountain West","38","7,7,14,10","0.25656789541244507","1366","1359","6.184698589570914","","",""
"401762852","2025","11","regular","2025-11-05T00:00:00.000Z","false","true","false","true","22231","3876","Peden Stadium","195","Ohio","fbs","Mid-American","24","0,3,7,14","0.6207834482192993","1596","1595","193","Miami (OH)","fbs","Mid-American","20","0,3,3,14","0.3792165517807007","1459","1460","6.012952698227306","","",""
"401762851","2025","11","regular","2025-11-05T00:00:00.000Z","false","true","false","true","5046","3768","InfoCision Stadium","2006","Akron","fbs","Mid-American","44","14,13,10,7","0.991926372051239","1040","1114","113","Massachusetts","fbs","Mid-American","10","10,0,0,0","0.008073627948760986","879","805","3.0039921166668617","","",""
"401762853","2025","11","regular","2025-11-06T00:00:00.000Z","false","true","false","true","5225","3919","Scheumann Stadium","2050","Ball State","fbs","Mid-American","17","3,7,0,7","0.6266462802886963","1047","1047","2309","Kent State","fbs","Mid-American","13","0,3,7,3","0.3733537197113037","945","945","6.245171074365928","","",""
"401762854","2025","11","regular","2025-11-06T00:00:00.000Z","false","true","false","true","22128","3739","Glass Bowl","2649","Toledo","fbs","Mid-American","42","7,21,7,7","0.9862786531448364","1505","1591","2459","Northern Illinois","fbs","Mid-American","3","3,0,0,0","0.013721346855163574","1305","1219","2.6141536838184725","","",""
"401762500","2025","11","regular","2025-11-07T00:30:00.000Z","false","true","false","true","27437","3886","Raymond James Stadium","58","South Florida","fbs","American Athletic","55","14,31,10,0","0.9891061782836914","1662","1734","2636","UTSA","fbs","American Athletic","23","3,7,3,10","0.010893821716308594","1537","1465","3.5523773833316556","","",""
"401761644","2025","11","regular","2025-11-07T00:30:00.000Z","false","true","false","true","31876","3792","Kidd Brewer Stadium","2026","App State","fbs","Sun Belt","23","0,3,6,14","0.002599649364128709","1332","1328","290","Georgia Southern","fbs","Sun Belt","25","9,10,3,3","0.9974003506358713","1310","1314","5.715089990728676","","",""
"401756946","2025","11","regular","2025-11-08T01:00:00.000Z","false","true","false","true","44206","3652","FBC Mortgage Stadium","2116","UCF","fbs","Big 12","27","3,21,3,0","0.8083364367485046","1537","1528","248","Houston","fbs","Big 12","30","0,17,7,6","0.19166356325149536","1467","1476","6.663307882242472","","",""
"401762501","2025","11","regular","2025-11-08T02:00:00.000Z","false","true","false","true","30384","3805","Simmons Bank Liberty Stadium","235","Memphis","fbs","American Athletic","32","7,10,0,15","0.03451329842209816","1689","1665","2655","Tulane","fbs","American Athletic","38","14,21,3,0","0.9654867015779018","1521","1545","5.2354917806746215","","",""
"401752896","2025","11","regular","2025-11-08T02:00:00.000Z","false","true","false","true","67179","477","Los Angeles Memorial Coliseum","30","USC","fbs","Big Ten","38","7,14,7,10","0.9866441488265991","1897","1911","77","Northwestern","fbs","Big Ten","17","7,7,3,0","0.013355851173400879","1530","1516","3.5927800813893738","","",""
"401761647","2025","11","regular","2025-11-08T17:00:00.000Z","false","true","false","true","15441","3625","Centennial Bank Stadium","2032","Arkansas State","fbs","Sun Belt","21","7,0,0,14","0.040936607867479324","1314","1306","2572","Southern Miss","fbs","Sun Belt","27","10,7,3,7","0.9590633921325207","1354","1362","5.968283460300001","","",""
"401752762","2025","11","regular","2025-11-08T17:00:00.000Z","false","true","false","true","53017","3693","Davis Wade Stadium","344","Mississippi State","fbs","SEC","21","7,0,7,7","0","1524","1523","61","Georgia","fbs","SEC","41","3,21,14,3","1","2017","2018","3.785267348604506","","",""
"401754584","2025","11","regular","2025-11-08T17:00:00.000Z","false","true","false","true","38345","3615","Alumni Stadium (Chestnut Hill, MA)","103","Boston College","fbs","ACC","13","0,6,0,7","0.05867500603199005","1339","1298","2567","SMU","fbs","ACC","45","10,7,14,14","0.94132499396801","1741","1782","4.415965398815328","","",""
"401756945","2025","11","regular","2025-11-08T17:00:00.000Z","false","true","false","true","60229","3784","Jones AT&T Stadium","2641","Texas Tech","fbs","Big 12","29","10,3,6,10","1","1903","1937","252","BYU","fbs","Big 12","7","0,0,0,7","0","1722","1688","2.917651770566797","","",""
"401752893","2025","11","regular","2025-11-08T17:00:00.000Z","false","true","false","true","105231","3632","Beaver Stadium","213","Penn State","fbs","Big Ten","24","0,7,3,14","0.62885981798172","1942","1950","84","Indiana","fbs","Big Ten","27","7,10,3,7","0.37114018201828003","2158","2150","6.664598569819111","","",""
"401761646","2025","11","regular","2025-11-08T17:00:00.000Z","false","true","false","true","26727","3775","Joan C. Edwards Stadium","276","Marshall","fbs","Sun Belt","23","0,12,8,3","0.34218961000442505","1509","1508","256","James Madison","fbs","Sun Belt","35","7,14,7,7","0.657810389995575","1801","1802","6.114623013796852","","",""
"401762503","2025","11","regular","2025-11-08T17:00:00.000Z","false","true","false","true","30594","3841","Michie Stadium","349","Army","fbs","American Athletic","14","0,7,7,0","0.5682589411735535","1537","1529","218","Temple","fbs","American Athletic","13","0,10,3,0","0.43174105882644653","1258","1266","3.983308218309781","","",""
"401756947","2025","11","regular","2025-11-08T17:00:00.000Z","false","true","false","true","55510","3842","Milan Puskar Stadium","277","West Virginia","fbs","Big 12","29","9,10,3,7","0.7739933729171753","1340","1352","38","Colorado","fbs","Big 12","22","0,9,7,6","0.2260066270828247","1389","1377","5.34381918133446","","",""
"401762855","2025","11","regular","2025-11-08T18:00:00.000Z","false","true","false","true","11889","3912","Rynearson Stadium","2199","Eastern Michigan","fbs","Mid-American","27","10,0,7,10","0.8173208832740784","1220","1229","189","Bowling Green","fbs","Mid-American","21","7,7,0,7","0.18267911672592163","1253","1244","6.064519817413809","","",""
"401757299","2025","11","regular","2025-11-08T18:00:00.000Z","false","true","false","true","18407","3992","Williams Stadium (VA)","2335","Liberty","fbs","Conference USA","17","7,3,0,7","0.5848672389984131","1506","1488","2623","Missouri State","fbs","Conference USA","21","0,0,7,14","0.4151327610015869","1340","1358","5.833908836982461","","",""
"401752897","2025","11","regular","2025-11-08T18:00:00.000Z","false","true","false","true","57701","3907","Ross-Ade Stadium","2509","Purdue","fbs","Big Ten","10","3,0,0,7","0.005438361316919327","1310","1331","194","Ohio State","fbs","Big Ten","34","0,24,0,10","0.9945616386830807","2146","2125","3.172106994027828","","",""
"401752761","2025","11","regular","2025-11-08T18:00:00.000Z","false","true","false","false","67326","3974","Vaught-Hemingway Stadium","145","Ole Miss","fbs","SEC","49","21,14,7,7","0.8325901627540588","1980","1980","2643","The Citadel","fcs","Southern","0","0,0,0,0","0.16740983724594116","","","1.860293866698971","","",""
"401762502","2025","11","regular","2025-11-08T19:00:00.000Z","false","true","false","true","22671","3895","Rice Stadium","242","Rice","fbs","American Athletic","24","7,7,10,0","0.8756951689720154","1155","1169","5","UAB","fbs","American Athletic","17","7,10,0,0","0.12430483102798462","1237","1223","4.2480440142817555","","",""
"401752894","2025","11","regular","2025-11-08T19:30:00.000Z","false","true","false","true","41032","6577","SHI Stadium","164","Rutgers","fbs","Big Ten","35","0,21,7,7","0.9826175570487976","1419","1458","120","Maryland","fbs","Big Ten","20","7,10,0,3","0.017382442951202393","1506","1467","4.298712917874017","","",""
"401762504","2025","11","regular","2025-11-08T20:00:00.000Z","false","true","false","true","39096","3699","Dowdy-Ficklen Stadium","151","East Carolina","fbs","American Athletic","48","21,14,10,3","0.9621897339820862","1591","1599","2429","Charlotte","fbs","American Athletic","22","0,14,8,0","0.03781026601791382","1028","1020","2.4838753543226346","","",""
"401762505","2025","11","regular","2025-11-08T20:00:00.000Z","false","true","false","true","16170","3715","FAU Stadium","2226","Florida Atlantic","fbs","American Athletic","40","10,21,3,6","0.9733737111091614","1218","1247","202","Tulsa","fbs","American Athletic","21","0,6,12,3","0.026626288890838623","1066","1037","4.185107361435338","","",""
"401757295","2025","11","regular","2025-11-08T20:00:00.000Z","false","true","false","true","17912","3695","Delaware Stadium","48","Delaware","fbs","Conference USA","25","3,6,7,9","0.16869089007377625","1383","1386","2348","Louisiana Tech","fbs","Conference USA","24","7,0,0,17","0.8313091099262238","1465","1462","9.406419204379075","","",""
"401757296","2025","11","regular","2025-11-08T20:00:00.000Z","false","true","false","true","12227","3725","Johnny ""Red"" Floyd Stadium","2393","Middle Tennessee","fbs","Conference USA","30","7,10,7,6","0.001964062452316284","1199","1134","2229","Florida International","fbs","Conference USA","56","0,21,13,22","0.9980359375476837","1241","1306","7.259780064557759","","",""
"401757297","2025","11","regular","2025-11-08T20:00:00.000Z","false","true","false","true","9536","3946","Sun Bowl","2638","UTEP","fbs","Conference USA","27","7,6,7,7","0.17534378170967102","1220","1233","55","Jacksonville State","fbs","Conference USA","30","10,10,0,10","0.824656218290329","1525","1512","8.723114109384603","","",""
"401754587","2025","11","regular","2025-11-08T20:30:00.000Z","false","true","false","true","60337","3948","Hard Rock Stadium","2390","Miami","fbs","ACC","38","0,14,17,7","0.9172752499580383","1849","1865","183","Syracuse","fbs","ACC","10","0,0,3,7","0.08272475004196167","1320","1304","3.698876065754808","","",""
"401754590","2025","11","regular","2025-11-08T20:30:00.000Z","false","true","false","false","38106","3892","Pratt & Whitney Stadium","41","UConn","fbs","FBS Independents","37","10,10,3,14","0.8562755584716797","1561","1563","150","Duke","fbs","ACC","34","7,7,14,6","0.1437244415283203","1627","1625","7.285491145137222","","",""
"401752763","2025","11","regular","2025-11-08T20:30:00.000Z","false","true","false","true","57321","3838","Memorial Stadium","142","Missouri","fbs","SEC","17","0,0,7,10","0.04862264171242714","1779","1734","245","Texas A&M","fbs","SEC","38","7,7,10,14","0.9513773582875729","1859","1904","3.262741592650687","","",""
"401756943","2025","11","regular","2025-11-08T20:30:00.000Z","false","true","false","true","41115","3619","Arizona Stadium","12","Arizona","fbs","Big 12","24","7,7,3,7","0.4165548086166382","1578","1580","2305","Kansas","fbs","Big 12","20","7,10,3,0","0.5834451913833618","1556","1554","6.916815613183976","","",""
"401756944","2025","11","regular","2025-11-08T20:30:00.000Z","false","true","false","true","44197","3616","Amon G. Carter Stadium","2628","TCU","fbs","Big 12","17","0,3,7,7","0.49100232124328613","1700","1689","66","Iowa State","fbs","Big 12","20","6,0,0,14","0.5089976787567139","1589","1600","6.215050875410496","","",""
"401752898","2025","11","regular","2025-11-08T20:30:00.000Z","false","true","false","true","69250","3793","Kinnick Stadium","2294","Iowa","fbs","Big Ten","16","0,7,0,9","0.19565224647521973","1907","1912","2483","Oregon","fbs","Big Ten","18","2,10,3,3","0.8043477535247803","2055","2050","5.293227062970093","","",""
"401752764","2025","11","regular","2025-11-08T21:00:00.000Z","false","true","false","true","35000","3973","FirstBank Stadium","238","Vanderbilt","fbs","SEC","45","0,10,14,14,7","0.6538436412811279","1766","1770","2","Auburn","fbs","SEC","38","7,13,10,8,0","0.34615635871887207","1665","1661","9.394868635793847","","",""
"401757298","2025","11","regular","2025-11-08T21:00:00.000Z","false","true","false","true","11473","3601","Aggie Memorial Stadium","166","New Mexico State","fbs","Conference USA","21","0,7,0,14","0.02029801905155182","1194","1201","338","Kennesaw State","fbs","Conference USA","24","17,7,0,0","0.9797019809484482","1388","1381","5.516987729558563","","",""
"401761645","2025","11","regular","2025-11-08T21:00:00.000Z","false","true","false","true","18878","3654","Brooks Stadium (SC)","324","Coastal Carolina","fbs","Sun Belt","40","14,9,10,7","0.9950982332229614","1309","1318","2247","Georgia State","fbs","Sun Belt","27","14,0,0,13","0.004901766777038574","1107","1098","3.3751025673075485","","",""
"401754588","2025","11","regular","2025-11-08T21:30:00.000Z","false","true","false","true","50500","3787","Kenan Stadium","153","North Carolina","fbs","ACC","20","3,0,7,10","0.5045846700668335","1394","1393","24","Stanford","fbs","ACC","15","0,3,0,12","0.4954153299331665","1245","1246","5.369020871476931","","",""
"401752899","2025","11","regular","2025-11-08T21:30:00.000Z","false","true","false","true","71217","347","Camp Randall Stadium","275","Wisconsin","fbs","Big Ten","13","0,3,10,0","0.9273465871810913","1455","1459","264","Washington","fbs","Big Ten","10","0,10,0,0","0.07265341281890869","1703","1699","4.984533939256325","","",""
"401761648","2025","11","regular","2025-11-08T22:00:00.000Z","false","true","false","true","14231","3666","Cajun Field","309","Louisiana","fbs","Sun Belt","42","7,28,0,7","0.42518872022628784","1347","1350","326","Texas State","fbs","Sun Belt","39","10,7,3,19","0.5748112797737122","1486","1483","5.100831798852394","","",""
"401760406","2025","11","regular","2025-11-08T23:00:00.000Z","false","true","false","true","13637","3935","CEFCU Stadium","23","San José State","fbs","Mountain West","16","3,0,3,10","0.4876018166542053","1417","1391","2005","Air Force","fbs","Mountain West","26","0,16,0,10","0.5123981833457947","1362","1388","4.285756759162298","","",""
"401754585","2025","11","regular","2025-11-09T00:00:00.000Z","false","true","false","true","51381","3873","L&N Federal Credit Union Stadium","97","Louisville","fbs","ACC","26","7,6,7,3,3","0.16744647920131683","1737","1709","25","California","fbs","ACC","29","7,10,6,0,6","0.8325535207986832","1392","1420","8.99296986382329","","",""
"401754586","2025","11","regular","2025-11-09T00:00:00.000Z","false","true","false","true","81500","3836","Memorial Stadium (Clemson, SC)","228","Clemson","fbs","ACC","24","8,10,3,3","0.9650610685348511","1703","1725","52","Florida State","fbs","ACC","10","0,7,0,3","0.034938931465148926","1631","1609","2.9535332373216487","","",""
"401754589","2025","11","regular","2025-11-09T00:00:00.000Z","false","true","false","true","55568","3923","Scott Stadium","258","Virginia","fbs","ACC","9","3,3,3,0","0.4872440993785858","1585","1555","154","Wake Forest","fbs","ACC","16","0,10,3,3","0.5127559006214142","1382","1412","6.244289362830801","","",""
"401757166","2025","11","regular","2025-11-09T00:30:00.000Z","false","true","false","false","77622","3855","Notre Dame Stadium","87","Notre Dame","fbs","FBS Independents","49","7,14,21,7","0.9956626296043396","2153","2186","2426","Navy","fbs","American Athletic","10","0,10,0,0","0.0043373703956604","1513","1480","2.9604499577900047","","",""
"401752759","2025","11","regular","2025-11-09T00:30:00.000Z","false","true","false","true","100077","3657","Bryant-Denny Stadium","333","Alabama","fbs","SEC","20","3,14,0,3","1","1978","1977","99","LSU","fbs","SEC","9","0,3,3,3","0","1694","1695","3.7025232883310517","","",""
"401752760","2025","11","regular","2025-11-09T00:30:00.000Z","false","true","false","true","56388","3683","Kroger Field","96","Kentucky","fbs","SEC","38","3,21,7,7","0.9788506031036377","1535","1635","57","Florida","fbs","SEC","7","7,0,0,0","0.021149396896362305","1655","1555","3.929849442801651","","",""
"401760409","2025","11","regular","2025-11-09T00:30:00.000Z","false","true","false","true","19418","3905","Maverik Stadium","328","Utah State","fbs","Mountain West","51","24,17,7,3","0.9874172210693359","1336","1422","2440","Nevada","fbs","Mountain West","14","0,0,7,7","0.012582778930664062","1191","1105","2.317864805914596","","",""
"401752895","2025","11","regular","2025-11-09T02:00:00.000Z","false","true","false","true","44481","1056","Rose Bowl","26","UCLA","fbs","Big Ten","21","0,7,7,7","0.3791808485984802","1374","1381","158","Nebraska","fbs","Big Ten","28","7,14,7,0","0.6208191514015198","1655","1648","3.712969991617385","","",""
"401760407","2025","11","regular","2025-11-09T02:30:00.000Z","false","true","false","true","27970","5388","Canvas Stadium","36","Colorado State","fbs","Mountain West","10","7,3,0,0","0.00794612430036068","1277","1221","2439","UNLV","fbs","Mountain West","42","0,21,14,7","0.9920538756996393","1549","1605","3.8275123302837475","","",""
"401752944","2025","11","regular","2025-11-09T03:00:00.000Z","false","true","false","false","31626","3893","Reser Stadium","204","Oregon State","fbs","Pac-12","17","10,7,0,0","0.6787607669830322","1252","1232","2534","Sam Houston","fbs","Conference USA","21","0,7,7,7","0.3212392330169678","1052","1072","5.62729618296782","","",""
"401760408","2025","11","regular","2025-11-09T04:00:00.000Z","false","true","false","true","15194","7220","Clarence T.C. Ching Athletics Complex","62","Hawai'i","fbs","Mountain West","38","14,10,14,0","0.9346045851707458","1359","1480","21","San Diego State","fbs","Mountain West","6","3,3,0,0","0.06539541482925415","1601","1480","3.7246565130646285","","",""
"401762856","2025","12","regular","2025-11-12T00:30:00.000Z","false","true","false","true","8501","3768","InfoCision Stadium","2006","Akron","fbs","Mid-American","35","3,14,0,18,0","0.06278295069932938","1114","1087","2309","Kent State","fbs","Mid-American","42","7,7,14,7,7","0.9372170493006706","945","972","7.404795806309063","","",""
"401762857","2025","12","regular","2025-11-12T01:00:00.000Z","false","true","false","true","10849","3980","Waldo Stadium","2711","Western Michigan","fbs","Mid-American","17","3,0,7,7","0.9361369609832764","1368","1378","195","Ohio","fbs","Mid-American","13","7,0,0,6","0.06386303901672363","1595","1585","4.865414628480906","","",""
"401762858","2025","12","regular","2025-11-13T00:00:00.000Z","false","true","false","true","6833","3786","Kelly/Shorts Stadium","2117","Central Michigan","fbs","Mid-American","38","7,7,10,14","0.8473177552223206","1235","1293","2084","Buffalo","fbs","Mid-American","19","3,7,3,6","0.15268224477767944","1376","1318","4.073167142250684","","",""
"401762859","2025","12","regular","2025-11-13T00:00:00.000Z","false","true","false","true","6155","3985","Warren McGuirk Alumni Stadium","113","Massachusetts","fbs","Mid-American","3","0,0,0,3","0.005873220972716808","805","735","2459","Northern Illinois","fbs","Mid-American","45","10,21,14,0","0.9941267790272832","1219","1289","2.806565714977987","","",""
"401762860","2025","12","regular","2025-11-13T00:00:00.000Z","false","true","false","true","10825","3996","Yager Stadium","193","Miami (OH)","fbs","Mid-American","3","0,0,3,0","0","1460","1421","2649","Toledo","fbs","Mid-American","24","0,14,10,0","1","1591","1630","4.9239712173484955","","",""
"401761649","2025","12","regular","2025-11-14T00:30:00.000Z","false","true","false","true","18831","3918","S.B. Ballard Stadium","295","Old Dominion","fbs","Sun Belt","33","10,10,6,7","1","1480","1566","2653","Troy","fbs","Sun Belt","0","0,0,0,0","0","1445","1359","2.3169202877746","","",""
"401754591","2025","12","regular","2025-11-15T00:30:00.000Z","false","true","false","true","51234","3873","L&N Federal Credit Union Stadium","97","Louisville","fbs","ACC","19","3,6,10,0","0.75526362657547","1709","1709","228","Clemson","fbs","ACC","20","3,7,3,7","0.24473637342453003","1725","1725","7.815486053722058","","",""
"401752904","2025","12","regular","2025-11-15T02:00:00.000Z","false","true","false","true","58830","3626","Autzen Stadium","2483","Oregon","fbs","Big Ten","42","14,14,7,7","0.9859622120857239","2050","2068","135","Minnesota","fbs","Big Ten","13","0,6,7,0","0.014037787914276123","1514","1496","2.8395112406775915","","",""
"401752905","2025","12","regular","2025-11-15T17:00:00.000Z","false","true","true","true","38223","4250","Wrigley Field","77","Northwestern","fbs","Big Ten","22","0,6,3,13","0.6740320324897766","1516","1526","130","Michigan","fbs","Big Ten","24","0,7,14,3","0.3259679675102234","1809","1799","6.608091433028607","","",""
"401752772","2025","12","regular","2025-11-15T17:00:00.000Z","false","true","false","true","108582","3795","Kyle Field","245","Texas A&M","fbs","SEC","31","3,0,21,7","1","1904","1896","2579","South Carolina","fbs","SEC","30","17,13,0,0","0","1637","1645","5.900620804326157","","",""
"401752901","2025","12","regular","2025-11-15T17:00:00.000Z","false","true","false","true","55042","3830","Memorial Stadium (Bloomington, IN)","84","Indiana","fbs","Big Ten","31","7,3,14,7","1","2150","2142","275","Wisconsin","fbs","Big Ten","7","0,7,0,0","0","1459","1467","3.3648861433046053","","",""
"401756952","2025","12","regular","2025-11-15T17:00:00.000Z","false","true","false","true","46340","3646","Boone Pickens Stadium","197","Oklahoma State","fbs","Big 12","6","3,3,0,0","0.2214592546224594","1049","1080","2306","Kansas State","fbs","Big 12","14","0,7,0,7","0.7785407453775406","1705","1674","5.0820189698298535","","",""
"401756951","2025","12","regular","2025-11-15T17:00:00.000Z","false","true","false","true","37099","3854","Nippert Stadium","2132","Cincinnati","fbs","Big 12","24","14,0,3,7","0.012125389650464058","1590","1578","12","Arizona","fbs","Big 12","30","7,3,10,10","0.9878746103495359","1580","1592","5.649878575059863","","",""
"401762507","2025","12","regular","2025-11-15T17:00:00.000Z","false","true","false","true","9831","4418","Jerry Richardson Stadium","2429","Charlotte","fbs","American Athletic","7","0,0,0,7","0.02162954770028591","1020","1013","2636","UTSA","fbs","American Athletic","28","7,0,7,14","0.9783704522997141","1465","1472","3.426061002724206","","",""
"401754597","2025","12","regular","2025-11-15T17:00:00.000Z","false","true","false","false","68400","3752","Acrisure Stadium","221","Pittsburgh","fbs","ACC","15","0,3,6,6","0.03746522590517998","1668","1665","87","Notre Dame","fbs","FBS Independents","37","14,7,9,7","0.96253477409482","2186","2189","3.9008140389274337","","",""
"401757174","2025","12","regular","2025-11-15T17:00:00.000Z","false","true","false","false","31457","3892","Pratt & Whitney Stadium","41","UConn","fbs","FBS Independents","26","6,3,7,10","0.9236084818840027","1563","1568","2005","Air Force","fbs","Mountain West","16","7,0,3,6","0.07639151811599731","1388","1383","3.5090041799363223","","",""
"401762861","2025","12","regular","2025-11-15T17:00:00.000Z","false","true","false","true","8430","3919","Scheumann Stadium","2050","Ball State","fbs","Mid-American","9","0,3,3,3","0.17320816218852997","1047","1030","2199","Eastern Michigan","fbs","Mid-American","24","7,10,0,7","0.82679183781147","1229","1246","3.3275831010822574","","",""
"401762510","2025","12","regular","2025-11-15T17:00:00.000Z","false","true","false","true","34856","3852","Navy-Marine Corps Memorial Stadium","2426","Navy","fbs","American Athletic","41","14,10,0,17","0.9088223576545715","1480","1485","58","South Florida","fbs","American Athletic","38","3,6,7,22","0.09117764234542847","1734","1729","5.929694836480033","","",""
"401752768","2025","12","regular","2025-11-15T17:45:00.000Z","false","true","false","true","100212","3958","Tiger Stadium (LA)","99","LSU","fbs","SEC","23","0,16,0,7","0.744929850101471","1695","1693","8","Arkansas","fbs","SEC","22","14,0,8,0","0.25507014989852905","1594","1596","6.39666465263123","","",""
"401752945","2025","12","regular","2025-11-15T18:00:00.000Z","false","true","false","false","15034","3674","Chapman Stadium","202","Tulsa","fbs","American Athletic","31","14,3,7,7","0.9935263991355896","1037","1094","204","Oregon State","fbs","Pac-12","14","0,0,0,14","0.0064736008644104","1232","1175","2.4671952700862336","","",""
"401756948","2025","12","regular","2025-11-15T18:00:00.000Z","false","true","false","true","54101","3947","Mountain America Stadium","9","Arizona State","fbs","Big 12","25","0,22,0,3","0.3713201880455017","1617","1614","277","West Virginia","fbs","Big 12","23","3,7,0,13","0.6286798119544983","1352","1355","5.13494151401993","","",""
"401752767","2025","12","regular","2025-11-15T18:30:00.000Z","false","true","false","false","53686","3683","Kroger Field","96","Kentucky","fbs","SEC","42","14,14,7,7","0.9980577230453491","1622","1622","2635","Tennessee Tech","fcs","OVC-Big South","10","0,7,3,0","0.001942276954650879","","","1.904565463157122","","",""
"401762506","2025","12","regular","2025-11-15T19:00:00.000Z","false","true","false","true","16190","7221","Protective Stadium","5","UAB","fbs","American Athletic","24","0,7,11,6","0.0024921679869294167","1223","1197","249","North Texas","fbs","American Athletic","53","21,10,15,7","0.9975078320130706","1690","1716","2.859409142957384","","",""
"401761651","2025","12","regular","2025-11-15T19:00:00.000Z","false","true","false","true","12871","4246","Center Parc Stadium","2247","Georgia State","fbs","Sun Belt","18","7,3,8,0","0.03137625381350517","1098","1107","276","Marshall","fbs","Sun Belt","30","7,14,0,9","0.9686237461864948","1508","1499","5.23590983843582","","",""
"401757304","2025","12","regular","2025-11-15T20:00:00.000Z","false","true","false","true","13298","3878","Plaster Sports Complex","2623","Missouri State","fbs","Conference USA","38","10,14,0,14","0.9278184771537781","1358","1376","2638","UTEP","fbs","Conference USA","24","0,7,17,0","0.07218152284622192","1233","1215","3.9130570653398737","","",""
"401760411","2025","12","regular","2025-11-15T20:00:00.000Z","false","true","false","true","27526","3971","University Stadium (NM)","167","New Mexico","fbs","Mountain West","20","0,10,0,10","0.9611223340034485","1460","1458","36","Colorado State","fbs","Mountain West","17","0,0,10,7","0.038877665996551514","1221","1223","6.143939901413607","","",""
"401754595","2025","12","regular","2025-11-15T20:30:00.000Z","false","true","false","true","59157","3948","Hard Rock Stadium","2390","Miami","fbs","ACC","41","10,14,10,7","0.9875534176826477","1865","1914","152","NC State","fbs","ACC","7","0,0,0,7","0.012446582317352295","1498","1449","3.1432035555758695","","",""
"401757303","2025","12","regular","2025-11-15T20:30:00.000Z","false","true","false","true","16547","3796","Houchens Industries-L.T. Smith Stadium","98","Western Kentucky","fbs","Conference USA","42","7,14,7,14","0.9155396819114685","1386","1398","2393","Middle Tennessee","fbs","Conference USA","26","0,10,13,3","0.0844603180885315","1134","1122","7.620477790856999","","",""
"401754593","2025","12","regular","2025-11-15T20:30:00.000Z","false","true","false","true","27215","3982","Wallace Wade Stadium","150","Duke","fbs","ACC","17","0,3,0,14","0","1625","1576","258","Virginia","fbs","ACC","34","7,10,14,3","1","1555","1604","3.6041656880268382","","",""
"401754592","2025","12","regular","2025-11-15T20:30:00.000Z","false","true","false","true","37879","3615","Alumni Stadium (Chestnut Hill, MA)","103","Boston College","fbs","ACC","34","0,14,14,6","0.30027151107788086","1298","1311","59","Georgia Tech","fbs","ACC","36","7,7,3,19","0.6997284889221191","1612","1599","7.421454423157309","","",""
"401760413","2025","12","regular","2025-11-15T20:30:00.000Z","false","true","false","true","14491","3816","Mackay Stadium","2440","Nevada","fbs","Mountain West","55","14,17,7,17","0.995261013507843","1105","1288","23","San José State","fbs","Mountain West","10","0,0,3,7","0.004738986492156982","1391","1208","2.7859614555462486","","",""
"401761653","2025","12","regular","2025-11-15T20:30:00.000Z","false","true","false","true","19872","3817","Malone Stadium","2433","UL Monroe","fbs","Sun Belt","14","14,0,0,0","0.027201753109693527","998","1004","6","South Alabama","fbs","Sun Belt","26","0,7,13,6","0.9727982468903065","1375","1369","4.425007568004904","","",""
"401761654","2025","12","regular","2025-11-15T20:30:00.000Z","false","true","false","true","27223","3815","M. M. Roberts Stadium","2572","Southern Miss","fbs","Sun Belt","14","0,0,7,7","0.047236330807209015","1362","1303","326","Texas State","fbs","Sun Belt","41","10,17,0,14","0.952763669192791","1483","1542","3.3067316100380326","","",""
"401756953","2025","12","regular","2025-11-15T20:30:00.000Z","false","true","false","true","60229","3784","Jones AT&T Stadium","2641","Texas Tech","fbs","Big 12","48","14,24,10,0","0.9889745712280273","1937","1997","2116","UCF","fbs","Big 12","9","0,2,7,0","0.011025428771972656","1528","1468","1.763929168874903","","",""
"401752906","2025","12","regular","2025-11-15T20:30:00.000Z","false","true","false","true","56416","3832","Memorial Stadium (Champaign, IL)","356","Illinois","fbs","Big Ten","24","7,7,7,3","0.8008391857147217","1603","1630","120","Maryland","fbs","Big Ten","6","3,3,0,0","0.19916081428527832","1467","1440","3.1349753749189655","","",""
"401761652","2025","12","regular","2025-11-15T20:30:00.000Z","false","true","false","true","25298","3651","Bridgeforth Stadium","256","James Madison","fbs","Sun Belt","58","7,20,10,21","1","1802","1882","2026","App State","fbs","Sun Belt","10","0,0,0,10","0","1328","1248","2.5124097805149224","","",""
"401752903","2025","12","regular","2025-11-15T20:30:00.000Z","false","true","false","true","61671","3936","Spartan Stadium","127","Michigan State","fbs","Big Ten","10","7,3,0,0","0.003769178409129381","1365","1377","213","Penn State","fbs","Big Ten","28","7,7,0,14","0.9962308215908706","1950","1938","3.8044415586011677","","",""
"401752765","2025","12","regular","2025-11-15T20:30:00.000Z","false","true","false","true","100077","3657","Bryant-Denny Stadium","333","Alabama","fbs","SEC","21","0,14,7,0","0.15321090817451477","1977","1964","201","Oklahoma","fbs","SEC","23","10,7,3,3","0.8467890918254852","1794","1807","6.7106854101740625","","",""
"401752907","2025","12","regular","2025-11-15T20:30:00.000Z","false","true","false","true","65216","477","Los Angeles Memorial Coliseum","30","USC","fbs","Big Ten","26","0,10,9,7","0.37467992305755615","1911","1916","2294","Iowa","fbs","Big Ten","21","7,14,0,0","0.6253200769424438","1912","1907","4.656077932368771","","",""
"401762509","2025","12","regular","2025-11-15T21:00:00.000Z","false","true","false","true","30000","4729","Yulman Stadium","2655","Tulane","fbs","American Athletic","35","7,14,7,7","0.9391095042228699","1545","1543","2226","Florida Atlantic","fbs","American Athletic","24","3,7,0,14","0.06089049577713013","1247","1249","3.833262636519825","","",""
"401762508","2025","12","regular","2025-11-15T21:00:00.000Z","false","true","false","true","37348","3699","Dowdy-Ficklen Stadium","151","East Carolina","fbs","American Athletic","31","7,3,14,7","0.8798407912254333","1599","1604","235","Memphis","fbs","American Athletic","27","0,17,7,3","0.12015920877456665","1665","1660","8.044532885223424","","",""
"401752771","2025","12","regular","2025-11-15T21:15:00.000Z","false","true","false","false","101915","3853","Neyland Stadium","2633","Tennessee","fbs","SEC","42","14,7,21,0","0.9741840958595276","1814","1834","166","New Mexico State","fbs","Conference USA","9","0,3,0,6","0.025815904140472412","1201","1181","3.093171763725749","","",""
"401754596","2025","12","regular","2025-11-15T21:30:00.000Z","false","true","false","true","32390","3630","Allegacy Federal Credit Union Stadium","154","Wake Forest","fbs","ACC","28","7,7,7,7","0.9570199847221375","1412","1444","153","North Carolina","fbs","ACC","12","0,6,3,3","0.04298001527786255","1393","1361","2.6545877239771705","","",""
"401757301","2025","12","regular","2025-11-15T22:00:00.000Z","false","true","false","true","14167","2031","Pitbull Stadium","2229","Florida International","fbs","Conference USA","34","7,10,7,3,7","0.978489339351654","1306","1326","2335","Liberty","fbs","Conference USA","27","7,14,0,6,0","0.021510660648345947","1488","1468","8.87308010242118","","",""
"401761650","2025","12","regular","2025-11-15T23:00:00.000Z","false","true","false","true","22738","3608","Allen E. Paulson Stadium","290","Georgia Southern","fbs","Sun Belt","45","21,14,7,3","0.7108765840530396","1314","1319","324","Coastal Carolina","fbs","Sun Belt","40","17,10,6,7","0.28912341594696045","1318","1313","5.9853896742129855","","",""
"401752902","2025","12","regular","2025-11-16T00:00:00.000Z","false","true","false","true","67229","3765","Husky Stadium","264","Washington","fbs","Big Ten","49","7,21,14,7","0.8683210611343384","1699","1754","2509","Purdue","fbs","Big Ten","13","0,0,3,10","0.13167893886566162","1331","1276","2.9709339959202525","","",""
"401752769","2025","12","regular","2025-11-16T00:00:00.000Z","false","true","false","true","68138","3974","Vaught-Hemingway Stadium","145","Ole Miss","fbs","SEC","34","10,10,0,14","0.9857250452041626","1969","1959","57","Florida","fbs","SEC","24","7,17,0,0","0.014274954795837402","1555","1565","6.26444436261108","","",""
"401760414","2025","12","regular","2025-11-16T00:00:00.000Z","false","true","false","true","31682","6501","Allegiant Stadium","2439","UNLV","fbs","Mountain West","29","3,7,7,6,6","0.6228246688842773","1605","1604","328","Utah State","fbs","Mountain West","26","6,7,3,7,3","0.37717533111572266","1422","1423","9.426998464317936","","",""
"401756949","2025","12","regular","2025-11-16T00:00:00.000Z","false","true","false","true","38186","4727","McLane Stadium","239","Baylor","fbs","Big 12","28","0,17,3,8","0.003974195569753647","1621","1585","254","Utah","fbs","Big 12","55","14,14,7,20","0.9960258044302464","1941","1977","4.191336628760744","","",""
"401757300","2025","12","regular","2025-11-16T00:00:00.000Z","false","true","true","true","3713","3631","BBVA Compass Stadium","2534","Sam Houston","fbs","Conference USA","26","0,10,13,3","0.43213343620300293","1072","1094","48","Delaware","fbs","Conference USA","23","7,3,0,13","0.5678665637969971","1386","1364","5.566780703373763","","",""
"401754594","2025","12","regular","2025-11-16T00:30:00.000Z","false","true","false","true","64937","3697","Doak Campbell Stadium","52","Florida State","fbs","ACC","34","0,10,14,10","0.9910560250282288","1609","1638","259","Virginia Tech","fbs","ACC","14","0,7,0,7","0.00894397497177124","1431","1402","4.261559656791791","","",""
"401752900","2025","12","regular","2025-11-16T00:30:00.000Z","false","true","false","true","104168","3861","Ohio Stadium","194","Ohio State","fbs","Big Ten","48","10,17,14,7","0.9827536344528198","2125","2145","26","UCLA","fbs","Big Ten","10","0,0,7,3","0.017246365547180176","1381","1361","2.1221468871556866","","",""
"401752766","2025","12","regular","2025-11-16T00:30:00.000Z","false","true","false","true","93033","3917","Sanford Stadium","61","Georgia","fbs","SEC","35","7,7,0,21","0.9910233020782471","2018","2070","251","Texas","fbs","SEC","10","3,0,7,0","0.00897669792175293","1924","1872","3.2577676387805257","","",""
"401752770","2025","12","regular","2025-11-16T00:45:00.000Z","false","true","false","true","57321","3838","Memorial Stadium","142","Missouri","fbs","SEC","49","14,7,14,14","1","1734","1765","344","Mississippi State","fbs","SEC","27","10,0,14,3","0","1523","1492","4.870050241990691","","",""
"401757302","2025","12","regular","2025-11-16T01:00:00.000Z","false","true","false","true","24166","3662","AmFirst Stadium","55","Jacksonville State","fbs","Conference USA","35","7,15,3,10","0.9238912463188171","1512","1518","338","Kennesaw State","fbs","Conference USA","26","7,3,3,13","0.07610875368118286","1381","1375","6.147150019104686","","",""
"401752953","2025","12","regular","2025-11-16T03:00:00.000Z","false","true","false","false","21186","3820","Gesa Field","265","Washington State","fbs","Pac-12","28","7,7,0,14","0.9945715665817261","1434","1500","2348","Louisiana Tech","fbs","Conference USA","3","0,3,0,0","0.005428433418273926","1462","1396","2.1283890571792554","","",""
"401756950","2025","12","regular","2025-11-16T03:15:00.000Z","false","true","false","true","64447","3801","LaVell Edwards Stadium","252","BYU","fbs","Big 12","44","10,17,3,14","0.9717991948127747","1688","1772","2628","TCU","fbs","Big 12","13","0,10,3,0","0.028200805187225342","1689","1605","3.8991089407763098","","",""
"401760412","2025","12","regular","2025-11-16T03:30:00.000Z","false","true","false","true","35076","3660","Valley Children's Stadium","278","Fresno State","fbs","Mountain West","24","7,3,0,14","0.924098014831543","1468","1510","2751","Wyoming","fbs","Mountain West","3","3,0,0,0","0.07590198516845703","1390","1348","4.026001542428445","","",""
"401760410","2025","12","regular","2025-11-16T03:30:00.000Z","false","true","false","true","29201","7311","Snapdragon Stadium","21","San Diego State","fbs","Mountain West","17","0,14,0,3","0.5283172726631165","1480","1507","68","Boise State","fbs","Mountain West","7","0,7,0,0","0.47168272733688354","1616","1589","4.49702102683922","","",""
"401762864","2025","13","regular","2025-11-19T00:00:00.000Z","false","true","false","true","4734","3764","Huskie Stadium","2459","Northern Illinois","fbs","Mid-American","19","10,3,0,6","0.079474538564682","1289","1260","2711","Western Michigan","fbs","Mid-American","35","0,14,7,14","0.920525461435318","1378","1407","3.4626707730844215","","",""
"401762862","2025","13","regular","2025-11-19T00:00:00.000Z","false","true","false","true","9867","3700","Doyt L. Perry Stadium","189","Bowling Green","fbs","Mid-American","16","3,3,7,3","0.9237462878227234","1244","1230","2006","Akron","fbs","Mid-American","19","3,3,10,3","0.07625371217727661","1087","1101","7.499807813687292","","",""
"401762863","2025","13","regular","2025-11-19T00:00:00.000Z","false","true","false","true","12438","3876","Peden Stadium","195","Ohio","fbs","Mid-American","42","7,14,7,14","1","1585","1572","113","Massachusetts","fbs","Mid-American","14","7,0,7,0","0","735","748","3.811770717209375","","",""
"401762865","2025","13","regular","2025-11-20T00:00:00.000Z","false","true","false","true","15246","3965","UB Stadium","2084","Buffalo","fbs","Mid-American","20","3,7,10,0","0.007529230788350105","1318","1288","193","Miami (OH)","fbs","Mid-American","37","0,17,14,6","0.9924707692116499","1421","1451","5.921445750564814","","",""
"401762866","2025","13","regular","2025-11-20T00:00:00.000Z","false","true","false","true","8112","3696","Dix Stadium","2309","Kent State","fbs","Mid-American","16","0,3,0,13","0","972","974","2117","Central Michigan","fbs","Mid-American","28","7,7,0,14","1","1293","1291","4.460429434556407","","",""
"401761655","2025","13","regular","2025-11-21T00:30:00.000Z","false","true","false","true","13571","3625","Centennial Bank Stadium","2032","Arkansas State","fbs","Sun Belt","30","10,17,0,3","0.08058846741914749","1306","1302","309","Louisiana","fbs","Sun Belt","34","7,17,7,3","0.9194115325808525","1350","1354","8.711359626652017","","",""
"401754598","2025","13","regular","2025-11-22T01:00:00.000Z","false","true","false","true","56919","3670","Carter-Finley Stadium","152","NC State","fbs","ACC","21","7,0,7,7","0.7871336936950684","1449","1481","52","Florida State","fbs","ACC","11","0,3,0,8","0.21286630630493164","1638","1606","3.841445585044678","","",""
"401760418","2025","13","regular","2025-11-22T03:30:00.000Z","false","true","false","true","37106","6501","Allegiant Stadium","2439","UNLV","fbs","Mountain West","38","10,14,0,14","0.9910309910774231","1604","1663","62","Hawai'i","fbs","Mountain West","10","7,3,0,0","0.008969008922576904","1480","1421","2.9495696451302114","","",""
"401754603","2025","13","regular","2025-11-22T17:00:00.000Z","false","true","false","true","65632","3799","Lane Stadium","259","Virginia Tech","fbs","ACC","17","3,0,7,7","0.10033447295427322","1402","1409","2390","Miami","fbs","ACC","34","7,13,7,7","0.8996655270457268","1914","1907","3.9113358309470994","","",""
"401756958","2025","13","regular","2025-11-22T17:00:00.000Z","false","true","false","true","58275","3772","Jack Trice Stadium","66","Iowa State","fbs","Big 12","38","7,10,14,7","0.9831984639167786","1600","1655","2305","Kansas","fbs","Big 12","14","0,0,14,0","0.016801536083221436","1554","1499","2.3348587288675406","","",""
"401752909","2025","13","regular","2025-11-22T17:00:00.000Z","false","true","true","true","15323","4250","Wrigley Field","77","Northwestern","fbs","Big Ten","38","10,3,15,10","0.8243551254272461","1526","1531","135","Minnesota","fbs","Big Ten","35","0,21,7,7","0.1756448745727539","1496","1491","7.305459827041887","","",""
"401752912","2025","13","regular","2025-11-22T17:00:00.000Z","false","true","false","true","","3861","Ohio Stadium","194","Ohio State","fbs","Big Ten","42","7,7,14,14","0.9874398112297058","2145","2158","164","Rutgers","fbs","Big Ten","9","0,3,0,6","0.01256018877029419","1458","1445","2.7969731671438556","","",""
"401762512","2025","13","regular","2025-11-22T17:00:00.000Z","false","true","false","true","28705","3841","Michie Stadium","349","Army","fbs","American Athletic","25","7,15,3,0","0.1100132092833519","1529","1504","202","Tulsa","fbs","American Athletic","26","7,7,0,12","0.8899867907166481","1094","1119","6.910777336301107","","",""
"401754606","2025","13","regular","2025-11-22T17:00:00.000Z","false","true","false","false","26950","3630","Allegacy Federal Credit Union Stadium","154","Wake Forest","fbs","ACC","52","15,20,14,3","0.9898605346679688","1444","1542","48","Delaware","fbs","Conference USA","14","0,7,0,7","0.01013946533203125","1364","1266","2.450358623240805","","",""
"401752778","2025","13","regular","2025-11-22T17:00:00.000Z","false","true","false","true","83541","3835","Memorial Stadium (Norman, OK)","201","Oklahoma","fbs","SEC","17","0,14,3,0","0.5415191054344177","1807","1824","142","Missouri","fbs","SEC","6","3,3,0,0","0.4584808945655823","1765","1748","2.897279975694421","","",""
"401752781","2025","13","regular","2025-11-22T17:00:00.000Z","false","true","false","false","104877","3795","Kyle Field","245","Texas A&M","fbs","SEC","48","21,10,7,10","0.9767223000526428","1896","1896","2535","Samford","fcs","Southern","0","0,0,0,0","0.023277699947357178","","","2.1226393455024506","","",""
"401754602","2025","13","regular","2025-11-22T17:00:00.000Z","false","true","false","true","32713","3735","Gerald J. Ford Stadium","2567","SMU","fbs","ACC","38","7,14,3,14","0.9910668134689331","1782","1860","97","Louisville","fbs","ACC","6","3,3,0,0","0.008933186531066895","1709","1631","2.7831767138391252","","",""
"401752776","2025","13","regular","2025-11-22T17:45:00.000Z","false","true","false","false","93033","3917","Sanford Stadium","61","Georgia","fbs","SEC","35","14,14,7,0","0.9879599809646606","2070","2048","2429","Charlotte","fbs","American Athletic","3","0,3,0,0","0.012040019035339355","1013","1035","1.6983975885892353","","",""
"401752954","2025","13","regular","2025-11-22T18:00:00.000Z","false","true","false","false","25156","3651","Bridgeforth Stadium","256","James Madison","fbs","Sun Belt","24","3,7,7,7","0.7625653147697449","1882","1874","265","Washington State","fbs","Pac-12","20","3,14,0,3","0.23743468523025513","1500","1508","5.595652422164998","","",""
"401756954","2025","13","regular","2025-11-22T18:00:00.000Z","false","true","false","true","40199","3619","Arizona Stadium","12","Arizona","fbs","Big 12","41","7,7,7,20","0.9966047406196594","1592","1651","239","Baylor","fbs","Big 12","17","14,3,0,0","0.003395259380340576","1585","1526","5.473475061116716","","",""
"401761657","2025","13","regular","2025-11-22T18:00:00.000Z","false","true","false","true","19247","3608","Allen E. Paulson Stadium","290","Georgia Southern","fbs","Sun Belt","10","0,0,3,7","0.0013588489964604378","1319","1250","295","Old Dominion","fbs","Sun Belt","45","14,17,14,0","0.9986411510035396","1566","1635","3.476384076018411","","",""
"401752773","2025","13","regular","2025-11-22T19:00:00.000Z","false","true","false","false","100077","3657","Bryant-Denny Stadium","333","Alabama","fbs","SEC","56","14,14,14,14","0.9778900146484375","1966","1966","2197","Eastern Illinois","fcs","OVC-Big South","0","0,0,0,0","0.0221099853515625","","","1.8684493598244252","","",""
"401762867","2025","13","regular","2025-11-22T19:00:00.000Z","false","true","false","true","15127","3739","Glass Bowl","2649","Toledo","fbs","Mid-American","38","14,10,7,7","0.9028341770172119","1630","1642","2050","Ball State","fbs","Mid-American","9","0,3,0,6","0.09716582298278809","1030","1018","3.2888520482880526","","",""
"401757306","2025","13","regular","2025-11-22T19:00:00.000Z","false","true","false","true","11040","4899","Fifth Third Stadium","338","Kennesaw State","fbs","Conference USA","41","14,0,13,14","0.9847188591957092","1375","1385","2623","Missouri State","fbs","Conference USA","34","3,10,14,7","0.015281140804290771","1376","1366","7.813154318575293","","",""
"401760419","2025","13","regular","2025-11-22T19:00:00.000Z","false","true","false","true","25650","3984","War Memorial Stadium","2751","Wyoming","fbs","Mountain West","7","0,0,7,0","0.09894874691963196","1348","1333","2440","Nevada","fbs","Mountain West","13","0,7,3,3","0.901051253080368","1288","1303","4.960683280349936","","",""
"401752774","2025","13","regular","2025-11-22T19:00:00.000Z","false","true","false","false","88043","3785","Jordan-Hare Stadium","2","Auburn","fbs","SEC","62","14,21,14,13","0.9926486015319824","1660","1660","2382","Mercer","fcs","Southern","17","14,3,0,0","0.007351398468017578","","","3.9444936974494835","","",""
"401761656","2025","13","regular","2025-11-22T19:30:00.000Z","false","true","false","true","31322","3792","Kidd Brewer Stadium","2026","App State","fbs","Sun Belt","26","3,13,7,3","0.3613669276237488","1248","1252","276","Marshall","fbs","Sun Belt","24","7,14,3,0","0.6386330723762512","1499","1495","6.875861158506466","","",""
"401757175","2025","13","regular","2025-11-22T20:00:00.000Z","false","true","false","false","16306","3715","FAU Stadium","2226","Florida Atlantic","fbs","American Athletic","45","3,14,14,14","0.16220299899578094","1249","1263","41","UConn","fbs","FBS Independents","48","24,3,7,14","0.837797001004219","1568","1554","8.729593024822146","","",""
"401757308","2025","13","regular","2025-11-22T20:00:00.000Z","false","true","false","true","7605","3725","Johnny ""Red"" Floyd Stadium","2393","Middle Tennessee","fbs","Conference USA","31","0,10,7,14","0.9829244017601013","1122","1148","2534","Sam Houston","fbs","Conference USA","17","10,0,0,7","0.01707559823989868","1094","1068","4.9297984961287264","","",""
"401757307","2025","13","regular","2025-11-22T20:00:00.000Z","false","true","false","true","10107","3776","Joe Aillet Stadium","2348","Louisiana Tech","fbs","Conference USA","34","7,0,7,14,6","0.8025693297386169","1396","1407","2335","Liberty","fbs","Conference USA","28","3,10,15,0,0","0.19743067026138306","1468","1457","6.907620940462813","","",""
"401762511","2025","13","regular","2025-11-22T20:00:00.000Z","false","true","false","true","16376","7221","Protective Stadium","5","UAB","fbs","American Athletic","18","10,0,0,8","0.004270639270544052","1197","1175","58","South Florida","fbs","American Athletic","48","7,10,17,14","0.995729360729456","1729","1751","4.383208136782565","","",""
"401757309","2025","13","regular","2025-11-22T20:00:00.000Z","false","true","false","true","16677","3946","Sun Bowl","2638","UTEP","fbs","Conference USA","31","21,0,3,7","0.4651758372783661","1215","1208","166","New Mexico State","fbs","Conference USA","34","0,21,3,10","0.5348241627216339","1181","1188","7.161423595259868","","",""
"401754600","2025","13","regular","2025-11-22T20:30:00.000Z","false","true","false","true","50500","3787","Kenan Stadium","153","North Carolina","fbs","ACC","25","7,3,8,7","0.566415548324585","1361","1364","150","Duke","fbs","ACC","32","7,10,7,8","0.43358445167541504","1576","1573","6.197711451448148","","",""
"401761658","2025","13","regular","2025-11-22T20:30:00.000Z","false","true","false","true","17601","6526","Hancock Whitney Stadium","6","South Alabama","fbs","Sun Belt","42","7,14,14,7","0.9967859983444214","1369","1375","2572","Southern Miss","fbs","Sun Belt","35","0,7,7,21","0.0032140016555786133","1303","1297","3.6297787310097807","","",""
"401754604","2025","13","regular","2025-11-22T20:30:00.000Z","false","true","false","false","77622","3855","Notre Dame Stadium","87","Notre Dame","fbs","FBS Independents","70","35,14,7,14","0.9941574335098267","2189","2263","183","Syracuse","fbs","ACC","7","0,0,0,7","0.00584256649017334","1304","1230","2.3955991519822097","","",""
"401757305","2025","13","regular","2025-11-22T20:30:00.000Z","false","true","false","true","9504","2031","Pitbull Stadium","2229","Florida International","fbs","Conference USA","27","7,0,10,10","0.5822793245315552","1326","1343","55","Jacksonville State","fbs","Conference USA","21","7,7,7,0","0.4177206754684448","1518","1501","6.6929041617368945","","",""
"401762513","2025","13","regular","2025-11-22T20:30:00.000Z","false","true","false","true","18573","3604","Alamodome","2636","UTSA","fbs","American Athletic","58","14,20,10,14","0.9919071197509766","1472","1585","151","East Carolina","fbs","American Athletic","24","0,3,7,14","0.008092880249023438","1604","1491","2.4539570338017254","","",""
"401752780","2025","13","regular","2025-11-22T20:30:00.000Z","false","true","false","true","102361","3910","DKR-Texas Memorial Stadium","251","Texas","fbs","SEC","52","14,10,21,7","1","1872","1880","8","Arkansas","fbs","SEC","37","6,14,3,14","0","1596","1588","4.624234501424844","","",""
"401752911","2025","13","regular","2025-11-22T20:30:00.000Z","false","true","false","true","59588","3626","Autzen Stadium","2483","Oregon","fbs","Big Ten","42","14,14,7,7","0.9446062445640564","2068","2086","30","USC","fbs","Big Ten","27","7,7,7,6","0.055393755435943604","1916","1898","4.245851997828762","","",""
"401752913","2025","13","regular","2025-11-22T20:30:00.000Z","false","true","false","true","69250","3793","Kinnick Stadium","2294","Iowa","fbs","Big Ten","20","7,0,0,13","0.5775558352470398","1907","1902","127","Michigan State","fbs","Big Ten","17","0,3,14,0","0.4224441647529602","1377","1382","4.969668955103442","","",""
"401752782","2025","13","regular","2025-11-22T20:30:00.000Z","false","true","false","true","35000","3973","FirstBank Stadium","238","Vanderbilt","fbs","SEC","45","3,21,21,0","0.9762735366821289","1770","1827","96","Kentucky","fbs","SEC","17","0,3,0,14","0.023726463317871094","1635","1578","2.2736201189045495","","",""
"401762515","2025","13","regular","2025-11-22T20:45:00.000Z","false","true","false","true","13366","3806","Lincoln Financial Field","218","Temple","fbs","American Athletic","13","7,0,0,6","0.013555897399783134","1266","1234","2655","Tulane","fbs","American Athletic","37","10,10,6,11","0.9864441026002169","1543","1575","3.574444017848902","","",""
"401756957","2025","13","regular","2025-11-22T21:00:00.000Z","false","true","false","true","30852","4728","TDECU Stadium","248","Houston","fbs","Big 12","14","0,7,7,0","0.811245858669281","1476","1479","2628","TCU","fbs","Big 12","17","14,0,0,3","0.188754141330719","1605","1602","6.5693837600173905","","",""
"401752914","2025","13","regular","2025-11-22T21:00:00.000Z","false","true","false","true","46185","3665","SECU Stadium","120","Maryland","fbs","Big Ten","20","7,3,3,7","0.0021505476906895638","1440","1414","130","Michigan","fbs","Big Ten","45","7,14,14,10","0.9978494523093104","1799","1825","3.802841750717656","","",""
"401756959","2025","13","regular","2025-11-22T21:00:00.000Z","false","true","false","true","41723","3652","FBC Mortgage Stadium","2116","UCF","fbs","Big 12","17","0,0,7,10","1","1468","1464","197","Oklahoma State","fbs","Big 12","14","7,7,0,0","0","1080","1084","5.068326629734767","","",""
"401761660","2025","13","regular","2025-11-22T21:00:00.000Z","false","true","false","true","20243","3975","Veterans Memorial Stadium (AL)","2653","Troy","fbs","Sun Belt","31","0,10,7,14","1","1359","1362","2247","Georgia State","fbs","Sun Belt","19","0,6,6,7","0","1107","1104","5.170579662993523","","",""
"401756960","2025","13","regular","2025-11-22T21:00:00.000Z","false","true","false","true","51444","587","Rice-Eccles Stadium","254","Utah","fbs","Big 12","51","7,14,14,16","0.3485639989376068","1977","1971","2306","Kansas State","fbs","Big 12","47","7,24,7,9","0.6514360010623932","1674","1680","9.569045418832681","","",""
"401752779","2025","13","regular","2025-11-22T21:15:00.000Z","false","true","false","false","78452","3994","Williams-Brice Stadium","2579","South Carolina","fbs","SEC","51","20,17,7,7","0.9924185276031494","1645","1730","324","Coastal Carolina","fbs","Sun Belt","7","0,0,0,7","0.007581472396850586","1313","1228","2.592138507375151","","",""
"401754605","2025","13","regular","2025-11-22T21:30:00.000Z","false","true","false","false","78403","3836","Memorial Stadium (Clemson, SC)","228","Clemson","fbs","ACC","45","17,14,0,14","0.9852207899093628","1727","1727","231","Furman","fcs","Southern","10","0,3,7,0","0.014779210090637207","","","2.322814556602823","","",""
"401761659","2025","13","regular","2025-11-22T22:00:00.000Z","false","true","false","true","17078","3644","Bobcat Stadium (TX)","326","Texas State","fbs","Sun Belt","31","0,3,14,14","0.9347583055496216","1542","1533","2433","UL Monroe","fbs","Sun Belt","14","0,0,7,7","0.06524169445037842","1004","1013","4.022895625475308","","",""
"401760415","2025","13","regular","2025-11-23T00:00:00.000Z","false","true","false","true","20218","3713","Falcon Stadium","2005","Air Force","fbs","Mountain West","3","0,0,0,3","0.014711827971041203","1383","1350","167","New Mexico","fbs","Mountain West","20","7,10,0,3","0.9852881720289588","1458","1491","2.9671530551482315","","",""
"401752908","2025","13","regular","2025-11-23T00:00:00.000Z","false","true","false","true","105038","3632","Beaver Stadium","213","Penn State","fbs","Big Ten","37","7,16,7,7","0.9935051202774048","1938","1975","158","Nebraska","fbs","Big Ten","10","0,3,7,0","0.006494879722595215","1648","1611","2.2286130019262984","","",""
"401760416","2025","13","regular","2025-11-23T00:00:00.000Z","false","true","false","true","32819","3653","Albertsons Stadium","68","Boise State","fbs","Mountain West","49","7,20,7,15","0.9938032031059265","1589","1621","36","Colorado State","fbs","Mountain West","21","7,0,0,14","0.006196796894073486","1223","1191","3.4950675360668852","","",""
"401754601","2025","13","regular","2025-11-23T00:00:00.000Z","false","true","false","true","52413","721","Bobby Dodd Stadium","59","Georgia Tech","fbs","ACC","28","0,14,0,14","0.03777078166604042","1599","1573","221","Pittsburgh","fbs","ACC","42","21,7,7,7","0.9622292183339596","1665","1691","4.477657732122358","","",""
"401762514","2025","13","regular","2025-11-23T00:30:00.000Z","false","true","false","true","24598","3895","Rice Stadium","242","Rice","fbs","American Athletic","24","14,0,7,3","0.19045577943325043","1169","1144","249","North Texas","fbs","American Athletic","56","7,21,14,14","0.8095442205667496","1716","1741","3.2991485915013485","","",""
"401752915","2025","13","regular","2025-11-23T00:30:00.000Z","false","true","false","true","","347","Camp Randall Stadium","275","Wisconsin","fbs","Big Ten","27","7,3,7,10","1","1467","1521","356","Illinois","fbs","Big Ten","10","0,7,3,0","0","1630","1576","4.001122438154633","","",""
"401752775","2025","13","regular","2025-11-23T00:30:00.000Z","false","true","false","true","90465","3634","Ben Hill Griffin Stadium","57","Florida","fbs","SEC","11","0,0,3,8","0.0007584895938634872","1565","1543","2633","Tennessee","fbs","SEC","31","14,17,0,0","0.9992415104061365","1834","1856","2.205107309922417","","",""
"401754599","2025","13","regular","2025-11-23T00:30:00.000Z","false","true","false","true","50039","3940","Stanford Stadium","24","Stanford","fbs","ACC","31","0,14,3,14","0.9870200753211975","1246","1315","25","California","fbs","ACC","10","3,7,0,0","0.01297992467880249","1420","1351","4.345088920497255","","",""
"401752777","2025","13","regular","2025-11-23T00:45:00.000Z","false","true","false","false","100923","3958","Tiger Stadium (LA)","99","LSU","fbs","SEC","13","0,7,3,3","0.6684710383415222","1693","1690","98","Western Kentucky","fbs","Conference USA","10","3,0,0,7","0.3315289616584778","1398","1401","4.349466223266472","","",""
"401756955","2025","13","regular","2025-11-23T01:00:00.000Z","false","true","false","true","38034","3854","Nippert Stadium","2132","Cincinnati","fbs","Big 12","14","0,7,0,7","0.26743993163108826","1578","1569","252","BYU","fbs","Big 12","26","7,3,7,9","0.7325600683689117","1772","1781","4.566544103656873","","",""
"401756956","2025","13","regular","2025-11-23T01:00:00.000Z","false","true","false","true","43348","3726","Folsom Field","38","Colorado","fbs","Big 12","17","7,0,10,0","0.11426853388547897","1377","1338","9","Arizona State","fbs","Big 12","42","3,10,8,21","0.885731466114521","1614","1653","6.681236701530058","","",""
"401760420","2025","13","regular","2025-11-23T03:30:00.000Z","false","true","false","true","22595","7311","Snapdragon Stadium","21","San Diego State","fbs","Mountain West","25","11,7,0,7","0.9494931697845459","1507","1530","23","San José State","fbs","Mountain West","3","0,3,0,0","0.0505068302154541","1208","1185","2.9614137423901856","","",""
"401760417","2025","13","regular","2025-11-23T03:30:00.000Z","false","true","false","true","37551","3660","Valley Children's Stadium","278","Fresno State","fbs","Mountain West","17","7,10,0,0","0.003376728855073452","1510","1478","328","Utah State","fbs","Mountain West","28","7,0,7,14","0.9966232711449265","1423","1455","7.5268344203989095","","",""
"401752910","2025","13","regular","2025-11-23T03:30:00.000Z","false","true","false","true","38201","1056","Rose Bowl","26","UCLA","fbs","Big Ten","14","0,0,7,7","0","1361","1313","264","Washington","fbs","Big Ten","48","3,17,14,14","1","1754","1802","3.192641077921975","","",""
"401762868","2025","14","regular","2025-11-25T21:30:00.000Z","false","true","false","true","6043","3985","Warren McGuirk Alumni Stadium","113","Massachusetts","fbs","Mid-American","14","0,14,0,0","0.011485333554446697","748","718","189","Bowling Green","fbs","Mid-American","45","14,14,7,10","0.9885146664455533","1230","1260","2.1605811274523727","","",""
"401762869","2025","14","regular","2025-11-26T00:30:00.000Z","false","true","false","true","11818","3912","Rynearson Stadium","2199","Eastern Michigan","fbs","Mid-American","21","7,0,0,14","0","1246","1239","2711","Western Michigan","fbs","Mid-American","31","0,17,14,0","1","1407","1414","3.7143168825044937","","",""
"401762516","2025","14","regular","2025-11-28T00:30:00.000Z","false","true","false","true","27082","3805","Simmons Bank Liberty Stadium","235","Memphis","fbs","American Athletic","17","3,14,0,0","0.012593691237270832","1660","1620","2426","Navy","fbs","American Athletic","28","0,14,7,7","0.9874063087627292","1485","1525","5.624486611217874","","",""
"401762870","2025","14","regular","2025-11-28T17:00:00.000Z","false","true","false","true","11096","3965","UB Stadium","2084","Buffalo","fbs","Mid-American","26","0,7,6,13","0.5425530076026917","1288","1298","195","Ohio","fbs","Mid-American","31","7,14,7,3","0.45744699239730835","1572","1562","4.941688531055923","","",""
"401752788","2025","14","regular","2025-11-28T17:00:00.000Z","false","true","false","true","60417","3693","Davis Wade Stadium","344","Mississippi State","fbs","SEC","19","7,3,3,6","0.015346751548349857","1492","1491","145","Ole Miss","fbs","SEC","38","14,7,3,14","0.9846532484516501","1959","1960","4.644830935938228","","",""
"401752916","2025","14","regular","2025-11-28T17:00:00.000Z","false","true","false","true","86410","3834","Memorial Stadium (Lincoln, NE)","158","Nebraska","fbs","Big Ten","16","10,6,0,0","0.01910143718123436","1611","1580","2294","Iowa","fbs","Big Ten","40","10,14,9,7","0.9808985628187656","1902","1933","3.966240038437885","","",""
"401756964","2025","14","regular","2025-11-28T17:00:00.000Z","false","true","false","true","32811","3833","Memorial Stadium","2305","Kansas","fbs","Big 12","21","0,7,7,7","0.11878082901239395","1499","1516","254","Utah","fbs","Big 12","31","3,7,0,21","0.881219170987606","1971","1954","6.276140375244612","","",""
"401762871","2025","14","regular","2025-11-28T17:00:00.000Z","false","true","false","true","3090","3764","Huskie Stadium","2459","Northern Illinois","fbs","Mid-American","31","7,14,0,10","0.8252435922622681","1260","1233","2309","Kent State","fbs","Mid-American","35","3,14,3,15","0.17475640773773193","974","1001","7.06656686791855","","",""
"401760421","2025","14","regular","2025-11-28T20:00:00.000Z","false","true","false","true","25873","5388","Canvas Stadium","36","Colorado State","fbs","Mountain West","21","0,7,7,7","0","1191","1155","2005","Air Force","fbs","Mountain West","42","14,7,7,14","1","1350","1386","3.654887940296669","","",""
"401760426","2025","14","regular","2025-11-28T20:30:00.000Z","false","true","false","true","30575","3971","University Stadium (NM)","167","New Mexico","fbs","Mountain West","23","3,7,7,0,6","0.23678594827651978","1491","1500","21","San Diego State","fbs","Mountain West","17","0,14,3,0,0","0.7632140517234802","1530","1521","7.334001834776358","","",""
"401762442","2025","14","regular","2025-11-28T20:30:00.000Z","false","true","false","true","24492","3825","DATCU Stadium","249","North Texas","fbs","American Athletic","52","14,21,10,7","0.9273855686187744","1741","1756","218","Temple","fbs","American Athletic","25","7,0,7,11","0.07261443138122559","1234","1219","2.662792323992115","","",""
"401752786","2025","14","regular","2025-11-28T20:30:00.000Z","false","true","true","false","73728","5348","Mercedes-Benz Stadium","59","Georgia Tech","fbs","ACC","9","3,0,3,3","0.7288954257965088","1573","1595","61","Georgia","fbs","SEC","16","0,13,0,3","0.2711045742034912","2048","2026","3.7309061341517817","","",""
"401760422","2025","14","regular","2025-11-28T21:00:00.000Z","false","true","false","true","21115","3905","Maverik Stadium","328","Utah State","fbs","Mountain West","24","14,7,3,0","0.26905566453933716","1455","1462","68","Boise State","fbs","Mountain West","25","10,3,6,6","0.7309443354606628","1621","1614","6.623730275130599","","",""
"401752792","2025","14","regular","2025-11-29T00:30:00.000Z","false","true","false","true","103632","3910","DKR-Texas Memorial Stadium","251","Texas","fbs","SEC","27","0,3,10,14","0.6624485850334167","1880","1898","245","Texas A&M","fbs","SEC","17","0,10,0,7","0.33755141496658325","1896","1878","5.110871723010601","","",""
"401752924","2025","14","regular","2025-11-29T00:30:00.000Z","false","true","false","true","59807","3907","Ross-Ade Stadium","2509","Purdue","fbs","Big Ten","3","3,0,0,0","0","1276","1227","84","Indiana","fbs","Big Ten","56","7,21,21,7","1","2142","2191","4.180747607485243","","",""
"401756961","2025","14","regular","2025-11-29T02:00:00.000Z","false","true","false","true","54037","3947","Mountain America Stadium","9","Arizona State","fbs","Big 12","7","0,7,0,0","0.035843733698129654","1653","1615","12","Arizona","fbs","Big 12","23","0,3,10,10","0.9641562663018703","1651","1689","4.291838806190243","","",""
"401762875","2025","14","regular","2025-11-29T17:00:00.000Z","false","true","false","true","11137","3996","Yager Stadium","193","Miami (OH)","fbs","Mid-American","45","21,10,7,7","0.9936692118644714","1451","1459","2050","Ball State","fbs","Mid-American","24","10,0,0,14","0.0063307881355285645","1018","1010","3.267956398206342","","",""
"401756965","2025","14","regular","2025-11-29T17:00:00.000Z","false","true","false","true","49549","3636","Bill Snyder Family Stadium","2306","Kansas State","fbs","Big 12","24","7,0,7,10","0.9832877516746521","1680","1674","38","Colorado","fbs","Big 12","14","0,7,0,7","0.0167122483253479","1338","1344","4.332916458883662","","",""
"401756968","2025","14","regular","2025-11-29T17:00:00.000Z","false","true","false","true","44250","3842","Milan Puskar Stadium","277","West Virginia","fbs","Big 12","0","0,0,0,0","0.008271883241832256","1355","1291","2641","Texas Tech","fbs","Big 12","49","21,7,14,7","0.9917281167581677","1997","2061","2.852444568793713","","",""
"401752921","2025","14","regular","2025-11-29T17:00:00.000Z","false","true","false","true","111373","3558","Michigan Stadium","130","Michigan","fbs","Big Ten","9","6,3,0,0","0.009772303514182568","1825","1814","194","Ohio State","fbs","Big Ten","27","3,14,7,3","0.9902276964858174","2158","2169","3.9042299668833054","","",""
"401756962","2025","14","regular","2025-11-29T17:00:00.000Z","false","true","false","true","34720","4727","McLane Stadium","239","Baylor","fbs","Big 12","24","0,9,0,15","0.5145624876022339","1526","1509","248","Houston","fbs","Big 12","31","7,10,7,7","0.4854375123977661","1479","1496","5.676516189652465","","",""
"401754611","2025","14","regular","2025-11-29T17:00:00.000Z","false","true","false","true","49845","3752","Acrisure Stadium","221","Pittsburgh","fbs","ACC","7","0,7,0,0","0.004784716293215752","1691","1631","2390","Miami","fbs","ACC","38","3,14,14,7","0.9952152837067842","1907","1967","3.695876450099734","","",""
"401762872","2025","14","regular","2025-11-29T17:00:00.000Z","false","true","false","true","6673","3786","Kelly/Shorts Stadium","2117","Central Michigan","fbs","Mid-American","3","0,3,0,0","0.014123843982815742","1291","1282","2649","Toledo","fbs","Mid-American","21","0,0,7,14","0.9858761560171843","1642","1651","4.719029622814196","","",""
"401756966","2025","14","regular","2025-11-29T17:00:00.000Z","false","true","false","true","35127","3646","Boone Pickens Stadium","197","Oklahoma State","fbs","Big 12","13","0,7,3,3","0.03510536253452301","1084","1110","66","Iowa State","fbs","Big 12","20","3,7,7,3","0.964894637465477","1655","1629","5.347888626270137","","",""
"401752790","2025","14","regular","2025-11-29T17:00:00.000Z","false","true","false","false","79827","3994","Williams-Brice Stadium","2579","South Carolina","fbs","SEC","14","0,14,0,0","0.012787394225597382","1730","1697","228","Clemson","fbs","ACC","28","0,17,3,8","0.9872126057744026","1725","1758","6.0292124586193445","","",""
"401762519","2025","14","regular","2025-11-29T17:00:00.000Z","false","true","false","true","14712","3715","FAU Stadium","2226","Florida Atlantic","fbs","American Athletic","3","3,0,0,0","0","1263","1178","151","East Carolina","fbs","American Athletic","42","21,21,0,0","1","1491","1576","3.066490242501596","","",""
"401752787","2025","14","regular","2025-11-29T17:00:00.000Z","false","true","false","false","50634","3873","L&N Federal Credit Union Stadium","97","Louisville","fbs","ACC","41","7,13,7,14","0.9736418724060059","1631","1744","96","Kentucky","fbs","SEC","0","0,0,0,0","0.02635812759399414","1578","1465","2.079453613424045","","",""
"401757310","2025","14","regular","2025-11-29T18:00:00.000Z","false","true","false","true","13560","3695","Delaware Stadium","48","Delaware","fbs","Conference USA","61","7,24,10,20","0.9976646900177002","1266","1339","2638","UTEP","fbs","Conference USA","31","7,13,11,0","0.0023353099822998047","1208","1135","3.838235459533286","","",""
"401756963","2025","14","regular","2025-11-29T18:00:00.000Z","false","true","false","true","60389","3801","LaVell Edwards Stadium","252","BYU","fbs","Big 12","41","0,17,21,3","0.9966592192649841","1781","1797","2116","UCF","fbs","Big 12","21","14,0,7,0","0.003340780735015869","1464","1448","4.023789960551446","","",""
"401757311","2025","14","regular","2025-11-29T18:00:00.000Z","false","true","true","true","4237","3631","BBVA Compass Stadium","2534","Sam Houston","fbs","Conference USA","16","7,3,0,6","0.007092250511050224","1068","994","2229","Florida International","fbs","Conference USA","56","22,6,14,14","0.9929077494889498","1343","1417","3.4981768926733956","","",""
"401761663","2025","14","regular","2025-11-29T18:30:00.000Z","false","true","false","true","21524","3775","Joan C. Edwards Stadium","276","Marshall","fbs","Sun Belt","19","3,3,6,7","0.4643031656742096","1495","1468","290","Georgia Southern","fbs","Sun Belt","24","14,0,10,0","0.5356968343257904","1250","1277","4.427883667668173","","",""
"401757314","2025","14","regular","2025-11-29T19:00:00.000Z","false","true","false","true","7656","3878","Plaster Sports Complex","2623","Missouri State","fbs","Conference USA","30","0,10,7,13","0.053740404546260834","1366","1344","2348","Louisiana Tech","fbs","Conference USA","42","7,7,7,21","0.9462595954537392","1407","1429","5.571557280944688","","",""
"401761664","2025","14","regular","2025-11-29T19:00:00.000Z","false","true","false","true","17126","3918","S.B. Ballard Stadium","295","Old Dominion","fbs","Sun Belt","27","0,10,17,0","0.9168986678123474","1635","1627","2247","Georgia State","fbs","Sun Belt","10","0,10,0,0","0.08310133218765259","1104","1112","3.991773066367639","","",""
"401757312","2025","14","regular","2025-11-29T19:00:00.000Z","false","true","false","true","16733","3662","AmFirst Stadium","55","Jacksonville State","fbs","Conference USA","37","7,17,7,6","0.9318355321884155","1501","1501","98","Western Kentucky","fbs","Conference USA","34","14,14,3,3","0.06816446781158447","1401","1401","6.675753951059409","","",""
"401761661","2025","14","regular","2025-11-29T19:30:00.000Z","false","true","false","true","23876","3792","Kidd Brewer Stadium","2026","App State","fbs","Sun Belt","29","3,13,7,6","0.9304471611976624","1252","1253","2032","Arkansas State","fbs","Sun Belt","30","3,13,7,7","0.06955283880233765","1302","1301","7.627218506792508","","",""
"401754608","2025","14","regular","2025-11-29T20:00:00.000Z","false","true","false","true","32457","1964","JMA Wireless Dome","183","Syracuse","fbs","ACC","12","0,6,0,6","0.00022920966148376465","1230","1182","103","Boston College","fbs","ACC","34","3,3,14,14","0.9997707903385162","1311","1359","4.428296929054098","","",""
"401757315","2025","14","regular","2025-11-29T20:00:00.000Z","false","true","false","true","7381","3601","Aggie Memorial Stadium","166","New Mexico State","fbs","Conference USA","24","7,0,7,10,0","0.05750109255313873","1188","1172","2393","Middle Tennessee","fbs","Conference USA","31","7,7,3,7,7","0.9424989074468613","1148","1164","9.08819484044069","","",""
"401762517","2025","14","regular","2025-11-29T20:00:00.000Z","false","true","false","true","13026","3674","Chapman Stadium","202","Tulsa","fbs","American Athletic","24","3,14,0,7","0.45699289441108704","1119","1110","5","UAB","fbs","American Athletic","31","7,3,7,14","0.543007105588913","1175","1184","6.10812785672287","","",""
"401761665","2025","14","regular","2025-11-29T20:00:00.000Z","false","true","false","true","16270","3666","Cajun Field","309","Louisiana","fbs","Sun Belt","30","14,3,0,10,3","0.08853284269571304","1354","1351","2433","UL Monroe","fbs","Sun Belt","27","13,0,0,14,0","0.911467157304287","1013","1016","8.960701489951958","","",""
"401761667","2025","14","regular","2025-11-29T20:00:00.000Z","false","true","false","true","16169","3644","Bobcat Stadium (TX)","326","Texas State","fbs","Sun Belt","49","10,11,14,14","0.9934477210044861","1533","1572","6","South Alabama","fbs","Sun Belt","26","7,0,0,19","0.006552278995513916","1375","1336","3.117519407462619","","",""
"401754610","2025","14","regular","2025-11-29T20:30:00.000Z","false","true","false","true","21045","3982","Wallace Wade Stadium","150","Duke","fbs","ACC","49","14,7,14,14","0.8953055143356323","1573","1607","154","Wake Forest","fbs","ACC","32","3,14,8,7","0.10469448566436768","1542","1508","4.479673409272416","","",""
"401756967","2025","14","regular","2025-11-29T20:30:00.000Z","false","true","false","true","37259","3616","Amon G. Carter Stadium","2628","TCU","fbs","Big 12","45","21,10,7,7","1","1602","1652","2132","Cincinnati","fbs","Big 12","23","7,10,0,6","0","1569","1519","2.899405917733083","","",""
"401752791","2025","14","regular","2025-11-29T20:30:00.000Z","false","true","false","true","101915","3853","Neyland Stadium","2633","Tennessee","fbs","SEC","24","7,14,0,3","0.015860430896282196","1856","1799","238","Vanderbilt","fbs","SEC","45","7,14,10,14","0.9841395691037178","1827","1884","6.4644006771448","","",""
"401757313","2025","14","regular","2025-11-29T20:30:00.000Z","false","true","false","true","12695","3992","Williams Stadium (VA)","2335","Liberty","fbs","Conference USA","42","7,7,7,14,7","0.4767662286758423","1457","1441","338","Kennesaw State","fbs","Conference USA","48","7,7,7,14,13","0.5232337713241577","1385","1401","11.482716748256323","","",""
"401761666","2025","14","regular","2025-11-29T20:30:00.000Z","false","true","false","true","25987","3815","M. M. Roberts Stadium","2572","Southern Miss","fbs","Sun Belt","18","0,3,7,8","0.5904613137245178","1297","1282","2653","Troy","fbs","Sun Belt","28","0,14,0,14","0.4095386862754822","1362","1377","5.637155890398114","","",""
"401762441","2025","14","regular","2025-11-29T20:30:00.000Z","false","true","false","true","22620","3604","Alamodome","2636","UTSA","fbs","American Athletic","24","7,3,0,14","0.08683005720376968","1585","1575","349","Army","fbs","American Athletic","27","0,17,3,7","0.9131699427962303","1504","1514","5.737582221587653","","",""
"401752789","2025","14","regular","2025-11-29T20:30:00.000Z","false","true","false","true","83734","3835","Memorial Stadium (Norman, OK)","201","Oklahoma","fbs","SEC","17","3,0,7,7","0.3595992922782898","1824","1823","99","LSU","fbs","SEC","13","0,3,7,3","0.6404007077217102","1690","1691","7.386930391872517","","",""
"401752918","2025","14","regular","2025-11-29T20:30:00.000Z","false","true","false","true","46038","3953","Huntington Bank Stadium","135","Minnesota","fbs","Big Ten","17","0,10,7,0","0.9804549217224121","1491","1510","275","Wisconsin","fbs","Big Ten","7","0,7,0,0","0.01954507827758789","1521","1502","3.919658684369554","","",""
"401752783","2025","14","regular","2025-11-29T20:30:00.000Z","false","true","false","true","61508","3887","Razorback Stadium","8","Arkansas","fbs","SEC","17","7,10,0,0","0.4884832799434662","1588","1571","142","Missouri","fbs","SEC","31","7,7,6,11","0.5115167200565338","1748","1765","5.336043578812519","","",""
"401752917","2025","14","regular","2025-11-29T20:30:00.000Z","false","true","false","true","72376","3765","Husky Stadium","264","Washington","fbs","Big Ten","14","0,7,0,7","0.05144704505801201","1802","1801","2483","Oregon","fbs","Big Ten","26","3,10,6,7","0.948552954941988","2086","2087","4.952081684431378","","",""
"401752920","2025","14","regular","2025-11-29T20:30:00.000Z","false","true","false","true","55212","6577","SHI Stadium","164","Rutgers","fbs","Big Ten","36","14,7,7,8","0.2960730791091919","1445","1469","213","Penn State","fbs","Big Ten","40","14,10,9,7","0.7039269208908081","1975","1951","6.920961256797671","","",""
"401761662","2025","14","regular","2025-11-29T20:45:00.000Z","false","true","false","true","15137","3654","Brooks Stadium (SC)","324","Coastal Carolina","fbs","Sun Belt","10","0,10,0,0","0.0010548504069447517","1228","1165","256","James Madison","fbs","Sun Belt","59","17,3,11,28","0.9989451495930552","1874","1937","3.262323910654704","","",""
"401752785","2025","14","regular","2025-11-29T21:30:00.000Z","false","true","false","false","90007","3634","Ben Hill Griffin Stadium","57","Florida","fbs","SEC","40","10,7,14,9","1","1543","1593","52","Florida State","fbs","ACC","21","0,14,0,7","0","1606","1556","3.621784191906209","","",""
"401752946","2025","14","regular","2025-11-29T23:30:00.000Z","false","true","false","true","24806","3820","Gesa Field","265","Washington State","fbs","Pac-12","32","3,16,6,7","0.9974702596664429","1508","1533","204","Oregon State","fbs","Pac-12","8","0,0,0,8","0.002529740333557129","1175","1150","2.7653671517568634","","",""
"401754613","2025","14","regular","2025-11-30T00:00:00.000Z","false","true","false","true","58832","3923","Scott Stadium","258","Virginia","fbs","ACC","27","7,7,10,3","0.9796200394630432","1604","1631","259","Virginia Tech","fbs","ACC","7","0,0,0,7","0.020379960536956787","1409","1382","2.5258743911495998","","",""
"401752923","2025","14","regular","2025-11-30T00:00:00.000Z","false","true","true","true","30317","3727","Ford Field","127","Michigan State","fbs","Big Ten","38","7,17,7,7","0.6974057555198669","1382","1409","120","Maryland","fbs","Big Ten","28","0,7,21,0","0.30259424448013306","1414","1387","5.32395142853523","","",""
"401762520","2025","14","regular","2025-11-30T00:00:00.000Z","false","true","false","true","28813","3886","Raymond James Stadium","58","South Florida","fbs","American Athletic","52","14,14,10,14","0.9913873672485352","1751","1817","242","Rice","fbs","American Athletic","3","0,3,0,0","0.008612632751464844","1144","1078","1.8888965809025615","","",""
"401752919","2025","14","regular","2025-11-30T00:30:00.000Z","false","true","false","true","69614","477","Los Angeles Memorial Coliseum","30","USC","fbs","Big Ten","29","7,0,7,15","0.9803678393363953","1898","1889","26","UCLA","fbs","Big Ten","10","0,10,0,0","0.019632160663604736","1313","1322","4.1177016060455385","","",""
"401752784","2025","14","regular","2025-11-30T00:30:00.000Z","false","true","false","true","88043","3785","Jordan-Hare Stadium","2","Auburn","fbs","SEC","20","0,6,7,7","0.37916091084480286","1661","1670","333","Alabama","fbs","SEC","27","10,7,3,7","0.6208390891551971","1964","1955","6.498412085382101","","",""
"401762518","2025","14","regular","2025-11-30T00:30:00.000Z","false","true","false","true","22245","4729","Yulman Stadium","2655","Tulane","fbs","American Athletic","27","14,7,0,6","0.9684191942214966","1575","1587","2429","Charlotte","fbs","American Athletic","0","0,0,0,0","0.03158080577850342","1035","1023","1.8879023551198375","","",""
"401752922","2025","14","regular","2025-11-30T00:30:00.000Z","false","true","false","true","","3832","Memorial Stadium (Champaign, IL)","356","Illinois","fbs","Big Ten","20","0,14,3,3","1","1576","1583","77","Northwestern","fbs","Big Ten","13","3,7,0,3","0","1531","1524","4.589426056465866","","",""
"401754612","2025","14","regular","2025-11-30T00:30:00.000Z","false","true","false","true","56919","3670","Carter-Finley Stadium","152","NC State","fbs","ACC","42","14,14,0,14","0.9995241761207581","1481","1525","153","North Carolina","fbs","ACC","19","0,10,3,6","0.00047582387924194336","1364","1320","3.756003950760385","","",""
"401754609","2025","14","regular","2025-11-30T01:00:00.000Z","false","true","false","true","28956","3831","California Memorial Stadium","25","California","fbs","ACC","38","3,14,7,14","0.9541328549385071","1351","1360","2567","SMU","fbs","ACC","35","7,0,7,21","0.04586714506149292","1860","1851","5.1530697552448546","","",""
"401760425","2025","14","regular","2025-11-30T02:00:00.000Z","false","true","false","true","","3816","Mackay Stadium","2440","Nevada","fbs","Mountain West","17","3,0,7,7","0.007143768481910229","1303","1277","2439","UNLV","fbs","Mountain West","42","7,21,7,7","0.9928562315180898","1663","1689","2.8375864235482773","","",""
"401754614","2025","14","regular","2025-11-30T03:30:00.000Z","false","true","false","false","27456","3940","Stanford Stadium","24","Stanford","fbs","ACC","20","0,3,3,14","0.00790282804518938","1315","1335","87","Notre Dame","fbs","FBS Independents","49","14,21,7,7","0.9920971719548106","2263","2243","2.554831192981494","","",""
"401760423","2025","14","regular","2025-11-30T03:30:00.000Z","false","true","false","true","14194","3935","CEFCU Stadium","23","San José State","fbs","Mountain West","14","0,7,0,7","0.14638575911521912","1185","1146","278","Fresno State","fbs","Mountain West","41","3,18,3,17","0.8536142408847809","1478","1517","4.315561969842375","","",""
"401760424","2025","14","regular","2025-11-30T04:00:00.000Z","false","true","false","true","15194","7220","Clarence T.C. Ching Athletics Complex","62","Hawai'i","fbs","Mountain West","27","7,13,7,0","0.9803035259246826","1421","1459","2751","Wyoming","fbs","Mountain West","7","7,0,0,0","0.019696474075317383","1333","1295","3.8549964443267974","","",""
"401777352","2025","15","regular","2025-12-06T00:00:00.000Z","false","true","false","false","19836","3651","Bridgeforth Stadium","256","James Madison","fbs","Sun Belt","31","3,14,0,14","0.8696437478065491","1937","1927","2653","Troy","fbs","Sun Belt","14","0,14,0,0","0.13035625219345093","1377","1387","5.637506410100381","","Sun Belt Championship",""
"401777325","2025","15","regular","2025-12-06T00:00:00.000Z","false","true","false","false","18142","3662","AmFirst Stadium","55","Jacksonville State","fbs","Conference USA","15","0,0,0,15","0.2311805784702301","1501","1488","338","Kennesaw State","fbs","Conference USA","19","0,7,3,9","0.7688194215297699","1401","1414","6.128383850532434","","Conference USA Championship",""
"401777324","2025","15","regular","2025-12-06T01:00:00.000Z","false","true","false","false","23986","4729","Yulman Stadium","2655","Tulane","fbs","American Athletic","34","7,17,7,3","0.9920182824134827","1587","1627","249","North Texas","fbs","American Athletic","21","7,0,6,8","0.007981717586517334","1756","1716","3.824688014209357","","American Championship",""
"401777326","2025","15","regular","2025-12-06T01:00:00.000Z","false","true","false","false","27152","3653","Albertsons Stadium","68","Boise State","fbs","Mountain West","38","14,14,0,10","0.9772292375564575","1614","1659","2439","UNLV","fbs","Mountain West","21","0,14,7,0","0.02277076244354248","1689","1644","3.5245037710538076","","Mountain West Championship",""
"401777329","2025","15","regular","2025-12-06T17:00:00.000Z","false","true","true","false","19114","3727","Ford Field","2711","Western Michigan","fbs","Mid-American","23","10,6,7,0","0.9933256506919861","1414","1442","193","Miami (OH)","fbs","Mid-American","13","6,0,0,7","0.006674349308013916","1459","1431","3.1948661997760404","","MAC Championship",""
"401777327","2025","15","regular","2025-12-06T17:00:00.000Z","false","true","true","false","85519","3687","AT&T Stadium","2641","Texas Tech","fbs","Big 12","34","0,13,8,13","0.9214747548103333","2061","2108","252","BYU","fbs","Big 12","7","7,0,0,0","0.07852524518966675","1797","1750","4.356364014437316","","Big 12 Championship",""
"401777351","2025","15","regular","2025-12-06T21:00:00.000Z","false","true","true","false","77247","5348","Mercedes-Benz Stadium","333","Alabama","fbs","SEC","7","0,0,0,7","0","1955","1917","61","Georgia","fbs","SEC","28","7,7,7,7","1","2026","2064","2.4679018249346374","","SEC Championship",""
"401777328","2025","15","regular","2025-12-07T01:00:00.000Z","false","true","true","false","41672","3628","Bank of America Stadium","258","Virginia","fbs","ACC","20","0,7,3,10,0","0.07219849526882172","1631","1622","150","Duke","fbs","ACC","27","7,7,3,3,7","0.9278015047311783","1607","1616","7.446460983945154","","ACC Championship",""
"401777353","2025","15","regular","2025-12-07T01:00:00.000Z","false","true","true","false","68214","3812","Lucas Oil Stadium","194","Ohio State","fbs","Big Ten","10","7,3,0,0","0.12958920001983643","2169","2169","84","Indiana","fbs","Big Ten","13","3,3,7,0","0.8704107999801636","2191","2191","5.124939123123214","","Big Ten Championship",""
"401762521","2025","16","regular","2025-12-13T20:00:00.000Z","false","true","true","true","70936","3814","M&T Bank Stadium","2426","Navy","fbs","American Athletic","17","7,0,3,7","0.7359485030174255","1525","1527","349","Army","fbs","American Athletic","16","0,13,3,0","0.26405149698257446","1514","1512","4.799045878452558","","",""
