"Id","Season","Week","SeasonType","StartDate","StartTimeTBD","Completed","NeutralSite","ConferenceGame","Attendance","VenueId","Venue","HomeId","HomeTeam","HomeClassification","HomeConference","HomePoints","HomeLineScores","HomePostgameWinProbability","HomePregameElo","HomePostgameElo","AwayId","AwayTeam","AwayClassification","AwayConference","AwayPoints","AwayLineScores","AwayPostgameWinProbability","AwayPregameElo","AwayPostgameElo","ExcitementIndex","Highlights","Notes","Playoff"
"401426532","2022","1","regular","2022-08-27T16:00:00.000Z","false","true","false","false","13688","3796","Houchens Industries-L.T. Smith Stadium","98","Western Kentucky","fbs","Conference USA","38","7,14,0,17","0.9828328490257263","1684","1684","2046","Austin Peay","fcs","Atlantic Sun","27","10,7,3,7","0.01716715097427368","","","4.668727712637413","","",""
"401405059","2022","1","regular","2022-08-27T16:30:00.000Z","false","true","true","true","","3504","Aviva Stadium","77","Northwestern","fbs","Big Ten","31","3,14,7,7","0.9412754774093628","1361","1381","158","Nebraska","fbs","Big Ten","28","7,7,14,0","0.05872452259063721","1636","1616","7.080596974805498","","",""
"401413256","2022","1","regular","2022-08-27T19:30:00.000Z","false","true","false","false","19579","6501","Allegiant Stadium","2439","UNLV","fbs","Mountain West","52","10,35,0,7","0.9988837999616828","1300","1300","304","Idaho State","fcs","Big Sky","21","7,0,7,7","0.00111620003831725","","","1.5942419241","","",""
"401405058","2022","1","regular","2022-08-27T20:00:00.000Z","false","true","false","false","37832","3832","Memorial Stadium (Champaign, IL)","356","Illinois","fbs","Big Ten","38","7,10,7,14","0.9830090403556824","1496","1584","2751","Wyoming","fbs","Mountain West","6","3,0,3,0","0.016990959644317627","1497","1409","3.1584626945484575","","",""
"401404146","2022","1","regular","2022-08-27T20:00:00.000Z","false","true","false","false","19553","3905","Maverik Stadium","328","Utah State","fbs","Mountain West","31","0,24,0,7","0.9823276400566101","1566","1555","41","UConn","fbs","FBS Independents","20","14,0,0,6","0.017672359943389893","1117","1128","5.097938827434819","","",""
"401411090","2022","1","regular","2022-08-27T21:00:00.000Z","false","true","false","false","51207","3697","Doak Campbell Stadium","52","Florida State","fbs","ACC","47","20,6,14,7","0.9769148230552673","1501","1501","2184","Duquesne","fcs","NEC","7","0,0,7,0","0.023085176944732666","","","2.050632298502832","","",""
"401426530","2022","1","regular","2022-08-27T23:00:00.000Z","false","true","false","true","19571","3715","FAU Stadium","2226","Florida Atlantic","fbs","Conference USA","43","10,16,7,10","0.9909507036209106","1427","1488","2429","Charlotte","fbs","Conference USA","13","7,0,6,0","0.009049296379089355","1272","1211","6.482355706203133","","",""
"401411091","2022","1","regular","2022-08-28T00:15:00.000Z","false","true","false","false","46130","3787","Kenan Stadium","153","North Carolina","fbs","ACC","56","14,14,7,21","0.9910025000572205","1555","1555","50","Florida A&M","fcs","SWAC","24","7,7,10,0","0.008997499942779541","","","3.4451314247729767","","",""
"401426531","2022","1","regular","2022-08-28T01:00:00.000Z","false","true","false","true","45971","3946","Sun Bowl","2638","UTEP","fbs","Conference USA","13","0,13,0,0","0.02488996833562851","1360","1323","249","North Texas","fbs","Conference USA","31","0,14,14,3","0.9751100316643715","1426","1463","5.138324901969234","","",""
"401409235","2022","1","regular","2022-08-28T02:00:00.000Z","false","true","false","false","","3601","Aggie Memorial Stadium","166","New Mexico State","fbs","FBS Independents","12","0,2,7,3","0","1184","1192","2440","Nevada","fbs","Mountain West","23","0,17,0,6","1","1564","1556","3.993536523260908","","",""
"401403853","2022","1","regular","2022-08-28T02:30:00.000Z","false","true","false","false","9346","7220","Clarence T.C. Ching Athletics Complex","62","Hawai'i","fbs","Mountain West","10","7,3,0,0","0","1432","1223","238","Vanderbilt","fbs","SEC","63","14,7,35,7","1","1222","1431","3.9124190877135883","","",""
"401416568","2022","1","regular","2022-09-01T22:00:00.000Z","false","true","false","false","8752","3768","InfoCision Stadium","2006","Akron","fbs","Mid-American","30","3,7,7,6,7","0.3222044110298157","1096","1096","2598","Saint Francis","fcs","NEC","23","3,10,3,7,0","0.6777955889701843","","","13.1911158519098","","",""
"401416569","2022","1","regular","2022-09-01T23:00:00.000Z","false","true","false","false","53808","3646","Boone Pickens Stadium","197","Oklahoma State","fbs","Big 12","58","16,28,7,7","0.9285191893577576","1775","1783","2117","Central Michigan","fbs","Mid-American","44","7,8,7,22","0.07148081064224243","1536","1528","3.4716783232632134","","",""
"401441990","2022","1","regular","2022-09-01T23:00:00.000Z","false","true","false","false","21291","3739","Glass Bowl","2649","Toledo","fbs","Mid-American","37","3,17,0,17","0.9967815279960632","1534","1534","2341","Long Island University","fcs","NEC","0","0,0,0,0","0.0032184720039367676","","","2.9612464723173755","","",""
"401426533","2022","1","regular","2022-09-01T23:00:00.000Z","false","true","false","false","","218","FIU Stadium","2229","Florida International","fbs","Conference USA","38","0,6,0,24,8","0.6584249138832092","1080","1080","2803","Bryant","fcs","Big South","37","9,7,0,14,7","0.34157508611679077","","","11.286494965950775","","",""
"401411092","2022","1","regular","2022-09-01T23:00:00.000Z","false","true","false","false","70622","3752","Acrisure Stadium","221","Pittsburgh","fbs","ACC","38","3,7,14,14","0.9964187145233154","1667","1667","277","West Virginia","fbs","Big 12","31","0,10,7,14","0.0035812854766845703","1490","1490","8.155931108011382","","",""
"401415610","2022","1","regular","2022-09-01T23:00:00.000Z","false","true","false","false","43810","3652","FBC Mortgage Stadium","2116","UCF","fbs","American Athletic","56","21,7,14,14","0.9984790415014342","1569","1569","2569","South Carolina State","fcs","MEAC","10","0,3,7,0","0.0015209584985658164","","","1.0567765213","","",""
"401403864","2022","1","regular","2022-09-01T23:00:00.000Z","false","true","false","false","92236","3853","Neyland Stadium","2633","Tennessee","fbs","SEC","59","17,21,14,7","0.9900451302528381","1640","1756","2050","Ball State","fbs","Mid-American","10","0,0,7,3","0.009954869747161865","1410","1294","2.1154187298192477","","",""
"401411093","2022","1","regular","2022-09-01T23:30:00.000Z","false","true","false","false","26013","3630","Allegacy Federal Credit Union Stadium","154","Wake Forest","fbs","ACC","44","17,6,14,7","0.9922709465026855","1640","1640","2678","VMI","fcs","Southern","10","0,3,7,0","0.007729053497314453","","","2.4437255617399636","","",""
"401416592","2022","1","regular","2022-09-02T00:00:00.000Z","false","true","false","false","10864","3764","Huskie Stadium","2459","Northern Illinois","fbs","Mid-American","34","7,14,7,6","0.8473049402236938","1376","1376","2197","Eastern Illinois","fcs","OVC","27","3,3,7,14","0.15269505977630615","","","3.376357877471719","","",""
"401426537","2022","1","regular","2022-09-02T00:00:00.000Z","false","true","false","false","47653","3838","Memorial Stadium","142","Missouri","fbs","SEC","52","0,24,14,14","1","1404","1465","2348","Louisiana Tech","fbs","Conference USA","24","3,7,0,14","0","1301","1240","3.393519295496078","","",""
"401426534","2022","1","regular","2022-09-02T00:00:00.000Z","false","true","false","false","32542","7221","Protective Stadium","5","UAB","fbs","Conference USA","59","28,10,21,0","0.9875678420066833","1546","1546","2010","Alabama A&M","fcs","SWAC","0","0,0,0,0","0.01243215799331665","","","2.127695852839766","","",""
"401405064","2022","1","regular","2022-09-02T00:00:00.000Z","false","true","false","true","","3907","Ross-Ade Stadium","2509","Purdue","fbs","Big Ten","31","3,7,14,7","0.6569281816482544","1635","1631","213","Penn State","fbs","Big Ten","35","0,21,0,14","0.3430718183517456","1670","1674","7.45750119790103","","",""
"401405060","2022","1","regular","2022-09-02T01:00:00.000Z","false","true","false","false","44012","3953","Huntington Bank Stadium","135","Minnesota","fbs","Big Ten","38","7,17,14,0","0.9922003746032715","1639","1691","166","New Mexico State","fbs","FBS Independents","0","0,0,0,0","0.007799625396728516","1192","1140","1.652032813882057","","",""
"401403965","2022","1","regular","2022-09-02T02:00:00.000Z","false","true","false","false","44764","3947","Mountain America Stadium","9","Arizona State","fbs","Pac-12","40","3,21,13,3","0.9989392046460328","1614","1614","2464","Northern Arizona","fcs","Big Sky","3","0,3,0,0","0.0010607953539671922","","","1.5428432012","","",""
"401415213","2022","1","regular","2022-09-02T02:30:00.000Z","false","true","false","false","16291","3935","CEFCU Stadium","23","San José State","fbs","Mountain West","21","7,7,0,7","0.3373301923274994","1338","1338","2502","Portland State","fcs","Big Sky","17","7,0,3,7","0.6626698076725006","","","5.854034635542027","","",""
"401413224","2022","1","regular","2022-09-02T02:30:00.000Z","false","true","false","false","36011","3660","Valley Children's Stadium","278","Fresno State","fbs","Mountain West","35","21,0,7,7","0.9815961122512817","1590","1590","13","Cal Poly","fcs","Big Sky","7","0,7,0,0","0.01840388774871826","","","3.001352604138608","","",""
"401426535","2022","1","regular","2022-09-02T23:00:00.000Z","false","true","false","false","13940","4418","Jerry Richardson Stadium","2429","Charlotte","fbs","Conference USA","24","3,14,7,0","0.027585772797465324","1206","1206","2729","William & Mary","fcs","CAA","41","10,7,3,21","0.9724142272025347","","","9.32546946584158","","",""
"401426330","2022","1","regular","2022-09-02T23:00:00.000Z","false","true","false","false","21944","3918","S.B. Ballard Stadium","295","Old Dominion","fbs","Sun Belt","20","0,10,0,10","0.22936269640922546","1390","1391","259","Virginia Tech","fbs","ACC","17","7,0,10,0","0.7706373035907745","1412","1411","8.423987086531277","","",""
"401416591","2022","1","regular","2022-09-02T23:00:00.000Z","false","true","false","false","73928","3936","Spartan Stadium","127","Michigan State","fbs","Big Ten","35","7,14,0,14","0.9832776188850403","1563","1613","2711","Western Michigan","fbs","Mid-American","13","3,0,10,0","0.016722381114959717","1538","1488","3.234609776820969","","",""
"401416590","2022","1","regular","2022-09-02T23:00:00.000Z","false","true","false","false","16531","3912","Rynearson Stadium","2199","Eastern Michigan","fbs","Mid-American","42","0,14,14,14","0.9802858233451843","1380","1380","2198","Eastern Kentucky","fcs","Atlantic Sun","34","0,10,7,17","0.019714176654815674","","","4.684445838255003","","",""
"401411094","2022","1","regular","2022-09-02T23:30:00.000Z","false","true","false","false","","3982","Wallace Wade Stadium","150","Duke","fbs","ACC","30","10,14,3,3","0.993191123008728","1168","1240","218","Temple","fbs","American Athletic","0","0,0,0,0","0.006808876991271973","1101","1029","1.7508959116754417","","",""
"401404052","2022","1","regular","2022-09-03T00:00:00.000Z","false","true","false","false","34902","3833","Memorial Stadium","2305","Kansas","fbs","Big 12","56","21,14,7,14","0.9902108311653137","1194","1194","2635","Tennessee Tech","fcs","OVC","10","0,3,0,7","0.00978916883468628","","","1.8130189748284833","","",""
"401405061","2022","1","regular","2022-09-03T00:00:00.000Z","false","true","false","true","44357","3830","Memorial Stadium (Bloomington, IN)","84","Indiana","fbs","Big Ten","23","3,13,0,7","0.2956734597682953","1330","1335","356","Illinois","fbs","Big Ten","20","7,3,7,3","0.7043265402317047","1584","1579","7.749706145660772","","",""
"401403966","2022","1","regular","2022-09-03T02:00:00.000Z","false","true","false","false","47868","3726","Folsom Field","38","Colorado","fbs","Pac-12","13","3,3,0,7","0.017234597355127335","1387","1326","2628","TCU","fbs","Big 12","38","0,7,10,21","0.9827654026448727","1436","1497","3.3019796138529247","","",""
"401411096","2022","1","regular","2022-09-03T16:00:00.000Z","false","true","false","false","51711","3699","Dowdy-Ficklen Stadium","151","East Carolina","fbs","American Athletic","20","7,0,7,6","0.3244302570819855","1518","1522","152","NC State","fbs","ACC","21","14,7,0,0","0.6755697429180145","1632","1628","5.730954762819686","","",""
"401405062","2022","1","regular","2022-09-03T16:00:00.000Z","false","true","false","false","69250","3793","Kinnick Stadium","2294","Iowa","fbs","Big Ten","7","3,0,2,2","0.931572437286377","1624","1624","2571","South Dakota State","fcs","MVFC","3","0,3,0,0","0.06842756271362305","","","4.504181095337999","","",""
"401405067","2022","1","regular","2022-09-03T16:00:00.000Z","false","true","false","false","109575","3558","Michigan Stadium","130","Michigan","fbs","Big Ten","51","10,13,14,14","1","1848","1918","36","Colorado State","fbs","Mountain West","7","0,0,0,7","0","1399","1329","2.071554532128587","","",""
"401411095","2022","1","regular","2022-09-03T16:00:00.000Z","false","true","false","false","40168","3792","Kidd Brewer Stadium","2026","App State","fbs","Sun Belt","61","14,7,0,40","0.012271794490516186","1656","1648","153","North Carolina","fbs","ACC","63","7,21,13,22","0.9877282055094838","1555","1563","8.245555296862314","","",""
"401404147","2022","1","regular","2022-09-03T16:00:00.000Z","false","true","false","false","22442","3892","Pratt & Whitney Stadium","41","UConn","fbs","FBS Independents","28","0,7,7,14","0.9922806024551392","1117","1117","2115","Central Connecticut","fcs","NEC","3","0,3,0,0","0.00771939754486084","","","4.701453889804324","","",""
"401415611","2022","1","regular","2022-09-03T16:00:00.000Z","false","true","false","false","30542","3852","Navy-Marine Corps Memorial Stadium","2426","Navy","fbs","American Athletic","7","0,0,7,0","0.6793416142463684","1403","1403","48","Delaware","fcs","CAA","14","7,0,7,0","0.3206583857536316","","","6.069424893678463","","",""
"401403865","2022","1","regular","2022-09-03T16:00:00.000Z","false","true","false","false","97946","3795","Kyle Field","245","Texas A&M","fbs","SEC","31","7,10,7,7","0.9280256032943726","1708","1708","2534","Sam Houston","fcs","Western Athletic","0","0,0,0,0","0.07197439670562744","","","2.2967790548421876","","",""
"401405066","2022","1","regular","2022-09-03T16:00:00.000Z","false","true","false","false","30223","3665","SECU Stadium","120","Maryland","fbs","Big Ten","31","7,10,7,7","0.9682794809341431","1496","1534","2084","Buffalo","fbs","Mid-American","10","0,7,0,3","0.031720519065856934","1382","1344","4.45936854846341","","",""
"401405069","2022","1","regular","2022-09-03T16:00:00.000Z","false","true","false","false","35048","3615","Alumni Stadium (Chestnut Hill, MA)","103","Boston College","fbs","ACC","21","7,7,7,0","0.09896417707204819","1443","1438","164","Rutgers","fbs","Big Ten","22","0,6,9,7","0.9010358229279518","1365","1370","5.539512942921219","","",""
"401411100","2022","1","regular","2022-09-03T16:30:00.000Z","false","true","false","false","41122","3923","Scott Stadium","258","Virginia","fbs","ACC","34","14,14,0,6","0.9844830632209778","1526","1526","257","Richmond","fcs","CAA","17","7,3,7,0","0.015516936779022217","","","3.402825230257373","","",""
"401415209","2022","1","regular","2022-09-03T17:00:00.000Z","false","true","false","false","31180","3713","Falcon Stadium","2005","Air Force","fbs","Mountain West","48","14,13,14,7","0.9788691997528076","1650","1650","2460","Northern Iowa","fcs","MVFC","17","3,0,0,14","0.021130800247192383","","","2.387949916167285","","",""
"401404057","2022","1","regular","2022-09-03T18:00:00.000Z","false","true","false","false","57142","3772","Jack Trice Stadium","66","Iowa State","fbs","Big 12","42","7,14,7,14","0.9786624908447266","1779","1779","2546","Southeast Missouri State","fcs","OVC","10","0,10,0,0","0.021337509155273438","","","2.3143273485860814","","",""
"401403971","2022","1","regular","2022-09-03T18:30:00.000Z","false","true","false","false","27143","1056","Rose Bowl","26","UCLA","fbs","Pac-12","45","7,17,7,14","0.9705996513366699","1667","1690","189","Bowling Green","fbs","Mid-American","17","10,7,0,0","0.029400348663330078","1210","1187","4.59182212163801","","",""
"401426541","2022","1","regular","2022-09-03T19:30:00.000Z","false","true","false","false","83173","3835","Memorial Stadium (Norman, OK)","201","Oklahoma","fbs","Big 12","45","21,7,14,3","0.9920453429222107","1749","1786","2638","UTEP","fbs","Conference USA","13","0,10,0,3","0.007954657077789307","1323","1286","2.7646397738926534","","",""
"401403855","2022","1","regular","2022-09-03T19:30:00.000Z","false","true","false","false","74751","3887","Razorback Stadium","8","Arkansas","fbs","SEC","31","7,7,10,7","0.46383750438690186","1626","1646","2132","Cincinnati","fbs","American Athletic","24","0,0,17,7","0.5361624956130981","1801","1781","4.890130585924942","","",""
"401426542","2022","1","regular","2022-09-03T19:30:00.000Z","false","true","false","false","37526","3604","Alamodome","2636","UTSA","fbs","Conference USA","35","0,14,7,3,3,8,0","0.11236052215099335","1512","1515","248","Houston","fbs","American Athletic","37","0,7,0,17,3,8,2","0.8876394778490067","1620","1617","5.976949661299269","","",""
"401405063","2022","1","regular","2022-09-03T19:30:00.000Z","false","true","false","false","86590","3834","Memorial Stadium (Lincoln, NE)","158","Nebraska","fbs","Big Ten","38","7,0,17,14","0.9772673845291138","1623","1623","155","North Dakota","fcs","MVFC","17","0,7,10,0","0.02273261547088623","","","5.255364935727048","","",""
"401415015","2022","1","regular","2022-09-03T19:30:00.000Z","false","true","false","false","24607","3775","Joan C. Edwards Stadium","276","Marshall","fbs","Sun Belt","55","10,28,17,0","0.9954407811164856","1548","1548","2450","Norfolk State","fcs","MEAC","3","0,0,3,0","0.004559218883514404","","","1.606820393807046","","",""
"401411097","2022","1","regular","2022-09-03T19:30:00.000Z","false","true","false","false","56795","3948","Hard Rock Stadium","2390","Miami","fbs","ACC","70","14,28,14,14","0.9936989545822144","1570","1570","2065","Bethune-Cookman","fcs","SWAC","13","3,7,3,0","0.0063010454177856445","","","2.1367842465668057","","",""
"401403858","2022","1","regular","2022-09-03T19:30:00.000Z","false","true","true","false","76490","5348","Mercedes-Benz Stadium","61","Georgia","fbs","SEC","49","7,21,14,7","0.9737083911895752","1980","2070","2483","Oregon","fbs","Pac-12","3","0,3,0,0","0.026291608810424805","1574","1484","1.7043927626226556","","Chick-fil-A Kickoff",""
"401403967","2022","1","regular","2022-09-03T19:30:00.000Z","false","true","false","false","34046","7311","Snapdragon Stadium","21","San Diego State","fbs","Mountain West","20","0,10,10,0","0.28352653980255127","1535","1464","12","Arizona","fbs","Pac-12","38","10,14,7,7","0.7164734601974487","1306","1377","4.417312184507831","","",""
"401415211","2022","1","regular","2022-09-03T19:30:00.000Z","false","true","false","false","20574","3984","War Memorial Stadium","2751","Wyoming","fbs","Mountain West","40","10,7,7,10,3,3","0.7367611527442932","1409","1411","202","Tulsa","fbs","American Athletic","37","3,17,7,7,3,0","0.2632388472557068","1502","1500","9.769679300771907","","",""
"401403860","2022","1","regular","2022-09-03T20:00:00.000Z","false","true","false","false","60533","3974","Vaught-Hemingway Stadium","145","Ole Miss","fbs","SEC","28","7,14,7,0","0.9973421096801758","1658","1670","2653","Troy","fbs","Sun Belt","10","0,3,0,7","0.0026578903198242188","1347","1335","2.383040201768035","","",""
"401415612","2022","1","regular","2022-09-03T20:00:00.000Z","false","true","false","false","31521","3886","Raymond James Stadium","58","South Florida","fbs","American Athletic","21","0,7,14,0","0.012154608964920044","1284","1247","252","BYU","fbs","FBS Independents","50","28,10,9,3","0.98784539103508","1648","1685","1.9437997417625787","","",""
"401403968","2022","1","regular","2022-09-03T20:00:00.000Z","false","true","false","false","34984","3831","California Memorial Stadium","25","California","fbs","Pac-12","34","0,17,10,7","0.9809706211090088","1510","1510","302","UC Davis","fcs","Big Sky","13","7,0,6,0","0.01902937889099121","","","3.5748671138014703","","",""
"401421116","2022","1","regular","2022-09-03T21:00:00.000Z","false","true","false","false","15101","6526","Hancock Whitney Stadium","6","South Alabama","fbs","Sun Belt","48","10,17,14,7","0.9922344088554382","1351","1351","2447","Nicholls","fcs","Southland","7","0,0,0,7","0.007765591144561768","","","2.224481721320085","","",""
"401415212","2022","1","regular","2022-09-03T21:30:00.000Z","false","true","false","false","13260","3816","Mackay Stadium","2440","Nevada","fbs","Mountain West","38","14,0,24,0","0.990835492610437","1556","1585","326","Texas State","fbs","Sun Belt","14","0,7,0,7","0.009164507389562981","1270","1241","4.6552460126","","",""
"401426538","2022","1","regular","2022-09-03T22:00:00.000Z","false","true","false","false","23074","3651","Bridgeforth Stadium","256","James Madison","fbs","Sun Belt","44","0,21,16,7","0.9864649176597595","1300","1427","2393","Middle Tennessee","fbs","Conference USA","7","0,0,7,0","0.013535082340240479","1445","1318","2.8383880030734683","","",""
"401426536","2022","1","regular","2022-09-03T22:00:00.000Z","false","true","false","false","20003","3876","Peden Stadium","195","Ohio","fbs","Mid-American","41","3,10,14,14","0.9223079681396484","1368","1371","2226","Florida Atlantic","fbs","Conference USA","38","10,7,0,21","0.07769203186035156","1488","1485","5.4270583652192155","","",""
"401420777","2022","1","regular","2022-09-03T22:00:00.000Z","false","true","false","false","","3608","Allen E. Paulson Stadium","290","Georgia Southern","fbs","Sun Belt","59","0,17,14,28","0.9885676503181458","1382","1382","2415","Morgan State","fcs","MEAC","7","0,7,0,0","0.011432349681854248","","","3.492651015152614","","",""
"401426540","2022","1","regular","2022-09-03T22:00:00.000Z","false","true","false","false","60113","477","Los Angeles Memorial Coliseum","30","USC","fbs","Pac-12","66","7,24,28,7","0.9778615236282349","1487","1612","242","Rice","fbs","Conference USA","14","7,7,0,0","0.022138476371765137","1245","1120","3.1099691333781276","","",""
"401403857","2022","1","regular","2022-09-03T23:00:00.000Z","false","true","false","false","90799","3634","Ben Hill Griffin Stadium","57","Florida","fbs","SEC","29","7,7,0,15","0.5007678270339966","1572","1576","254","Utah","fbs","Pac-12","26","7,6,6,7","0.4992321729660034","1790","1786","7.010037473588489","","",""
"401405065","2022","1","regular","2022-09-03T23:00:00.000Z","false","true","false","false","73727","347","Camp Randall Stadium","275","Wisconsin","fbs","Big Ten","38","7,10,14,7","0.9972411394119263","1742","1742","2287","Illinois State","fcs","MVFC","0","0,0,0,0","0.0027588605880737305","","","2.0346791807801936","","",""
"401421121","2022","1","regular","2022-09-03T23:00:00.000Z","false","true","false","false","16812","3666","Cajun Field","309","Louisiana","fbs","Sun Belt","24","10,7,0,7","1","1720","1720","2545","SE Louisiana","fcs","Southland","7","0,0,7,0","0","","","2.5613062343971893","","",""
"401403856","2022","1","regular","2022-09-03T23:00:00.000Z","false","true","false","false","84562","3785","Jordan-Hare Stadium","2","Auburn","fbs","SEC","42","14,14,14,0","0.9954355359077454","1632","1632","2382","Mercer","fcs","Southern","16","0,7,0,9","0.004564464092254639","","","2.321060768746342","","",""
"401403866","2022","1","regular","2022-09-03T23:00:00.000Z","false","true","false","false","20120","3973","FirstBank Stadium","238","Vanderbilt","fbs","SEC","42","21,7,7,7","0.954739511013031","1425","1425","2210","Elon","fcs","CAA","31","7,3,14,7","0.045260488986968994","","","2.816732904182028","","",""
"401404056","2022","1","regular","2022-09-03T23:00:00.000Z","false","true","false","false","50469","3636","Bill Snyder Family Stadium","2306","Kansas State","fbs","Big 12","34","20,7,7,0","0.9881861209869385","1616","1616","233","South Dakota","fcs","MVFC","0","0,0,0,0","0.011813879013061523","","","1.6483495953019194","","",""
"401404157","2022","1","regular","2022-09-03T23:00:00.000Z","false","true","false","false","24051","3815","M. M. Roberts Stadium","2572","Southern Miss","fbs","Sun Belt","27","0,3,7,14,0,3,0,0","0.5620651841163635","1266","1280","2335","Liberty","fbs","FBS Independents","29","0,10,0,14,0,3,0,2","0.4379348158836365","1600","1586","10.585734582044472","","",""
"401425418","2022","1","regular","2022-09-03T23:00:00.000Z","false","true","false","false","17893","3625","Centennial Bank Stadium","2032","Arkansas State","fbs","Sun Belt","58","16,14,21,7","0.997707188129425","1262","1262","2755","Grambling","fcs","SWAC","3","0,0,3,0","0.002292811870574951","","","1.6819272083139676","","",""
"401404134","2022","1","regular","2022-09-03T23:00:00.000Z","false","true","false","false","21165","3654","Brooks Stadium (SC)","324","Coastal Carolina","fbs","Sun Belt","38","7,7,10,14","0.9976634979248047","1647","1657","349","Army","fbs","FBS Independents","28","7,7,7,7","0.0023365020751953125","1544","1534","5.481299245971431","","",""
"401424416","2022","1","regular","2022-09-03T23:00:00.000Z","false","true","false","false","41242","4727","McLane Stadium","239","Baylor","fbs","Big 12","69","21,14,14,20","0.9917270541191101","1690","1690","399","UAlbany","fcs","CAA","10","7,0,3,0","0.008272945880889893","","","2.5278687265406834","","",""
"401403859","2022","1","regular","2022-09-03T23:00:00.000Z","false","true","false","false","61139","3683","Kroger Field","96","Kentucky","fbs","SEC","37","7,6,17,7","0.9900107383728027","1670","1713","193","Miami (OH)","fbs","Mid-American","13","7,3,3,0","0.009989261627197266","1516","1473","5.1176282336399765","","",""
"401414778","2022","1","regular","2022-09-03T23:00:00.000Z","false","true","false","false","","4729","Yulman Stadium","2655","Tulane","fbs","American Athletic","42","7,14,21,0","0.9973961710929871","1444","1483","113","Massachusetts","fbs","FBS Independents","10","0,10,0,0","0.0026038289070129395","1036","997","2.2900247032362238","","",""
"401403863","2022","1","regular","2022-09-03T23:30:00.000Z","false","true","false","false","78297","3994","Williams-Brice Stadium","2579","South Carolina","fbs","SEC","35","0,12,16,7","0.8252294659614563","1486","1540","2247","Georgia State","fbs","Sun Belt","14","0,7,7,0","0.1747705340385437","1522","1468","5.315960991829729","","",""
"401403854","2022","1","regular","2022-09-03T23:30:00.000Z","false","true","false","false","98321","3657","Bryant-Denny Stadium","333","Alabama","fbs","SEC","55","17,24,14,0","0.9839851260185242","1979","2089","328","Utah State","fbs","Mountain West","0","0,0,0,0","0.01601487398147583","1555","1445","2.283997931119607","","",""
"401403861","2022","1","regular","2022-09-03T23:30:00.000Z","false","true","false","false","54360","3693","Davis Wade Stadium","344","Mississippi State","fbs","SEC","49","14,14,7,14","0.987985372543335","1520","1583","235","Memphis","fbs","American Athletic","23","0,3,7,13","0.012014627456665039","1490","1427","1.8815841658006396","","",""
"401426539","2022","1","regular","2022-09-03T23:30:00.000Z","false","true","false","false","25306","3825","DATCU Stadium","249","North Texas","fbs","Conference USA","10","0,10,0,0","0.05542732775211334","1463","1366","2567","SMU","fbs","American Athletic","48","14,17,7,10","0.9445726722478867","1574","1671","3.1313154577978195","","",""
"401404124","2022","1","regular","2022-09-03T23:30:00.000Z","false","true","false","false","106594","3861","Ohio Stadium","194","Ohio State","fbs","Big Ten","21","7,0,7,7","0.739877676265821","1932","1944","87","Notre Dame","fbs","FBS Independents","10","3,7,0,0","0.260122323734179","1826","1814","6.0088684122","","",""
"401403970","2022","1","regular","2022-09-04T00:00:00.000Z","false","true","false","false","26826","3940","Stanford Stadium","24","Stanford","fbs","Pac-12","41","7,21,0,13","1","1355","1355","2142","Colgate","fcs","Patriot","10","0,7,3,0","0","","","2.29730357665307","","",""
"401415210","2022","1","regular","2022-09-04T00:00:00.000Z","false","true","false","false","15166","3971","University Stadium (NM)","167","New Mexico","fbs","Mountain West","41","0,21,13,7","0.9806091785430908","1229","1229","311","Maine","fcs","CAA","0","0,0,0,0","0.01939082145690918","","","2.344591004980961","","",""
"401411099","2022","1","regular","2022-09-04T00:00:00.000Z","false","true","false","true","37110","1964","JMA Wireless Dome","183","Syracuse","fbs","ACC","31","10,7,0,14","0.9362856149673462","1405","1484","97","Louisville","fbs","ACC","7","7,0,0,0","0.06371438503265381","1568","1489","2.7921419269795775","","",""
"401404059","2022","1","regular","2022-09-04T00:00:00.000Z","false","true","false","false","94873","3910","DKR-Texas Memorial Stadium","251","Texas","fbs","Big 12","52","14,10,21,7","0.985526442527771","1633","1700","2433","UL Monroe","fbs","Sun Belt","10","3,0,0,7","0.014473557472229004","1207","1140","2.6326320252229345","","",""
"401404055","2022","1","regular","2022-09-04T00:00:00.000Z","false","true","false","false","","3784","Jones AT&T Stadium","2641","Texas Tech","fbs","Big 12","63","14,28,14,7","0.9912300109863281","1536","1536","93","Murray State","fcs","OVC","10","3,7,0,0","0.008769989013671875","","","2.218563122005053","","",""
"401403974","2022","1","regular","2022-09-04T01:30:00.000Z","false","true","false","false","25233","3820","Gesa Field","265","Washington State","fbs","Pac-12","24","0,10,7,7","0.8366881012916565","1590","1590","70","Idaho","fcs","Big Sky","17","10,0,0,7","0.1633118987083435","","","4.636772323753922","","",""
"401403973","2022","1","regular","2022-09-04T02:30:00.000Z","false","true","false","false","56112","3765","Husky Stadium","264","Washington","fbs","Pac-12","45","21,10,7,7","0.9773629307746887","1536","1577","2309","Kent State","fbs","Mid-American","20","7,6,0,7","0.02263706922531128","1340","1299","3.1227355364939346","","",""
"401403969","2022","1","regular","2022-09-04T02:30:00.000Z","false","true","false","false","27732","3893","Reser Stadium","204","Oregon State","fbs","Pac-12","34","14,10,3,7","0.998346209526062","1544","1593","68","Boise State","fbs","Mountain West","17","0,0,10,7","0.0016537904739379883","1664","1615","3.1076240389873524","","",""
"401426543","2022","1","regular","2022-09-04T03:59:00.000Z","false","true","false","false","9346","7220","Clarence T.C. Ching Athletics Complex","62","Hawai'i","fbs","Mountain West","17","3,7,0,7","0","1223","1188","98","Western Kentucky","fbs","Conference USA","49","0,21,7,21","1","1684","1719","4.889138536886161","","",""
"401403867","2022","1","regular","2022-09-04T23:30:00.000Z","false","true","true","false","68388","3493","Caesars Superdome","52","Florida State","fbs","ACC","24","0,7,10,7","0.5896649956703186","1501","1504","99","LSU","fbs","SEC","23","3,0,7,13","0.4103350043296814","1538","1535","6.722668406393779","","Allstate Louisiana Kickoff",""
"401411101","2022","1","regular","2022-09-06T00:00:00.000Z","false","true","true","true","47712","5348","Mercedes-Benz Stadium","59","Georgia Tech","fbs","ACC","10","0,3,7,0","0.019772708415985107","1346","1317","228","Clemson","fbs","ACC","41","0,14,10,17","0.9802272915840149","1766","1795","4.132714983784297","","Chick-fil-A Kickoff",""
"401415613","2022","2","regular","2022-09-09T23:30:00.000Z","false","true","false","false","44412","3652","FBC Mortgage Stadium","2116","UCF","fbs","American Athletic","14","7,7,0,0","0.15970772504806519","1569","1552","97","Louisville","fbs","ACC","20","7,0,10,3","0.8402922749519348","1489","1506","5.697733733473015","","",""
"401415214","2022","2","regular","2022-09-10T01:00:00.000Z","false","true","false","true","16157","3971","University Stadium (NM)","167","New Mexico","fbs","Mountain West","14","0,0,0,14","0.007395752239972353","1229","1226","68","Boise State","fbs","Mountain West","31","0,10,7,14","0.9926042477600276","1615","1618","4.038829611600143","","",""
"401411103","2022","2","regular","2022-09-10T16:00:00.000Z","false","true","false","false","17687","4246","Center Parc Stadium","2247","Georgia State","fbs","Sun Belt","28","3,7,18,0","0.8690646886825562","1468","1462","153","North Carolina","fbs","ACC","35","7,14,7,7","0.13093531131744385","1563","1569","6.720512801354108","","",""
"401426553","2022","2","regular","2022-09-10T16:00:00.000Z","false","true","false","false","23551","3841","Michie Stadium","349","Army","fbs","FBS Independents","38","7,14,7,7,3","0.32779839634895325","1534","1527","2636","UTSA","fbs","Conference USA","41","0,14,7,14,6","0.6722016036510468","1515","1522","7.608895961703425","","",""
"401403869","2022","2","regular","2022-09-10T16:00:00.000Z","false","true","false","true","72437","3887","Razorback Stadium","8","Arkansas","fbs","SEC","44","7,14,0,23","0.9731941223144531","1646","1665","2579","South Carolina","fbs","SEC","30","3,6,7,14","0.026805877685546875","1540","1521","3.7392828655693404","","",""
"401403876","2022","2","regular","2022-09-10T16:00:00.000Z","false","true","false","false","51806","3636","Bill Snyder Family Stadium","2306","Kansas State","fbs","Big 12","40","7,13,6,14","0.9959436058998108","1616","1671","142","Missouri","fbs","SEC","12","3,0,3,6","0.004056394100189209","1465","1410","2.5564447376073964","","",""
"401405073","2022","2","regular","2022-09-10T16:00:00.000Z","false","true","false","false","24622","3911","Ryan Field","77","Northwestern","fbs","Big Ten","23","0,10,6,7","0.02624322846531868","1381","1353","150","Duke","fbs","ACC","31","14,7,0,10","0.9737567715346813","1240","1268","6.308992896764882","","",""
"401405071","2022","2","regular","2022-09-10T16:00:00.000Z","false","true","false","false","43859","3953","Huntington Bank Stadium","135","Minnesota","fbs","Big Ten","62","14,17,21,10","0.9921090006828308","1710","1710","2710","Western Illinois","fcs","MVFC","10","3,0,0,7","0.00789099931716919","","","3.2992590085209668","","",""
"401403868","2022","2","regular","2022-09-10T16:00:00.000Z","false","true","false","false","105213","3910","DKR-Texas Memorial Stadium","251","Texas","fbs","Big 12","19","3,7,3,6","0.5876246690750122","1700","1716","333","Alabama","fbs","SEC","20","10,0,0,10","0.4123753309249878","2089","2073","6.527319089176115","","",""
"401411105","2022","2","regular","2022-09-10T16:00:00.000Z","false","true","false","false","46422","3948","Hard Rock Stadium","2390","Miami","fbs","ACC","30","3,7,14,6","0.9866989254951477","1570","1596","2572","Southern Miss","fbs","Sun Belt","7","0,7,0,0","0.013301074504852295","1280","1254","4.069713392038757","","",""
"401405080","2022","2","regular","2022-09-10T16:00:00.000Z","false","true","false","false","107306","3632","Beaver Stadium","213","Penn State","fbs","Big Ten","46","14,12,14,6","0.978560209274292","1674","1737","195","Ohio","fbs","Mid-American","10","0,7,0,3","0.021439790725708008","1371","1308","2.4627905377052537","","",""
"401405079","2022","2","regular","2022-09-10T16:00:00.000Z","false","true","false","false","100067","3861","Ohio Stadium","194","Ohio State","fbs","Big Ten","45","14,10,21,0","0.9920116662979126","1944","1957","2032","Arkansas State","fbs","Sun Belt","12","3,6,3,0","0.007988333702087402","1262","1249","3.6385726789090214","","",""
"401403879","2022","2","regular","2022-09-10T16:00:00.000Z","false","true","false","false","24431","3973","FirstBank Stadium","238","Vanderbilt","fbs","SEC","25","3,7,8,7","0.023379962891340256","1431","1403","154","Wake Forest","fbs","ACC","45","14,7,14,10","0.9766200371086597","1640","1668","3.7668824177621083","","",""
"401411106","2022","2","regular","2022-09-10T16:30:00.000Z","false","true","false","false","54169","3670","Carter-Finley Stadium","152","NC State","fbs","ACC","55","10,28,10,7","0.9884532690048218","1630","1630","2127","Charleston Southern","fcs","Big South","3","0,0,3,0","0.011546730995178223","","","2.44681114346869","","",""
"401416597","2022","2","regular","2022-09-10T17:00:00.000Z","false","true","false","false","17205","3786","Kelly/Shorts Stadium","2117","Central Michigan","fbs","Mid-American","24","7,3,0,14","0","1528","1477","6","South Alabama","fbs","Sun Belt","38","20,11,0,7","1","1351","1402","4.341841522962735","","",""
"401403982","2022","2","regular","2022-09-10T17:30:00.000Z","false","true","false","false","51531","587","Rice-Eccles Stadium","254","Utah","fbs","Pac-12","73","7,38,14,14","0.9947159290313721","1781","1781","253","Southern Utah","fcs","Western Athletic","7","7,0,0,0","0.00528407096862793","","","1.4123219083668497","","",""
"401415614","2022","2","regular","2022-09-10T18:00:00.000Z","false","true","false","false","18430","3806","Lincoln Financial Field","218","Temple","fbs","American Athletic","30","7,14,0,9","0.9336112141609192","1030","1030","322","Lafayette","fcs","Patriot","14","7,0,7,0","0.06638878583908081","","","5.232290026196756","","",""
"401416594","2022","2","regular","2022-09-10T18:00:00.000Z","false","true","false","true","12972","3919","Scheumann Stadium","2050","Ball State","fbs","Mid-American","30","10,6,7,7","0.3702835142612457","1294","1295","2711","Western Michigan","fbs","Mid-American","37","7,7,7,16","0.6297164857387543","1488","1487","7.959072795295032","","",""
"401404125","2022","2","regular","2022-09-10T18:30:00.000Z","false","true","false","false","77622","3855","Notre Dame Stadium","87","Notre Dame","fbs","FBS Independents","21","0,7,0,14","0.10550209134817123","1814","1785","276","Marshall","fbs","Sun Belt","26","0,9,3,14","0.8944979086518288","1548","1577","6.886832632240856","","",""
"401426545","2022","2","regular","2022-09-10T19:30:00.000Z","false","true","false","false","12614","4418","Jerry Richardson Stadium","2429","Charlotte","fbs","Conference USA","21","7,7,0,7","0.0013111617881804705","1211","1151","120","Maryland","fbs","Big Ten","56","21,14,14,7","0.9986888382118195","1534","1594","3.7836712429415162","","",""
"401415617","2022","2","regular","2022-09-10T19:30:00.000Z","false","true","false","true","30082","3852","Navy-Marine Corps Memorial Stadium","2426","Navy","fbs","American Athletic","13","7,0,0,6","0.048675570636987686","1403","1342","235","Memphis","fbs","American Athletic","37","10,3,10,14","0.9513244293630123","1427","1488","4.3554135753673915","","",""
"401403877","2022","2","regular","2022-09-10T19:30:00.000Z","false","true","false","false","59785","3752","Acrisure Stadium","221","Pittsburgh","fbs","ACC","27","10,7,0,10,0","0.4368966221809387","1667","1661","2633","Tennessee","fbs","SEC","34","7,17,0,3,7","0.5631033778190613","1756","1762","7.4370516221793475","","",""
"401411102","2022","2","regular","2022-09-10T19:30:00.000Z","false","true","false","false","78302","3836","Memorial Stadium (Clemson, SC)","228","Clemson","fbs","ACC","35","14,14,7,0","0.9666863083839417","1825","1825","231","Furman","fcs","Southern","12","3,6,3,0","0.03331369161605835","","","2.6192685767914763","","",""
"401415619","2022","2","regular","2022-09-10T19:30:00.000Z","false","true","false","false","37014","3854","Nippert Stadium","2132","Cincinnati","fbs","American Athletic","63","7,14,21,21","0.9988836064827832","1787","1787","338","Kennesaw State","fcs","Atlantic Sun","10","0,3,0,7","0.0011163935172168182","","","2.8433161173","","",""
"401403984","2022","2","regular","2022-09-10T19:30:00.000Z","false","true","false","false","74001","347","Camp Randall Stadium","275","Wisconsin","fbs","Big Ten","14","0,14,0,0","0.6939826011657715","1742","1728","265","Washington State","fbs","Pac-12","17","0,7,10,0","0.3060173988342285","1590","1604","5.818365346790411","","",""
"401403977","2022","2","regular","2022-09-10T19:30:00.000Z","false","true","false","false","33647","3713","Falcon Stadium","2005","Air Force","fbs","Mountain West","41","13,7,7,14","0.9987440664210638","1650","1695","38","Colorado","fbs","Pac-12","10","0,10,0,0","0.0012559335789361636","1326","1281","2.0183975356","","",""
"401403878","2022","2","regular","2022-09-10T19:30:00.000Z","false","true","false","false","92664","3795","Kyle Field","245","Texas A&M","fbs","SEC","14","0,7,7,0","0.2809922397136688","1708","1700","2026","App State","fbs","Sun Belt","17","0,7,7,3","0.7190077602863312","1648","1656","5.375533410862889","","",""
"401405078","2022","2","regular","2022-09-10T20:00:00.000Z","false","true","false","false","70079","3936","Spartan Stadium","127","Michigan State","fbs","Big Ten","52","14,10,28,0","0.9540671706199646","1613","1700","2006","Akron","fbs","Mid-American","0","0,0,0,0","0.0459328293800354","1096","1009","2.9031068866695824","","",""
"401420788","2022","2","regular","2022-09-10T20:00:00.000Z","false","true","false","false","23928","3651","Bridgeforth Stadium","256","James Madison","fbs","Sun Belt","63","21,14,21,7","0.9931362867355347","1596","1596","2450","Norfolk State","fcs","MEAC","7","0,0,7,0","0.006863713264465332","","","1.4580111872228723","","",""
"401403983","2022","2","regular","2022-09-10T20:00:00.000Z","false","true","false","false","","3765","Husky Stadium","264","Washington","fbs","Pac-12","52","14,17,14,7","0.9907834529876709","1584","1584","2502","Portland State","fcs","Big Sky","6","0,3,3,0","0.009216547012329102","","","2.2165672266048304","","",""
"401405081","2022","2","regular","2022-09-10T20:00:00.000Z","false","true","false","false","47621","6577","SHI Stadium","164","Rutgers","fbs","Big Ten","66","28,10,14,14","0.9922709465026855","1370","1370","2681","Wagner","fcs","NEC","7","0,7,0,0","0.007729053497314453","","","2.0497472688685066","","",""
"401405074","2022","2","regular","2022-09-10T20:00:00.000Z","false","true","false","false","53676","3907","Ross-Ade Stadium","2509","Purdue","fbs","Big Ten","56","21,14,14,7","0.9828041791915894","1628","1628","282","Indiana State","fcs","MVFC","0","0,0,0,0","0.017195820808410645","","","1.725380050151709","","",""
"401416595","2022","2","regular","2022-09-10T20:00:00.000Z","false","true","false","false","17376","3700","Doyt L. Perry Stadium","189","Bowling Green","fbs","Mid-American","57","10,7,7,14,7,6,2,2,0,2,0","0.7500970959663391","1167","1167","2198","Eastern Kentucky","fcs","Atlantic Sun","59","0,24,7,7,7,6,2,2,0,2,2","0.2499029040336609","","","6.129304585437388","","",""
"401426548","2022","2","regular","2022-09-10T20:00:00.000Z","false","true","false","false","27641","5388","Canvas Stadium","36","Colorado State","fbs","Mountain West","19","0,0,19,0","0.006419772747904062","1329","1293","2393","Middle Tennessee","fbs","Conference USA","34","10,17,7,0","0.9935802272520959","1318","1354","2.914339470799966","","",""
"401403976","2022","2","regular","2022-09-10T20:00:00.000Z","false","true","false","false","38180","3831","California Memorial Stadium","25","California","fbs","Pac-12","20","14,3,3,0","0.9328453540802002","1510","1507","2439","UNLV","fbs","Mountain West","14","0,7,7,0","0.0671546459197998","1300","1303","4.352216398036735","","",""
"401404064","2022","2","regular","2022-09-10T20:00:00.000Z","false","true","false","false","69250","3793","Kinnick Stadium","2294","Iowa","fbs","Big Ten","7","7,0,0,0","0.2304440289735794","1624","1629","66","Iowa State","fbs","Big 12","10","0,3,0,7","0.7695559710264206","1779","1774","4.96676646818589","","",""
"401403872","2022","2","regular","2022-09-10T20:00:00.000Z","false","true","false","false","92746","3917","Sanford Stadium","61","Georgia","fbs","SEC","33","13,17,0,3","0.9802547097206116","2087","2087","2535","Samford","fcs","Southern","0","0,0,0,0","0.019745290279388428","","","2.5225339527499937","","",""
"401405070","2022","2","regular","2022-09-10T20:00:00.000Z","false","true","false","false","33669","3832","Memorial Stadium (Champaign, IL)","356","Illinois","fbs","Big Ten","24","14,7,3,0","0.9862542748451233","1579","1623","258","Virginia","fbs","ACC","3","3,0,0,0","0.013745725154876709","1526","1482","3.170296722243515","","",""
"401415177","2022","2","regular","2022-09-10T20:00:00.000Z","false","true","false","false","22863","3984","War Memorial Stadium","2751","Wyoming","fbs","Mountain West","33","3,6,7,17","0.9813012480735779","1419","1419","2458","Northern Colorado","fcs","Big Sky","10","0,0,3,7","0.01869875192642212","","","5.1166500189396045","","",""
"401404063","2022","2","regular","2022-09-10T20:00:00.000Z","false","true","false","false","56271","3784","Jones AT&T Stadium","2641","Texas Tech","fbs","Big 12","33","3,14,0,3,7,6","0.664719820022583","1536","1538","248","Houston","fbs","American Athletic","30","0,3,7,10,7,3","0.335280179977417","1617","1615","10.950247084906273","","",""
"401403981","2022","2","regular","2022-09-10T21:00:00.000Z","false","true","false","false","33727","1056","Rose Bowl","26","UCLA","fbs","Pac-12","45","14,17,7,7","0.9906424880027771","1710","1710","2011","Alabama State","fcs","SWAC","7","0,7,0,0","0.0093575119972229","","","2.732326605074309","","",""
"401415216","2022","2","regular","2022-09-10T21:30:00.000Z","false","true","false","false","14092","3816","Mackay Stadium","2440","Nevada","fbs","Mountain West","41","17,0,14,10","0.09440651535987854","1613","1613","2916","Incarnate Word","fcs","Southland","55","9,15,14,17","0.9055934846401215","","","6.30078554919067","","",""
"401416596","2022","2","regular","2022-09-10T22:00:00.000Z","false","true","false","false","16933","3965","UB Stadium","2084","Buffalo","fbs","Mid-American","31","7,14,7,3","0.16575388610363007","1342","1342","107","Holy Cross","fcs","Patriot","37","0,14,14,9","0.8342461138963699","","","10.327760127322499","","",""
"401404065","2022","2","regular","2022-09-10T22:00:00.000Z","false","true","false","true","52188","3842","Milan Puskar Stadium","277","West Virginia","fbs","Big 12","42","14,14,0,14,0","0.31508804463319695","1490","1430","2305","Kansas","fbs","Big 12","55","0,21,14,7,13","0.684911955366803","1194","1254","9.1436612467","","",""
"401415024","2022","2","regular","2022-09-10T22:00:00.000Z","false","true","false","false","36853","3699","Dowdy-Ficklen Stadium","151","East Carolina","fbs","American Athletic","39","9,7,6,17","0.9968127012252808","1522","1550","295","Old Dominion","fbs","Sun Belt","21","7,0,7,7","0.0031872987747192383","1391","1363","5.067016026677841","","",""
"401426332","2022","2","regular","2022-09-10T22:00:00.000Z","false","true","false","false","12261","3654","Brooks Stadium (SC)","324","Coastal Carolina","fbs","Sun Belt","31","3,14,7,7","0.3896369934082031","1658","1658","2241","Gardner-Webb","fcs","Big South","27","0,10,10,7","0.6103630065917969","","","6.750710910982141","","",""
"401426546","2022","2","regular","2022-09-10T22:00:00.000Z","false","true","false","false","17532","3715","FAU Stadium","2226","Florida Atlantic","fbs","Conference USA","42","7,21,7,7","0.9926899075508118","1487","1487","2545","SE Louisiana","fcs","Southland","9","0,3,0,6","0.007310092449188232","","","5.388368831121338","","",""
"401426551","2022","2","regular","2022-09-10T22:00:00.000Z","false","true","false","false","18892","3992","Williams Stadium (VA)","2335","Liberty","fbs","FBS Independents","21","0,7,7,7","0.9718411564826965","1586","1593","5","UAB","fbs","Conference USA","14","7,0,0,7","0.028158843517303467","1546","1539","6.810932810727867","","",""
"401416599","2022","2","regular","2022-09-10T22:00:00.000Z","false","true","false","false","9828","3996","Yager Stadium","193","Miami (OH)","fbs","Mid-American","31","10,14,0,7","0.9983529606091733","1469","1469","2523","Robert Morris","fcs","Big South","14","7,0,0,7","0.0016470393908266656","","","15.586004095","","",""
"401415618","2022","2","regular","2022-09-10T23:00:00.000Z","false","true","false","false","28554","3886","Raymond James Stadium","58","South Florida","fbs","American Athletic","42","0,14,14,14","0.9924693703651428","1222","1222","47","Howard","fcs","MEAC","20","7,0,7,6","0.007530629634857178","","","4.204352349681751","","",""
"401415620","2022","2","regular","2022-09-10T23:00:00.000Z","false","true","false","false","22113","3674","Chapman Stadium","202","Tulsa","fbs","American Athletic","38","7,17,0,14","0.967527449131012","1500","1499","2459","Northern Illinois","fbs","Mid-American","35","0,7,14,14","0.03247255086898804","1376","1377","6.542303969770751","","",""
"401426547","2022","2","regular","2022-09-10T23:00:00.000Z","false","true","false","false","16094","3776","Joe Aillet Stadium","2348","Louisiana Tech","fbs","Conference USA","52","21,17,14,0","0.9882385730743408","1238","1238","2617","Stephen F. Austin","fcs","Western Athletic","17","7,0,3,7","0.01176142692565918","","","3.0517822707126254","","",""
"401415615","2022","2","regular","2022-09-10T23:00:00.000Z","false","true","false","false","14501","4729","Yulman Stadium","2655","Tulane","fbs","American Athletic","52","17,14,14,7","0.998549222946167","1501","1501","2016","Alcorn State","fcs","SWAC","0","0,0,0,0","0.0014507770538330078","","","2.0174429678553376","","",""
"401414779","2022","2","regular","2022-09-10T23:00:00.000Z","false","true","false","false","20147","3739","Glass Bowl","2649","Toledo","fbs","Mid-American","55","14,14,17,10","0.9880123138427734","1534","1597","113","Massachusetts","fbs","FBS Independents","10","0,7,0,3","0.011987686157226562","997","934","2.4330757860642382","","",""
"401415215","2022","2","regular","2022-09-10T23:00:00.000Z","false","true","false","false","17781","3905","Maverik Stadium","328","Utah State","fbs","Mountain West","7","7,0,0,0","0.05503970757126808","1566","1566","2692","Weber State","fcs","Big Sky","35","13,0,15,7","0.9449602924287319","","","5.469066619203467","","",""
"401416598","2022","2","regular","2022-09-10T23:00:00.000Z","false","true","false","false","15352","3666","Cajun Field","309","Louisiana","fbs","Sun Belt","49","0,0,21,28","0.9922709465026855","1720","1755","2199","Eastern Michigan","fbs","Mid-American","21","7,7,7,0","0.007729053497314453","1380","1345","6.077358705187013","","",""
"401404148","2022","2","regular","2022-09-10T23:00:00.000Z","false","true","false","false","25114","3892","Pratt & Whitney Stadium","41","UConn","fbs","FBS Independents","14","0,7,7,0","0","1128","1075","183","Syracuse","fbs","ACC","48","17,10,14,7","1","1484","1537","2.4091431830644807","","",""
"401415616","2022","2","regular","2022-09-10T23:00:00.000Z","false","true","false","false","26509","3735","Gerald J. Ford Stadium","2567","SMU","fbs","American Athletic","45","14,10,14,7","0.9895887970924377","1684","1684","2320","Lamar","fcs","Southland","16","0,10,3,3","0.010411202907562256","","","4.49508732134023","","",""
"401426544","2022","2","regular","2022-09-10T23:00:00.000Z","false","true","false","false","18757","3644","Bobcat Stadium (TX)","326","Texas State","fbs","Sun Belt","41","10,10,0,21","0.9882416129112244","1241","1299","2229","Florida International","fbs","Conference USA","12","3,3,0,6","0.011758387088775635","1080","1022","3.044168108006286","","",""
"401411104","2022","2","regular","2022-09-10T23:00:00.000Z","false","true","false","false","36486","721","Bobby Dodd Stadium","59","Georgia Tech","fbs","ACC","35","14,14,7,0","0.9943622350692749","1287","1287","2717","Western Carolina","fcs","Southern","17","14,0,0,3","0.005637764930725098","","","5.013822317601714","","",""
"401403871","2022","2","regular","2022-09-10T23:00:00.000Z","false","true","false","true","89993","3634","Ben Hill Griffin Stadium","57","Florida","fbs","SEC","16","3,13,0,0","0.07685582339763641","1576","1567","96","Kentucky","fbs","SEC","26","0,13,10,3","0.9231441766023636","1713","1722","4.806562813566","","",""
"401423439","2022","2","regular","2022-09-10T23:00:00.000Z","false","true","false","false","26189","3975","Veterans Memorial Stadium (AL)","2653","Troy","fbs","Sun Belt","38","0,7,21,10","0.9537137150764465","1324","1324","2010","Alabama A&M","fcs","SWAC","17","3,0,0,14","0.04628628492355347","","","3.7861502771076214","","",""
"401404066","2022","2","regular","2022-09-10T23:00:00.000Z","false","true","false","false","83911","3835","Memorial Stadium (Norman, OK)","201","Oklahoma","fbs","Big 12","33","0,7,24,2","0.9898011684417725","1786","1811","2309","Kent State","fbs","Mid-American","3","0,3,0,0","0.010198831558227539","1299","1274","7.725032771883896","","",""
"401403874","2022","2","regular","2022-09-10T23:00:00.000Z","false","true","false","false","58373","3974","Vaught-Hemingway Stadium","145","Ole Miss","fbs","SEC","59","28,3,21,7","0.9445592761039734","1681","1681","2110","Central Arkansas","fcs","Atlantic Sun","3","0,0,0,3","0.05544072389602661","","","2.1815020149153215","","",""
"401426549","2022","2","regular","2022-09-10T23:30:00.000Z","false","true","false","false","15984","3825","DATCU Stadium","249","North Texas","fbs","Conference USA","59","10,35,7,7","0.9643983244895935","1361","1361","2640","Texas Southern","fcs","SWAC","27","3,14,7,3","0.035601675510406494","","","2.878702209650555","","",""
"401426550","2022","2","regular","2022-09-10T23:30:00.000Z","false","true","false","false","18629","3895","Rice Stadium","242","Rice","fbs","Conference USA","52","10,21,14,7","0.9919697642326355","1111","1111","2377","McNeese","fcs","Southland","10","0,0,10,0","0.008030235767364502","","","3.8742975210062673","","",""
"401403870","2022","2","regular","2022-09-10T23:30:00.000Z","false","true","false","false","83340","3785","Jordan-Hare Stadium","2","Auburn","fbs","SEC","24","0,7,10,7","0.9748852849006653","1632","1627","23","San José State","fbs","Mountain West","16","0,10,0,6","0.025114715099334717","1338","1343","5.097435891180348","","",""
"401403975","2022","2","regular","2022-09-10T23:30:00.000Z","false","true","false","false","54949","3646","Boone Pickens Stadium","197","Oklahoma State","fbs","Big 12","34","0,17,3,14","0.958767831325531","1783","1805","9","Arizona State","fbs","Pac-12","17","3,0,7,7","0.041232168674468994","1614","1592","5.517944343470107","","",""
"401403873","2022","2","regular","2022-09-10T23:30:00.000Z","false","true","false","false","102321","3958","Tiger Stadium (LA)","99","LSU","fbs","SEC","65","37,14,7,7","0.9893288016319275","","","2582","Southern","fcs","SWAC","17","0,0,7,10","0.01067119836807251","","","1.5977095974132804","","",""
"401403980","2022","2","regular","2022-09-10T23:30:00.000Z","false","true","false","true","43813","3940","Stanford Stadium","24","Stanford","fbs","Pac-12","28","7,7,0,14","0","1355","1349","30","USC","fbs","Pac-12","41","21,14,6,0","1","1612","1618","3.954167696574115","","",""
"401405072","2022","2","regular","2022-09-10T23:30:00.000Z","false","true","false","false","86862","3834","Memorial Stadium (Lincoln, NE)","158","Nebraska","fbs","Big Ten","42","7,21,7,7","0.3253377676010132","1616","1596","290","Georgia Southern","fbs","Sun Belt","45","14,14,7,10","0.6746622323989868","1382","1402","8.408418956692412","","",""
"401404067","2022","2","regular","2022-09-11T00:00:00.000Z","false","true","false","false","43197","3616","Amon G. Carter Stadium","2628","TCU","fbs","Big 12","59","21,17,14,7","0.989249050617218","1505","1505","2627","Tarleton State","fcs","Western Athletic","17","0,7,10,0","0.010750949382781982","","","4.3603103170416695","","",""
"401421117","2022","2","regular","2022-09-11T00:00:00.000Z","false","true","false","false","13536","3817","Malone Stadium","2433","UL Monroe","fbs","Sun Belt","35","0,21,7,7","0.994834303855896","1121","1121","2447","Nicholls","fcs","Southland","7","7,0,0,0","0.005165696144104004","","","4.395068525270859","","",""
"401405075","2022","2","regular","2022-09-11T00:00:00.000Z","false","true","false","false","46785","3830","Memorial Stadium (Bloomington, IN)","84","Indiana","fbs","Big Ten","35","0,0,23,12","0.9801636338233948","1340","1340","70","Idaho","fcs","Big Sky","22","0,10,0,12","0.019836366176605225","","","4.046864226950523","","",""
"401405077","2022","2","regular","2022-09-11T00:00:00.000Z","false","true","false","false","110012","3558","Michigan Stadium","130","Michigan","fbs","Big Ten","56","21,21,0,14","0.9940069913864136","1918","1961","62","Hawai'i","fbs","Mountain West","10","0,0,3,7","0.005993008613586426","1188","1145","1.930108853603686","","",""
"401411108","2022","2","regular","2022-09-11T00:00:00.000Z","false","true","false","true","65632","3799","Lane Stadium","259","Virginia Tech","fbs","ACC","27","10,7,7,3","1","1411","1451","103","Boston College","fbs","ACC","10","0,3,7,0","0","1438","1398","5.813773664926378","","",""
"401413257","2022","2","regular","2022-09-11T00:00:00.000Z","false","true","false","false","27865","7311","Snapdragon Stadium","21","San Diego State","fbs","Mountain West","38","14,7,3,14","0.9876755475997925","1474","1474","304","Idaho State","fcs","Big Sky","7","7,0,0,0","0.01232445240020752","","","3.3563948872626184","","",""
"401403978","2022","2","regular","2022-09-11T00:30:00.000Z","false","true","false","false","47289","3626","Autzen Stadium","2483","Oregon","fbs","Pac-12","70","14,28,21,7","0.9913486838340759","1467","1467","331","Eastern Washington","fcs","Big Sky","14","0,7,7,0","0.008651316165924072","","","1.968565727416855","","",""
"401426552","2022","2","regular","2022-09-11T01:00:00.000Z","false","true","false","false","23325","3946","Sun Bowl","2638","UTEP","fbs","Conference USA","20","3,14,3,0","0.8485046625137329","1286","1288","166","New Mexico State","fbs","FBS Independents","13","0,0,6,7","0.1514953374862671","1140","1138","4.891099785619221","","",""
"401404062","2022","2","regular","2022-09-11T02:15:00.000Z","false","true","false","false","63470","3801","LaVell Edwards Stadium","252","BYU","fbs","FBS Independents","26","3,7,10,0,0,6","0.6175196713766509","1685","1692","239","Baylor","fbs","Big 12","20","0,6,7,7,0,0","0.38248032862334913","1690","1683","9.0953602799","","",""
"401403979","2022","2","regular","2022-09-11T02:30:00.000Z","false","true","false","false","41031","3660","Valley Children's Stadium","278","Fresno State","fbs","Mountain West","32","7,6,10,9","0.7043321132659912","1590","1586","204","Oregon State","fbs","Pac-12","35","7,7,7,14","0.2956678867340088","1593","1597","7.460307771236134","","",""
"401403875","2022","2","regular","2022-09-11T03:00:00.000Z","false","true","false","false","46275","3619","Arizona Stadium","12","Arizona","fbs","Pac-12","17","7,3,7,0","0.34806349873542786","1377","1343","344","Mississippi State","fbs","SEC","39","15,3,7,14","0.6519365012645721","1583","1617","5.002262880073938","","",""
"401411109","2022","3","regular","2022-09-16T23:30:00.000Z","false","true","false","true","46459","3873","L&N Federal Credit Union Stadium","97","Louisville","fbs","ACC","31","14,7,0,10","0.26828962564468384","1506","1499","52","Florida State","fbs","ACC","35","14,0,7,14","0.7317103743553162","1504","1511","8.145676962908633","","",""
"401415217","2022","3","regular","2022-09-17T00:00:00.000Z","false","true","false","true","18277","3984","War Memorial Stadium","2751","Wyoming","fbs","Mountain West","17","3,7,0,7","0.35133907198905945","1411","1416","2005","Air Force","fbs","Mountain West","14","0,0,7,7","0.6486609280109406","1695","1690","4.065095935328304","","",""
"401411114","2022","3","regular","2022-09-17T15:00:00.000Z","false","true","false","false","62043","3799","Lane Stadium","259","Virginia Tech","fbs","ACC","27","3,17,0,7","0.984261691570282","1446","1446","2747","Wofford","fcs","Southern","7","0,0,0,7","0.015738308429718018","","","5.987245233648639","","",""
"401404149","2022","3","regular","2022-09-17T16:00:00.000Z","false","true","false","false","109639","3558","Michigan Stadium","130","Michigan","fbs","Big Ten","59","17,21,7,14","0.9917205572128296","1961","2024","41","UConn","fbs","FBS Independents","0","0,0,0,0","0.00827944278717041","1075","1012","1.6222038826665668","","",""
"401403887","2022","3","regular","2022-09-17T16:00:00.000Z","false","true","false","false","53253","3838","Memorial Stadium","142","Missouri","fbs","SEC","34","14,3,14,3","1","1405","1405","2000","Abilene Christian","fcs","Western Athletic","17","3,0,7,7","0","","","2.2171528888745873","","",""
"401405084","2022","3","regular","2022-09-17T16:00:00.000Z","false","true","false","false","35943","1964","JMA Wireless Dome","183","Syracuse","fbs","ACC","32","3,0,7,22","0.5471313996931042","1537","1539","2509","Purdue","fbs","Big Ten","29","6,3,0,20","0.4528686003068958","1631","1629","9.1117096253","","",""
"401405083","2022","3","regular","2022-09-17T16:00:00.000Z","false","true","false","false","23146","3911","Ryan Field","77","Northwestern","fbs","Big Ten","24","7,7,0,10","0.08450310677289963","1357","1357","79","Southern Illinois","fcs","MVFC","31","0,14,3,14","0.9154968932271004","","","7.960253748892134","","",""
"401415623","2022","3","regular","2022-09-17T16:00:00.000Z","false","true","true","false","30109","3874","Paul Brown Stadium","193","Miami (OH)","fbs","Mid-American","17","10,7,0,0","0.0932377427816391","1473","1459","2132","Cincinnati","fbs","American Athletic","38","7,17,7,7","0.9067622572183609","1781","1795","4.183918847604244","","",""
"401404071","2022","3","regular","2022-09-17T16:00:00.000Z","false","true","false","false","45597","4727","McLane Stadium","239","Baylor","fbs","Big 12","42","7,14,7,14","0.9807423949241638","1683","1733","326","Texas State","fbs","Sun Belt","7","0,7,0,0","0.01925760507583618","1299","1249","2.8618720244244424","","",""
"401403888","2022","3","regular","2022-09-17T16:00:00.000Z","false","true","false","true","78212","3994","Williams-Brice Stadium","2579","South Carolina","fbs","SEC","7","0,0,0,7","0.021045170724391937","1521","1470","61","Georgia","fbs","SEC","48","14,10,21,3","0.9789548292756081","2070","2121","2.853866126313109","","",""
"401426563","2022","3","regular","2022-09-17T16:00:00.000Z","false","true","false","false","48952","3830","Memorial Stadium (Bloomington, IN)","84","Indiana","fbs","Big Ten","33","3,7,3,17,3","0.2759527862071991","1335","1342","98","Western Kentucky","fbs","Conference USA","30","7,10,7,6,0","0.7240472137928009","1719","1712","9.469956458285262","","",""
"401404136","2022","3","regular","2022-09-17T16:00:00.000Z","false","true","false","false","32320","3841","Michie Stadium","349","Army","fbs","FBS Independents","49","14,7,7,21","0.9957761168479919","1527","1527","222","Villanova","fcs","CAA","10","7,0,3,0","0.004223883152008057","","","2.608081347943349","","",""
"401404070","2022","3","regular","2022-09-17T16:00:00.000Z","false","true","false","false","87161","3834","Memorial Stadium (Lincoln, NE)","158","Nebraska","fbs","Big Ten","14","7,0,0,7","0.024662349373102188","1596","1523","201","Oklahoma","fbs","Big 12","49","14,21,14,0","0.9753376506268978","1811","1884","4.219445806119179","","",""
"401416603","2022","3","regular","2022-09-17T16:00:00.000Z","false","true","false","false","15452","3696","Dix Stadium","2309","Kent State","fbs","Mid-American","63","7,28,14,14","0.9412615895271301","1252","1252","2341","Long Island University","fcs","NEC","10","7,3,0,0","0.05873841047286987","","","6.557079758712228","","",""
"401403884","2022","3","regular","2022-09-17T16:00:00.000Z","false","true","false","false","59308","3683","Kroger Field","96","Kentucky","fbs","SEC","31","0,21,7,3","0.9912877678871155","1731","1731","2754","Youngstown State","fcs","MVFC","0","0,0,0,0","0.008712232112884521","","","3.2654599937606608","","",""
"401416602","2022","3","regular","2022-09-17T17:00:00.000Z","false","true","false","false","21554","3786","Kelly/Shorts Stadium","2117","Central Michigan","fbs","Mid-American","41","0,7,13,21","0.9956057071685791","1483","1483","2083","Bucknell","fcs","Patriot","0","0,0,0,0","0.0043942928314208984","","","3.9972866959665208","","",""
"401404073","2022","3","regular","2022-09-17T17:00:00.000Z","false","true","false","false","50703","3842","Milan Puskar Stadium","277","West Virginia","fbs","Big 12","65","21,24,6,14","0.9893914461135864","1442","1442","119","Towson","fcs","CAA","7","7,0,0,0","0.010608553886413574","","","2.2899559367895104","","",""
"401416601","2022","3","regular","2022-09-17T17:00:00.000Z","false","true","false","false","13372","3654","Brooks Stadium (SC)","324","Coastal Carolina","fbs","Sun Belt","38","7,7,3,21","0.942115306854248","1657","1656","2084","Buffalo","fbs","Mid-American","26","6,10,3,7","0.05788469314575195","1344","1345","7.162498110760766","","",""
"401405089","2022","3","regular","2022-09-17T18:00:00.000Z","false","true","false","false","33297","3806","Lincoln Financial Field","218","Temple","fbs","American Athletic","14","7,0,0,7","0.031354669481515884","1029","1044","164","Rutgers","fbs","Big Ten","16","3,7,3,3","0.9686453305184841","1370","1355","5.96069720548891","","",""
"401416600","2022","3","regular","2022-09-17T18:00:00.000Z","false","true","false","false","14413","3919","Scheumann Stadium","2050","Ball State","fbs","Mid-American","31","7,7,10,7","0.8836352229118347","1286","1286","93","Murray State","fcs","OVC","0","0,0,0,0","0.11636477708816528","","","2.5462992565970812","","",""
"401403991","2022","3","regular","2022-09-17T18:00:00.000Z","false","true","false","false","29344","1056","Rose Bowl","26","UCLA","fbs","Pac-12","32","6,7,10,9","0.7143702507019043","1690","1682","6","South Alabama","fbs","Sun Belt","31","10,7,14,0","0.2856297492980957","1402","1410","10.65218949717044","","",""
"401404069","2022","3","regular","2022-09-17T18:00:00.000Z","false","true","false","false","58138","3772","Jack Trice Stadium","66","Iowa State","fbs","Big 12","43","14,16,7,6","0.9890866279602051","1774","1809","195","Ohio","fbs","Mid-American","10","0,3,7,0","0.010913372039794922","1308","1273","3.5011650103828655","","",""
"401411113","2022","3","regular","2022-09-17T18:00:00.000Z","false","true","false","false","40556","3923","Scott Stadium","258","Virginia","fbs","ACC","16","7,3,0,6","0.828830897808075","1482","1481","295","Old Dominion","fbs","Sun Belt","14","0,7,0,7","0.17116910219192505","1363","1364","5.746064925281381","","",""
"401403987","2022","3","regular","2022-09-17T18:30:00.000Z","false","true","false","false","77622","3855","Notre Dame Stadium","87","Notre Dame","fbs","FBS Independents","24","0,7,7,10","0.9837460517883301","1785","1780","25","California","fbs","Pac-12","17","0,10,7,0","0.016253948211669922","1507","1512","6.090488054620966","","",""
"401426558","2022","3","regular","2022-09-17T19:00:00.000Z","false","true","false","false","19623","6501","Allegiant Stadium","2439","UNLV","fbs","Mountain West","58","9,14,14,21","0.9986861944198608","1303","1395","249","North Texas","fbs","Conference USA","27","10,10,7,0","0.0013138055801391602","1366","1274","5.660044072886003","","",""
"401404074","2022","3","regular","2022-09-17T19:00:00.000Z","false","true","false","false","50887","3636","Bill Snyder Family Stadium","2306","Kansas State","fbs","Big 12","10","0,10,0,0","0.5149937868118286","1671","1642","2655","Tulane","fbs","American Athletic","17","7,0,3,7","0.4850062131881714","1483","1512","6.032737552277754","","",""
"401403882","2022","3","regular","2022-09-17T19:30:00.000Z","false","true","false","false","87451","3785","Jordan-Hare Stadium","2","Auburn","fbs","SEC","12","3,3,0,6","0.004698324948549271","1627","1560","213","Penn State","fbs","Big Ten","41","7,7,17,10","0.9953016750514507","1737","1804","4.347073241298655","","",""
"401426560","2022","3","regular","2022-09-17T19:30:00.000Z","false","true","false","false","24302","7221","Protective Stadium","5","UAB","fbs","Conference USA","35","7,14,0,14","0.9938445091247559","1539","1556","290","Georgia Southern","fbs","Sun Belt","21","0,7,7,7","0.006155490875244141","1402","1385","3.375506151894925","","",""
"401403988","2022","3","regular","2022-09-17T19:30:00.000Z","false","true","false","false","42101","3953","Huntington Bank Stadium","135","Minnesota","fbs","Big Ten","49","14,21,7,7","0.9941574335098267","1691","1760","38","Colorado","fbs","Pac-12","7","0,0,0,7","0.00584256649017334","1281","1212","2.133240058548897","","",""
"401414780","2022","3","regular","2022-09-17T19:30:00.000Z","false","true","false","false","10011","3985","Warren McGuirk Alumni Stadium","113","Massachusetts","fbs","FBS Independents","20","7,10,3,0","0.9835678935050964","909","909","2619","Stony Brook","fcs","CAA","3","0,3,0,0","0.016432106494903564","","","2.8390249829891627","","",""
"401403886","2022","3","regular","2022-09-17T19:30:00.000Z","false","true","false","false","40293","721","Bobby Dodd Stadium","59","Georgia Tech","fbs","ACC","0","0,0,0,0","0","1317","1239","145","Ole Miss","fbs","SEC","42","14,7,21,0","1","1670","1748","2.8885746806958648","","",""
"401403891","2022","3","regular","2022-09-17T19:30:00.000Z","false","true","false","false","14110","3764","Huskie Stadium","2459","Northern Illinois","fbs","Mid-American","28","7,14,7,0","0.036203209310770035","1377","1358","238","Vanderbilt","fbs","SEC","38","7,7,21,3","0.96379679068923","1403","1422","5.8241579597941024","","",""
"401405085","2022","3","regular","2022-09-17T19:30:00.000Z","false","true","false","false","73080","347","Camp Randall Stadium","275","Wisconsin","fbs","Big Ten","66","7,28,21,10","0.9917577505111694","1728","1828","166","New Mexico State","fbs","FBS Independents","7","0,0,0,7","0.008242249488830566","1138","1038","2.3660297052156083","","",""
"401426333","2022","3","regular","2022-09-17T19:30:00.000Z","false","true","false","true","34406","3792","Kidd Brewer Stadium","2026","App State","fbs","Sun Belt","32","7,7,10,8","0.8650585412979126","1656","1650","2653","Troy","fbs","Sun Belt","28","7,14,0,7","0.1349414587020874","1335","1341","9.4770930766723","","",""
"401403989","2022","3","regular","2022-09-17T19:30:00.000Z","false","true","false","false","54463","3626","Autzen Stadium","2483","Oregon","fbs","Pac-12","41","10,14,14,3","0.9990125298500061","1484","1557","252","BYU","fbs","FBS Independents","20","0,7,0,13","0.0009874701499938965","1692","1619","2.810890451157682","","",""
"401415218","2022","3","regular","2022-09-17T20:00:00.000Z","false","true","false","false","","3653","Albertsons Stadium","68","Boise State","fbs","Mountain West","30","7,13,0,10","0.9955955743789673","1641","1641","2630","UT Martin","fcs","OVC","7","7,0,0,0","0.004404425621032715","","","3.8356718236742067","","",""
"401403880","2022","3","regular","2022-09-17T20:00:00.000Z","false","true","false","false","98433","3657","Bryant-Denny Stadium","333","Alabama","fbs","SEC","63","28,7,14,14","0.7063632011413574","2073","2121","2433","UL Monroe","fbs","Sun Belt","7","0,7,0,0","0.2936367988586426","1140","1092","1.8091693010274672","","",""
"401404068","2022","3","regular","2022-09-17T20:00:00.000Z","false","true","false","false","30317","4728","TDECU Stadium","248","Houston","fbs","American Athletic","30","14,0,13,3","0.0772109404206276","1615","1527","2305","Kansas","fbs","Big 12","48","14,14,14,6","0.9227890595793724","1254","1342","3.8839469997745857","","",""
"401403995","2022","3","regular","2022-09-17T21:00:00.000Z","false","true","false","false","","3820","Gesa Field","265","Washington State","fbs","Pac-12","38","21,7,3,7","0.9772243499755859","1604","1651","36","Colorado State","fbs","Mountain West","7","0,0,0,7","0.022775650024414062","1293","1246","2.0719449436459403","","",""
"401404159","2022","3","regular","2022-09-17T21:00:00.000Z","false","true","false","false","32891","3630","Allegacy Federal Credit Union Stadium","154","Wake Forest","fbs","ACC","37","3,17,0,17","0.41340965032577515","1668","1667","2335","Liberty","fbs","FBS Independents","36","0,8,15,13","0.5865903496742249","1593","1594","7.259991275447352","","",""
"401415029","2022","3","regular","2022-09-17T21:00:00.000Z","false","true","false","false","21158","3700","Doyt L. Perry Stadium","189","Bowling Green","fbs","Mid-American","34","0,21,0,7,6","0.17141883753224582","1187","1194","276","Marshall","fbs","Sun Belt","31","14,7,0,7,3","0.8285811624677542","1577","1570","6.8538377338","","",""
"401411112","2022","3","regular","2022-09-17T22:00:00.000Z","false","true","false","false","32802","3982","Wallace Wade Stadium","150","Duke","fbs","ACC","49","21,7,14,7","0.9989602440558403","1264","1264","2448","North Carolina A&T","fcs","Big South","20","0,6,0,14","0.001039755944159726","","","1.1214786792","","",""
"401403885","2022","3","regular","2022-09-17T22:00:00.000Z","false","true","false","true","98520","3958","Tiger Stadium (LA)","99","LSU","fbs","SEC","31","0,7,3,21","0.9466710090637207","1535","1574","344","Mississippi State","fbs","SEC","16","6,7,3,0","0.0533289909362793","1617","1578","6.2037579110673375","","",""
"401415621","2022","3","regular","2022-09-17T22:00:00.000Z","false","true","false","false","43036","3699","Dowdy-Ficklen Stadium","151","East Carolina","fbs","American Athletic","49","7,14,21,7","0.9944363236427307","1551","1551","2097","Campbell","fcs","Big South","10","10,0,0,0","0.005563676357269287","","","3.762287256811474","","",""
"401415032","2022","3","regular","2022-09-17T23:00:00.000Z","false","true","false","false","26202","3815","M. M. Roberts Stadium","2572","Southern Miss","fbs","Sun Belt","64","13,28,16,7","0.9895302653312683","1243","1243","2466","Northwestern State","fcs","Southland","10","0,0,10,0","0.01046973466873169","","","2.0368717945698673","","",""
"401426554","2022","3","regular","2022-09-17T23:00:00.000Z","false","true","false","false","16433","4246","Center Parc Stadium","2247","Georgia State","fbs","Sun Belt","41","14,6,7,14","0.8010570406913757","1462","1444","2429","Charlotte","fbs","Conference USA","42","7,14,7,14","0.19894295930862427","1151","1169","9.150165599441346","","",""
"401405088","2022","3","regular","2022-09-17T23:00:00.000Z","false","true","false","false","105398","3861","Ohio Stadium","194","Ohio State","fbs","Big Ten","77","28,14,14,21","0.9838539958000183","1957","2079","2649","Toledo","fbs","Mid-American","21","7,7,7,0","0.01614600419998169","1597","1475","2.2914257995634637","","",""
"401415622","2022","3","regular","2022-09-17T23:00:00.000Z","false","true","false","false","","3805","Simmons Bank Liberty Stadium","235","Memphis","fbs","American Athletic","44","7,14,0,23","0.9150218367576599","1488","1492","2032","Arkansas State","fbs","Sun Belt","32","7,10,0,15","0.08497816324234009","1249","1245","7.55823835021536","","",""
"401413216","2022","3","regular","2022-09-17T23:00:00.000Z","false","true","false","false","17311","3674","Chapman Stadium","202","Tulsa","fbs","American Athletic","54","12,28,7,7","0.9883407354354858","1498","1498","55","Jacksonville State","fcs","Atlantic Sun","17","0,3,7,7","0.01165926456451416","","","3.1165110234621207","","",""
"401426557","2022","3","regular","2022-09-17T23:00:00.000Z","false","true","false","false","22227","3725","Johnny ""Red"" Floyd Stadium","2393","Middle Tennessee","fbs","Conference USA","49","21,21,7,0","0.9892151951789856","1357","1357","2634","Tennessee State","fcs","OVC","6","0,0,6,0","0.010784804821014404","","","2.4365754373029294","","",""
"401404072","2022","3","regular","2022-09-17T23:00:00.000Z","false","true","false","false","56919","3670","Carter-Finley Stadium","152","NC State","fbs","ACC","27","6,14,0,7","1","1628","1646","2641","Texas Tech","fbs","Big 12","14","0,7,0,7","0","1538","1520","3.2198337982272007","","",""
"401403881","2022","3","regular","2022-09-17T23:00:00.000Z","false","true","false","false","74133","3887","Razorback Stadium","8","Arkansas","fbs","SEC","38","0,14,3,21","0.7726759910583496","1667","1667","2623","Missouri State","fcs","MVFC","27","7,10,7,3","0.2273240089416504","","","6.014873474052033","","",""
"401403889","2022","3","regular","2022-09-17T23:00:00.000Z","false","true","false","false","","3853","Neyland Stadium","2633","Tennessee","fbs","SEC","63","14,21,14,14","0.9919136762619019","1762","1835","2006","Akron","fbs","Mid-American","6","0,0,3,3","0.008086323738098145","1009","936","2.5623726623727574","","",""
"401404075","2022","3","regular","2022-09-17T23:00:00.000Z","false","true","false","false","55509","3646","Boone Pickens Stadium","197","Oklahoma State","fbs","Big 12","63","28,21,7,7","0.9163880348205566","1809","1809","2029","Arkansas-Pine Bluff","fcs","SWAC","7","0,7,0,0","0.08361196517944336","","","2.6245487743230322","","",""
"401403994","2022","3","regular","2022-09-17T23:30:00.000Z","false","true","false","false","68161","3765","Husky Stadium","264","Washington","fbs","Pac-12","39","9,20,7,3","1","1577","1607","127","Michigan State","fbs","Big Ten","28","0,8,6,14","0","1700","1670","2.200932525962455","","",""
"401405082","2022","3","regular","2022-09-17T23:30:00.000Z","false","true","false","false","69250","3793","Kinnick Stadium","2294","Iowa","fbs","Big Ten","27","14,3,3,7","0.9212278723716736","1629","1694","2440","Nevada","fbs","Mountain West","0","0,0,0,0","0.07877212762832642","1585","1520","3.026996890389708","","",""
"401426559","2022","3","regular","2022-09-17T23:30:00.000Z","false","true","false","false","","3895","Rice Stadium","242","Rice","fbs","Conference USA","33","3,10,6,14","0.9145374298095703","1120","1204","309","Louisiana","fbs","Sun Belt","21","7,7,0,7","0.08546257019042969","1755","1671","10.197185428315658","","",""
"401426555","2022","3","regular","2022-09-17T23:30:00.000Z","false","true","false","false","30991","3715","FAU Stadium","2226","Florida Atlantic","fbs","Conference USA","14","14,0,0,0","0.023092133924365044","1485","1423","2116","UCF","fbs","American Athletic","40","7,9,14,10","0.976907866075635","1552","1614","7.1601726476740755","","",""
"401403883","2022","3","regular","2022-09-17T23:30:00.000Z","false","true","false","false","88496","3634","Ben Hill Griffin Stadium","57","Florida","fbs","SEC","31","3,21,0,7","0.16407166421413422","1567","1564","58","South Florida","fbs","American Athletic","28","7,6,8,7","0.8359283357858658","1247","1250","6.8525841365322995","","",""
"401411115","2022","3","regular","2022-09-17T23:30:00.000Z","false","true","false","false","22875","3980","Waldo Stadium","2711","Western Michigan","fbs","Mid-American","13","3,3,7,0","0.0031703149434179068","1487","1453","221","Pittsburgh","fbs","ACC","34","10,3,7,14","0.9968296850565821","1661","1695","3.713472781597207","","",""
"401411110","2022","3","regular","2022-09-17T23:30:00.000Z","false","true","false","false","34325","3615","Alumni Stadium (Chestnut Hill, MA)","103","Boston College","fbs","ACC","38","14,14,3,7","0.9728193283081055","1403","1403","311","Maine","fcs","CAA","17","10,0,7,0","0.02718067169189453","","","3.950588340380956","","",""
"401405087","2022","3","regular","2022-09-17T23:30:00.000Z","false","true","false","false","31194","3665","SECU Stadium","120","Maryland","fbs","Big Ten","34","3,14,3,14","0.9897837042808533","1594","1608","2567","SMU","fbs","American Athletic","27","6,14,7,0","0.010216295719146729","1671","1657","7.757425620011545","","",""
"401426561","2022","3","regular","2022-09-18T00:00:00.000Z","false","true","false","false","15269","3971","University Stadium (NM)","167","New Mexico","fbs","Mountain West","27","10,10,0,7","1","1226","1269","2638","UTEP","fbs","Conference USA","10","3,0,0,7","0","1288","1245","2.7697869265405886","","",""
"401426562","2022","3","regular","2022-09-18T00:00:00.000Z","false","true","false","false","102520","3910","DKR-Texas Memorial Stadium","251","Texas","fbs","Big 12","41","0,17,14,10","0.9914759993553162","1716","1746","2636","UTSA","fbs","Conference USA","20","3,14,3,0","0.008524000644683838","1521","1491","5.031843808055324","","",""
"401403990","2022","3","regular","2022-09-18T00:00:00.000Z","false","true","true","false","25218","3485","Providence Park","204","Oregon State","fbs","Pac-12","68","7,27,20,14","0.9905471801757812","1599","1599","147","Montana State","fcs","Big Sky","28","7,7,7,7","0.00945281982421875","","","2.461423320915066","","",""
"401426556","2022","3","regular","2022-09-18T00:00:00.000Z","false","true","false","false","80542","3836","Memorial Stadium (Clemson, SC)","228","Clemson","fbs","ACC","48","10,3,21,14","0.9881022572517395","1795","1808","2348","Louisiana Tech","fbs","Conference USA","20","0,6,0,14","0.011897742748260498","1240","1227","2.614790508593401","","",""
"401403890","2022","3","regular","2022-09-18T01:00:00.000Z","false","true","false","false","","3795","Kyle Field","245","Texas A&M","fbs","SEC","17","10,0,7,0","0.8347919583320618","1700","1706","2390","Miami","fbs","ACC","9","3,0,3,3","0.16520804166793823","1596","1590","3.1495670237691655","","",""
"401403993","2022","3","regular","2022-09-18T02:00:00.000Z","false","true","false","false","51602","587","Rice-Eccles Stadium","254","Utah","fbs","Pac-12","35","0,21,14,0","0.9832033514976501","1786","1823","21","San Diego State","fbs","Mountain West","7","0,0,0,7","0.016796648502349854","1464","1427","3.600282331164114","","",""
"401403992","2022","3","regular","2022-09-18T02:30:00.000Z","false","true","false","false","67226","477","Los Angeles Memorial Coliseum","30","USC","fbs","Pac-12","45","14,7,14,10","0.9708632826805115","1618","1687","278","Fresno State","fbs","Mountain West","17","0,10,7,0","0.029136717319488525","1586","1517","3.712587131361368","","",""
"401403985","2022","3","regular","2022-09-18T03:00:00.000Z","false","true","false","false","41211","3619","Arizona Stadium","12","Arizona","fbs","Pac-12","31","7,10,7,7","0.8303478360176086","1328","1328","2449","North Dakota State","fcs","MVFC","28","7,7,14,0","0.16965216398239136","","","6.0398487223178465","","",""
"401403986","2022","3","regular","2022-09-18T03:00:00.000Z","false","true","false","false","43788","3947","Mountain America Stadium","9","Arizona State","fbs","Pac-12","21","0,14,0,7","0.09319249540567398","1592","1551","2199","Eastern Michigan","fbs","Mid-American","30","10,14,3,3","0.906807504594326","1345","1386","3.9349786447378103","","",""
"401415219","2022","3","regular","2022-09-18T03:59:00.000Z","false","true","false","false","8991","7220","Clarence T.C. Ching Athletics Complex","62","Hawai'i","fbs","Mountain West","24","7,7,0,10","0.8567911386489868","1110","1110","2184","Duquesne","fcs","NEC","14","3,3,0,8","0.14320886135101318","","","3.360234288356743","","",""
"401411116","2022","4","regular","2022-09-22T23:30:00.000Z","false","true","false","false","65632","3799","Lane Stadium","259","Virginia Tech","fbs","ACC","10","0,7,3,0","0.03293340280652046","1451","1388","277","West Virginia","fbs","Big 12","33","3,10,3,17","0.9670665971934795","1430","1493","4.388704019498442","","",""
"401426334","2022","4","regular","2022-09-22T23:30:00.000Z","false","true","false","true","13467","4246","Center Parc Stadium","2247","Georgia State","fbs","Sun Belt","24","7,10,0,7","0.04023788496851921","1444","1424","324","Coastal Carolina","fbs","Sun Belt","41","21,6,7,7","0.9597621150314808","1656","1676","3.507325014106886","","",""
"401421129","2022","4","regular","2022-09-23T00:30:00.000Z","false","true","false","false","37579","3832","Memorial Stadium (Champaign, IL)","356","Illinois","fbs","Big Ten","31","10,14,7,0","0.9621609449386597","1622","1622","236","Chattanooga","fcs","Southern","0","0,0,0,0","0.03783905506134033","","","1.9340063775100271","","",""
"401411117","2022","4","regular","2022-09-23T23:00:00.000Z","false","true","false","true","34590","1964","JMA Wireless Dome","183","Syracuse","fbs","ACC","22","10,6,3,3","0.5878375768661499","1539","1539","258","Virginia","fbs","ACC","20","0,0,13,7","0.4121624231338501","1481","1481","5.154035267763122","","",""
"401415220","2022","4","regular","2022-09-24T00:00:00.000Z","false","true","false","true","20506","3713","Falcon Stadium","2005","Air Force","fbs","Mountain West","48","10,14,17,7","0.9986596565023307","1690","1743","2440","Nevada","fbs","Mountain West","20","0,7,0,13","0.0013403434976693163","1520","1467","1.79530605","","",""
"401426571","2022","4","regular","2022-09-24T01:00:00.000Z","false","true","false","false","11227","3946","Sun Bowl","2638","UTEP","fbs","Conference USA","27","0,10,10,7","0.997065007686615","1245","1322","68","Boise State","fbs","Mountain West","10","3,0,7,0","0.0029349923133850098","1618","1541","7.143330178050725","","",""
"401403899","2022","4","regular","2022-09-24T16:00:00.000Z","false","true","false","false","48376","3693","Davis Wade Stadium","344","Mississippi State","fbs","SEC","45","17,14,7,7","0.9881957769393921","1578","1617","189","Bowling Green","fbs","Mid-American","14","0,7,0,7","0.01180422306060791","1194","1155","2.71282834705594","","",""
"401416604","2022","4","regular","2022-09-24T16:00:00.000Z","false","true","false","true","14524","3912","Rynearson Stadium","2199","Eastern Michigan","fbs","Mid-American","31","14,10,7,0","0.02141691744327545","1386","1334","2084","Buffalo","fbs","Mid-American","50","13,17,10,10","0.9785830825567245","1345","1397","6.1150344132625705","","",""
"401404078","2022","4","regular","2022-09-24T16:00:00.000Z","false","true","false","false","35569","3735","Gerald J. Ford Stadium","2567","SMU","fbs","American Athletic","34","0,14,7,13","0.020825902000069618","1657","1628","2628","TCU","fbs","Big 12","42","14,14,0,14","0.9791740979999304","1497","1526","5.063631449942333","","",""
"401405097","2022","4","regular","2022-09-24T16:00:00.000Z","false","true","false","true","110225","3558","Michigan Stadium","130","Michigan","fbs","Big Ten","34","10,7,0,17","0.984504759311676","2024","2012","120","Maryland","fbs","Big Ten","27","10,3,0,14","0.015495240688323975","1608","1620","4.392299443224363","","",""
"401411121","2022","4","regular","2022-09-24T16:00:00.000Z","false","true","false","false","54667","3752","Acrisure Stadium","221","Pittsburgh","fbs","ACC","45","14,10,7,14","0.9976227879524231","1709","1709","227","Rhode Island","fcs","CAA","24","7,7,3,7","0.0023772120475769043","","","2.392667281143697","","",""
"401405098","2022","4","regular","2022-09-24T16:00:00.000Z","false","true","false","false","106624","3632","Beaver Stadium","213","Penn State","fbs","Big Ten","33","14,7,6,6","0.9914251565933228","1804","1817","2117","Central Michigan","fbs","Mid-American","14","0,14,0,0","0.008574843406677246","1477","1464","4.48983305080522","","",""
"401404080","2022","4","regular","2022-09-24T16:00:00.000Z","false","true","false","true","58069","3772","Jack Trice Stadium","66","Iowa State","fbs","Big 12","24","7,7,0,10","0.058152616024017334","1809","1790","239","Baylor","fbs","Big 12","31","7,10,7,7","0.9418473839759827","1733","1752","4.331160046734903","","",""
"401404079","2022","4","regular","2022-09-24T16:00:00.000Z","false","true","false","false","47233","3833","Memorial Stadium","2305","Kansas","fbs","Big 12","35","7,14,7,7","1","1342","1349","150","Duke","fbs","ACC","27","7,6,0,14","0","1268","1261","4.226670112287669","","",""
"401411123","2022","4","regular","2022-09-24T16:00:00.000Z","false","true","false","true","32903","3630","Allegacy Federal Credit Union Stadium","154","Wake Forest","fbs","ACC","45","7,7,21,3,7,0","0.4058257794194493","1667","1666","228","Clemson","fbs","ACC","51","14,6,8,10,7,6","0.5941742205805507","1808","1809","9.6877149945","","",""
"401411119","2022","4","regular","2022-09-24T16:00:00.000Z","false","true","false","false","41217","3873","L&N Federal Credit Union Stadium","97","Louisville","fbs","ACC","41","14,14,3,10","1","1499","1575","58","South Florida","fbs","American Athletic","3","0,0,0,3","0","1250","1174","2.546873378303858","","",""
"401403895","2022","4","regular","2022-09-24T16:00:00.000Z","false","true","false","false","92746","3917","Sanford Stadium","61","Georgia","fbs","SEC","39","12,14,6,7","0.940726637840271","2121","2090","2309","Kent State","fbs","Mid-American","22","3,10,3,6","0.059273362159729004","1274","1305","2.6902574183831574","","",""
"401403894","2022","4","regular","2022-09-24T16:00:00.000Z","false","true","false","true","85750","3785","Jordan-Hare Stadium","2","Auburn","fbs","SEC","17","14,0,0,0,3","0.8529782295227051","1560","1559","142","Missouri","fbs","SEC","14","0,14,0,0,0","0.14702177047729492","1410","1411","6.61184328984131","","",""
"401414781","2022","4","regular","2022-09-24T18:00:00.000Z","false","true","false","false","14033","3806","Lincoln Financial Field","218","Temple","fbs","American Athletic","28","0,7,14,7","0.9792364239692688","1044","1104","113","Massachusetts","fbs","FBS Independents","0","0,0,0,0","0.0207635760307312","934","874","4.393090447543902","","",""
"401416606","2022","4","regular","2022-09-24T18:00:00.000Z","false","true","false","false","19024","3876","Peden Stadium","195","Ohio","fbs","Mid-American","59","14,17,7,21","0.19673562049865723","1251","1251","2230","Fordham","fcs","Patriot","52","0,21,28,3","0.8032643795013428","","","7.705523649875246","","",""
"401403998","2022","4","regular","2022-09-24T18:00:00.000Z","false","true","false","true","42848","3726","Folsom Field","38","Colorado","fbs","Pac-12","17","0,10,0,7","0","1212","1189","26","UCLA","fbs","Pac-12","45","14,7,17,7","1","1682","1705","2.88804465411034","","",""
"401426565","2022","4","regular","2022-09-24T19:30:00.000Z","false","true","false","true","15127","3796","Houchens Industries-L.T. Smith Stadium","98","Western Kentucky","fbs","Conference USA","73","14,28,17,14","0.9872699975967407","1712","1844","2229","Florida International","fbs","Conference USA","0","0,0,0,0","0.012730002403259277","1022","890","2.5548303400306698","","",""
"401403901","2022","4","regular","2022-09-24T19:30:00.000Z","false","true","false","true","101915","3853","Neyland Stadium","2633","Tennessee","fbs","SEC","38","3,14,14,7","0.5278220176696777","1835","1830","57","Florida","fbs","SEC","33","0,14,7,12","0.47217798233032227","1564","1569","6.820161641876708","","",""
"401404082","2022","4","regular","2022-09-24T19:30:00.000Z","false","true","false","true","60975","3784","Jones AT&T Stadium","2641","Texas Tech","fbs","Big 12","37","7,7,10,10,3","0.7547778487205505","1520","1524","251","Texas","fbs","Big 12","34","10,14,7,3,0","0.24522215127944946","1746","1742","8.141224095828687","","",""
"401415224","2022","4","regular","2022-09-24T19:30:00.000Z","false","true","false","false","27108","7311","Snapdragon Stadium","21","San Diego State","fbs","Mountain West","17","0,7,3,7","0.9496037364006042","1427","1429","2649","Toledo","fbs","Mid-American","14","0,0,0,14","0.05039626359939575","1475","1473","5.2313450966525865","","",""
"401426568","2022","4","regular","2022-09-24T19:30:00.000Z","false","true","false","false","46713","3948","Hard Rock Stadium","2390","Miami","fbs","ACC","31","3,7,7,14","0.005005239509046078","1590","1533","2393","Middle Tennessee","fbs","Conference USA","45","17,7,7,14","0.9949947604909539","1354","1411","3.9343065701811955","","",""
"401415037","2022","4","regular","2022-09-24T19:30:00.000Z","false","true","false","true","33248","3792","Kidd Brewer Stadium","2026","App State","fbs","Sun Belt","28","0,28,0,0","0.18760575354099274","1650","1628","256","James Madison","fbs","Sun Belt","32","3,7,7,15","0.8123942464590073","1427","1449","4.869816983433339","","",""
"401404126","2022","4","regular","2022-09-24T19:30:00.000Z","false","true","false","false","50500","3787","Kenan Stadium","153","North Carolina","fbs","ACC","32","7,7,6,12","0.10543639957904816","1569","1559","87","Notre Dame","fbs","FBS Independents","45","0,24,14,7","0.8945636004209518","1780","1790","4.77459683564219","","",""
"401426572","2022","4","regular","2022-09-24T19:30:00.000Z","false","true","false","false","22562","3604","Alamodome","2636","UTSA","fbs","Conference USA","52","14,7,14,17","0.9657860994338989","1485","1485","2640","Texas Southern","fcs","SWAC","24","7,10,7,0","0.034213900566101074","","","4.27586760806209","","",""
"401426569","2022","4","regular","2022-09-24T19:30:00.000Z","false","true","false","false","23203","3805","Simmons Bank Liberty Stadium","235","Memphis","fbs","American Athletic","44","6,14,7,17","0.94845050573349","1492","1494","249","North Texas","fbs","Conference USA","34","10,3,7,14","0.05154949426651001","1274","1272","4.6575302712293745","","",""
"401405096","2022","4","regular","2022-09-24T19:30:00.000Z","false","true","false","false","38464","3854","Nippert Stadium","2132","Cincinnati","fbs","American Athletic","45","10,28,0,7","1","1795","1801","84","Indiana","fbs","Big Ten","24","3,7,7,7","0","1342","1336","3.979166860676472","","",""
"401405092","2022","4","regular","2022-09-24T19:30:00.000Z","false","true","false","true","74587","3936","Spartan Stadium","127","Michigan State","fbs","Big Ten","7","0,0,0,7","0.018913129344582558","1670","1607","135","Minnesota","fbs","Big Ten","34","14,3,7,10","0.9810868706554174","1760","1823","3.4148053604068136","","",""
"401403898","2022","4","regular","2022-09-24T20:00:00.000Z","false","true","false","false","60641","3974","Vaught-Hemingway Stadium","145","Ole Miss","fbs","SEC","35","7,28,0,0","0.7381297945976257","1748","1745","202","Tulsa","fbs","American Athletic","27","14,3,3,7","0.26187020540237427","1499","1502","4.531009839610124","","",""
"401411122","2022","4","regular","2022-09-24T20:00:00.000Z","false","true","false","false","","3652","FBC Mortgage Stadium","2116","UCF","fbs","American Athletic","27","3,10,3,11","0.9021629095077515","1614","1618","59","Georgia Tech","fbs","ACC","10","0,7,3,0","0.09783709049224854","1239","1235","4.660545487624602","","",""
"401415221","2022","4","regular","2022-09-24T20:00:00.000Z","false","true","false","false","25445","5388","Canvas Stadium","36","Colorado State","fbs","Mountain West","10","0,10,0,0","0.015540004707872868","1233","1233","16","Sacramento State","fcs","Big Sky","41","7,17,7,10","0.9844599952921271","","","2.901234850647521","","",""
"401403999","2022","4","regular","2022-09-24T20:00:00.000Z","false","true","false","true","33058","3820","Gesa Field","265","Washington State","fbs","Pac-12","41","10,7,10,14","0.08644326031208038","1651","1641","2483","Oregon","fbs","Pac-12","44","3,6,6,29","0.9135567396879196","1557","1567","6.608173633025705","","",""
"401403996","2022","4","regular","2022-09-24T21:30:00.000Z","false","true","false","true","37216","3831","California Memorial Stadium","25","California","fbs","Pac-12","49","7,14,14,14","0.9126174449920654","1512","1536","12","Arizona","fbs","Pac-12","31","14,10,0,7","0.08738255500793457","1343","1319","5.504099168306363","","",""
"401415624","2022","4","regular","2022-09-24T22:00:00.000Z","false","true","false","true","39227","3699","Dowdy-Ficklen Stadium","151","East Carolina","fbs","American Athletic","20","3,0,0,14,3,0","0.18828430771827698","1550","1532","2426","Navy","fbs","American Athletic","23","0,3,0,14,3,3","0.811715692281723","1342","1360","8.139086090278466","","",""
"401426570","2022","4","regular","2022-09-24T22:00:00.000Z","false","true","false","false","26377","4728","TDECU Stadium","248","Houston","fbs","American Athletic","34","7,3,14,10","0.9576276540756226","1527","1520","242","Rice","fbs","Conference USA","27","0,14,10,3","0.04237234592437744","1204","1211","6.994404471909098","","",""
"401426335","2022","4","regular","2022-09-24T22:00:00.000Z","false","true","false","true","","3918","S.B. Ballard Stadium","295","Old Dominion","fbs","Sun Belt","29","0,0,21,8","0.4198457598686218","1364","1363","2032","Arkansas State","fbs","Sun Belt","26","0,12,7,7","0.5801542401313782","1245","1246","7.344198483725709","","",""
"401416605","2022","4","regular","2022-09-24T22:00:00.000Z","false","true","false","false","18434","3608","Allen E. Paulson Stadium","290","Georgia Southern","fbs","Sun Belt","34","3,10,7,14","0.5899558067321777","1385","1398","2050","Ball State","fbs","Mid-American","23","3,7,10,3","0.41004419326782227","1295","1282","6.687468567025225","","",""
"401404160","2022","4","regular","2022-09-24T22:00:00.000Z","false","true","false","false","20004","3992","Williams Stadium (VA)","2335","Liberty","fbs","FBS Independents","21","7,7,0,7","1","1594","1570","2006","Akron","fbs","Mid-American","12","0,3,3,6","0","936","960","4.184484395238553","","",""
"401403896","2022","4","regular","2022-09-24T23:00:00.000Z","false","true","false","false","61579","3683","Kroger Field","96","Kentucky","fbs","SEC","31","7,7,10,7","0.6961966156959534","1722","1713","2459","Northern Illinois","fbs","Mid-American","23","7,7,0,9","0.30380338430404663","1358","1367","3.6592062301942208","","",""
"401415040","2022","4","regular","2022-09-24T23:00:00.000Z","false","true","false","false","20422","4729","Yulman Stadium","2655","Tulane","fbs","American Athletic","24","7,10,0,7","0.15342019498348236","1512","1491","2572","Southern Miss","fbs","Sun Belt","27","0,10,7,10","0.8465798050165176","1254","1275","4.338664468329212","","",""
"401405091","2022","4","regular","2022-09-24T23:00:00.000Z","false","true","false","true","53117","6577","SHI Stadium","164","Rutgers","fbs","Big Ten","10","3,0,0,7","0.0036969128996133804","1355","1347","2294","Iowa","fbs","Big Ten","27","7,10,7,3","0.9963030871003866","1694","1702","3.0867734104917495","","",""
"401426567","2022","4","regular","2022-09-24T23:00:00.000Z","false","true","false","false","17939","6526","Hancock Whitney Stadium","6","South Alabama","fbs","Sun Belt","38","14,3,14,7","0.9959282279014587","1410","1450","2348","Louisiana Tech","fbs","Conference USA","14","0,7,0,7","0.00407177209854126","1227","1187","3.146584621477049","","",""
"401426393","2022","4","regular","2022-09-24T23:00:00.000Z","false","true","false","true","27514","3975","Veterans Memorial Stadium (AL)","2653","Troy","fbs","Sun Belt","16","10,0,0,6","0.7907295227050781","1341","1372","276","Marshall","fbs","Sun Belt","7","0,0,7,0","0.20927047729492188","1570","1539","4.029052191141968","","",""
"401403893","2022","4","regular","2022-09-24T23:00:00.000Z","false","true","true","true","63580","3687","AT&T Stadium","245","Texas A&M","fbs","SEC","23","0,13,10,0","0.3009270115672987","1706","1708","8","Arkansas","fbs","SEC","21","14,0,0,7","0.6990729884327014","1665","1663","6.7158801555","","",""
"401418793","2022","4","regular","2022-09-24T23:00:00.000Z","false","true","false","false","16237","3644","Bobcat Stadium (TX)","326","Texas State","fbs","Sun Belt","34","7,17,3,7","0.9893503189086914","1232","1232","2277","Houston Christian","fcs","Southland","0","0,0,0,0","0.010649681091308594","","","3.0643381693461635","","",""
"401415222","2022","4","regular","2022-09-24T23:00:00.000Z","false","true","false","true","17454","3905","Maverik Stadium","328","Utah State","fbs","Mountain West","24","7,9,0,8","0.21021507680416107","1445","1420","2439","UNLV","fbs","Mountain West","34","14,13,7,0","0.7897849231958389","1395","1420","3.679372100242098","","",""
"401403897","2022","4","regular","2022-09-24T23:30:00.000Z","false","true","false","false","100501","3958","Tiger Stadium (LA)","99","LSU","fbs","SEC","38","10,7,14,7","0.9863829016685486","1574","1643","167","New Mexico","fbs","Mountain West","0","0,0,0,0","0.013617098331451416","1269","1200","1.9302266286650136","","",""
"401426566","2022","4","regular","2022-09-24T23:30:00.000Z","false","true","false","false","55137","3907","Ross-Ade Stadium","2509","Purdue","fbs","Big Ten","28","7,7,7,7","0.8239207863807678","1629","1627","2226","Florida Atlantic","fbs","Conference USA","26","0,13,7,6","0.17607921361923218","1423","1425","5.704920461395632","","",""
"401403892","2022","4","regular","2022-09-24T23:30:00.000Z","false","true","false","true","96246","3657","Bryant-Denny Stadium","333","Alabama","fbs","SEC","55","14,17,10,14","0.986897885799408","2121","2185","238","Vanderbilt","fbs","SEC","3","3,0,0,0","0.013102114200592041","1422","1358","2.8878392505532267","","",""
"401404150","2022","4","regular","2022-09-24T23:30:00.000Z","false","true","false","false","56919","3670","Carter-Finley Stadium","152","NC State","fbs","ACC","41","17,14,7,3","0.9872741103172302","1646","1659","41","UConn","fbs","FBS Independents","10","0,3,0,7","0.012725889682769775","1012","999","1.6566308914423278","","",""
"401405095","2022","4","regular","2022-09-24T23:30:00.000Z","false","true","false","true","105473","3861","Ohio Stadium","194","Ohio State","fbs","Big Ten","52","21,10,14,7","0.9937936067581177","2079","2132","275","Wisconsin","fbs","Big Ten","21","0,7,0,14","0.006206393241882324","1828","1775","1.5677006449992321","","",""
"401405093","2022","4","regular","2022-09-24T23:30:00.000Z","false","true","false","false","23773","3911","Ryan Field","77","Northwestern","fbs","Big Ten","14","7,0,0,7","0.17135360836982727","1353","1355","193","Miami (OH)","fbs","Mid-American","17","0,7,0,10","0.8286463916301727","1459","1457","6.203695114484135","","",""
"401426564","2022","4","regular","2022-09-24T23:30:00.000Z","false","true","false","false","77982","3994","Williams-Brice Stadium","2579","South Carolina","fbs","SEC","56","3,17,22,14","0.9999808073043823","1470","1533","2429","Charlotte","fbs","Conference USA","20","7,7,0,6","0.00001919269561767578","1169","1106","4.162835036190633","","",""
"401409237","2022","4","regular","2022-09-25T00:00:00.000Z","false","true","false","false","","3601","Aggie Memorial Stadium","166","New Mexico State","fbs","FBS Independents","45","14,21,7,3","0.9989798069000244","1038","1093","62","Hawai'i","fbs","Mountain West","26","7,3,7,9","0.001020193099975586","1145","1090","2.6099184026518474","","",""
"401426336","2022","4","regular","2022-09-25T00:00:00.000Z","false","true","false","true","19077","3817","Malone Stadium","2433","UL Monroe","fbs","Sun Belt","21","7,0,0,14","0.8604210615158081","1092","1115","309","Louisiana","fbs","Sun Belt","17","14,3,0,0","0.1395789384841919","1671","1648","6.017503707531907","","",""
"401404081","2022","4","regular","2022-09-25T00:00:00.000Z","false","true","false","true","84376","3835","Memorial Stadium (Norman, OK)","201","Oklahoma","fbs","Big 12","34","7,10,3,14","0.4798511862754822","1884","1851","2306","Kansas State","fbs","Big 12","41","14,10,3,14","0.5201488137245178","1642","1675","6.738990950787334","","",""
"401411118","2022","4","regular","2022-09-25T00:00:00.000Z","false","true","false","true","79560","3697","Doak Campbell Stadium","52","Florida State","fbs","ACC","44","21,10,6,7","0.9518473744392395","1511","1577","103","Boston College","fbs","ACC","14","0,0,7,7","0.0481526255607605","1398","1332","1.9457907207179588","","",""
"401404000","2022","4","regular","2022-09-25T01:30:00.000Z","false","true","false","true","28769","3893","Reser Stadium","204","Oregon State","fbs","Pac-12","14","0,7,0,7","0.5861340761184692","1597","1598","30","USC","fbs","Pac-12","17","0,3,0,14","0.41386592388153076","1687","1686","6.531205007302612","","",""
"401415223","2022","4","regular","2022-09-25T02:15:00.000Z","false","true","false","false","60092","3801","LaVell Edwards Stadium","252","BYU","fbs","FBS Independents","38","7,7,14,10","0.9809017777442932","1619","1630","2751","Wyoming","fbs","Mountain West","24","3,7,0,14","0.019098222255706787","1416","1405","4.226242715836678","","",""
"401415225","2022","4","regular","2022-09-25T02:30:00.000Z","false","true","false","false","17058","3935","CEFCU Stadium","23","San José State","fbs","Mountain West","34","3,14,7,10","0.9911131262779236","1343","1430","2711","Western Michigan","fbs","Mid-American","6","0,0,6,0","0.008886873722076416","1453","1366","2.5699643124300424","","",""
"401404001","2022","4","regular","2022-09-25T02:30:00.000Z","false","true","false","true","65438","3765","Husky Stadium","264","Washington","fbs","Pac-12","40","7,10,13,10","0.9664578437805176","1607","1623","24","Stanford","fbs","Pac-12","22","0,7,0,15","0.03354215621948242","1349","1333","2.3847929482433647","","",""
"401403997","2022","4","regular","2022-09-25T02:30:00.000Z","false","true","false","true","39876","3947","Mountain America Stadium","9","Arizona State","fbs","Pac-12","13","0,6,0,7","0","1551","1527","254","Utah","fbs","Pac-12","34","14,10,7,3","1","1823","1847","2.7825433360311806","","",""
"401403908","2022","5","regular","2022-09-29T23:00:00.000Z","false","true","false","false","61551","3994","Williams-Brice Stadium","2579","South Carolina","fbs","SEC","50","8,14,14,14","0.989801287651062","1546","1546","2569","South Carolina State","fcs","MEAC","10","0,0,7,3","0.010198712348937988","","","2.097990527165064","","Moved from Oct 1",""
"401415226","2022","5","regular","2022-09-30T00:00:00.000Z","false","true","false","false","59417","3801","LaVell Edwards Stadium","252","BYU","fbs","FBS Independents","38","14,3,14,7","0.974054217338562","1630","1636","328","Utah State","fbs","Mountain West","26","7,10,3,6","0.02594578266143799","1420","1414","4.9448775233906535","","",""
"401415625","2022","5","regular","2022-09-30T23:00:00.000Z","false","true","false","true","24319","4728","TDECU Stadium","248","Houston","fbs","American Athletic","24","0,7,0,14,3","0.800286591053009","1520","1514","2655","Tulane","fbs","American Athletic","27","0,7,7,7,6","0.19971340894699097","1491","1497","7.163201849028031","","",""
"401426576","2022","5","regular","2022-09-30T23:30:00.000Z","false","true","false","true","15020","3725","Johnny ""Red"" Floyd Stadium","2393","Middle Tennessee","fbs","Conference USA","30","0,20,0,10","0.013221445493400097","1411","1384","2636","UTSA","fbs","Conference USA","45","10,21,7,7","0.9867785545065999","1491","1518","6.094984180226933","","",""
"401415228","2022","5","regular","2022-10-01T00:00:00.000Z","false","true","false","true","","3653","Albertsons Stadium","68","Boise State","fbs","Mountain West","35","0,0,21,14","0.9986765204448156","1541","1582","21","San Diego State","fbs","Mountain West","13","6,7,0,0","0.0013234795551844147","1429","1388","5.1060426962","","",""
"401404007","2022","5","regular","2022-10-01T02:30:00.000Z","false","true","false","true","41343","1056","Rose Bowl","26","UCLA","fbs","Pac-12","40","9,17,14,0","1","1705","1712","264","Washington","fbs","Pac-12","32","7,3,6,16","0","1623","1616","4.225901115020313","","",""
"401415229","2022","5","regular","2022-10-01T03:00:00.000Z","false","true","false","true","21605","6501","Allegiant Stadium","2439","UNLV","fbs","Mountain West","31","0,9,8,14","0.9756366014480591","1420","1424","167","New Mexico","fbs","Mountain West","20","14,3,0,3","0.024363398551940918","1200","1196","4.6963242757879975","","",""
"401415628","2022","5","regular","2022-10-01T16:00:00.000Z","false","true","false","true","23239","3805","Simmons Bank Liberty Stadium","235","Memphis","fbs","American Athletic","24","0,0,7,17","0.7399134039878845","1494","1506","218","Temple","fbs","American Athletic","3","0,3,0,0","0.2600865960121155","1104","1092","4.608160195092293","","",""
"401415227","2022","5","regular","2022-10-01T16:00:00.000Z","false","true","false","false","36947","3713","Falcon Stadium","2005","Air Force","fbs","Mountain West","13","10,0,0,3","0.8859639167785645","1743","1739","2426","Navy","fbs","American Athletic","10","0,3,0,7","0.11403608322143555","1360","1364","3.4838670678209542","","",""
"401405100","2022","5","regular","2022-10-01T16:00:00.000Z","false","true","false","true","69250","3793","Kinnick Stadium","2294","Iowa","fbs","Big Ten","14","0,0,0,14","0.081882044672966","1702","1701","130","Michigan","fbs","Big Ten","27","7,6,7,7","0.918117955327034","2012","2013","3.084160943906008","","",""
"401404085","2022","5","regular","2022-10-01T16:00:00.000Z","false","true","false","true","50782","3636","Bill Snyder Family Stadium","2306","Kansas State","fbs","Big 12","37","13,0,7,17","0.9997576475143433","1675","1680","2641","Texas Tech","fbs","Big 12","28","0,10,10,8","0.00024235248565673828","1524","1519","5.4276688168777625","","",""
"401404086","2022","5","regular","2022-10-01T16:00:00.000Z","false","true","false","true","49095","3616","Amon G. Carter Stadium","2628","TCU","fbs","Big 12","55","27,14,14,0","0.9863877296447754","1526","1656","201","Oklahoma","fbs","Big 12","24","10,7,0,7","0.01361227035522461","1851","1721","3.7186139083171783","","",""
"401404137","2022","5","regular","2022-10-01T16:00:00.000Z","false","true","false","false","25752","3841","Michie Stadium","349","Army","fbs","FBS Independents","14","0,0,7,7","0.10352123528718948","1528","1476","2247","Georgia State","fbs","Sun Belt","31","3,14,0,14","0.8964787647128105","1424","1476","4.420542635066606","","",""
"401405101","2022","5","regular","2022-10-01T16:00:00.000Z","false","true","false","true","48288","3953","Huntington Bank Stadium","135","Minnesota","fbs","Big Ten","10","0,3,7,0","0.33830922842025757","1823","1784","2509","Purdue","fbs","Big Ten","20","10,0,0,10","0.6616907715797424","1627","1666","4.82594305505374","","",""
"401411124","2022","5","regular","2022-10-01T16:00:00.000Z","false","true","false","true","38517","3615","Alumni Stadium (Chestnut Hill, MA)","103","Boston College","fbs","ACC","34","7,14,7,6","0.9828185439109802","1332","1339","97","Louisville","fbs","ACC","33","7,16,10,0","0.017181456089019775","1575","1568","8.283166371796375","","",""
"401405099","2022","5","regular","2022-10-01T16:00:00.000Z","false","true","false","true","73502","347","Camp Randall Stadium","275","Wisconsin","fbs","Big Ten","10","7,3,0,0","0","1775","1692","356","Illinois","fbs","Big Ten","34","7,7,17,3","1","1623","1706","3.62721473201932","","",""
"401403905","2022","5","regular","2022-10-01T16:00:00.000Z","false","true","false","true","64828","3974","Vaught-Hemingway Stadium","145","Ole Miss","fbs","SEC","22","14,5,3,0","0.47384053468704224","1745","1746","96","Kentucky","fbs","SEC","19","6,6,7,0","0.5261594653129578","1713","1712","5.181231820390617","","",""
"401426338","2022","5","regular","2022-10-01T17:30:00.000Z","false","true","false","true","25188","3651","Bridgeforth Stadium","256","James Madison","fbs","Sun Belt","40","7,12,7,14","0.9460859298706055","1449","1496","326","Texas State","fbs","Sun Belt","13","0,0,7,6","0.05391407012939453","1249","1202","2.9242482424178426","","",""
"401414782","2022","5","regular","2022-10-01T18:00:00.000Z","false","true","false","false","16478","3912","Rynearson Stadium","2199","Eastern Michigan","fbs","Mid-American","20","0,0,14,6","0.9690479636192322","1334","1320","113","Massachusetts","fbs","FBS Independents","13","7,3,3,0","0.030952036380767822","874","888","5.379015012300656","","",""
"401404006","2022","5","regular","2022-10-01T18:00:00.000Z","false","true","false","true","51729","587","Rice-Eccles Stadium","254","Utah","fbs","Pac-12","42","14,7,14,7","0.9883767366409302","1847","1886","204","Oregon State","fbs","Pac-12","16","7,6,3,0","0.011623263359069824","1598","1559","3.6499177050232094","","",""
"401416608","2022","5","regular","2022-10-01T18:00:00.000Z","false","true","false","true","10012","3919","Scheumann Stadium","2050","Ball State","fbs","Mid-American","44","0,7,14,17,0,6","0.5081812739372253","1282","1294","2459","Northern Illinois","fbs","Mid-American","38","7,17,7,7,0,0","0.49181872606277466","1367","1355","5.832690173342277","","",""
"401415626","2022","5","regular","2022-10-01T18:30:00.000Z","false","true","true","true","3708","3715","FAU Stadium","58","South Florida","fbs","American Athletic","28","0,7,14,7","0.19732527822525658","1174","1167","151","East Carolina","fbs","American Athletic","48","14,27,7,0","0.8026747217747434","1532","1539","1.7815176289","","Moved from Raymond James Stadium due to inclement weather",""
"401421140","2022","5","regular","2022-10-01T19:30:00.000Z","false","true","false","false","30789","3792","Kidd Brewer Stadium","2026","App State","fbs","Sun Belt","49","14,21,7,7","0.9932025671005249","1633","1633","2643","The Citadel","fcs","Southern","0","0,0,0,0","0.006797432899475098","","","2.2908644291319544","","",""
"401404084","2022","5","regular","2022-10-01T19:30:00.000Z","false","true","false","true","47233","3833","Memorial Stadium","2305","Kansas","fbs","Big 12","14","0,14,0,0","0.9659240245819092","1349","1357","66","Iowa State","fbs","Big 12","11","0,8,3,0","0.03407597541809082","1790","1782","4.758475589900277","","",""
"401416607","2022","5","regular","2022-10-01T19:30:00.000Z","false","true","false","true","22273","3739","Glass Bowl","2649","Toledo","fbs","Mid-American","38","3,28,0,7","0.9840925931930542","1473","1522","2117","Central Michigan","fbs","Mid-American","17","3,0,8,6","0.0159074068069458","1464","1415","2.8733684934461667","","",""
"401404083","2022","5","regular","2022-10-01T19:30:00.000Z","false","true","false","true","47979","4727","McLane Stadium","239","Baylor","fbs","Big 12","25","3,0,22,0","0.01783347874879837","1752","1733","197","Oklahoma State","fbs","Big 12","36","7,9,17,3","0.9821665212512016","1805","1824","4.509475205380493","","",""
"401416609","2022","5","regular","2022-10-01T19:30:00.000Z","false","true","false","true","8093","3768","InfoCision Stadium","2006","Akron","fbs","Mid-American","28","7,7,7,7","0.09504558891057968","960","967","189","Bowling Green","fbs","Mid-American","31","10,14,0,7","0.9049544110894203","1155","1148","6.559590531177831","","",""
"401411128","2022","5","regular","2022-10-01T19:30:00.000Z","false","true","false","true","45029","3787","Kenan Stadium","153","North Carolina","fbs","ACC","41","7,17,17,0","0.9918330311775208","1559","1622","259","Virginia Tech","fbs","ACC","10","3,7,0,0","0.008166968822479248","1388","1325","3.260017939248286","","",""
"401405105","2022","5","regular","2022-10-01T19:30:00.000Z","false","true","false","true","105524","3632","Beaver Stadium","213","Penn State","fbs","Big Ten","17","7,7,0,3","0.8859411478042603","1817","1804","77","Northwestern","fbs","Big Ten","7","0,0,7,0","0.11405885219573975","1355","1368","3.305951174429748","","",""
"401426339","2022","5","regular","2022-10-01T19:30:00.000Z","false","true","false","false","19845","3775","Joan C. Edwards Stadium","276","Marshall","fbs","Sun Belt","28","7,7,7,7","0.9973594546318054","1549","1549","2241","Gardner-Webb","fcs","Big South","7","7,0,0,0","0.00264054536819458","","","4.660940399270829","","",""
"401404151","2022","5","regular","2022-10-01T19:30:00.000Z","false","true","false","false","20952","3892","Pratt & Whitney Stadium","41","UConn","fbs","FBS Independents","19","3,3,6,7","1","999","1029","278","Fresno State","fbs","Mountain West","14","0,7,7,0","0","1517","1487","5.581046055042996","","",""
"401416610","2022","5","regular","2022-10-01T19:30:00.000Z","false","true","false","true","18615","3965","UB Stadium","2084","Buffalo","fbs","Mid-American","24","7,7,3,7","0.9236042499542236","1397","1402","193","Miami (OH)","fbs","Mid-American","20","7,3,10,0","0.07639575004577637","1457","1452","9.031134402625336","","",""
"401403902","2022","5","regular","2022-10-01T19:30:00.000Z","false","true","false","true","75579","3887","Razorback Stadium","8","Arkansas","fbs","SEC","26","0,7,16,3","0.08903569728136063","1663","1658","333","Alabama","fbs","SEC","49","14,14,0,21","0.9109643027186394","2185","2190","4.247098277715639","","",""
"401405103","2022","5","regular","2022-10-01T19:30:00.000Z","false","true","false","true","30559","3665","SECU Stadium","120","Maryland","fbs","Big Ten","27","14,7,3,3","0.8989711403846741","1620","1647","127","Michigan State","fbs","Big Ten","13","7,6,0,0","0.10102885961532593","1607","1580","3.695066520597084","","",""
"401405104","2022","5","regular","2022-10-01T19:30:00.000Z","false","true","false","true","104245","3861","Ohio Stadium","194","Ohio State","fbs","Big Ten","49","14,14,14,7","0.9929434657096863","2132","2150","164","Rutgers","fbs","Big Ten","10","7,0,3,0","0.007056534290313721","1347","1329","2.5322201242510958","","",""
"401411127","2022","5","regular","2022-10-01T19:30:00.000Z","false","true","false","true","69749","3697","Doak Campbell Stadium","52","Florida State","fbs","ACC","21","7,0,6,8","0.15089662373065948","1577","1564","154","Wake Forest","fbs","ACC","31","7,14,7,3","0.8491033762693405","1666","1679","4.724743812108984","","",""
"401416611","2022","5","regular","2022-10-01T19:30:00.000Z","false","true","false","true","20392","3696","Dix Stadium","2309","Kent State","fbs","Mid-American","31","7,0,3,14,7","0.8481449484825134","1305","1313","195","Ohio","fbs","Mid-American","24","0,10,7,7,0","0.15185505151748657","1273","1265","7.864559174552134","","",""
"401403906","2022","5","regular","2022-10-01T20:00:00.000Z","false","true","false","true","51930","3693","Davis Wade Stadium","344","Mississippi State","fbs","SEC","42","0,14,7,21","0.9544143080711365","1617","1667","245","Texas A&M","fbs","SEC","24","0,0,10,14","0.045585691928863525","1708","1658","3.6344322073264044","","",""
"401426575","2022","5","regular","2022-10-01T20:00:00.000Z","false","true","false","true","18274","3825","DATCU Stadium","249","North Texas","fbs","Conference USA","45","7,21,14,3","0.9664901494979858","1272","1325","2226","Florida Atlantic","fbs","Conference USA","28","7,14,0,7","0.03350985050201416","1425","1372","4.037976547225656","","",""
"401411130","2022","5","regular","2022-10-01T21:00:00.000Z","false","true","false","false","33373","1964","JMA Wireless Dome","183","Syracuse","fbs","ACC","59","21,28,7,3","0.998971366301283","1539","1539","2681","Wagner","fcs","NEC","0","0,0,0,0","0.0010286336987169742","","","1.008114628","","",""
"401426341","2022","5","regular","2022-10-01T21:00:00.000Z","false","true","false","true","20671","3666","Cajun Field","309","Louisiana","fbs","Sun Belt","17","7,0,0,10","0.07844404876232147","1648","1631","6","South Alabama","fbs","Sun Belt","20","0,7,3,10","0.9215559512376785","1450","1467","5.885817158533371","","",""
"401404004","2022","5","regular","2022-10-01T21:30:00.000Z","false","true","false","true","23021","3820","Gesa Field","265","Washington State","fbs","Pac-12","28","0,7,7,14","0.998417317867279","1641","1674","25","California","fbs","Pac-12","9","0,3,0,6","0.0015826821327209473","1536","1503","4.124506177805173","","",""
"401404161","2022","5","regular","2022-10-01T22:00:00.000Z","false","true","false","false","18368","3918","S.B. Ballard Stadium","295","Old Dominion","fbs","Sun Belt","24","14,3,7,0","0.11268582195043564","1363","1351","2335","Liberty","fbs","FBS Independents","38","14,7,10,7","0.8873141780495644","1570","1582","6.264185527060286","","",""
"401416612","2022","5","regular","2022-10-01T22:00:00.000Z","false","true","false","false","20119","3980","Waldo Stadium","2711","Western Michigan","fbs","Mid-American","44","21,7,3,13","0.9889342188835144","1377","1377","160","New Hampshire","fcs","CAA","7","0,7,0,0","0.011065781116485596","","","2.618416223365953","","",""
"401426573","2022","5","regular","2022-10-01T22:00:00.000Z","false","true","false","true","9547","4418","Jerry Richardson Stadium","2429","Charlotte","fbs","Conference USA","35","7,0,14,14","0.07094017416238785","1106","1111","2638","UTEP","fbs","Conference USA","41","7,17,10,7","0.9290598258376122","1322","1317","5.80420630676151","","",""
"401415627","2022","5","regular","2022-10-01T23:00:00.000Z","false","true","false","true","21111","3674","Chapman Stadium","202","Tulsa","fbs","American Athletic","21","7,7,7,0","0.06174497678875923","1502","1506","2132","Cincinnati","fbs","American Athletic","31","14,10,7,0","0.9382550232112408","1801","1797","5.270743698254111","","",""
"401403903","2022","5","regular","2022-10-01T23:00:00.000Z","false","true","false","true","87451","3785","Jordan-Hare Stadium","2","Auburn","fbs","SEC","17","7,10,0,0","0.5605270266532898","1559","1558","99","LSU","fbs","SEC","21","0,14,7,0","0.4394729733467102","1643","1644","5.650398184523114","","",""
"401426340","2022","5","regular","2022-10-01T23:00:00.000Z","false","true","false","true","18172","3625","Centennial Bank Stadium","2032","Arkansas State","fbs","Sun Belt","45","10,14,14,7","1","1246","1271","2433","UL Monroe","fbs","Sun Belt","28","7,7,7,7","0","1115","1090","3.9593600474627886","","",""
"401426337","2022","5","regular","2022-10-01T23:00:00.000Z","false","true","false","true","18756","3654","Brooks Stadium (SC)","324","Coastal Carolina","fbs","Sun Belt","34","7,0,7,20","0.9892002940177917","1676","1671","290","Georgia Southern","fbs","Sun Belt","30","0,7,10,13","0.010799705982208252","1398","1403","7.814557590033099","","",""
"401426578","2022","5","regular","2022-10-01T23:00:00.000Z","false","true","false","false","20168","3796","Houchens Industries-L.T. Smith Stadium","98","Western Kentucky","fbs","Conference USA","27","7,10,3,7","0.017622873187065125","1844","1789","2653","Troy","fbs","Sun Belt","34","10,3,7,14","0.9823771268129349","1372","1427","5.823637550942869","","",""
"401415230","2022","5","regular","2022-10-01T23:30:00.000Z","false","true","false","true","17765","3984","War Memorial Stadium","2751","Wyoming","fbs","Mountain West","16","3,7,6,0","0.05670841783285141","1405","1367","23","San José State","fbs","Mountain West","33","2,17,7,7","0.9432915821671486","1430","1468","5.218254320223005","","",""
"401426577","2022","5","regular","2022-10-01T23:30:00.000Z","false","true","false","true","21926","3895","Rice Stadium","242","Rice","fbs","Conference USA","28","7,0,14,7","0.4357900023460388","1211","1225","5","UAB","fbs","Conference USA","24","7,10,7,0","0.5642099976539612","1556","1542","5.667591814564622","","",""
"401404087","2022","5","regular","2022-10-01T23:30:00.000Z","false","true","false","true","100740","3910","DKR-Texas Memorial Stadium","251","Texas","fbs","Big 12","38","14,14,7,3","0.9893155097961426","1742","1759","277","West Virginia","fbs","Big 12","20","0,7,0,13","0.010684490203857422","1493","1476","2.28395963872311","","",""
"401411125","2022","5","regular","2022-10-01T23:30:00.000Z","false","true","false","true","81500","3836","Memorial Stadium (Clemson, SC)","228","Clemson","fbs","ACC","30","3,10,7,10","0.9902700781822205","1809","1816","152","NC State","fbs","ACC","20","3,7,3,7","0.009729921817779541","1659","1652","4.432600926064095","","",""
"401411126","2022","5","regular","2022-10-01T23:30:00.000Z","false","true","false","true","15152","3982","Wallace Wade Stadium","150","Duke","fbs","ACC","38","14,7,7,10","0.9969214200973511","1261","1336","258","Virginia","fbs","ACC","17","0,7,3,7","0.0030785799026489258","1481","1406","2.250699132273021","","",""
"401403907","2022","5","regular","2022-10-01T23:30:00.000Z","false","true","false","true","58165","3838","Memorial Stadium","142","Missouri","fbs","SEC","22","3,13,3,3","0.19929364323616028","1411","1443","61","Georgia","fbs","SEC","26","0,6,6,14","0.8007063567638397","2090","2058","4.818980944780097","","",""
"401405102","2022","5","regular","2022-10-01T23:30:00.000Z","false","true","false","true","86804","3834","Memorial Stadium (Lincoln, NE)","158","Nebraska","fbs","Big Ten","35","7,14,0,14","1","1523","1536","84","Indiana","fbs","Big Ten","21","0,21,0,0","0","1336","1323","5.635728485329588","","",""
"401426574","2022","5","regular","2022-10-02T00:00:00.000Z","false","true","false","false","10423","3601","Aggie Memorial Stadium","166","New Mexico State","fbs","FBS Independents","7","0,7,0,0","0.011435925029218197","1093","1040","2229","Florida International","fbs","Conference USA","21","7,14,0,0","0.9885640749707818","890","943","3.6658032241464547","","",""
"401411129","2022","5","regular","2022-10-02T00:00:00.000Z","false","true","false","true","46972","3752","Acrisure Stadium","221","Pittsburgh","fbs","ACC","21","0,7,0,14","0.34311819076538086","1695","1650","59","Georgia Tech","fbs","ACC","26","3,3,3,17","0.6568818092346191","1235","1280","6.643223628636267","","",""
"401404002","2022","5","regular","2022-10-02T01:30:00.000Z","false","true","false","true","36591","3619","Arizona Stadium","12","Arizona","fbs","Pac-12","43","13,13,10,7","0.9952825307846069","1319","1361","38","Colorado","fbs","Pac-12","20","7,6,7,0","0.004717469215393066","1189","1147","5.823946640987301","","",""
"401404003","2022","5","regular","2022-10-02T02:30:00.000Z","false","true","false","true","62133","477","Los Angeles Memorial Coliseum","30","USC","fbs","Pac-12","42","14,7,7,14","0.9765134453773499","1686","1708","9","Arizona State","fbs","Pac-12","25","7,10,0,8","0.023486554622650146","1527","1505","4.0114153982608745","","",""
"401404005","2022","5","regular","2022-10-02T03:00:00.000Z","false","true","false","true","52218","3626","Autzen Stadium","2483","Oregon","fbs","Pac-12","45","10,21,7,7","0.9589943289756775","1567","1585","24","Stanford","fbs","Pac-12","27","0,3,14,10","0.04100567102432251","1333","1315","3.540482397875601","","",""
"401403904","2022","5","regular","2022-10-02T16:00:00.000Z","false","true","false","false","72462","3634","Ben Hill Griffin Stadium","57","Florida","fbs","SEC","52","14,21,10,7","0.9879109859466553","1568","1568","331","Eastern Washington","fcs","Big Sky","17","3,0,0,14","0.012089014053344727","","","2.79504152516495","","Moved from Oct 1",""
"401415629","2022","6","regular","2022-10-05T23:00:00.000Z","false","true","false","true","27495","3652","FBC Mortgage Stadium","2116","UCF","fbs","American Athletic","41","3,7,14,17","0.9909791350364685","1618","1672","2567","SMU","fbs","American Athletic","19","7,6,0,6","0.009020864963531494","1628","1574","5.053760412531191","","Moved from Oct 1",""
"401405111","2022","6","regular","2022-10-07T23:00:00.000Z","false","true","false","true","53752","6577","SHI Stadium","164","Rutgers","fbs","Big Ten","13","10,3,0,0","0.6033892631530762","1329","1337","158","Nebraska","fbs","Big Ten","14","0,0,7,7","0.39661073684692383","1536","1528","4.778680632643973","","",""
"401415630","2022","6","regular","2022-10-07T23:30:00.000Z","false","true","false","true","28126","3805","Simmons Bank Liberty Stadium","235","Memphis","fbs","American Athletic","32","14,3,3,12","0.1842173933982849","1506","1505","248","Houston","fbs","American Athletic","33","0,7,0,26","0.8157826066017151","1514","1515","5.4112372632733985","","",""
"401415233","2022","6","regular","2022-10-08T02:30:00.000Z","false","true","false","true","18255","3816","Mackay Stadium","2440","Nevada","fbs","Mountain West","14","0,7,0,7","0.41048166155815125","1467","1448","36","Colorado State","fbs","Mountain West","17","14,0,0,3","0.5895183384418488","1246","1265","5.852481217534625","","",""
"401415236","2022","6","regular","2022-10-08T02:30:00.000Z","false","true","false","true","16669","3935","CEFCU Stadium","23","San José State","fbs","Mountain West","40","7,16,10,7","0.987175464630127","1468","1553","2439","UNLV","fbs","Mountain West","7","0,0,7,0","0.012824535369873047","1424","1339","2.05042154622476","","",""
"401416614","2022","6","regular","2022-10-08T16:00:00.000Z","false","true","false","true","10876","3980","Waldo Stadium","2711","Western Michigan","fbs","Mid-American","23","0,7,9,7","0.0006575762576097063","1366","1304","2199","Eastern Michigan","fbs","Mid-American","45","14,21,7,3","0.9993424237423902","1320","1382","4.7638886418","","",""
"401403914","2022","6","regular","2022-10-08T16:00:00.000Z","false","true","false","true","57849","3693","Davis Wade Stadium","344","Mississippi State","fbs","SEC","40","14,7,13,6","0.9668291211128235","1667","1722","8","Arkansas","fbs","SEC","17","0,10,7,0","0.033170878887176514","1658","1603","2.6927840201952953","","",""
"401404090","2022","6","regular","2022-10-08T16:00:00.000Z","false","true","true","true","92100","499","Cotton Bowl","201","Oklahoma","fbs","Big 12","0","0,0,0,0","0.014548488892614841","1721","1582","251","Texas","fbs","Big 12","49","7,21,14,7","0.9854515111073852","1759","1898","2.378093891475604","","",""
"401403910","2022","6","regular","2022-10-08T16:00:00.000Z","false","true","false","true","88471","3634","Ben Hill Griffin Stadium","57","Florida","fbs","SEC","24","10,0,7,7","0.7664141058921814","1569","1572","142","Missouri","fbs","SEC","17","0,10,0,7","0.2335858941078186","1443","1440","4.3159651252726094","","",""
"401404089","2022","6","regular","2022-10-08T16:00:00.000Z","false","true","false","true","47233","3833","Memorial Stadium","2305","Kansas","fbs","Big 12","31","0,3,21,7","0.08836402744054794","1357","1366","2628","TCU","fbs","Big 12","38","3,7,21,7","0.9116359725594521","1656","1647","8.194525902219036","","",""
"401405109","2022","6","regular","2022-10-08T16:00:00.000Z","false","true","false","true","36204","3665","SECU Stadium","120","Maryland","fbs","Big Ten","29","7,10,0,12","0.6472108960151672","1647","1645","2509","Purdue","fbs","Big Ten","31","3,14,0,14","0.35278910398483276","1666","1668","7.249629632244989","","",""
"401405108","2022","6","regular","2022-10-08T16:00:00.000Z","false","true","false","true","50805","3830","Memorial Stadium (Bloomington, IN)","84","Indiana","fbs","Big Ten","10","7,3,0,0","0.01666112430393696","1323","1337","130","Michigan","fbs","Big Ten","31","10,0,7,14","0.983338875696063","2013","1999","5.301343363339425","","",""
"401416617","2022","6","regular","2022-10-08T16:00:00.000Z","false","true","false","true","8724","3700","Doyt L. Perry Stadium","189","Bowling Green","fbs","Mid-American","7","0,0,7,0","0.00573419313877821","1148","1092","2084","Buffalo","fbs","Mid-American","38","17,14,7,0","0.9942658068612218","1402","1458","2.752795325334606","","",""
"401403913","2022","6","regular","2022-10-08T16:00:00.000Z","false","true","false","true","102321","3958","Tiger Stadium (LA)","99","LSU","fbs","SEC","13","0,7,0,6","0.004979658871889114","1644","1593","2633","Tennessee","fbs","SEC","40","13,10,14,3","0.9950203411281109","1830","1881","3.634893754256527","","",""
"401411136","2022","6","regular","2022-10-08T16:00:00.000Z","false","true","false","true","38009","3923","Scott Stadium","258","Virginia","fbs","ACC","17","10,0,7,0","0.07364781945943832","1406","1382","97","Louisville","fbs","ACC","34","0,13,14,7","0.9263521805405617","1568","1592","4.892746219068443","","",""
"401426342","2022","6","regular","2022-10-08T18:00:00.000Z","false","true","false","true","20109","4246","Center Parc Stadium","2247","Georgia State","fbs","Sun Belt","41","13,14,7,7","1","1476","1483","290","Georgia Southern","fbs","Sun Belt","33","7,10,13,3","0","1403","1396","4.6453429679946385","","",""
"401416616","2022","6","regular","2022-10-08T18:00:00.000Z","false","true","false","true","23108","3876","Peden Stadium","195","Ohio","fbs","Mid-American","55","14,14,20,7","1","1265","1285","2006","Akron","fbs","Mid-American","34","0,13,7,14","0","967","947","3.112361146339869","","",""
"401415633","2022","6","regular","2022-10-08T18:30:00.000Z","false","true","false","true","38577","3854","Nippert Stadium","2132","Cincinnati","fbs","American Athletic","28","7,7,7,7","0.4897131025791168","1797","1784","58","South Florida","fbs","American Athletic","24","10,7,0,7","0.5102868974208832","1167","1180","6.452286374119691","","",""
"401415631","2022","6","regular","2022-10-08T19:30:00.000Z","false","true","false","true","14193","4729","Yulman Stadium","2655","Tulane","fbs","American Athletic","24","0,14,7,3","0.960949182510376","1497","1532","151","East Carolina","fbs","American Athletic","9","3,6,0,0","0.03905081748962402","1539","1504","4.568906124762369","","",""
"401426581","2022","6","regular","2022-10-08T19:30:00.000Z","false","true","false","true","23694","7221","Protective Stadium","5","UAB","fbs","Conference USA","41","21,17,3,0","0.9953934550285339","1542","1594","2393","Middle Tennessee","fbs","Conference USA","14","7,0,7,0","0.0046065449714660645","1384","1332","3.0140911901828096","","",""
"401403911","2022","6","regular","2022-10-08T19:30:00.000Z","false","true","false","true","92746","3917","Sanford Stadium","61","Georgia","fbs","SEC","42","0,14,7,21","0.970180094242096","2058","2087","2","Auburn","fbs","SEC","10","0,0,3,7","0.029819905757904053","1558","1529","2.53556046732217","","",""
"401416615","2022","6","regular","2022-10-08T19:30:00.000Z","false","true","false","true","12682","3764","Huskie Stadium","2459","Northern Illinois","fbs","Mid-American","32","7,0,0,25","0.004851408302783966","1355","1323","2649","Toledo","fbs","Mid-American","52","21,14,10,7","0.995148591697216","1522","1554","3.6620246534527214","","",""
"401411135","2022","6","regular","2022-10-08T19:30:00.000Z","false","true","false","true","54677","3752","Acrisure Stadium","221","Pittsburgh","fbs","ACC","45","7,10,14,14","0.9432095885276794","1650","1656","259","Virginia Tech","fbs","ACC","29","6,10,7,6","0.05679041147232056","1325","1319","5.775210138367437","","",""
"401405107","2022","6","regular","2022-10-08T19:30:00.000Z","false","true","false","true","32121","3911","Ryan Field","77","Northwestern","fbs","Big Ten","7","0,0,0,7","0.005456159822642803","1368","1308","275","Wisconsin","fbs","Big Ten","42","7,21,0,14","0.9945438401773572","1692","1752","2.3682057314258365","","",""
"401415632","2022","6","regular","2022-10-08T19:30:00.000Z","false","true","false","true","","3852","Navy-Marine Corps Memorial Stadium","2426","Navy","fbs","American Athletic","53","10,26,10,7","0.985424816608429","1364","1471","202","Tulsa","fbs","American Athletic","21","7,7,0,7","0.014575183391571045","1506","1399","2.8964394878848765","","",""
"401416618","2022","6","regular","2022-10-08T19:30:00.000Z","false","true","false","true","14366","3996","Yager Stadium","193","Miami (OH)","fbs","Mid-American","27","17,0,10,0","0.9761859234887764","1452","1451","2309","Kent State","fbs","Mid-American","24","0,7,7,10","0.02381407651122358","1313","1314","5.7942140989","","",""
"401404164","2022","6","regular","2022-10-08T19:30:00.000Z","false","true","false","true","11217","3985","Warren McGuirk Alumni Stadium","113","Massachusetts","fbs","FBS Independents","24","7,3,0,14","0.03213568404316902","888","908","2335","Liberty","fbs","FBS Independents","42","0,21,14,7","0.967864315956831","1582","1562","5.8184398842690666","","",""
"401416613","2022","6","regular","2022-10-08T19:30:00.000Z","false","true","false","true","22305","3786","Kelly/Shorts Stadium","2117","Central Michigan","fbs","Mid-American","16","10,0,6,0","0.460417240858078","1415","1408","2050","Ball State","fbs","Mid-American","17","0,7,7,3","0.539582759141922","1294","1301","6.868252348651656","","",""
"401404011","2022","6","regular","2022-10-08T19:30:00.000Z","false","true","false","true","42038","1056","Rose Bowl","26","UCLA","fbs","Pac-12","42","7,7,14,14","0.9884092211723328","1712","1742","254","Utah","fbs","Pac-12","32","0,10,8,14","0.011590778827667236","1886","1856","5.042747833857758","","",""
"401404091","2022","6","regular","2022-10-08T19:30:00.000Z","false","true","false","true","55509","3646","Boone Pickens Stadium","197","Oklahoma State","fbs","Big 12","41","17,3,14,7","0.7791882157325745","1824","1821","2641","Texas Tech","fbs","Big 12","31","14,10,7,0","0.22081178426742554","1519","1522","8.581445099842886","","",""
"401403915","2022","6","regular","2022-10-08T20:00:00.000Z","false","true","false","true","31567","3973","FirstBank Stadium","238","Vanderbilt","fbs","SEC","28","3,17,0,8","0.013502526096999645","1358","1338","145","Ole Miss","fbs","SEC","52","3,14,21,14","0.9864974739030004","1746","1766","4.9201688483212385","","",""
"401411132","2022","6","regular","2022-10-08T20:00:00.000Z","false","true","false","true","32041","721","Bobby Dodd Stadium","59","Georgia Tech","fbs","ACC","23","3,7,7,3,3","0.8822832703590393","1280","1282","150","Duke","fbs","ACC","20","0,3,3,14,0","0.1177167296409607","1336","1334","6.5044521258759085","","",""
"401411133","2022","6","regular","2022-10-08T20:00:00.000Z","false","true","false","true","","3948","Hard Rock Stadium","2390","Miami","fbs","ACC","24","0,17,0,7","0.5907675623893738","1533","1534","153","North Carolina","fbs","ACC","27","7,14,3,3","0.4092324376106262","1622","1621","6.2205579918131395","","",""
"401405110","2022","6","regular","2022-10-08T20:00:00.000Z","false","true","false","true","72809","3936","Spartan Stadium","127","Michigan State","fbs","Big Ten","20","7,6,0,7","0.02107343263924122","1580","1565","194","Ohio State","fbs","Big Ten","49","14,21,14,0","0.9789265673607588","2150","2165","3.7047478804045304","","",""
"401404009","2022","6","regular","2022-10-08T20:00:00.000Z","false","true","false","true","39244","3947","Mountain America Stadium","9","Arizona State","fbs","Pac-12","45","3,21,14,7","1","1505","1521","264","Washington","fbs","Pac-12","38","7,10,14,7","0","1616","1600","6.071560974258225","","",""
"401426582","2022","6","regular","2022-10-08T22:00:00.000Z","false","true","false","true","22328","3604","Alamodome","2636","UTSA","fbs","Conference USA","31","7,10,7,7","0.969396710395813","1518","1523","98","Western Kentucky","fbs","Conference USA","28","7,7,0,14","0.03060328960418701","1789","1784","5.564872799625967","","",""
"401415234","2022","6","regular","2022-10-08T23:00:00.000Z","false","true","false","true","14226","3971","University Stadium (NM)","167","New Mexico","fbs","Mountain West","14","14,0,0,0","0.1157885417342186","1196","1183","2751","Wyoming","fbs","Mountain West","27","0,7,10,10","0.8842114582657814","1367","1380","4.738720275442578","","",""
"401426345","2022","6","regular","2022-10-08T23:00:00.000Z","false","true","false","true","25613","3644","Bobcat Stadium (TX)","326","Texas State","fbs","Sun Belt","36","7,17,9,3","0.9880225658416748","1202","1263","2026","App State","fbs","Sun Belt","24","0,3,7,14","0.011977434158325195","1628","1567","2.638017267413003","","",""
"401415231","2022","6","regular","2022-10-08T23:00:00.000Z","false","true","false","true","19105","3905","Maverik Stadium","328","Utah State","fbs","Mountain West","34","10,3,7,14","0.9521238803863525","1414","1444","2005","Air Force","fbs","Mountain West","27","7,7,3,10","0.04787611961364746","1739","1709","5.526608159131398","","",""
"401426580","2022","6","regular","2022-10-08T23:00:00.000Z","false","true","false","true","16375","3776","Joe Aillet Stadium","2348","Louisiana Tech","fbs","Conference USA","41","20,10,0,11","1","1187","1214","2638","UTEP","fbs","Conference USA","31","3,7,0,21","0","1317","1290","3.3116474093140873","","",""
"401426346","2022","6","regular","2022-10-08T23:00:00.000Z","false","true","false","true","26017","3975","Veterans Memorial Stadium (AL)","2653","Troy","fbs","Sun Belt","27","3,7,7,10","1","1427","1450","2572","Southern Miss","fbs","Sun Belt","10","0,7,3,0","0","1275","1252","4.456756637936563","","",""
"401426343","2022","6","regular","2022-10-08T23:00:00.000Z","false","true","false","true","20083","3625","Centennial Bank Stadium","2032","Arkansas State","fbs","Sun Belt","20","0,3,10,7","0.0006478376600676261","1271","1239","256","James Madison","fbs","Sun Belt","42","0,14,7,21","0.9993521623399324","1496","1528","3.111529359","","",""
"401426579","2022","6","regular","2022-10-08T23:00:00.000Z","false","true","false","false","","218","FIU Stadium","2229","Florida International","fbs","Conference USA","12","0,0,10,2","0","943","899","41","UConn","fbs","FBS Independents","33","7,13,6,7","1","1029","1073","3.4463959237807718","","",""
"401411131","2022","6","regular","2022-10-08T23:30:00.000Z","false","true","false","true","42138","3615","Alumni Stadium (Chestnut Hill, MA)","103","Boston College","fbs","ACC","3","0,3,0,0","0.06442657858133316","1339","1317","228","Clemson","fbs","ACC","31","3,7,7,14","0.9355734214186668","1816","1838","4.1121570149549775","","",""
"401403912","2022","6","regular","2022-10-08T23:30:00.000Z","false","true","false","true","61612","3683","Kroger Field","96","Kentucky","fbs","SEC","14","0,7,0,7","0.029825899749994278","1712","1675","2579","South Carolina","fbs","SEC","24","7,0,10,7","0.9701741002500057","1533","1570","5.4287843901029635","","",""
"401405106","2022","6","regular","2022-10-08T23:30:00.000Z","false","true","false","true","44910","3832","Memorial Stadium (Champaign, IL)","356","Illinois","fbs","Big Ten","9","3,3,0,3","0.9584187269210815","1706","1707","2294","Iowa","fbs","Big Ten","6","3,3,0,0","0.04158127307891846","1701","1700","5.544399627736547","","",""
"401404138","2022","6","regular","2022-10-08T23:30:00.000Z","false","true","false","false","32524","3630","Allegacy Federal Credit Union Stadium","154","Wake Forest","fbs","ACC","45","14,7,17,7","0.9994871616363525","1679","1751","349","Army","fbs","FBS Independents","10","0,0,0,10","0.0005128383636474609","1476","1404","2.5315899660489536","","",""
"401404088","2022","6","regular","2022-10-08T23:30:00.000Z","false","true","false","true","60561","3772","Jack Trice Stadium","66","Iowa State","fbs","Big 12","9","3,3,3,0","0.04902343824505806","1782","1776","2306","Kansas State","fbs","Big 12","10","7,0,0,3","0.9509765617549419","1680","1686","5.043917638738705","","",""
"401404012","2022","6","regular","2022-10-08T23:30:00.000Z","false","true","false","true","63204","477","Los Angeles Memorial Coliseum","30","USC","fbs","Pac-12","30","10,7,7,6","0.9637287259101868","1708","1739","265","Washington State","fbs","Pac-12","14","0,14,0,0","0.03627127408981323","1674","1643","4.709762295615821","","",""
"401404127","2022","6","regular","2022-10-08T23:30:00.000Z","false","true","true","true","62742","6501","Allegiant Stadium","87","Notre Dame","fbs","FBS Independents","28","3,15,7,3","0.97029048204422","1790","1797","252","BYU","fbs","FBS Independents","20","6,0,7,7","0.02970951795578003","1636","1629","3.9855365621404064","","",""
"401426344","2022","6","regular","2022-10-09T00:00:00.000Z","false","true","false","true","18448","3817","Malone Stadium","2433","UL Monroe","fbs","Sun Belt","21","7,7,7,0","0.3301374316215515","1090","1117","324","Coastal Carolina","fbs","Sun Belt","28","14,14,0,0","0.6698625683784485","1671","1644","6.3378387019368345","","",""
"401411134","2022","6","regular","2022-10-09T00:00:00.000Z","false","true","false","true","56919","3670","Carter-Finley Stadium","152","NC State","fbs","ACC","19","3,0,10,6","0.6401042938232422","1652","1651","52","Florida State","fbs","ACC","17","0,17,0,0","0.3598957061767578","1564","1565","5.785908605257729","","",""
"401403909","2022","6","regular","2022-10-09T00:00:00.000Z","false","true","false","true","100077","3657","Bryant-Denny Stadium","333","Alabama","fbs","SEC","24","0,17,7,0","0.9698603749275208","2190","2179","245","Texas A&M","fbs","SEC","20","0,14,3,3","0.030139625072479248","1658","1669","6.646669316735048","","",""
"401404008","2022","6","regular","2022-10-09T01:00:00.000Z","false","true","false","true","50800","3619","Arizona Stadium","12","Arizona","fbs","Pac-12","22","3,10,3,6","0.02211885154247284","1361","1314","2483","Oregon","fbs","Pac-12","49","7,21,21,0","0.9778811484575272","1585","1632","3.397149506600032","","",""
"401415232","2022","6","regular","2022-10-09T01:45:00.000Z","false","true","false","true","37663","3653","Albertsons Stadium","68","Boise State","fbs","Mountain West","40","7,13,7,13","0.9953909516334534","1582","1619","278","Fresno State","fbs","Mountain West","20","7,10,3,0","0.004609048366546631","1487","1450","4.051365465529985","","",""
"401415235","2022","6","regular","2022-10-09T02:30:00.000Z","false","true","false","true","33073","7311","Snapdragon Stadium","21","San Diego State","fbs","Mountain West","16","0,3,7,6","0.8673025780783628","1388","1385","62","Hawai'i","fbs","Mountain West","14","0,0,7,7","0.13269742192163725","1090","1093","4.1413785143","","",""
"401404010","2022","6","regular","2022-10-09T03:00:00.000Z","false","true","false","true","32482","3940","Stanford Stadium","24","Stanford","fbs","Pac-12","27","7,10,7,3","0.06105782464146614","1315","1325","204","Oregon State","fbs","Pac-12","28","0,7,3,18","0.9389421753585339","1559","1549","6.020558138822473","","",""
"401426347","2022","7","regular","2022-10-12T23:30:00.000Z","false","true","false","true","19905","3775","Joan C. Edwards Stadium","276","Marshall","fbs","Sun Belt","13","0,7,0,6","0.3791927695274353","1539","1526","309","Louisiana","fbs","Sun Belt","23","3,0,13,7","0.6208072304725647","1631","1644","4.845963845836665","","",""
"401415634","2022","7","regular","2022-10-13T23:00:00.000Z","false","true","false","true","41729","3652","FBC Mortgage Stadium","2116","UCF","fbs","American Athletic","70","14,21,21,14","0.9911304116249084","1672","1767","218","Temple","fbs","American Athletic","13","10,3,0,0","0.008869588375091553","1092","997","3.3534670900024115","","",""
"401404092","2022","7","regular","2022-10-13T23:00:00.000Z","false","true","false","true","45293","3842","Milan Puskar Stadium","277","West Virginia","fbs","Big 12","43","7,10,14,12","0.3849518597126007","1476","1481","239","Baylor","fbs","Big 12","40","3,21,7,9","0.6150481402873993","1733","1728","6.866542701473061","","",""
"401415635","2022","7","regular","2022-10-14T23:30:00.000Z","false","true","false","true","24583","3735","Gerald J. Ford Stadium","2567","SMU","fbs","American Athletic","40","10,3,20,7","0.9347970485687256","1574","1576","2426","Navy","fbs","American Athletic","34","0,7,7,20","0.06520295143127441","1471","1469","4.70193827672442","","",""
"401426584","2022","7","regular","2022-10-15T00:00:00.000Z","false","true","false","true","14122","218","FIU Stadium","2229","Florida International","fbs","Conference USA","10","0,3,0,7","0.003886427031829953","899","910","2636","UTSA","fbs","Conference USA","30","0,17,7,6","0.99611357296817","1523","1512","3.9914744528595367","","",""
"401404094","2022","7","regular","2022-10-15T16:00:00.000Z","false","true","false","true","83874","3835","Memorial Stadium (Norman, OK)","201","Oklahoma","fbs","Big 12","52","14,21,14,3","0.6592330467853718","1582","1584","2305","Kansas","fbs","Big 12","42","14,7,7,14","0.34076695321462824","1366","1364","4.9827436989","","",""
"401416619","2022","7","regular","2022-10-15T16:00:00.000Z","false","true","false","true","14814","3768","InfoCision Stadium","2006","Akron","fbs","Mid-American","21","7,0,7,7","0.006037510403887617","947","966","2117","Central Michigan","fbs","Mid-American","28","7,7,7,7","0.9939624895961123","1408","1389","6.1496615565","","",""
"401404139","2022","7","regular","2022-10-15T16:00:00.000Z","false","true","false","false","28896","3841","Michie Stadium","349","Army","fbs","FBS Independents","42","14,14,14,0","0.9896908402442932","1398","1398","2142","Colgate","fcs","Patriot","17","10,7,0,0","0.010309159755706787","","","3.3359862222861674","","",""
"401405115","2022","7","regular","2022-10-15T16:00:00.000Z","false","true","false","true","110812","3558","Michigan Stadium","130","Michigan","fbs","Big Ten","41","6,10,15,10","0.9980757832527161","1999","2037","213","Penn State","fbs","Big Ten","17","0,14,3,0","0.0019242167472839355","1804","1766","4.004786482546538","","",""
"401416622","2022","7","regular","2022-10-15T16:00:00.000Z","false","true","false","true","7841","3700","Doyt L. Perry Stadium","189","Bowling Green","fbs","Mid-American","17","0,7,3,7","0.9922307133674622","1092","1107","193","Miami (OH)","fbs","Mid-American","13","3,7,3,0","0.007769286632537842","1451","1436","5.5823608476742725","","",""
"401426348","2022","7","regular","2022-10-15T16:00:00.000Z","false","true","false","true","16814","3654","Brooks Stadium (SC)","324","Coastal Carolina","fbs","Sun Belt","21","0,7,7,7","0","1644","1526","295","Old Dominion","fbs","Sun Belt","49","7,7,21,14","1","1351","1469","5.031168911189235","","",""
"401403920","2022","7","regular","2022-10-15T16:00:00.000Z","false","true","false","true","65243","3974","Vaught-Hemingway Stadium","145","Ole Miss","fbs","SEC","48","14,14,10,10","0.8644012808799744","1766","1775","2","Auburn","fbs","SEC","34","0,17,14,3","0.13559871912002563","1529","1520","4.0822972831720605","","",""
"401405112","2022","7","regular","2022-10-15T16:00:00.000Z","false","true","false","true","45683","3832","Memorial Stadium (Champaign, IL)","356","Illinois","fbs","Big Ten","26","7,6,7,6","0.9800713062286377","1707","1736","135","Minnesota","fbs","Big Ten","14","0,7,7,0","0.019928693771362305","1784","1755","3.7122508098674256","","",""
"401404093","2022","7","regular","2022-10-15T16:00:00.000Z","false","true","false","true","100072","3910","DKR-Texas Memorial Stadium","251","Texas","fbs","Big 12","24","0,14,3,7","0.8687171339988708","1898","1897","66","Iowa State","fbs","Big 12","21","7,0,7,7","0.13128286600112915","1776","1777","5.7833144906435265","","",""
"401411140","2022","7","regular","2022-10-15T16:30:00.000Z","false","true","false","true","65632","3799","Lane Stadium","259","Virginia Tech","fbs","ACC","14","0,0,0,14","0.03227633982896805","1319","1323","2390","Miami","fbs","ACC","20","10,7,3,0","0.967723660171032","1534","1530","3.1868694038318663","","",""
"401414783","2022","7","regular","2022-10-15T17:00:00.000Z","false","true","false","false","13378","3985","Warren McGuirk Alumni Stadium","113","Massachusetts","fbs","FBS Independents","7","0,7,0,0","0.10330689698457718","908","896","2084","Buffalo","fbs","Mid-American","34","3,21,3,7","0.8966931030154228","1458","1470","3.0357152786916846","","",""
"401404153","2022","7","regular","2022-10-15T18:00:00.000Z","false","true","false","false","10006","3919","Scheumann Stadium","2050","Ball State","fbs","Mid-American","25","7,3,3,12","0.6510652303695679","1301","1297","41","UConn","fbs","FBS Independents","21","7,14,0,0","0.34893476963043213","1073","1077","6.312872429535248","","",""
"401404014","2022","7","regular","2022-10-15T18:00:00.000Z","false","true","false","true","50471","3726","Folsom Field","38","Colorado","fbs","Pac-12","20","0,3,0,10,7","0.7362708449363708","1147","1179","25","California","fbs","Pac-12","13","0,0,7,6,0","0.26372915506362915","1503","1471","7.486846094345557","","",""
"401403918","2022","7","regular","2022-10-15T19:30:00.000Z","false","true","false","true","92746","3917","Sanford Stadium","61","Georgia","fbs","SEC","55","14,14,6,21","0.9920355081558228","2087","2154","238","Vanderbilt","fbs","SEC","0","0,0,0,0","0.007964491844177246","1338","1271","1.818572377544368","","",""
"401405114","2022","7","regular","2022-10-15T19:30:00.000Z","false","true","false","true","41154","3830","Memorial Stadium (Bloomington, IN)","84","Indiana","fbs","Big Ten","33","3,14,3,13","0.13434754312038422","1337","1349","120","Maryland","fbs","Big Ten","38","7,7,10,14","0.8656524568796158","1645","1633","8.325486309920716","","",""
"401411139","2022","7","regular","2022-10-15T19:30:00.000Z","false","true","false","true","49705","1964","JMA Wireless Dome","183","Syracuse","fbs","ACC","24","7,3,7,7","0.9948892593383789","1539","1581","152","NC State","fbs","ACC","9","3,0,3,3","0.005110740661621094","1651","1609","2.791077610274072","","",""
"401404095","2022","7","regular","2022-10-15T19:30:00.000Z","false","true","false","true","49594","3616","Amon G. Carter Stadium","2628","TCU","fbs","Big 12","43","7,6,3,14,7,6","0.757412314414978","1647","1650","197","Oklahoma State","fbs","Big 12","40","14,10,6,0,7,3","0.24258768558502197","1821","1818","7.060555641256308","","",""
"401416620","2022","7","regular","2022-10-15T19:30:00.000Z","false","true","false","true","15100","3912","Rynearson Stadium","2199","Eastern Michigan","fbs","Mid-American","10","7,0,3,0","0","1382","1293","2459","Northern Illinois","fbs","Mid-American","39","14,6,9,10","1","1323","1412","3.991165269867346","","",""
"401416621","2022","7","regular","2022-10-15T19:30:00.000Z","false","true","false","true","19139","3739","Glass Bowl","2649","Toledo","fbs","Mid-American","52","7,21,10,14","0.9689176678657532","1554","1580","2309","Kent State","fbs","Mid-American","31","21,10,0,0","0.031082332134246826","1314","1288","6.099714644507519","","",""
"401426583","2022","7","regular","2022-10-15T19:30:00.000Z","false","true","false","true","22101","7221","Protective Stadium","5","UAB","fbs","Conference USA","34","7,3,9,15","0.9931545257568359","1594","1584","2429","Charlotte","fbs","Conference USA","20","14,0,0,6","0.0068454742431640625","1111","1121","5.403001273822427","","",""
"401426587","2022","7","regular","2022-10-15T19:30:00.000Z","false","true","false","true","14806","3725","Johnny ""Red"" Floyd Stadium","2393","Middle Tennessee","fbs","Conference USA","17","7,3,0,7","0.19200120866298676","1332","1332","98","Western Kentucky","fbs","Conference USA","35","0,14,14,7","0.8079987913370132","1784","1784","4.672285286870616","","",""
"401403921","2022","7","regular","2022-10-15T19:30:00.000Z","false","true","false","true","101915","3853","Neyland Stadium","2633","Tennessee","fbs","SEC","52","21,7,6,18","0.34472736716270447","1881","1886","333","Alabama","fbs","SEC","49","7,13,15,14","0.6552726328372955","2179","2174","7.704624627020055","","",""
"401404162","2022","7","regular","2022-10-15T19:30:00.000Z","false","true","false","false","20924","3992","Williams Stadium (VA)","2335","Liberty","fbs","FBS Independents","21","7,7,0,7","0.6991063356399536","1609","1609","2241","Gardner-Webb","fcs","Big South","20","0,10,7,3","0.3008936643600464","","","6.660975429359244","","",""
"401403916","2022","7","regular","2022-10-15T19:30:00.000Z","false","true","false","false","63470","3801","LaVell Edwards Stadium","252","BYU","fbs","FBS Independents","35","13,8,14,0","0","1629","1585","8","Arkansas","fbs","SEC","52","7,24,14,7","1","1603","1647","6.874761304950564","","",""
"401416623","2022","7","regular","2022-10-15T19:30:00.000Z","false","true","false","true","20320","3980","Waldo Stadium","2711","Western Michigan","fbs","Mid-American","14","7,7,0,0","0.14073900878429413","1304","1255","195","Ohio","fbs","Mid-American","33","7,13,0,13","0.8592609912157059","1285","1334","5.312277974413089","","",""
"401426352","2022","7","regular","2022-10-15T19:30:00.000Z","false","true","false","true","23480","3975","Veterans Memorial Stadium (AL)","2653","Troy","fbs","Sun Belt","17","0,10,0,7","0.898383378982544","1450","1449","326","Texas State","fbs","Sun Belt","14","0,7,7,0","0.10161662101745605","1263","1264","4.797049042164722","","",""
"401405116","2022","7","regular","2022-10-15T20:00:00.000Z","false","true","false","true","72526","3936","Spartan Stadium","127","Michigan State","fbs","Big Ten","34","7,0,7,7,7,6","0.9120397567749023","1565","1582","275","Wisconsin","fbs","Big Ten","28","7,7,0,7,7,0","0.08796024322509766","1752","1735","7.838727850640613","","",""
"401426349","2022","7","regular","2022-10-15T20:00:00.000Z","false","true","false","true","18738","3608","Allen E. Paulson Stadium","290","Georgia Southern","fbs","Sun Belt","45","0,14,17,14","0.908363401889801","1396","1413","256","James Madison","fbs","Sun Belt","38","7,10,7,14","0.09163659811019897","1528","1511","8.959122185586883","","",""
"401426586","2022","7","regular","2022-10-15T20:00:00.000Z","false","true","false","true","16590","3825","DATCU Stadium","249","North Texas","fbs","Conference USA","47","14,13,7,13","0.8557466864585876","1325","1360","2348","Louisiana Tech","fbs","Conference USA","27","3,14,10,0","0.14425331354141235","1214","1179","3.4411899865920583","","",""
"401415636","2022","7","regular","2022-10-15T20:00:00.000Z","false","true","false","true","31053","3886","Raymond James Stadium","58","South Florida","fbs","American Athletic","31","7,7,10,7","0.1817656308412552","1180","1180","2655","Tulane","fbs","American Athletic","45","3,14,14,14","0.8182343691587448","1532","1532","5.147652997168077","","",""
"401404013","2022","7","regular","2022-10-15T21:30:00.000Z","false","true","false","true","63189","3765","Husky Stadium","264","Washington","fbs","Pac-12","49","7,14,21,7","0.8503261804580688","1600","1598","12","Arizona","fbs","Pac-12","39","7,7,10,15","0.14967381954193115","1314","1316","5.231086157266027","","",""
"401426585","2022","7","regular","2022-10-15T22:00:00.000Z","false","true","false","true","21465","3715","FAU Stadium","2226","Florida Atlantic","fbs","Conference USA","17","0,7,3,7","0.906947910785675","1372","1371","242","Rice","fbs","Conference USA","14","14,0,0,0","0.09305208921432495","1225","1226","5.303000689109655","","",""
"401415238","2022","7","regular","2022-10-15T23:00:00.000Z","false","true","false","true","35009","5388","Canvas Stadium","36","Colorado State","fbs","Mountain West","13","3,7,0,3","0.17099681496620178","1265","1270","328","Utah State","fbs","Mountain West","17","7,0,10,0","0.8290031850337982","1444","1439","6.156739096805924","","",""
"401426350","2022","7","regular","2022-10-15T23:00:00.000Z","false","true","false","true","15459","6526","Hancock Whitney Stadium","6","South Alabama","fbs","Sun Belt","41","10,7,17,7","0.937140703201294","1467","1458","2433","UL Monroe","fbs","Sun Belt","34","7,13,0,14","0.06285929679870605","1117","1126","5.234894644082099","","",""
"401426351","2022","7","regular","2022-10-15T23:00:00.000Z","false","true","false","true","27042","3815","M. M. Roberts Stadium","2572","Southern Miss","fbs","Sun Belt","20","0,7,0,13","0.6818082332611084","1252","1252","2032","Arkansas State","fbs","Sun Belt","19","7,3,9,0","0.3181917667388916","1239","1239","5.894983041624204","","",""
"401403917","2022","7","regular","2022-10-15T23:00:00.000Z","false","true","false","true","90585","3634","Ben Hill Griffin Stadium","57","Florida","fbs","SEC","35","14,7,0,14","0.16392432153224945","1572","1553","99","LSU","fbs","SEC","45","7,21,14,3","0.8360756784677505","1593","1612","5.4524103682380165","","",""
"401403919","2022","7","regular","2022-10-15T23:30:00.000Z","false","true","false","true","61451","3683","Kroger Field","96","Kentucky","fbs","SEC","27","0,3,10,14","0.995205283164978","1675","1696","344","Mississippi State","fbs","SEC","17","0,3,7,7","0.004794716835021973","1722","1701","4.954634029506994","","",""
"401405113","2022","7","regular","2022-10-15T23:30:00.000Z","false","true","false","true","61320","3907","Ross-Ade Stadium","2509","Purdue","fbs","Big Ten","43","10,17,7,9","0.9343201518058777","1668","1668","158","Nebraska","fbs","Big Ten","37","0,13,17,7","0.06567984819412231","1528","1528","5.06969011506844","","",""
"401415637","2022","7","regular","2022-10-15T23:30:00.000Z","false","true","false","true","38059","3699","Dowdy-Ficklen Stadium","151","East Carolina","fbs","American Athletic","47","0,13,7,10,7,6,2,2","0.7579657435417175","1504","1505","235","Memphis","fbs","American Athletic","45","7,10,3,10,7,6,2,0","0.24203425645828247","1505","1504","9.481921927283635","","",""
"401411138","2022","7","regular","2022-10-15T23:30:00.000Z","false","true","false","true","71098","3697","Doak Campbell Stadium","52","Florida State","fbs","ACC","28","7,7,0,14","0.0525861419737339","1565","1573","228","Clemson","fbs","ACC","34","7,17,10,0","0.9474138580262661","1838","1830","4.450176145293999","","",""
"401404016","2022","7","regular","2022-10-15T23:30:00.000Z","false","true","false","false","77622","3855","Notre Dame Stadium","87","Notre Dame","fbs","FBS Independents","14","0,0,7,7","0.18011853098869324","1797","1765","24","Stanford","fbs","Pac-12","16","7,3,3,3","0.8198814690113068","1325","1357","5.95085214157033","","",""
"401404017","2022","7","regular","2022-10-16T00:00:00.000Z","false","true","false","true","53609","587","Rice-Eccles Stadium","254","Utah","fbs","Pac-12","43","7,14,7,15","0.7723453044891357","1856","1853","30","USC","fbs","Pac-12","42","14,14,7,7","0.22765469551086426","1739","1742","7.44007538756347","","",""
"401409239","2022","7","regular","2022-10-16T00:00:00.000Z","false","true","false","false","","3601","Aggie Memorial Stadium","166","New Mexico State","fbs","FBS Independents","21","7,0,14,0","0.9892666339874268","1040","1075","167","New Mexico","fbs","Mountain West","9","3,3,0,3","0.010733366012573242","1183","1148","4.016470187414873","","",""
"401411137","2022","7","regular","2022-10-16T00:00:00.000Z","false","true","false","true","40004","3982","Wallace Wade Stadium","150","Duke","fbs","ACC","35","7,14,0,14","0.2841387093067169","1334","1346","153","North Carolina","fbs","ACC","38","10,7,14,7","0.7158612906932831","1621","1609","7.266685808905256","","",""
"401404015","2022","7","regular","2022-10-16T01:00:00.000Z","false","true","false","true","53609","3893","Reser Stadium","204","Oregon State","fbs","Pac-12","24","7,3,7,7","0.9894905686378479","1549","1586","265","Washington State","fbs","Pac-12","10","0,3,7,0","0.0105094313621521","1643","1606","3.09475635037613","","",""
"401415237","2022","7","regular","2022-10-16T02:30:00.000Z","false","true","false","true","23847","6501","Allegiant Stadium","2439","UNLV","fbs","Mountain West","7","0,7,0,0","0.1550985872745514","1339","1285","2005","Air Force","fbs","Mountain West","42","14,14,14,0","0.8449014127254486","1709","1763","2.6233337439850817","","",""
"401415239","2022","7","regular","2022-10-16T02:45:00.000Z","false","true","false","true","41031","3660","Valley Children's Stadium","278","Fresno State","fbs","Mountain West","17","0,7,7,3","0.661076545715332","1450","1466","23","San José State","fbs","Mountain West","10","0,10,0,0","0.33892345428466797","1553","1537","5.682874229882569","","",""
"401415240","2022","7","regular","2022-10-16T03:59:00.000Z","false","true","false","true","9231","7220","Clarence T.C. Ching Athletics Complex","62","Hawai'i","fbs","Mountain West","31","14,7,0,10","1","1093","1160","2440","Nevada","fbs","Mountain West","16","7,6,3,0","0","1448","1381","3.5775118250189215","","",""
"401426353","2022","8","regular","2022-10-19T23:30:00.000Z","false","true","false","true","31757","3792","Kidd Brewer Stadium","2026","App State","fbs","Sun Belt","42","0,7,21,14","0.9865931868553162","1567","1621","2247","Georgia State","fbs","Sun Belt","17","14,0,0,3","0.013406813144683838","1483","1429","4.258682737010781","","",""
"401426354","2022","8","regular","2022-10-20T23:30:00.000Z","false","true","false","true","","6526","Hancock Whitney Stadium","6","South Alabama","fbs","Sun Belt","6","0,3,0,3","0.4600561857223511","1458","1451","2653","Troy","fbs","Sun Belt","10","0,7,0,3","0.5399438142776489","1449","1456","5.745235788299161","","",""
"401411141","2022","8","regular","2022-10-20T23:30:00.000Z","false","true","false","true","29362","721","Bobby Dodd Stadium","59","Georgia Tech","fbs","ACC","9","6,3,0,0","0.1686311811208725","1282","1276","258","Virginia","fbs","ACC","16","7,6,3,0","0.8313688188791275","1382","1388","5.734669336485024","","",""
"401415638","2022","8","regular","2022-10-21T23:30:00.000Z","false","true","false","true","13607","3806","Lincoln Financial Field","218","Temple","fbs","American Athletic","16","10,0,0,6","0.2585597634315491","997","1007","202","Tulsa","fbs","American Athletic","27","0,14,0,13","0.7414402365684509","1399","1389","5.4110515000806725","","",""
"401426592","2022","8","regular","2022-10-22T00:00:00.000Z","false","true","false","true","16334","3796","Houchens Industries-L.T. Smith Stadium","98","Western Kentucky","fbs","Conference USA","20","0,10,10,0","0.9282137155532837","1784","1782","5","UAB","fbs","Conference USA","17","7,10,0,0","0.07178628444671631","1584","1586","6.126143176079244","","",""
"401411142","2022","8","regular","2022-10-22T16:00:00.000Z","false","true","false","true","81500","3836","Memorial Stadium (Clemson, SC)","228","Clemson","fbs","ACC","27","7,3,0,17","0.7051915526390076","1830","1826","183","Syracuse","fbs","ACC","21","7,14,0,0","0.29480844736099243","1581","1585","6.143101065850277","","",""
"401415641","2022","8","regular","2022-10-22T16:00:00.000Z","false","true","false","true","23566","3735","Gerald J. Ford Stadium","2567","SMU","fbs","American Athletic","27","0,14,0,13","0","1576","1584","2132","Cincinnati","fbs","American Athletic","29","10,10,9,0","1","1784","1776","5.078725720381719","","",""
"401405119","2022","8","regular","2022-10-22T16:00:00.000Z","false","true","false","true","104848","3861","Ohio Stadium","194","Ohio State","fbs","Big Ten","54","16,10,14,14","0.9468698501586914","2165","2233","2294","Iowa","fbs","Big Ten","10","7,3,0,0","0.053130149841308594","1700","1632","2.6479226262118654","","",""
"401404140","2022","8","regular","2022-10-22T16:00:00.000Z","false","true","false","false","30132","3841","Michie Stadium","349","Army","fbs","FBS Independents","48","7,7,17,17","0.9959345459938049","1404","1434","2433","UL Monroe","fbs","Sun Belt","24","3,14,0,7","0.004065454006195068","1126","1096","4.4566576725251785","","",""
"401403926","2022","8","regular","2022-10-22T16:00:00.000Z","false","true","false","false","101915","3853","Neyland Stadium","2633","Tennessee","fbs","SEC","65","21,31,6,7","0.9916463494300842","1910","1910","2630","UT Martin","fcs","OVC","24","7,0,7,10","0.008353650569915771","","","3.7221496619752417","","",""
"401416628","2022","8","regular","2022-10-22T16:00:00.000Z","false","true","false","true","20472","3696","Dix Stadium","2309","Kent State","fbs","Mid-American","33","0,21,9,3","0.9884682297706604","1288","1280","2006","Akron","fbs","Mid-American","27","7,10,7,3","0.0115317702293396","966","974","5.788769310693442","","",""
"401415640","2022","8","regular","2022-10-22T16:00:00.000Z","false","true","false","true","32443","3852","Navy-Marine Corps Memorial Stadium","2426","Navy","fbs","American Athletic","20","0,7,7,6","0.04529966413974762","1469","1430","248","Houston","fbs","American Athletic","38","14,7,10,7","0.9547003358602524","1515","1554","3.4176455708525117","","",""
"401404096","2022","8","regular","2022-10-22T16:00:00.000Z","false","true","false","true","45882","4727","McLane Stadium","239","Baylor","fbs","Big 12","35","14,14,0,7","1","1728","1724","2305","Kansas","fbs","Big 12","23","3,0,7,13","0","1364","1368","2.640102429230169","","",""
"401405121","2022","8","regular","2022-10-22T16:00:00.000Z","false","true","false","true","43255","6577","SHI Stadium","164","Rutgers","fbs","Big Ten","24","0,7,10,7","0.9392220096342243","1337","1347","84","Indiana","fbs","Big Ten","17","14,0,0,3","0.06077799036577569","1349","1339","7.9406322575","","",""
"401411144","2022","8","regular","2022-10-22T16:30:00.000Z","false","true","false","true","57421","3948","Hard Rock Stadium","2390","Miami","fbs","ACC","21","7,0,14,0","0.025011738762259483","1530","1443","150","Duke","fbs","ACC","45","0,17,7,21","0.9749882612377405","1346","1433","5.1107757094956785","","",""
"401416626","2022","8","regular","2022-10-22T17:00:00.000Z","false","true","false","true","14190","3965","UB Stadium","2084","Buffalo","fbs","Mid-American","34","0,7,3,24","0.7087422013282776","1470","1486","2649","Toledo","fbs","Mid-American","27","7,13,7,0","0.2912577986717224","1580","1564","5.563162713962564","","",""
"401416629","2022","8","regular","2022-10-22T17:00:00.000Z","false","true","false","true","14676","3786","Kelly/Shorts Stadium","2117","Central Michigan","fbs","Mid-American","18","3,0,7,8","0.009712033905088902","1389","1319","189","Bowling Green","fbs","Mid-American","34","7,10,0,17","0.9902879660949111","1107","1177","4.968172661854078","","",""
"401416625","2022","8","regular","2022-10-22T18:00:00.000Z","false","true","false","true","15922","3876","Peden Stadium","195","Ohio","fbs","Mid-American","24","7,3,7,7","0.9319502115249634","1334","1348","2459","Northern Illinois","fbs","Mid-American","17","0,6,11,0","0.06804978847503662","1412","1398","4.475146048217786","","",""
"401416624","2022","8","regular","2022-10-22T18:00:00.000Z","false","true","false","true","15698","3919","Scheumann Stadium","2050","Ball State","fbs","Mid-American","16","0,7,9,0","0.18625123798847198","1297","1290","2199","Eastern Michigan","fbs","Mid-American","20","0,10,0,10","0.813748762011528","1293","1300","7.209627643253442","","",""
"401404128","2022","8","regular","2022-10-22T18:30:00.000Z","false","true","false","false","73165","3855","Notre Dame Stadium","87","Notre Dame","fbs","FBS Independents","44","23,7,0,14","1","1765","1773","2439","UNLV","fbs","Mountain West","21","7,0,7,7","0","1285","1277","2.5260728869574813","","",""
"401426590","2022","8","regular","2022-10-22T19:00:00.000Z","false","true","false","true","18300","3776","Joe Aillet Stadium","2348","Louisiana Tech","fbs","Conference USA","41","10,0,17,8,6","0.13639949262142181","1179","1180","242","Rice","fbs","Conference USA","42","0,7,14,14,7","0.8636005073785782","1226","1225","7.63717872654794","","",""
"401404099","2022","8","regular","2022-10-22T19:00:00.000Z","false","true","false","true","56530","3784","Jones AT&T Stadium","2641","Texas Tech","fbs","Big 12","48","14,3,14,17","0.9843711853027344","1522","1626","277","West Virginia","fbs","Big 12","10","3,0,7,0","0.015628814697265625","1481","1377","2.81727546466184","","",""
"401426356","2022","8","regular","2022-10-22T19:30:00.000Z","false","true","false","true","20162","3918","S.B. Ballard Stadium","295","Old Dominion","fbs","Sun Belt","23","3,0,13,7","0.19220799207687378","1469","1456","290","Georgia Southern","fbs","Sun Belt","28","7,7,7,7","0.8077920079231262","1413","1426","5.293824589768927","","",""
"401426591","2022","8","regular","2022-10-22T19:30:00.000Z","false","true","false","true","27122","3604","Alamodome","2636","UTSA","fbs","Conference USA","31","0,3,7,21","0.9028531312942505","1512","1511","249","North Texas","fbs","Conference USA","27","6,0,7,14","0.09714686870574951","1360","1361","7.9725674016724755","","",""
"401426355","2022","8","regular","2022-10-22T19:30:00.000Z","false","true","false","true","26159","3651","Bridgeforth Stadium","256","James Madison","fbs","Sun Belt","12","12,0,0,0","0.40315139293670654","1511","1480","276","Marshall","fbs","Sun Belt","26","2,7,10,7","0.5968486070632935","1526","1557","6.414301153647476","","",""
"401404021","2022","8","regular","2022-10-22T19:30:00.000Z","false","true","false","true","59962","3626","Autzen Stadium","2483","Oregon","fbs","Pac-12","45","3,28,7,7","0.9524264335632324","1632","1674","26","UCLA","fbs","Pac-12","30","3,10,3,14","0.04757356643676758","1742","1700","3.3839802171165343","","",""
"401411145","2022","8","regular","2022-10-22T19:30:00.000Z","false","true","false","true","28530","3630","Allegacy Federal Credit Union Stadium","154","Wake Forest","fbs","ACC","43","7,14,15,7","0.9947858452796936","1751","1776","103","Boston College","fbs","ACC","15","3,6,6,0","0.0052141547203063965","1317","1292","4.265262981804032","","",""
"401415639","2022","8","regular","2022-10-22T19:30:00.000Z","false","true","false","true","30100","4729","Yulman Stadium","2655","Tulane","fbs","American Athletic","38","21,14,0,3","0.9496819972991943","1532","1547","235","Memphis","fbs","American Athletic","28","0,0,14,14","0.050318002700805664","1504","1489","2.644463522811281","","",""
"401405117","2022","8","regular","2022-10-22T19:30:00.000Z","false","true","false","true","","347","Camp Randall Stadium","275","Wisconsin","fbs","Big Ten","35","21,0,14,0","0.9925995469093323","1735","1750","2509","Purdue","fbs","Big Ten","24","0,3,7,14","0.007400453090667725","1668","1653","2.150686147799602","","",""
"401426588","2022","8","regular","2022-10-22T19:30:00.000Z","false","true","false","true","10576","4418","Jerry Richardson Stadium","2429","Charlotte","fbs","Conference USA","15","0,0,0,15","0","1121","1049","2229","Florida International","fbs","Conference USA","34","14,13,7,0","1","910","982","2.487546392364415","","",""
"401403923","2022","8","regular","2022-10-22T19:30:00.000Z","false","true","false","true","100821","3958","Tiger Stadium (LA)","99","LSU","fbs","SEC","45","3,14,7,21","0.9908092021942139","1612","1695","145","Ole Miss","fbs","SEC","20","14,6,0,0","0.009190797805786133","1775","1692","5.147260568172203","","",""
"401405118","2022","8","regular","2022-10-22T19:30:00.000Z","false","true","false","true","31418","3665","SECU Stadium","120","Maryland","fbs","Big Ten","31","0,10,14,7","0.841682493686676","1633","1625","77","Northwestern","fbs","Big Ten","24","7,10,0,7","0.15831750631332397","1308","1316","5.873539679965344","","",""
"401404098","2022","8","regular","2022-10-22T19:30:00.000Z","false","true","false","true","55509","3646","Boone Pickens Stadium","197","Oklahoma State","fbs","Big 12","41","10,14,3,14","0.8442836403846741","1818","1832","251","Texas","fbs","Big 12","34","14,17,3,0","0.15571635961532593","1897","1883","8.0427244155103","","",""
"401404163","2022","8","regular","2022-10-22T19:30:00.000Z","false","true","false","true","24012","3992","Williams Stadium (VA)","2335","Liberty","fbs","FBS Independents","41","3,17,14,7","0.9985703825950623","1562","1635","252","BYU","fbs","FBS Independents","14","14,0,0,0","0.0014296174049377441","1585","1512","3.8206986798541274","","",""
"401416627","2022","8","regular","2022-10-22T19:30:00.000Z","false","true","false","true","21618","3996","Yager Stadium","193","Miami (OH)","fbs","Mid-American","10","3,0,0,7","0.19362282752990723","1436","1411","2711","Western Michigan","fbs","Mid-American","16","0,6,10,0","0.8063771724700928","1255","1280","3.731376869600989","","",""
"401403924","2022","8","regular","2022-10-22T20:00:00.000Z","false","true","false","true","60618","3838","Memorial Stadium","142","Missouri","fbs","SEC","17","7,10,0,0","0.8169988989830017","1440","1439","238","Vanderbilt","fbs","SEC","14","0,0,7,7","0.1830011010169983","1271","1272","4.074231755701864","","",""
"401426589","2022","8","regular","2022-10-22T20:00:00.000Z","false","true","false","true","12796","3946","Sun Bowl","2638","UTEP","fbs","Conference USA","24","0,6,8,10","0.7925695776939392","1290","1292","2226","Florida Atlantic","fbs","Conference USA","21","0,7,7,7","0.2074304223060608","1371","1369","5.866499411193531","","",""
"401415242","2022","8","regular","2022-10-22T20:00:00.000Z","false","true","false","true","22843","5388","Canvas Stadium","36","Colorado State","fbs","Mountain West","17","0,3,7,7","0.8158396482467651","1270","1270","62","Hawai'i","fbs","Mountain West","13","3,10,0,0","0.18416035175323486","1160","1160","5.3861133370935015","","",""
"401404018","2022","8","regular","2022-10-22T20:00:00.000Z","false","true","false","true","25061","3940","Stanford Stadium","24","Stanford","fbs","Pac-12","15","6,0,3,6","0.2425408661365509","1357","1362","9","Arizona State","fbs","Pac-12","14","7,7,0,0","0.7574591338634491","1521","1516","6.893423907459501","","",""
"401426358","2022","8","regular","2022-10-22T21:00:00.000Z","false","true","false","true","16318","3644","Bobcat Stadium (TX)","326","Texas State","fbs","Sun Belt","14","0,7,0,7","0.07975254207849503","1264","1252","2572","Southern Miss","fbs","Sun Belt","20","3,10,0,7","0.920247457921505","1252","1264","6.086114447244224","","",""
"401426357","2022","8","regular","2022-10-22T21:00:00.000Z","false","true","false","true","15017","3666","Cajun Field","309","Louisiana","fbs","Sun Belt","38","10,14,14,0","0.9835959076881409","1644","1652","2032","Arkansas State","fbs","Sun Belt","18","0,9,3,6","0.01640409231185913","1239","1231","3.4833212049779547","","",""
"401415243","2022","8","regular","2022-10-22T22:30:00.000Z","false","true","false","true","14667","3971","University Stadium (NM)","167","New Mexico","fbs","Mountain West","9","3,3,3,0","0.17545978724956512","1148","1097","278","Fresno State","fbs","Mountain West","41","10,3,14,14","0.8245402127504349","1466","1517","3.2325926535548146","","",""
"401403922","2022","8","regular","2022-10-22T23:00:00.000Z","false","true","false","true","100077","3657","Bryant-Denny Stadium","333","Alabama","fbs","SEC","30","7,17,0,6","0.9300018548965454","2174","2185","344","Mississippi State","fbs","SEC","6","0,0,0,6","0.06999814510345459","1701","1690","3.833151863048854","","",""
"401415241","2022","8","regular","2022-10-22T23:00:00.000Z","false","true","false","true","25254","3713","Falcon Stadium","2005","Air Force","fbs","Mountain West","14","0,7,0,7","0.012522915378212929","1763","1744","68","Boise State","fbs","Mountain West","19","10,9,0,0","0.9874770846217871","1619","1638","3.557592801033148","","",""
"401405120","2022","8","regular","2022-10-22T23:30:00.000Z","false","true","false","true","109813","3632","Beaver Stadium","213","Penn State","fbs","Big Ten","45","0,17,21,7","0.988696813583374","1766","1838","135","Minnesota","fbs","Big Ten","17","3,7,0,7","0.011303186416625977","1755","1683","3.850232841432186","","",""
"401415642","2022","8","regular","2022-10-22T23:30:00.000Z","false","true","false","true","38245","3699","Dowdy-Ficklen Stadium","151","East Carolina","fbs","American Athletic","34","3,14,7,10","0.9630420207977295","1505","1585","2116","UCF","fbs","American Athletic","13","0,3,7,3","0.03695797920227051","1767","1687","3.2314423544445505","","",""
"401403925","2022","8","regular","2022-10-22T23:30:00.000Z","false","true","false","true","77837","3994","Williams-Brice Stadium","2579","South Carolina","fbs","SEC","30","17,0,7,6","1","1570","1582","245","Texas A&M","fbs","SEC","24","3,11,7,3","0","1669","1657","4.039487818171499","","",""
"401404020","2022","8","regular","2022-10-23T00:00:00.000Z","false","true","false","true","27679","3893","Reser Stadium","204","Oregon State","fbs","Pac-12","42","7,14,14,7","0.9943559765815735","1586","1628","38","Colorado","fbs","Pac-12","9","0,3,6,0","0.005644023418426514","1179","1137","2.2691434268576645","","",""
"401404097","2022","8","regular","2022-10-23T00:00:00.000Z","false","true","false","true","47881","3616","Amon G. Carter Stadium","2628","TCU","fbs","Big 12","38","10,7,14,7","0.9007188677787781","1650","1670","2306","Kansas State","fbs","Big 12","28","7,21,0,0","0.09928113222122192","1686","1666","5.797091478087455","","",""
"401411143","2022","8","regular","2022-10-23T00:00:00.000Z","false","true","false","true","41840","3873","L&N Federal Credit Union Stadium","97","Louisville","fbs","ACC","24","0,7,0,17","0.532082736492157","1592","1626","221","Pittsburgh","fbs","ACC","10","7,0,3,0","0.467917263507843","1656","1622","5.7580659559538185","","",""
"401415244","2022","8","regular","2022-10-23T01:45:00.000Z","false","true","false","true","21420","3984","War Memorial Stadium","2751","Wyoming","fbs","Mountain West","28","7,10,3,8","0.9947662353515625","1380","1414","328","Utah State","fbs","Mountain West","14","0,7,7,0","0.0052337646484375","1439","1405","3.839613338289258","","",""
"401404019","2022","8","regular","2022-10-23T02:30:00.000Z","false","true","false","true","34601","3831","California Memorial Stadium","25","California","fbs","Pac-12","21","0,0,14,7","0.13066866993904114","1471","1467","264","Washington","fbs","Pac-12","28","6,0,8,14","0.8693313300609589","1598","1602","5.522353108091269","","",""
"401415245","2022","8","regular","2022-10-23T02:30:00.000Z","false","true","false","true","16363","3816","Mackay Stadium","2440","Nevada","fbs","Mountain West","7","0,7,0,0","0.004295832011848688","1381","1343","21","San Diego State","fbs","Mountain West","23","10,3,10,0","0.9957041679881513","1385","1423","4.238466089848785","","",""
"401411146","2022","9","regular","2022-10-27T23:30:00.000Z","false","true","false","true","56919","3670","Carter-Finley Stadium","152","NC State","fbs","ACC","22","0,3,7,12","0.4325368683082479","1609","1601","259","Virginia Tech","fbs","ACC","21","0,0,21,0","0.5674631316917521","1323","1331","7.6057577502","","",""
"401426359","2022","9","regular","2022-10-27T23:30:00.000Z","false","true","false","true","27332","3815","M. M. Roberts Stadium","2572","Southern Miss","fbs","Sun Belt","39","20,9,0,10","1","1264","1334","309","Louisiana","fbs","Sun Belt","24","5,6,6,7","0","1652","1582","3.238566906809264","","",""
"401404026","2022","9","regular","2022-10-28T02:00:00.000Z","false","true","false","true","21179","3820","Gesa Field","265","Washington State","fbs","Pac-12","17","0,7,0,10","0.09230661392211914","1606","1615","254","Utah","fbs","Pac-12","21","0,14,7,0","0.9076933860778809","1853","1844","5.755183510844072","","",""
"401415645","2022","9","regular","2022-10-29T00:00:00.000Z","false","true","false","false","55525","3801","LaVell Edwards Stadium","252","BYU","fbs","FBS Independents","24","3,14,7,0","0.09006563574075699","1512","1512","151","East Carolina","fbs","American Athletic","27","7,10,7,3","0.909934364259243","1585","1585","6.499414004043217","","",""
"401426594","2022","9","regular","2022-10-29T00:00:00.000Z","false","true","false","true","12478","218","FIU Stadium","2229","Florida International","fbs","Conference USA","42","7,14,3,3,7,8","0.1375877410173416","982","1007","2348","Louisiana Tech","fbs","Conference USA","34","10,7,0,10,7,0","0.8624122589826584","1180","1155","7.960745787388814","","",""
"401416631","2022","9","regular","2022-10-29T16:00:00.000Z","false","true","false","true","11749","3768","InfoCision Stadium","2006","Akron","fbs","Mid-American","9","0,3,0,6","0.07316700369119644","974","973","193","Miami (OH)","fbs","Mid-American","27","7,10,0,10","0.9268329963088036","1411","1412","3.049076148526407","","",""
"401416630","2022","9","regular","2022-10-29T16:00:00.000Z","false","true","false","true","14270","3912","Rynearson Stadium","2199","Eastern Michigan","fbs","Mid-American","24","7,10,7,0","0.7026916146278381","1300","1311","2649","Toledo","fbs","Mid-American","27","0,10,7,10","0.29730838537216187","1564","1553","6.045809474018639","","",""
"401404154","2022","9","regular","2022-10-29T16:00:00.000Z","false","true","false","false","25527","3892","Pratt & Whitney Stadium","41","UConn","fbs","FBS Independents","13","10,0,0,3","0.933329164981842","1077","1111","103","Boston College","fbs","ACC","3","0,3,0,0","0.06667083501815796","1292","1258","3.036701402081872","","",""
"401404129","2022","9","regular","2022-10-29T16:00:00.000Z","false","true","false","false","49861","1964","JMA Wireless Dome","183","Syracuse","fbs","ACC","24","7,0,10,7","0","1585","1563","87","Notre Dame","fbs","FBS Independents","41","7,14,3,17","1","1773","1795","5.660777720183154","","",""
"401411147","2022","9","regular","2022-10-29T16:00:00.000Z","false","true","false","true","61007","3697","Doak Campbell Stadium","52","Florida State","fbs","ACC","41","7,17,7,10","0.9540784358978271","1573","1604","59","Georgia Tech","fbs","ACC","16","3,0,7,6","0.04592156410217285","1276","1245","3.205363129054969","","",""
"401404100","2022","9","regular","2022-10-29T16:00:00.000Z","false","true","false","true","58716","3772","Jack Trice Stadium","66","Iowa State","fbs","Big 12","13","3,3,0,7","0.04574812203645706","1777","1725","201","Oklahoma","fbs","Big 12","27","3,10,7,7","0.9542518779635429","1584","1636","5.230608755141591","","",""
"401404103","2022","9","regular","2022-10-29T16:00:00.000Z","false","true","false","true","50426","3842","Milan Puskar Stadium","277","West Virginia","fbs","Big 12","31","7,14,3,7","0.016887394711375237","1377","1380","2628","TCU","fbs","Big 12","41","7,21,0,13","0.9831126052886248","1670","1667","7.312797158825549","","",""
"401405126","2022","9","regular","2022-10-29T16:00:00.000Z","false","true","false","true","108433","3632","Beaver Stadium","213","Penn State","fbs","Big Ten","31","0,14,0,17","0.010345942340791225","1838","1844","194","Ohio State","fbs","Big Ten","44","10,3,3,28","0.9896540576592088","2233","2227","7.311132828597035","","",""
"401415643","2022","9","regular","2022-10-29T16:00:00.000Z","false","true","false","true","24228","4728","TDECU Stadium","248","Houston","fbs","American Athletic","42","14,14,7,7","0.9838414788246155","1554","1554","58","South Florida","fbs","American Athletic","27","14,0,7,6","0.01615852117538452","1180","1180","4.456004028255191","","",""
"401403927","2022","9","regular","2022-10-29T16:00:00.000Z","false","true","false","true","83792","3785","Jordan-Hare Stadium","2","Auburn","fbs","SEC","27","3,10,0,14","0.035798005759716034","1520","1500","8","Arkansas","fbs","SEC","41","7,10,14,10","0.964201994240284","1647","1667","5.403340702554578","","",""
"401411150","2022","9","regular","2022-10-29T16:30:00.000Z","false","true","false","true","43714","3923","Scott Stadium","258","Virginia","fbs","ACC","12","0,0,3,3,3,3,0,0","0.3007046580314636","1388","1388","2390","Miami","fbs","ACC","14","0,3,0,3,3,3,0,2","0.6992953419685364","1443","1443","4.824086967777949","","",""
"401426593","2022","9","regular","2022-10-29T18:00:00.000Z","false","true","false","true","18187","3895","Rice Stadium","242","Rice","fbs","Conference USA","23","14,3,0,6","0.011252118274569511","1225","1104","2429","Charlotte","fbs","Conference USA","56","7,21,21,7","0.9887478817254305","1049","1170","4.615020552009499","","",""
"401405123","2022","9","regular","2022-10-29T18:30:00.000Z","false","true","false","true","49368","3953","Huntington Bank Stadium","135","Minnesota","fbs","Big Ten","31","0,14,0,17","0.9976087212562561","1683","1727","164","Rutgers","fbs","Big Ten","0","0,0,0,0","0.0023912787437438965","1347","1303","2.365880929722713","","",""
"401426361","2022","9","regular","2022-10-29T19:00:00.000Z","false","true","false","true","16203","4246","Center Parc Stadium","2247","Georgia State","fbs","Sun Belt","31","7,7,14,3","1","1429","1460","295","Old Dominion","fbs","Sun Belt","17","7,7,0,3","0","1456","1425","4.618435538017209","","",""
"401426597","2022","9","regular","2022-10-29T19:30:00.000Z","false","true","false","true","17194","3796","Houchens Industries-L.T. Smith Stadium","98","Western Kentucky","fbs","Conference USA","13","7,6,0,0","0.00042150262743234634","1782","1648","249","North Texas","fbs","Conference USA","40","17,3,0,20","0.9995784973725677","1361","1495","4.840870601013488","","",""
"401404102","2022","9","regular","2022-10-29T19:30:00.000Z","false","true","false","true","51133","3636","Bill Snyder Family Stadium","2306","Kansas State","fbs","Big 12","48","14,21,3,10","0.988904595375061","1666","1841","197","Oklahoma State","fbs","Big 12","0","0,0,0,0","0.011095404624938965","1832","1657","2.5796106697735985","","",""
"401404024","2022","9","regular","2022-10-29T19:30:00.000Z","false","true","false","true","37077","3831","California Memorial Stadium","25","California","fbs","Pac-12","24","3,7,0,14","0.004638168960809708","1467","1444","2483","Oregon","fbs","Pac-12","42","0,21,7,14","0.9953618310391903","1674","1697","4.450259423118035","","",""
"401411148","2022","9","regular","2022-10-29T19:30:00.000Z","false","true","false","true","39503","3873","L&N Federal Credit Union Stadium","97","Louisville","fbs","ACC","48","6,7,35,0","0.9926655888557434","1626","1715","154","Wake Forest","fbs","ACC","21","0,14,0,7","0.007334411144256592","1776","1687","5.257043747019776","","",""
"401405122","2022","9","regular","2022-10-29T19:30:00.000Z","false","true","false","true","69250","3793","Kinnick Stadium","2294","Iowa","fbs","Big Ten","33","10,10,3,10","0.9924783706665039","1632","1648","77","Northwestern","fbs","Big Ten","13","0,0,7,6","0.007521629333496094","1316","1300","2.464276451422937","","",""
"401405124","2022","9","regular","2022-10-29T19:30:00.000Z","false","true","false","true","86691","3834","Memorial Stadium (Lincoln, NE)","158","Nebraska","fbs","Big Ten","9","3,6,0,0","0.0014017082285135984","1528","1508","356","Illinois","fbs","Big Ten","26","6,14,3,3","0.9985982917714864","1736","1756","3.852531778944242","","",""
"401409242","2022","9","regular","2022-10-29T19:30:00.000Z","false","true","false","true","9274","3985","Warren McGuirk Alumni Stadium","113","Massachusetts","fbs","FBS Independents","13","3,10,0,0","0.22034963965415955","896","890","166","New Mexico State","fbs","FBS Independents","23","0,10,6,7","0.7796503603458405","1075","1081","4.754914104653927","","",""
"401426360","2022","9","regular","2022-10-29T19:30:00.000Z","false","true","false","false","32501","3792","Kidd Brewer Stadium","2026","App State","fbs","Sun Belt","42","14,7,14,7","0.9921911954879761","1647","1647","2523","Robert Morris","fcs","Big South","3","3,0,0,0","0.007808804512023926","","","2.9454776295623635","","",""
"401415644","2022","9","regular","2022-10-29T19:30:00.000Z","false","true","false","true","44313","3652","FBC Mortgage Stadium","2116","UCF","fbs","American Athletic","25","10,0,2,13","0.9720955491065979","1687","1693","2132","Cincinnati","fbs","American Athletic","21","0,6,7,8","0.0279044508934021","1776","1770","5.79718655672126","","",""
"401403928","2022","9","regular","2022-10-29T19:30:00.000Z","false","true","true","true","75868","3712","EverBank Stadium","61","Georgia","fbs","SEC","42","14,14,7,7","0.9545396566390991","2154","2155","57","Florida","fbs","SEC","20","0,3,17,0","0.04546034336090088","1553","1552","2.933072358258275","","",""
"401415646","2022","9","regular","2022-10-29T19:30:00.000Z","false","true","false","true","31141","3852","Navy-Marine Corps Memorial Stadium","2426","Navy","fbs","American Athletic","27","13,0,7,0,7","0.9403347969055176","1430","1418","218","Temple","fbs","American Athletic","20","0,3,7,10,0","0.05966520309448242","1007","1019","4.463282373232406","","",""
"401415647","2022","9","regular","2022-10-29T19:30:00.000Z","false","true","false","true","22993","3674","Chapman Stadium","202","Tulsa","fbs","American Athletic","34","7,0,13,14","0.1498156487941742","1389","1382","2567","SMU","fbs","American Athletic","45","14,10,21,0","0.8501843512058258","1584","1591","4.69323453109726","","",""
"401403929","2022","9","regular","2022-10-29T20:00:00.000Z","false","true","false","true","77578","3994","Williams-Brice Stadium","2579","South Carolina","fbs","SEC","10","0,7,3,0","0.0019320652354508638","1582","1538","142","Missouri","fbs","SEC","23","7,10,3,3","0.9980679347645491","1439","1483","4.347418059625964","","",""
"401426363","2022","9","regular","2022-10-29T20:00:00.000Z","false","true","false","true","11714","3625","Centennial Bank Stadium","2032","Arkansas State","fbs","Sun Belt","3","3,0,0,0","0.1325625330209732","1231","1181","6","South Alabama","fbs","Sun Belt","31","14,2,8,7","0.8674374669790268","1451","1501","3.783224537290493","","",""
"401426595","2022","9","regular","2022-10-29T23:00:00.000Z","false","true","false","true","16138","3715","FAU Stadium","2226","Florida Atlantic","fbs","Conference USA","24","10,0,14,0","0.6077708601951599","1369","1392","5","UAB","fbs","Conference USA","17","0,14,3,0","0.3922291398048401","1586","1563","4.721946466305363","","",""
"401403930","2022","9","regular","2022-10-29T23:00:00.000Z","false","true","false","true","101915","3853","Neyland Stadium","2633","Tennessee","fbs","SEC","44","7,20,10,7","0.9938032031059265","1886","1970","96","Kentucky","fbs","SEC","6","6,0,0,0","0.006196796894073486","1696","1612","2.1455720461183696","","",""
"401415246","2022","9","regular","2022-10-29T23:00:00.000Z","false","true","false","true","33895","3653","Albertsons Stadium","68","Boise State","fbs","Mountain West","49","14,14,21,0","0.9926350116729736","1638","1702","36","Colorado State","fbs","Mountain West","10","3,7,0,0","0.007364988327026367","1270","1206","2.009263231023485","","",""
"401426362","2022","9","regular","2022-10-29T23:00:00.000Z","false","true","false","true","24954","3775","Joan C. Edwards Stadium","276","Marshall","fbs","Sun Belt","13","0,10,3,0","0.13626412383702147","1557","1531","324","Coastal Carolina","fbs","Sun Belt","24","21,0,0,3","0.8637358761629785","1526","1552","4.569644802","","",""
"401404022","2022","9","regular","2022-10-29T23:00:00.000Z","false","true","false","true","44006","3619","Arizona Stadium","12","Arizona","fbs","Pac-12","37","10,3,16,8","0.08625347912311554","1316","1332","30","USC","fbs","Pac-12","45","10,7,14,14","0.9137465208768845","1742","1726","6.698688040917574","","",""
"401405125","2022","9","regular","2022-10-29T23:30:00.000Z","false","true","false","true","111083","3558","Michigan Stadium","130","Michigan","fbs","Big Ten","29","3,10,6,10","0.9852202534675598","2037","2045","127","Michigan State","fbs","Big Ten","7","7,0,0,0","0.014779746532440186","1582","1574","3.3387221974237025","","",""
"401404023","2022","9","regular","2022-10-29T23:30:00.000Z","false","true","false","true","40334","3726","Folsom Field","38","Colorado","fbs","Pac-12","34","3,14,3,14","0.02252837084233761","1137","1150","9","Arizona State","fbs","Pac-12","42","14,14,7,7","0.9774716291576624","1516","1503","4.515994466354722","","",""
"401404101","2022","9","regular","2022-10-29T23:30:00.000Z","false","true","false","true","60705","3784","Jones AT&T Stadium","2641","Texas Tech","fbs","Big 12","17","0,3,14,0","0","1626","1561","239","Baylor","fbs","Big 12","45","3,14,7,21","1","1724","1789","4.828104221407682","","",""
"401403931","2022","9","regular","2022-10-29T23:30:00.000Z","false","true","false","true","101084","3795","Kyle Field","245","Texas A&M","fbs","SEC","28","14,0,0,14","0.09631209820508957","1657","1655","145","Ole Miss","fbs","SEC","31","7,3,14,7","0.9036879017949104","1692","1694","6.30600813978382","","",""
"401411149","2022","9","regular","2022-10-30T00:00:00.000Z","false","true","false","true","50500","3787","Kenan Stadium","153","North Carolina","fbs","ACC","42","7,7,7,21","0.9651762843132019","1609","1651","221","Pittsburgh","fbs","ACC","24","7,10,7,0","0.034823715686798096","1622","1580","5.632721878877618","","",""
"401426596","2022","9","regular","2022-10-30T01:00:00.000Z","false","true","false","true","10727","3946","Sun Bowl","2638","UTEP","fbs","Conference USA","13","0,10,0,3","0.02717612497508526","1292","1272","2393","Middle Tennessee","fbs","Conference USA","24","10,0,7,7","0.9728238750249147","1332","1352","5.6501401411342815","","",""
"401415248","2022","9","regular","2022-10-30T02:30:00.000Z","false","true","false","true","37107","3660","Valley Children's Stadium","278","Fresno State","fbs","Mountain West","32","3,7,7,15","0.48589977622032166","1517","1517","21","San Diego State","fbs","Mountain West","28","7,14,7,0","0.5141002237796783","1423","1423","5.5915236789246","","",""
"401415249","2022","9","regular","2022-10-30T02:30:00.000Z","false","true","false","true","17117","3935","CEFCU Stadium","23","San José State","fbs","Mountain West","35","0,7,14,14","0.9812664985656738","1537","1536","2440","Nevada","fbs","Mountain West","28","7,7,7,7","0.018733501434326172","1343","1344","6.897474264959891","","",""
"401404025","2022","9","regular","2022-10-30T02:30:00.000Z","false","true","false","true","43850","1056","Rose Bowl","26","UCLA","fbs","Pac-12","38","14,10,7,7","0.9925931096076965","1700","1727","24","Stanford","fbs","Pac-12","13","3,3,0,7","0.007406890392303467","1362","1335","3.158882626077537","","",""
"401415247","2022","9","regular","2022-10-30T03:59:00.000Z","false","true","false","true","9346","7220","Clarence T.C. Ching Athletics Complex","62","Hawai'i","fbs","Mountain West","20","7,3,3,7","0.06138657405972481","1160","1166","2751","Wyoming","fbs","Mountain West","27","0,10,3,14","0.9386134259402752","1414","1408","5.328198450477231","","",""
"401416632","2022","10","regular","2022-11-01T23:00:00.000Z","false","true","false","true","6455","3696","Dix Stadium","2309","Kent State","fbs","Mid-American","20","13,0,0,7","0.23953093588352203","1280","1268","2050","Ball State","fbs","Mid-American","27","0,17,3,7","0.760469064116478","1290","1302","6.291993855714408","","",""
"401416633","2022","10","regular","2022-11-01T23:30:00.000Z","false","true","false","true","16401","3876","Peden Stadium","195","Ohio","fbs","Mid-American","45","17,7,7,14","0.9969789981842041","1348","1413","2084","Buffalo","fbs","Mid-American","24","0,10,14,0","0.0030210018157958984","1486","1421","3.23405741424918","","",""
"401416634","2022","10","regular","2022-11-02T23:00:00.000Z","false","true","false","true","6055","3764","Huskie Stadium","2459","Northern Illinois","fbs","Mid-American","22","0,0,7,15","0.1613599807024002","1398","1361","2117","Central Michigan","fbs","Mid-American","35","14,7,7,7","0.8386400192975998","1319","1356","4.191782061765973","","",""
"401416635","2022","10","regular","2022-11-02T23:00:00.000Z","false","true","false","true","7589","3700","Doyt L. Perry Stadium","189","Bowling Green","fbs","Mid-American","13","0,6,7,0","0.9047771096229553","1177","1183","2711","Western Michigan","fbs","Mid-American","9","0,0,6,3","0.09522289037704468","1280","1274","4.182506656345332","","",""
"401426601","2022","10","regular","2022-11-03T23:00:00.000Z","false","true","false","true","18326","3895","Rice Stadium","242","Rice","fbs","Conference USA","37","10,10,7,10","0.8300902247428894","1104","1124","2638","UTEP","fbs","Conference USA","30","7,10,3,10","0.1699097752571106","1272","1252","6.899605084630125","","",""
"401426364","2022","10","regular","2022-11-03T23:30:00.000Z","false","true","false","true","","3654","Brooks Stadium (SC)","324","Coastal Carolina","fbs","Sun Belt","35","14,7,0,14","0.9919304251670837","1552","1566","2026","App State","fbs","Sun Belt","28","7,7,0,14","0.00806957483291626","1621","1607","3.6422885731489916","","",""
"401411151","2022","10","regular","2022-11-04T23:00:00.000Z","false","true","false","true","34092","3615","Alumni Stadium (Chestnut Hill, MA)","103","Boston College","fbs","ACC","31","7,7,7,10","0.05248431861400604","1258","1258","150","Duke","fbs","ACC","38","10,14,7,7","0.947515681385994","1433","1433","5.531776494780892","","",""
"401404155","2022","10","regular","2022-11-04T23:00:00.000Z","false","true","false","false","23430","3892","Pratt & Whitney Stadium","41","UConn","fbs","FBS Independents","27","7,6,7,7","0.9994472861289978","1111","1128","113","Massachusetts","fbs","FBS Independents","10","3,7,0,0","0.0005527138710021973","890","873","4.592352816221237","","",""
"401404031","2022","10","regular","2022-11-05T02:30:00.000Z","false","true","false","true","62142","3765","Husky Stadium","264","Washington","fbs","Pac-12","24","0,7,7,10","0.5875378251075745","1602","1603","204","Oregon State","fbs","Pac-12","21","7,7,7,0","0.41246217489242554","1628","1627","7.125737968522788","","",""
"401404141","2022","10","regular","2022-11-05T15:30:00.000Z","false","true","true","false","33912","4258","Dignity Health Sports Park","349","Army","fbs","FBS Independents","7","0,7,0,0","0.014086090959608555","1434","1447","2005","Air Force","fbs","Mountain West","13","3,0,7,3","0.9859139090403914","1744","1731","4.892009582408079","","",""
"401403936","2022","10","regular","2022-11-05T16:00:00.000Z","false","true","false","true","61047","3838","Memorial Stadium","142","Missouri","fbs","SEC","17","3,0,0,14","0.022054802626371384","1483","1485","96","Kentucky","fbs","SEC","21","7,0,7,7","0.9779451973736286","1612","1610","5.675530904056807","","",""
"401405130","2022","10","regular","2022-11-05T16:00:00.000Z","false","true","false","true","61320","3907","Ross-Ade Stadium","2509","Purdue","fbs","Big Ten","3","0,3,0,0","0.005394753068685532","1653","1599","2294","Iowa","fbs","Big Ten","24","0,17,7,0","0.9946052469313145","1648","1702","3.854628201725038","","",""
"401415649","2022","10","regular","2022-11-05T16:00:00.000Z","false","true","false","true","15122","3674","Chapman Stadium","202","Tulsa","fbs","American Athletic","13","3,7,3,0","0.03428822010755539","1382","1366","2655","Tulane","fbs","American Athletic","27","10,7,7,3","0.9657117798924446","1547","1563","4.029126036016943","","",""
"401405131","2022","10","regular","2022-11-05T16:00:00.000Z","false","true","false","true","74057","347","Camp Randall Stadium","275","Wisconsin","fbs","Big Ten","23","7,10,3,3","0.9691464304924011","1750","1765","120","Maryland","fbs","Big Ten","10","0,0,3,7","0.030853569507598877","1625","1610","2.9584406273310138","","",""
"401426598","2022","10","regular","2022-11-05T16:00:00.000Z","false","true","false","true","10857","4418","Jerry Richardson Stadium","2429","Charlotte","fbs","Conference USA","7","0,0,7,0","0.0446975976228714","1170","1076","98","Western Kentucky","fbs","Conference USA","59","21,14,7,17","0.9553024023771286","1648","1742","2.3308409396550753","","",""
"401411156","2022","10","regular","2022-11-05T16:00:00.000Z","false","true","false","true","44156","3923","Scott Stadium","258","Virginia","fbs","ACC","28","7,7,7,7","0.19678041338920593","1388","1399","153","North Carolina","fbs","ACC","31","3,7,14,7","0.8032195866107941","1651","1640","6.453655798371358","","",""
"401404108","2022","10","regular","2022-11-05T16:00:00.000Z","false","true","false","true","44760","3616","Amon G. Carter Stadium","2628","TCU","fbs","Big 12","34","7,6,0,21","0.9489656686782837","1667","1677","2641","Texas Tech","fbs","Big 12","24","10,0,7,7","0.05103433132171631","1561","1551","4.734136163985126","","",""
"401405129","2022","10","regular","2022-11-05T16:00:00.000Z","false","true","false","true","42774","3911","Ryan Field","77","Northwestern","fbs","Big Ten","7","7,0,0,0","0.459177166223526","1300","1343","194","Ohio State","fbs","Big Ten","21","0,7,7,7","0.540822833776474","2227","2184","4.386165616910302","","",""
"401405128","2022","10","regular","2022-11-05T16:00:00.000Z","false","true","false","true","86284","3834","Memorial Stadium (Lincoln, NE)","158","Nebraska","fbs","Big Ten","13","10,0,0,3","0.01632211171090603","1508","1511","135","Minnesota","fbs","Big Ten","20","0,0,10,10","0.983677888289094","1727","1724","4.1247105287776895","","",""
"401403937","2022","10","regular","2022-11-05T16:00:00.000Z","false","true","false","true","97797","3795","Kyle Field","245","Texas A&M","fbs","SEC","24","14,10,0,0","0.01812984235584736","1655","1603","57","Florida","fbs","SEC","41","17,3,14,7","0.9818701576441526","1552","1604","5.5912916495664575","","",""
"401411157","2022","10","regular","2022-11-05T16:30:00.000Z","false","true","false","true","62843","3799","Lane Stadium","259","Virginia Tech","fbs","ACC","27","0,20,7,0","0.23322847485542297","1331","1326","59","Georgia Tech","fbs","ACC","28","10,3,3,12","0.766771525144577","1245","1250","11.391675236133377","","",""
"401415648","2022","10","regular","2022-11-05T18:00:00.000Z","false","true","false","true","13862","3806","Lincoln Financial Field","218","Temple","fbs","American Athletic","54","3,13,17,21","0.9918344616889954","1019","1105","58","South Florida","fbs","American Athletic","28","7,7,14,0","0.008165538311004639","1180","1094","5.126603003762446","","",""
"401426366","2022","10","regular","2022-11-05T18:00:00.000Z","false","true","false","true","18327","3918","S.B. Ballard Stadium","295","Old Dominion","fbs","Sun Belt","0","0,0,0,0","0.12622392177581787","1425","1408","276","Marshall","fbs","Sun Belt","12","0,6,3,3","0.8737760782241821","1531","1548","4.90386497951923","","",""
"401426369","2022","10","regular","2022-11-05T19:00:00.000Z","false","true","false","true","22128","3815","M. M. Roberts Stadium","2572","Southern Miss","fbs","Sun Belt","14","0,0,14,0","0","1334","1273","2247","Georgia State","fbs","Sun Belt","42","14,14,7,7","1","1460","1521","2.7954627011498663","","",""
"401426600","2022","10","regular","2022-11-05T19:00:00.000Z","false","true","false","true","14298","3776","Joe Aillet Stadium","2348","Louisiana Tech","fbs","Conference USA","40","14,13,13,0","0.9118145108222961","1155","1209","2393","Middle Tennessee","fbs","Conference USA","24","7,14,0,3","0.08818548917770386","1352","1298","5.196405145342167","","",""
"401404104","2022","10","regular","2022-11-05T19:00:00.000Z","false","true","false","true","83546","3835","Memorial Stadium (Norman, OK)","201","Oklahoma","fbs","Big 12","35","14,7,7,7","0.1903543621301651","1636","1640","239","Baylor","fbs","Big 12","38","14,10,7,7","0.8096456378698349","1789","1785","5.8186068228872205","","",""
"401411155","2022","10","regular","2022-11-05T19:30:00.000Z","false","true","false","true","50888","3752","Acrisure Stadium","221","Pittsburgh","fbs","ACC","19","0,10,7,2","1","1580","1596","183","Syracuse","fbs","ACC","9","3,3,0,3","0","1563","1547","3.8274064984145064","","",""
"401426602","2022","10","regular","2022-11-05T19:30:00.000Z","false","true","false","true","17205","7221","Protective Stadium","5","UAB","fbs","Conference USA","38","0,10,7,14,7,0","0.6158104538917542","1563","1548","2636","UTSA","fbs","Conference USA","44","7,9,7,8,7,6","0.38418954610824585","1511","1526","6.789696055831204","","",""
"401404105","2022","10","regular","2022-11-05T19:30:00.000Z","false","true","false","true","56109","3772","Jack Trice Stadium","66","Iowa State","fbs","Big 12","31","3,7,0,21","0.9821903705596924","1725","1731","277","West Virginia","fbs","Big 12","14","0,7,0,7","0.017809629440307617","1380","1374","3.604999160615364","","",""
"401404030","2022","10","regular","2022-11-05T19:30:00.000Z","false","true","false","true","42089","3726","Folsom Field","38","Colorado","fbs","Pac-12","10","0,7,3,0","0.00664400402456522","1150","1105","2483","Oregon","fbs","Pac-12","49","14,14,14,7","0.9933559959754348","1697","1742","2.916408306235712","","",""
"401405132","2022","10","regular","2022-11-05T19:30:00.000Z","false","true","false","true","45142","3830","Memorial Stadium (Bloomington, IN)","84","Indiana","fbs","Big Ten","14","7,0,0,7","0","1339","1312","213","Penn State","fbs","Big Ten","45","7,17,7,14","1","1844","1871","4.590158380201219","","",""
"401415252","2022","10","regular","2022-11-05T19:30:00.000Z","false","true","false","true","14154","3905","Maverik Stadium","328","Utah State","fbs","Mountain West","27","7,0,10,10","0.9464620351791382","1405","1415","167","New Mexico","fbs","Mountain West","10","3,7,0,0","0.053537964820861816","1097","1087","4.277980671834459","","",""
"401405127","2022","10","regular","2022-11-05T19:30:00.000Z","false","true","false","true","56092","3832","Memorial Stadium (Champaign, IL)","356","Illinois","fbs","Big Ten","15","7,0,0,8","0.2588006556034088","1756","1725","127","Michigan State","fbs","Big Ten","23","3,6,14,0","0.7411993443965912","1574","1605","5.409440401641529","","",""
"401404032","2022","10","regular","2022-11-05T19:30:00.000Z","false","true","false","true","26515","3940","Stanford Stadium","24","Stanford","fbs","Pac-12","14","7,0,7,0","0.04027533531188965","1335","1260","265","Washington State","fbs","Pac-12","52","21,21,3,7","0.9597246646881104","1615","1690","2.772851096962577","","",""
"401404106","2022","10","regular","2022-11-05T19:30:00.000Z","false","true","false","true","43606","3833","Memorial Stadium","2305","Kansas","fbs","Big 12","37","10,14,7,6","0.9917553067207336","1368","1451","197","Oklahoma State","fbs","Big 12","16","0,7,3,6","0.008244693279266357","1657","1574","2.9815912339134214","","",""
"401415651","2022","10","regular","2022-11-05T19:30:00.000Z","false","true","false","true","28048","3805","Simmons Bank Liberty Stadium","235","Memphis","fbs","American Athletic","28","7,7,7,7","0.199074849486351","1489","1491","2116","UCF","fbs","American Athletic","35","7,14,0,14","0.800925150513649","1693","1691","6.351671906237515","","",""
"401403933","2022","10","regular","2022-11-05T19:30:00.000Z","false","true","false","true","92746","3917","Sanford Stadium","61","Georgia","fbs","SEC","27","14,10,3,0","1","2155","2168","2633","Tennessee","fbs","SEC","13","3,3,0,7","0","1970","1957","2.8289506010904555","","",""
"401426599","2022","10","regular","2022-11-05T20:00:00.000Z","false","true","false","true","22308","3825","DATCU Stadium","249","North Texas","fbs","Conference USA","52","24,21,0,7","0.988822877407074","1495","1542","2229","Florida International","fbs","Conference USA","14","0,14,0,0","0.011177122592926025","1007","960","2.8233734375655897","","",""
"401403932","2022","10","regular","2022-11-05T20:00:00.000Z","false","true","false","false","70072","3887","Razorback Stadium","8","Arkansas","fbs","SEC","19","0,3,2,14","0.3030504584312439","1667","1662","2335","Liberty","fbs","FBS Independents","21","7,14,0,0","0.6969495415687561","1635","1640","5.7493255023605006","","",""
"401426365","2022","10","regular","2022-11-05T20:00:00.000Z","false","true","false","true","17084","3608","Allen E. Paulson Stadium","290","Georgia Southern","fbs","Sun Belt","31","21,3,7,0","0.07763072848320007","1426","1419","6","South Alabama","fbs","Sun Belt","38","7,10,7,14","0.9223692715167999","1501","1508","5.253198803011402","","",""
"401415650","2022","10","regular","2022-11-05T20:00:00.000Z","false","true","false","true","38461","3854","Nippert Stadium","2132","Cincinnati","fbs","American Athletic","20","6,7,7,0","0.17670989514125343","1770","1764","2426","Navy","fbs","American Athletic","10","0,3,7,0","0.8232901048587465","1418","1424","2.2265525999","","",""
"401426368","2022","10","regular","2022-11-05T21:00:00.000Z","false","true","false","true","11376","3817","Malone Stadium","2433","UL Monroe","fbs","Sun Belt","31","0,17,7,7","0.2093559354543686","1096","1101","326","Texas State","fbs","Sun Belt","30","21,3,3,3","0.7906440645456314","1252","1247","6.3354491543352305","","",""
"401426367","2022","10","regular","2022-11-05T21:00:00.000Z","false","true","false","true","7888","3666","Cajun Field","309","Louisiana","fbs","Sun Belt","17","0,10,7,0","0.49420952796936035","1582","1561","2653","Troy","fbs","Sun Belt","23","0,0,7,16","0.5057904720306396","1456","1477","4.573205619077638","","",""
"401404107","2022","10","regular","2022-11-05T23:00:00.000Z","false","true","false","true","51216","3636","Bill Snyder Family Stadium","2306","Kansas State","fbs","Big 12","27","7,3,7,10","0.059691134840250015","1841","1831","251","Texas","fbs","Big 12","34","14,17,0,3","0.94030886515975","1883","1893","4.357198518670262","","",""
"401415250","2022","10","regular","2022-11-05T23:00:00.000Z","false","true","false","false","36461","3653","Albertsons Stadium","68","Boise State","fbs","Mountain West","28","7,0,7,14","0.23080545663833618","1702","1685","252","BYU","fbs","FBS Independents","31","7,0,10,14","0.7691945433616638","1512","1529","6.517574543913558","","",""
"401415254","2022","10","regular","2022-11-05T23:00:00.000Z","false","true","false","true","28854","7311","Snapdragon Stadium","21","San Diego State","fbs","Mountain West","14","0,7,7,0","0.6469756364822388","1423","1422","2439","UNLV","fbs","Mountain West","10","0,0,7,3","0.35302436351776123","1277","1278","3.7628273988301233","","",""
"401403934","2022","10","regular","2022-11-05T23:00:00.000Z","false","true","false","true","102321","3958","Tiger Stadium (LA)","99","LSU","fbs","SEC","32","0,7,7,10,8","0.4516454845839532","1695","1708","333","Alabama","fbs","SEC","31","0,6,3,15,7","0.5483545154160467","2185","2172","9.2612098604","","",""
"401415652","2022","10","regular","2022-11-05T23:00:00.000Z","false","true","false","true","23841","3735","Gerald J. Ford Stadium","2567","SMU","fbs","American Athletic","77","21,35,7,14","0.9297682046890259","1591","1616","248","Houston","fbs","American Athletic","63","14,21,14,14","0.07023179531097412","1554","1529","4.857378434138342","","",""
"401403935","2022","10","regular","2022-11-05T23:30:00.000Z","false","true","false","true","54769","3693","Davis Wade Stadium","344","Mississippi State","fbs","SEC","39","10,14,0,9,6","0.3767205476760864","1690","1688","2","Auburn","fbs","SEC","33","0,6,13,14,0","0.6232794523239136","1500","1502","7.8638242622812395","","",""
"401404130","2022","10","regular","2022-11-05T23:30:00.000Z","false","true","false","false","77622","3855","Notre Dame Stadium","87","Notre Dame","fbs","FBS Independents","35","7,7,0,21","0.9919233322143555","1795","1848","228","Clemson","fbs","ACC","14","0,0,0,14","0.008076667785644531","1826","1773","2.668097180330814","","",""
"401405133","2022","10","regular","2022-11-05T23:30:00.000Z","false","true","false","true","51117","6577","SHI Stadium","164","Rutgers","fbs","Big Ten","17","7,10,0,0","0","1303","1290","130","Michigan","fbs","Big Ten","52","14,0,28,10","1","2045","2058","4.337267955305161","","",""
"401403938","2022","10","regular","2022-11-05T23:30:00.000Z","false","true","false","true","28553","3973","FirstBank Stadium","238","Vanderbilt","fbs","SEC","27","7,7,7,6","0.17005716264247894","1272","1271","2579","South Carolina","fbs","SEC","38","17,14,7,0","0.8299428373575211","1538","1539","4.12739736716559","","",""
"401411152","2022","10","regular","2022-11-05T23:30:00.000Z","false","true","false","false","42157","3873","L&N Federal Credit Union Stadium","97","Louisville","fbs","ACC","34","7,3,10,14","0.98862624168396","1715","1749","256","James Madison","fbs","Sun Belt","10","3,7,0,0","0.011373758316040039","1480","1446","3.7788542824497826","","",""
"401404027","2022","10","regular","2022-11-05T23:30:00.000Z","false","true","false","true","51919","587","Rice-Eccles Stadium","254","Utah","fbs","Pac-12","45","14,14,3,14","1","1844","1854","12","Arizona","fbs","Pac-12","20","7,3,0,10","0","1332","1322","3.321199191964538","","",""
"401411153","2022","10","regular","2022-11-05T23:30:00.000Z","false","true","false","true","66200","3948","Hard Rock Stadium","2390","Miami","fbs","ACC","3","3,0,0,0","0","1443","1339","52","Florida State","fbs","ACC","45","14,17,0,14","1","1604","1708","2.5380700270706384","","",""
"401411154","2022","10","regular","2022-11-06T00:00:00.000Z","false","true","false","true","56919","3670","Carter-Finley Stadium","152","NC State","fbs","ACC","30","3,14,10,3","0.8747388124465942","1601","1621","154","Wake Forest","fbs","ACC","21","0,14,0,7","0.12526118755340576","1687","1667","4.964327458222871","","",""
"401415253","2022","10","regular","2022-11-06T02:30:00.000Z","false","true","false","true","39005","3660","Valley Children's Stadium","278","Fresno State","fbs","Mountain West","55","17,14,10,14","0.9773818254470825","1517","1593","62","Hawai'i","fbs","Mountain West","13","0,0,0,13","0.02261817455291748","1166","1090","2.3396017073326645","","",""
"401415251","2022","10","regular","2022-11-06T02:30:00.000Z","false","true","false","true","16382","3935","CEFCU Stadium","23","San José State","fbs","Mountain West","28","0,7,7,14","0.8551676273345947","1536","1534","36","Colorado State","fbs","Mountain West","16","7,3,0,6","0.14483237266540527","1206","1208","5.8287101112276165","","",""
"401404029","2022","10","regular","2022-11-06T02:30:00.000Z","false","true","false","true","64916","477","Los Angeles Memorial Coliseum","30","USC","fbs","Pac-12","41","6,14,14,7","1","1726","1720","25","California","fbs","Pac-12","35","7,0,7,21","0","1444","1450","5.021343557554306","","",""
"401404028","2022","10","regular","2022-11-06T02:30:00.000Z","false","true","false","true","51265","3947","Mountain America Stadium","9","Arizona State","fbs","Pac-12","36","10,0,15,11","0.09705126285552979","1503","1492","26","UCLA","fbs","Pac-12","50","14,14,14,8","0.9029487371444702","1727","1738","4.639771349799378","","",""
"401416637","2022","11","regular","2022-11-09T00:00:00.000Z","false","true","false","true","12589","3768","InfoCision Stadium","2006","Akron","fbs","Mid-American","28","7,7,0,14","0.07386342652421042","973","985","2199","Eastern Michigan","fbs","Mid-American","34","10,14,7,3","0.9261365734757896","1311","1299","4.6694511804","","",""
"401416638","2022","11","regular","2022-11-09T00:30:00.000Z","false","true","false","true","15490","3996","Yager Stadium","193","Miami (OH)","fbs","Mid-American","21","0,7,7,7","0","1412","1374","195","Ohio","fbs","Mid-American","37","7,3,14,13","1","1413","1451","4.878605215911248","","",""
"401416636","2022","11","regular","2022-11-09T01:00:00.000Z","false","true","false","true","14462","3739","Glass Bowl","2649","Toledo","fbs","Mid-American","28","7,7,7,7","0.8371625542640686","1553","1549","2050","Ball State","fbs","Mid-American","21","7,7,7,0","0.1628374457359314","1302","1306","6.760624055138663","","",""
"401416641","2022","11","regular","2022-11-10T00:00:00.000Z","false","true","false","true","7291","3700","Doyt L. Perry Stadium","189","Bowling Green","fbs","Mid-American","6","0,0,6,0","0.031011056154966354","1183","1096","2309","Kent State","fbs","Mid-American","40","0,20,3,17","0.9689889438450336","1268","1355","3.380454975888834","","",""
"401416639","2022","11","regular","2022-11-10T00:00:00.000Z","false","true","false","true","","3980","Waldo Stadium","2711","Western Michigan","fbs","Mid-American","21","7,7,7,0","0.035277653485536575","1274","1275","2459","Northern Illinois","fbs","Mid-American","24","3,7,7,7","0.9647223465144634","1361","1360","7.036846242276035","","",""
"401416640","2022","11","regular","2022-11-10T00:00:00.000Z","false","true","false","true","9103","3786","Kelly/Shorts Stadium","2117","Central Michigan","fbs","Mid-American","31","7,0,17,7","0.9613603949546814","1356","1361","2084","Buffalo","fbs","Mid-American","27","7,17,0,3","0.038639605045318604","1421","1416","5.992621634636337","","",""
"401426370","2022","11","regular","2022-11-11T00:30:00.000Z","false","true","false","true","11512","3666","Cajun Field","309","Louisiana","fbs","Sun Belt","36","7,20,3,6","0.9141587615013123","1561","1590","290","Georgia Southern","fbs","Sun Belt","17","0,7,7,3","0.08584123849868774","1419","1390","2.862027085122747","","",""
"401415653","2022","11","regular","2022-11-11T00:30:00.000Z","false","true","false","true","23980","3805","Simmons Bank Liberty Stadium","235","Memphis","fbs","American Athletic","26","10,10,3,3","0.881925106048584","1491","1514","202","Tulsa","fbs","American Athletic","10","3,0,0,7","0.11807489395141602","1366","1343","2.4959394502126497","","",""
"401415654","2022","11","regular","2022-11-12T01:00:00.000Z","false","true","false","true","38199","3854","Nippert Stadium","2132","Cincinnati","fbs","American Athletic","27","7,17,0,3","0.6608723402023315","1764","1762","151","East Carolina","fbs","American Athletic","25","5,7,13,0","0.33912765979766846","1585","1587","6.804580836944766","","",""
"401404033","2022","11","regular","2022-11-12T02:30:00.000Z","false","true","false","true","61206","477","Los Angeles Memorial Coliseum","30","USC","fbs","Pac-12","55","2,24,15,14","0.9925447702407837","1720","1753","38","Colorado","fbs","Pac-12","17","3,0,7,7","0.007455229759216309","1105","1072","3.541335201226231","","",""
"401415259","2022","11","regular","2022-11-12T03:30:00.000Z","false","true","false","true","23146","6501","Allegiant Stadium","2439","UNLV","fbs","Mountain West","30","10,6,3,11","0.058853380382061005","1278","1288","278","Fresno State","fbs","Mountain West","37","7,7,10,13","0.941146619617939","1593","1583","7.050064237689568","","",""
"401404156","2022","11","regular","2022-11-12T17:00:00.000Z","false","true","false","false","15107","3892","Pratt & Whitney Stadium","41","UConn","fbs","FBS Independents","36","14,7,0,15","0.7549888491630554","1128","1137","2335","Liberty","fbs","FBS Independents","33","3,14,10,6","0.24501115083694458","1640","1631","6.696602804012855","","",""
"401405138","2022","11","regular","2022-11-12T17:00:00.000Z","false","true","false","true","63267","3936","Spartan Stadium","127","Michigan State","fbs","Big Ten","27","7,7,7,6","0.3384353816509247","1605","1598","164","Rutgers","fbs","Big Ten","21","0,7,7,7","0.6615646183490753","1290","1297","4.969165980721706","","",""
"401411159","2022","11","regular","2022-11-12T17:00:00.000Z","false","true","false","true","20857","3982","Wallace Wade Stadium","150","Duke","fbs","ACC","24","3,7,7,7","1","1433","1460","259","Virginia Tech","fbs","ACC","7","7,0,0,0","0","1326","1299","4.278075945469702","","",""
"401403942","2022","11","regular","2022-11-12T17:00:00.000Z","false","true","false","true","57474","3683","Kroger Field","96","Kentucky","fbs","SEC","21","6,0,3,12","0.623006284236908","1610","1583","238","Vanderbilt","fbs","SEC","24","7,0,7,10","0.37699371576309204","1271","1298","6.092129465387157","","",""
"401405139","2022","11","regular","2022-11-12T17:00:00.000Z","false","true","false","true","103888","3861","Ohio Stadium","194","Ohio State","fbs","Big Ten","56","21,7,14,14","0.9967542290687561","2184","2201","84","Indiana","fbs","Big Ten","14","7,0,0,7","0.0032457709312438965","1312","1295","2.093777477603132","","",""
"401404131","2022","11","regular","2022-11-12T17:00:00.000Z","false","true","true","false","62124","3814","M&T Bank Stadium","2426","Navy","fbs","American Athletic","32","6,7,3,16","0.5955753922462463","1424","1441","87","Notre Dame","fbs","FBS Independents","35","14,21,0,0","0.40442460775375366","1848","1831","4.043919712111697","","",""
"401403939","2022","11","regular","2022-11-12T17:00:00.000Z","false","true","false","true","73750","3887","Razorback Stadium","8","Arkansas","fbs","SEC","10","3,0,0,7","0.7393328547477722","1662","1660","99","LSU","fbs","SEC","13","0,6,7,0","0.2606671452522278","1708","1710","5.8816089575358825","","",""
"401415656","2022","11","regular","2022-11-12T17:00:00.000Z","false","true","false","true","24907","3886","Raymond James Stadium","58","South Florida","fbs","American Athletic","23","0,17,0,6","0.0054288990795612335","1094","1100","2567","SMU","fbs","American Athletic","41","10,7,21,3","0.9945711009204388","1616","1610","4.812915021706286","","",""
"401411163","2022","11","regular","2022-11-12T17:00:00.000Z","false","true","false","true","36529","3923","Scott Stadium","258","Virginia","fbs","ACC","7","0,0,7,0","0","1399","1340","221","Pittsburgh","fbs","ACC","37","28,0,3,6","1","1596","1655","2.2497398350134024","","",""
"401405134","2022","11","regular","2022-11-12T17:00:00.000Z","false","true","false","true","45574","3832","Memorial Stadium (Champaign, IL)","356","Illinois","fbs","Big Ten","24","7,7,7,3","0.47450491786003113","1725","1702","2509","Purdue","fbs","Big Ten","31","0,14,7,10","0.5254950821399689","1599","1622","6.87379683005951","","",""
"401403945","2022","11","regular","2022-11-12T17:00:00.000Z","false","true","false","true","101915","3853","Neyland Stadium","2633","Tennessee","fbs","SEC","66","7,21,21,17","0.8625926375389099","1957","2018","142","Missouri","fbs","SEC","24","7,10,7,0","0.1374073624610901","1485","1424","3.5925035785285155","","",""
"401404112","2022","11","regular","2022-11-12T17:00:00.000Z","false","true","false","true","50281","3842","Milan Puskar Stadium","277","West Virginia","fbs","Big 12","23","0,6,7,10","0.8959543108940125","1374","1379","201","Oklahoma","fbs","Big 12","20","0,12,8,0","0.10404568910598755","1640","1635","6.86694294005225","","",""
"401426372","2022","11","regular","2022-11-12T18:00:00.000Z","false","true","false","true","12241","4246","Center Parc Stadium","2247","Georgia State","fbs","Sun Belt","28","14,7,7,0","0.27455922961235046","1521","1488","2433","UL Monroe","fbs","Sun Belt","31","3,17,0,11","0.7254407703876495","1101","1134","6.6282064324966585","","",""
"401426374","2022","11","regular","2022-11-12T18:00:00.000Z","false","true","false","true","21934","3918","S.B. Ballard Stadium","295","Old Dominion","fbs","Sun Belt","3","0,3,0,0","0.03825105354189873","1408","1315","256","James Madison","fbs","Sun Belt","37","7,10,13,7","0.9617489464581013","1446","1539","2.3509259319025504","","",""
"401409241","2022","11","regular","2022-11-12T19:00:00.000Z","false","true","false","false","8367","3601","Aggie Memorial Stadium","166","New Mexico State","fbs","FBS Independents","51","17,20,14,0","0.9931564331054688","1100","1100","2320","Lamar","fcs","Southland","14","0,0,7,7","0.00684356689453125","","","1.857289183293818","","",""
"401426607","2022","11","regular","2022-11-12T19:00:00.000Z","false","true","false","true","10127","3796","Houchens Industries-L.T. Smith Stadium","98","Western Kentucky","fbs","Conference USA","45","7,17,7,14","0.9391748905181885","1742","1767","242","Rice","fbs","Conference USA","10","0,7,3,0","0.06082510948181152","1124","1099","2.1620148727478448","","",""
"401415655","2022","11","regular","2022-11-12T20:00:00.000Z","false","true","false","true","21731","4728","TDECU Stadium","248","Houston","fbs","American Athletic","43","0,14,14,15","0.8881397843360901","1529","1517","218","Temple","fbs","American Athletic","36","7,12,7,10","0.11186021566390991","1105","1117","7.203867323460653","","",""
"401414784","2022","11","regular","2022-11-12T20:00:00.000Z","false","true","false","false","14354","3625","Centennial Bank Stadium","2032","Arkansas State","fbs","Sun Belt","35","14,0,21,0","0.6752755045890808","1181","1177","113","Massachusetts","fbs","FBS Independents","33","3,3,13,14","0.3247244954109192","873","877","4.571221426641572","","",""
"401404142","2022","11","regular","2022-11-12T20:30:00.000Z","false","true","false","false","31010","3975","Veterans Memorial Stadium (AL)","2653","Troy","fbs","Sun Belt","10","0,0,3,7","0.41432592272758484","1477","1477","349","Army","fbs","FBS Independents","9","0,9,0,0","0.5856740772724152","1447","1447","5.484770592545265","","",""
"401405140","2022","11","regular","2022-11-12T20:30:00.000Z","false","true","false","true","108796","3632","Beaver Stadium","213","Penn State","fbs","Big Ten","30","14,13,3,0","0.9964824914932251","1871","1920","120","Maryland","fbs","Big Ten","0","0,0,0,0","0.0035175085067749023","1610","1561","1.9200733276382909","","",""
"401404035","2022","11","regular","2022-11-12T20:30:00.000Z","false","true","false","true","24039","3820","Gesa Field","265","Washington State","fbs","Pac-12","28","13,15,0,0","0.8752665519714355","1690","1693","9","Arizona State","fbs","Pac-12","18","0,0,6,12","0.12473344802856445","1492","1489","2.8351717368879106","","",""
"401426605","2022","11","regular","2022-11-12T20:30:00.000Z","false","true","false","true","25409","3604","Alamodome","2636","UTSA","fbs","Conference USA","51","21,13,10,7","0.9777421355247498","1526","1613","2348","Louisiana Tech","fbs","Conference USA","7","7,0,0,0","0.022257864475250244","1209","1122","2.5002209372276387","","",""
"401404110","2022","11","regular","2022-11-12T20:30:00.000Z","false","true","false","true","55509","3646","Boone Pickens Stadium","197","Oklahoma State","fbs","Big 12","20","0,10,0,10","0.9245964288711548","1574","1589","66","Iowa State","fbs","Big 12","14","0,7,7,0","0.07540357112884521","1731","1716","7.376704286519171","","",""
"401405136","2022","11","regular","2022-11-12T20:30:00.000Z","false","true","false","true","41686","3953","Huntington Bank Stadium","135","Minnesota","fbs","Big Ten","31","7,7,3,14","0.9796299934387207","1724","1755","77","Northwestern","fbs","Big Ten","3","0,3,0,0","0.020370006561279297","1343","1312","2.2546631475207057","","",""
"401405135","2022","11","regular","2022-11-12T20:30:00.000Z","false","true","false","true","69250","3793","Kinnick Stadium","2294","Iowa","fbs","Big Ten","24","0,14,0,10","1","1702","1736","275","Wisconsin","fbs","Big Ten","10","3,7,0,0","0","1765","1731","4.276620103282459","","",""
"401426606","2022","11","regular","2022-11-12T20:30:00.000Z","false","true","false","true","18504","7221","Protective Stadium","5","UAB","fbs","Conference USA","41","14,3,10,14","0.9596390724182129","1548","1594","249","North Texas","fbs","Conference USA","21","0,21,0,0","0.04036092758178711","1542","1496","5.0679579761866895","","",""
"401426603","2022","11","regular","2022-11-12T20:30:00.000Z","false","true","false","true","9806","3725","Johnny ""Red"" Floyd Stadium","2393","Middle Tennessee","fbs","Conference USA","24","0,7,7,10","0.9571599364280701","1298","1300","2429","Charlotte","fbs","Conference USA","14","0,14,0,0","0.04284006357192993","1076","1074","5.610615947579467","","",""
"401415657","2022","11","regular","2022-11-12T20:30:00.000Z","false","true","false","true","27317","4729","Yulman Stadium","2655","Tulane","fbs","American Athletic","31","7,7,3,14","0.01346221286803484","1563","1560","2116","UCF","fbs","American Athletic","38","17,7,7,7","0.9865377871319652","1691","1694","5.71558052035002","","",""
"401415256","2022","11","regular","2022-11-12T20:30:00.000Z","false","true","false","true","20827","3713","Falcon Stadium","2005","Air Force","fbs","Mountain West","35","14,0,14,7","0.9914706945419312","1731","1746","167","New Mexico","fbs","Mountain West","3","0,0,3,0","0.008529305458068848","1087","1072","1.7466087772628731","","",""
"401411161","2022","11","regular","2022-11-12T20:30:00.000Z","false","true","false","true","56919","3670","Carter-Finley Stadium","152","NC State","fbs","ACC","20","14,3,3,0","0.49218282103538513","1621","1600","103","Boston College","fbs","ACC","21","7,0,7,7","0.5078171789646149","1258","1279","5.732846230948676","","",""
"401426373","2022","11","regular","2022-11-12T20:30:00.000Z","false","true","false","true","24312","3775","Joan C. Edwards Stadium","276","Marshall","fbs","Sun Belt","28","7,7,14,0","0.8660428524017334","1548","1561","2026","App State","fbs","Sun Belt","21","0,7,7,7","0.1339571475982666","1607","1594","4.2747732263741","","",""
"401411160","2022","11","regular","2022-11-12T20:30:00.000Z","false","true","false","true","33857","721","Bobby Dodd Stadium","59","Georgia Tech","fbs","ACC","14","0,7,0,7","0","1250","1206","2390","Miami","fbs","ACC","35","7,7,0,21","1","1339","1383","4.2626842113362","","",""
"401411158","2022","11","regular","2022-11-12T20:30:00.000Z","false","true","false","true","80176","3836","Memorial Stadium (Clemson, SC)","228","Clemson","fbs","ACC","31","10,7,7,7","1","1773","1802","97","Louisville","fbs","ACC","16","0,7,3,6","0","1749","1720","3.6915262290074087","","",""
"401403943","2022","11","regular","2022-11-12T20:30:00.000Z","false","true","false","true","65923","3974","Vaught-Hemingway Stadium","145","Ole Miss","fbs","SEC","24","7,10,7,0","0.4696446657180786","1694","1715","333","Alabama","fbs","SEC","30","0,14,10,6","0.5303553342819214","2172","2151","6.27051499958194","","",""
"401405137","2022","11","regular","2022-11-12T20:30:00.000Z","false","true","false","true","110192","3558","Michigan Stadium","130","Michigan","fbs","Big Ten","34","7,10,7,10","0.9984954183433392","2058","2080","158","Nebraska","fbs","Big Ten","3","0,3,0,0","0.0015045816566607861","1511","1489","1.4288442917","","",""
"401403941","2022","11","regular","2022-11-12T21:00:00.000Z","false","true","false","true","89454","3634","Ben Hill Griffin Stadium","57","Florida","fbs","SEC","38","21,3,7,7","1","1604","1683","2579","South Carolina","fbs","SEC","6","0,6,0,0","0","1539","1460","2.038415292937075","","",""
"401426375","2022","11","regular","2022-11-12T22:00:00.000Z","false","true","false","true","14518","6526","Hancock Whitney Stadium","6","South Alabama","fbs","Sun Belt","38","10,7,7,14","0.9556601047515869","1508","1522","326","Texas State","fbs","Sun Belt","21","0,0,7,14","0.044339895248413086","1247","1233","2.6587089080248494","","",""
"401415258","2022","11","regular","2022-11-13T00:00:00.000Z","false","true","false","true","30300","5388","Canvas Stadium","36","Colorado State","fbs","Mountain West","13","7,3,0,3","0.5541389584541321","1208","1216","2751","Wyoming","fbs","Mountain West","14","0,7,0,7","0.4458610415458679","1408","1400","4.089825575575631","","",""
"401404109","2022","11","regular","2022-11-13T00:00:00.000Z","false","true","false","true","47686","4727","McLane Stadium","239","Baylor","fbs","Big 12","3","0,3,0,0","0.0037153700832277536","1785","1714","2306","Kansas State","fbs","Big 12","31","0,17,7,7","0.9962846299167722","1831","1902","2.8452644126116455","","",""
"401404037","2022","11","regular","2022-11-13T00:00:00.000Z","false","true","false","true","58756","3626","Autzen Stadium","2483","Oregon","fbs","Pac-12","34","3,7,21,3","0.6038363575935364","1742","1729","264","Washington","fbs","Pac-12","37","7,6,14,10","0.3961636424064636","1603","1616","7.615565015696023","","",""
"401404111","2022","11","regular","2022-11-13T00:00:00.000Z","false","true","false","true","55613","3784","Jones AT&T Stadium","2641","Texas Tech","fbs","Big 12","43","17,10,0,16","0.9580448865890503","1551","1573","2305","Kansas","fbs","Big 12","28","7,14,0,7","0.04195511341094971","1451","1429","5.026678175669512","","",""
"401403944","2022","11","regular","2022-11-13T00:00:00.000Z","false","true","false","true","60352","3693","Davis Wade Stadium","344","Mississippi State","fbs","SEC","19","0,12,7,0","0.0159512460231781","1688","1672","61","Georgia","fbs","SEC","45","7,10,14,14","0.9840487539768219","2168","2184","3.8727744406690667","","",""
"401426604","2022","11","regular","2022-11-13T00:00:00.000Z","false","true","false","true","","218","FIU Stadium","2229","Florida International","fbs","Conference USA","7","0,7,0,0","0","960","882","2226","Florida Atlantic","fbs","Conference USA","52","21,10,14,7","1","1392","1470","5.573659253612268","","",""
"401403940","2022","11","regular","2022-11-13T00:30:00.000Z","false","true","false","true","87451","3785","Jordan-Hare Stadium","2","Auburn","fbs","SEC","13","7,0,3,3","1","1502","1504","245","Texas A&M","fbs","SEC","10","0,0,0,10","0","1603","1601","3.8866136810217635","","",""
"401404113","2022","11","regular","2022-11-13T00:30:00.000Z","false","true","false","true","104203","3910","DKR-Texas Memorial Stadium","251","Texas","fbs","Big 12","10","0,0,3,7","0.05890797823667526","1893","1862","2628","TCU","fbs","Big 12","17","0,3,7,7","0.9410920217633247","1677","1708","4.639655068944493","","",""
"401426371","2022","11","regular","2022-11-13T00:30:00.000Z","false","true","false","true","16203","3654","Brooks Stadium (SC)","324","Coastal Carolina","fbs","Sun Belt","26","17,0,3,6","0.6398058533668518","1566","1563","2572","Southern Miss","fbs","Sun Belt","23","0,17,3,3","0.3601941466331482","1273","1276","5.919857635310966","","",""
"401411164","2022","11","regular","2022-11-13T00:30:00.000Z","false","true","false","true","31346","3630","Allegacy Federal Credit Union Stadium","154","Wake Forest","fbs","ACC","34","7,14,13,0","0.3128625154495239","1667","1663","153","North Carolina","fbs","ACC","36","14,13,6,3","0.6871374845504761","1640","1644","7.676595485510266","","",""
"401411162","2022","11","regular","2022-11-13T01:00:00.000Z","false","true","false","true","45213","1964","JMA Wireless Dome","183","Syracuse","fbs","ACC","3","0,3,0,0","0.0019119358621537685","1547","1467","52","Florida State","fbs","ACC","38","14,10,14,0","0.9980880641378462","1708","1788","2.5245301816795322","","",""
"401404036","2022","11","regular","2022-11-13T02:00:00.000Z","false","true","false","true","28642","3893","Reser Stadium","204","Oregon State","fbs","Pac-12","38","14,7,10,7","1","1627","1680","25","California","fbs","Pac-12","10","0,7,0,3","0","1450","1397","2.434994181056462","","",""
"401404038","2022","11","regular","2022-11-13T03:00:00.000Z","false","true","false","true","51951","587","Rice-Eccles Stadium","254","Utah","fbs","Pac-12","42","0,14,21,7","0.9932621717453003","1854","1881","24","Stanford","fbs","Pac-12","7","7,0,0,0","0.006737828254699707","1260","1233","3.4073487504671074","","",""
"401415255","2022","11","regular","2022-11-13T03:30:00.000Z","false","true","false","true","14960","3816","Mackay Stadium","2440","Nevada","fbs","Mountain West","3","0,3,0,0","0.0029654139652848244","1344","1277","68","Boise State","fbs","Mountain West","41","14,7,17,3","0.9970345860347152","1685","1752","3.3501508930181436","","",""
"401404034","2022","11","regular","2022-11-13T03:30:00.000Z","false","true","false","true","44430","1056","Rose Bowl","26","UCLA","fbs","Pac-12","28","0,14,7,7","0.008507930673658848","1738","1692","12","Arizona","fbs","Pac-12","34","14,7,0,13","0.9914920693263412","1322","1368","6.3633553003432715","","",""
"401415260","2022","11","regular","2022-11-13T03:30:00.000Z","false","true","false","true","28406","7311","Snapdragon Stadium","21","San Diego State","fbs","Mountain West","43","7,17,14,5","0.9955434203147888","1422","1467","23","San José State","fbs","Mountain West","27","14,0,6,7","0.004456579685211182","1534","1489","3.153435712633318","","",""
"401415257","2022","11","regular","2022-11-13T04:00:00.000Z","false","true","false","true","8862","7220","Clarence T.C. Ching Athletics Complex","62","Hawai'i","fbs","Mountain West","34","0,10,7,17","0.03539634123444557","1090","1100","328","Utah State","fbs","Mountain West","41","10,14,10,7","0.9646036587655544","1415","1405","5.650951909595597","","",""
"401416642","2022","12","regular","2022-11-16T00:00:00.000Z","false","true","false","true","20027","3739","Glass Bowl","2649","Toledo","fbs","Mid-American","35","0,14,0,21","0.316222608089447","1549","1496","189","Bowling Green","fbs","Mid-American","42","14,7,6,15","0.683777391910553","1096","1149","6.557533999035513","","",""
"401416643","2022","12","regular","2022-11-16T00:00:00.000Z","false","true","false","true","6722","3919","Scheumann Stadium","2050","Ball State","fbs","Mid-American","18","3,0,8,7","0.007501793093979359","1306","1288","195","Ohio","fbs","Mid-American","32","0,17,2,13","0.9924982069060206","1451","1469","4.729421129517697","","",""
"401416644","2022","12","regular","2022-11-16T23:00:00.000Z","false","true","false","true","3998","3696","Dix Stadium","2309","Kent State","fbs","Mid-American","24","7,10,0,7","0.16567782432272454","1355","1337","2199","Eastern Michigan","fbs","Mid-American","31","7,0,10,14","0.8343221756772754","1299","1317","6.0486682875","","",""
"401416646","2022","12","regular","2022-11-17T00:00:00.000Z","false","true","false","true","5187","3764","Huskie Stadium","2459","Northern Illinois","fbs","Mid-American","23","10,0,13,0","0.2742098569869995","1360","1350","193","Miami (OH)","fbs","Mid-American","29","2,14,10,3","0.7257901430130005","1374","1384","5.973527214280696","","",""
"401416645","2022","12","regular","2022-11-17T01:00:00.000Z","false","true","false","true","10097","3786","Kelly/Shorts Stadium","2117","Central Michigan","fbs","Mid-American","10","7,0,3,0","0.34770065546035767","1361","1353","2711","Western Michigan","fbs","Mid-American","12","7,0,0,5","0.6522993445396423","1275","1283","6.194306961918896","","",""
"401415658","2022","12","regular","2022-11-18T00:30:00.000Z","false","true","false","true","20894","4729","Yulman Stadium","2655","Tulane","fbs","American Athletic","59","21,7,21,10","0.9949769377708435","1560","1665","2567","SMU","fbs","American Athletic","24","0,7,7,10","0.005023062229156494","1610","1505","2.8059243061645986","","",""
"401415659","2022","12","regular","2022-11-19T02:00:00.000Z","false","true","false","true","13819","3674","Chapman Stadium","202","Tulsa","fbs","American Athletic","48","7,24,7,10","0.9974341988563538","1343","1339","58","South Florida","fbs","American Athletic","42","10,10,15,7","0.0025658011436462402","1100","1104","6.321148858807047","","",""
"401415264","2022","12","regular","2022-11-19T02:45:00.000Z","false","true","false","true","14309","3971","University Stadium (NM)","167","New Mexico","fbs","Mountain West","10","7,3,0,0","0.0029654139652848244","1072","1052","21","San Diego State","fbs","Mountain West","34","7,14,10,3","0.9970345860347152","1467","1487","3.501340797387757","","",""
"401415661","2022","12","regular","2022-11-19T16:00:00.000Z","false","true","false","true","44813","3652","FBC Mortgage Stadium","2116","UCF","fbs","American Athletic","14","0,6,8,0","0.07738366723060608","1694","1673","2426","Navy","fbs","American Athletic","17","7,7,3,0","0.9226163327693939","1441","1462","5.662359977832925","","",""
"401403946","2022","12","regular","2022-11-19T17:00:00.000Z","false","true","false","false","99639","3657","Bryant-Denny Stadium","333","Alabama","fbs","SEC","34","7,10,10,7","0.9868754744529724","2166","2166","2046","Austin Peay","fcs","Atlantic Sun","0","0,0,0,0","0.013124525547027588","","","3.112917066883353","","",""
"401403951","2022","12","regular","2022-11-19T17:00:00.000Z","false","true","false","false","49117","3693","Davis Wade Stadium","344","Mississippi State","fbs","SEC","56","14,21,14,7","0.982629656791687","1644","1644","2193","East Tennessee State","fcs","Southern","7","0,0,0,7","0.01737034320831299","","","1.941123222111762","","",""
"401403954","2022","12","regular","2022-11-19T17:00:00.000Z","false","true","false","false","90177","3795","Kyle Field","245","Texas A&M","fbs","SEC","20","3,7,3,7","1","1601","1579","113","Massachusetts","fbs","FBS Independents","3","0,3,0,0","0","877","899","3.892276556992265","","",""
"401405146","2022","12","regular","2022-11-19T17:00:00.000Z","false","true","false","true","56136","3936","Spartan Stadium","127","Michigan State","fbs","Big Ten","31","3,21,7,0,0,0","0.19470158219337463","1598","1555","84","Indiana","fbs","Big Ten","39","7,0,17,7,0,8","0.8052984178066254","1295","1338","7.416732873576314","","",""
"401411166","2022","12","regular","2022-11-19T17:00:00.000Z","false","true","false","false","58597","3697","Doak Campbell Stadium","52","Florida State","fbs","ACC","49","21,14,14,0","0.9919674396514893","1788","1851","309","Louisiana","fbs","Sun Belt","17","0,3,0,14","0.008032560348510742","1590","1527","1.80031615189449","","",""
"401403955","2022","12","regular","2022-11-19T17:00:00.000Z","false","true","false","true","30136","3973","FirstBank Stadium","238","Vanderbilt","fbs","SEC","31","0,14,14,3","0.9300811886787415","1298","1332","57","Florida","fbs","SEC","24","3,3,6,12","0.06991881132125854","1683","1649","4.456958694485075","","",""
"401405142","2022","12","regular","2022-11-19T17:00:00.000Z","false","true","false","true","86068","3834","Memorial Stadium (Lincoln, NE)","158","Nebraska","fbs","Big Ten","14","0,7,7,0","0.2486545294523239","1489","1499","275","Wisconsin","fbs","Big Ten","15","0,0,3,12","0.7513454705476761","1731","1721","4.773835044724653","","",""
"401404143","2022","12","regular","2022-11-19T17:00:00.000Z","false","true","false","false","31229","3841","Michie Stadium","349","Army","fbs","FBS Independents","34","7,6,14,7","0.9575457572937012","1447","1456","41","UConn","fbs","FBS Independents","17","3,7,7,0","0.04245424270629883","1137","1128","4.008399796834302","","",""
"401404114","2022","12","regular","2022-11-19T17:00:00.000Z","false","true","false","true","44393","4727","McLane Stadium","239","Baylor","fbs","Big 12","28","7,7,0,14","0.41826462745666504","1714","1713","2628","TCU","fbs","Big 12","29","7,7,6,9","0.581735372543335","1708","1709","6.636245909613604","","",""
"401405145","2022","12","regular","2022-11-19T17:00:00.000Z","false","true","false","true","110433","3558","Michigan Stadium","130","Michigan","fbs","Big Ten","19","7,0,3,9","0.8539328575134277","2080","2075","356","Illinois","fbs","Big Ten","17","0,3,14,0","0.14606714248657227","1702","1707","6.01251291759101","","",""
"401405143","2022","12","regular","2022-11-19T17:00:00.000Z","false","true","false","true","54016","3907","Ross-Ade Stadium","2509","Purdue","fbs","Big Ten","17","7,7,0,3","0.948303759098053","1622","1616","77","Northwestern","fbs","Big Ten","9","0,3,0,6","0.05169624090194702","1312","1318","3.3121868109618386","","",""
"401411169","2022","12","regular","2022-11-19T17:00:00.000Z","false","true","false","true","45362","3752","Acrisure Stadium","221","Pittsburgh","fbs","ACC","28","10,10,0,8","0.8977767825126648","1655","1653","150","Duke","fbs","ACC","26","7,7,0,12","0.1022232174873352","1460","1462","5.037850224765783","","",""
"401404165","2022","12","regular","2022-11-19T17:00:00.000Z","false","true","false","false","23055","3992","Williams Stadium (VA)","2335","Liberty","fbs","FBS Independents","22","7,10,5,0","0.01840285025537014","1631","1612","259","Virginia Tech","fbs","ACC","23","7,10,0,6","0.9815971497446299","1299","1318","6.898209450640993","","",""
"401426611","2022","12","regular","2022-11-19T18:00:00.000Z","false","true","false","true","18249","3895","Rice Stadium","242","Rice","fbs","Conference USA","7","0,0,0,7","0.023717554286122322","1099","1064","2636","UTSA","fbs","Conference USA","41","21,7,13,0","0.9762824457138777","1613","1648","2.5169831262906244","","",""
"401426378","2022","12","regular","2022-11-19T19:00:00.000Z","false","true","false","true","20055","3651","Bridgeforth Stadium","256","James Madison","fbs","Sun Belt","42","7,7,21,7","0.6538992524147034","1539","1539","2247","Georgia State","fbs","Sun Belt","40","10,24,0,6","0.34610074758529663","1488","1488","5.818546783404318","","",""
"401415660","2022","12","regular","2022-11-19T19:00:00.000Z","false","true","false","true","42475","3699","Dowdy-Ficklen Stadium","151","East Carolina","fbs","American Athletic","3","0,0,3,0","0.01872917264699936","1587","1459","248","Houston","fbs","American Athletic","42","7,14,14,7","0.9812708273530006","1517","1645","2.9866040136310437","","",""
"401404117","2022","12","regular","2022-11-19T19:00:00.000Z","false","true","false","true","37055","3842","Milan Puskar Stadium","277","West Virginia","fbs","Big 12","31","19,6,0,6","0","1379","1387","2306","Kansas State","fbs","Big 12","48","28,13,0,7","1","1902","1894","4.108491599412188","","",""
"401404039","2022","12","regular","2022-11-19T19:00:00.000Z","false","true","false","true","40717","3619","Arizona Stadium","12","Arizona","fbs","Pac-12","20","0,6,0,14","0","1368","1372","265","Washington State","fbs","Pac-12","31","7,14,10,0","1","1693","1689","3.65744593040375","","",""
"401415662","2022","12","regular","2022-11-19T19:00:00.000Z","false","true","false","false","24154","3805","Simmons Bank Liberty Stadium","235","Memphis","fbs","American Athletic","59","14,24,14,7","0.9855890870094299","1506","1506","2453","North Alabama","fcs","Atlantic Sun","0","0,0,0,0","0.014410912990570068","","","2.0506816044862175","","",""
"401404040","2022","12","regular","2022-11-19T19:15:00.000Z","false","true","false","true","39551","3947","Mountain America Stadium","9","Arizona State","fbs","Pac-12","7","0,7,0,0","0","1489","1448","204","Oregon State","fbs","Pac-12","31","7,7,14,3","1","1680","1721","4.157728621347976","","",""
"401426376","2022","12","regular","2022-11-19T19:30:00.000Z","false","true","false","true","32096","3792","Kidd Brewer Stadium","2026","App State","fbs","Sun Belt","27","10,14,3,0","0.942491888999939","1594","1597","295","Old Dominion","fbs","Sun Belt","14","0,0,0,14","0.057508111000061035","1315","1312","2.485709215932702","","",""
"401404132","2022","12","regular","2022-11-19T19:30:00.000Z","false","true","false","false","73503","3855","Notre Dame Stadium","87","Notre Dame","fbs","FBS Independents","44","17,20,7,0","0.9933632612228394","1831","1889","103","Boston College","fbs","ACC","0","0,0,0,0","0.0066367387771606445","1279","1221","1.8285738354290662","","",""
"401411167","2022","12","regular","2022-11-19T20:30:00.000Z","false","true","false","true","38974","3873","L&N Federal Credit Union Stadium","97","Louisville","fbs","ACC","25","0,13,0,12","1","1720","1741","152","NC State","fbs","ACC","10","0,3,7,0","0","1600","1579","3.9197145115638445","","",""
"401426379","2022","12","regular","2022-11-19T20:30:00.000Z","false","true","false","true","24032","3815","M. M. Roberts Stadium","2572","Southern Miss","fbs","Sun Belt","20","7,3,7,3","0.1595291942358017","1276","1281","6","South Alabama","fbs","Sun Belt","27","3,10,0,14","0.8404708057641983","1522","1517","5.71193109849711","","",""
"401426381","2022","12","regular","2022-11-19T20:30:00.000Z","false","true","false","true","23864","3975","Veterans Memorial Stadium (AL)","2653","Troy","fbs","Sun Belt","34","3,17,7,7","1","1477","1486","2433","UL Monroe","fbs","Sun Belt","16","0,3,7,6","0","1134","1125","2.775821619136784","","",""
"401405144","2022","12","regular","2022-11-19T20:30:00.000Z","false","true","false","true","41969","3665","SECU Stadium","120","Maryland","fbs","Big Ten","30","6,7,0,17","0.7267472743988037","1561","1585","194","Ohio State","fbs","Big Ten","43","7,3,17,16","0.2732527256011963","2201","2177","6.734181766847116","","",""
"401426608","2022","12","regular","2022-11-19T20:30:00.000Z","false","true","false","true","7905","4418","Jerry Richardson Stadium","2429","Charlotte","fbs","Conference USA","26","0,13,6,7","0.9586771726608276","1074","1081","2348","Louisiana Tech","fbs","Conference USA","21","0,7,0,14","0.04132282733917236","1122","1115","5.464195226211957","","",""
"401411165","2022","12","regular","2022-11-19T20:30:00.000Z","false","true","false","true","81340","3836","Memorial Stadium (Clemson, SC)","228","Clemson","fbs","ACC","40","14,10,2,14","1","1802","1834","2390","Miami","fbs","ACC","10","0,0,3,7","0","1383","1351","1.9302606272711142","","",""
"401404116","2022","12","regular","2022-11-19T20:30:00.000Z","false","true","false","true","38246","3833","Memorial Stadium","2305","Kansas","fbs","Big 12","14","0,0,7,7","0.06252466142177582","1429","1364","251","Texas","fbs","Big 12","55","14,17,10,14","0.9374753385782242","1862","1927","2.136811953022644","","",""
"401405147","2022","12","regular","2022-11-19T20:30:00.000Z","false","true","false","true","55676","6577","SHI Stadium","164","Rutgers","fbs","Big Ten","10","10,0,0,0","0.0011992982813152715","1297","1243","213","Penn State","fbs","Big Ten","55","14,14,20,7","0.9988007017186847","1920","1974","1.7927192538","","",""
"401420863","2022","12","regular","2022-11-19T20:30:00.000Z","false","true","false","false","56069","3801","LaVell Edwards Stadium","252","BYU","fbs","FBS Independents","52","0,28,7,17","0.9904914498329163","1525","1525","3101","Utah Tech","fcs","Western Athletic","26","6,14,0,6","0.00950855016708374","","","4.921606414347689","","",""
"401426610","2022","12","regular","2022-11-19T20:30:00.000Z","false","true","false","true","9958","3725","Johnny ""Red"" Floyd Stadium","2393","Middle Tennessee","fbs","Conference USA","49","14,14,14,7","0.9232072234153748","1300","1395","2226","Florida Atlantic","fbs","Conference USA","21","7,7,7,0","0.07679277658462524","1470","1375","3.9542755541259087","","",""
"401403949","2022","12","regular","2022-11-19T20:30:00.000Z","false","true","false","true","61022","3683","Kroger Field","96","Kentucky","fbs","SEC","6","0,0,0,6","0","1583","1608","61","Georgia","fbs","SEC","16","3,6,7,0","1","2184","2159","2.821791068982117","","",""
"401426613","2022","12","regular","2022-11-19T21:00:00.000Z","false","true","false","false","81824","3785","Jordan-Hare Stadium","2","Auburn","fbs","SEC","41","10,7,10,14","0.9861803650856018","1504","1596","98","Western Kentucky","fbs","Conference USA","17","0,17,0,0","0.013819634914398193","1767","1675","4.436971253017919","","",""
"401415663","2022","12","regular","2022-11-19T21:00:00.000Z","false","true","false","true","14673","3806","Lincoln Financial Field","218","Temple","fbs","American Athletic","3","0,3,0,0","0.005300492979586124","1117","1130","2132","Cincinnati","fbs","American Athletic","23","7,10,3,3","0.9946995070204139","1762","1749","5.117492095573947","","",""
"401405141","2022","12","regular","2022-11-19T21:00:00.000Z","false","true","false","true","45816","3953","Huntington Bank Stadium","135","Minnesota","fbs","Big Ten","10","0,7,3,0","0.21772532165050507","1755","1749","2294","Iowa","fbs","Big Ten","13","10,0,0,3","0.7822746783494949","1736","1742","4.577891850471125","","",""
"401426609","2022","12","regular","2022-11-19T21:00:00.000Z","false","true","false","true","10758","3946","Sun Bowl","2638","UTEP","fbs","Conference USA","40","14,24,0,2","0.9937936067581177","1252","1301","2229","Florida International","fbs","Conference USA","6","0,0,0,6","0.006206393241882324","882","833","3.3533889245245088","","",""
"401426380","2022","12","regular","2022-11-19T22:00:00.000Z","false","true","false","true","13287","3644","Bobcat Stadium (TX)","326","Texas State","fbs","Sun Belt","16","3,0,0,13","0.7146098613739014","1233","1233","2032","Arkansas State","fbs","Sun Belt","13","0,7,3,3","0.28539013862609863","1177","1177","5.6414850540230645","","",""
"401404041","2022","12","regular","2022-11-19T22:30:00.000Z","false","true","false","true","51892","3831","California Memorial Stadium","25","California","fbs","Pac-12","27","6,0,0,21","0.8225793242454529","1397","1398","24","Stanford","fbs","Pac-12","20","10,0,7,3","0.17742067575454712","1233","1232","6.016024553388779","","",""
"401411168","2022","12","regular","2022-11-19T22:30:00.000Z","false","true","false","true","44940","3787","Kenan Stadium","153","North Carolina","fbs","ACC","17","7,10,0,0","0.48919934034347534","1644","1605","59","Georgia Tech","fbs","ACC","21","0,7,7,7","0.5108006596565247","1206","1245","4.9583160945419","","",""
"401426377","2022","12","regular","2022-11-19T23:00:00.000Z","false","true","false","true","16153","3608","Allen E. Paulson Stadium","290","Georgia Southern","fbs","Sun Belt","10","3,7,0,0","0.013424810953438282","1390","1377","276","Marshall","fbs","Sun Belt","23","6,14,3,0","0.9865751890465617","1561","1574","4.128932650094126","","",""
"401403953","2022","12","regular","2022-11-20T00:00:00.000Z","false","true","false","true","79041","3994","Williams-Brice Stadium","2579","South Carolina","fbs","SEC","63","21,14,7,21","1","1460","1599","2633","Tennessee","fbs","SEC","38","7,17,7,7","0","2018","1879","4.054391638510753","","",""
"401415261","2022","12","regular","2022-11-20T00:00:00.000Z","false","true","false","true","17345","3984","War Memorial Stadium","2751","Wyoming","fbs","Mountain West","17","7,3,7,0","0.473181813955307","1400","1415","68","Boise State","fbs","Mountain West","20","0,6,7,7","0.526818186044693","1752","1737","5.669827340904019","","",""
"401404115","2022","12","regular","2022-11-20T00:00:00.000Z","false","true","false","true","52676","3772","Jack Trice Stadium","66","Iowa State","fbs","Big 12","10","0,3,0,7","0.15829810500144958","1716","1700","2641","Texas Tech","fbs","Big 12","14","0,7,0,7","0.8417018949985504","1573","1589","4.789970560546848","","",""
"401404118","2022","12","regular","2022-11-20T00:30:00.000Z","false","true","false","true","84132","3835","Memorial Stadium (Norman, OK)","201","Oklahoma","fbs","Big 12","28","28,0,0,0","0.9198924899101257","1635","1662","197","Oklahoma State","fbs","Big 12","13","0,3,7,3","0.08010751008987427","1589","1562","2.6271108213880257","","",""
"401403947","2022","12","regular","2022-11-20T00:30:00.000Z","false","true","false","true","71365","3887","Razorback Stadium","8","Arkansas","fbs","SEC","42","14,21,7,0","0.9781983494758606","1660","1696","145","Ole Miss","fbs","SEC","27","3,3,0,21","0.021801650524139404","1715","1679","2.9672948551835625","","",""
"401403952","2022","12","regular","2022-11-20T00:30:00.000Z","false","true","false","false","45231","3838","Memorial Stadium","142","Missouri","fbs","SEC","45","7,14,14,10","0.9943665862083435","1424","1467","166","New Mexico State","fbs","FBS Independents","14","0,0,7,7","0.005633413791656494","1081","1038","2.5607688184244535","","",""
"401404044","2022","12","regular","2022-11-20T01:00:00.000Z","false","true","false","true","70865","1056","Rose Bowl","26","UCLA","fbs","Pac-12","45","14,7,10,14","0.10403165966272354","1692","1691","30","USC","fbs","Pac-12","48","0,20,14,14","0.8959683403372765","1753","1754","8.526957082797146","","",""
"401411171","2022","12","regular","2022-11-20T01:00:00.000Z","false","true","false","true","26164","3630","Allegacy Federal Credit Union Stadium","154","Wake Forest","fbs","ACC","45","3,21,7,14","0.7051032781600952","1663","1667","183","Syracuse","fbs","ACC","35","7,14,0,14","0.2948967218399048","1467","1463","5.921797194238359","","",""
"401404042","2022","12","regular","2022-11-20T02:00:00.000Z","false","true","false","true","67969","3765","Husky Stadium","264","Washington","fbs","Pac-12","54","14,19,14,7","0.9838293194770813","1616","1684","38","Colorado","fbs","Pac-12","7","0,0,7,0","0.0161706805229187","1072","1004","2.126168954820748","","",""
"401415262","2022","12","regular","2022-11-20T02:00:00.000Z","false","true","false","true","20121","3713","Falcon Stadium","2005","Air Force","fbs","Mountain West","24","7,10,7,0","1","1746","1731","36","Colorado State","fbs","Mountain West","12","0,0,6,6","0","1216","1231","1.881330743523287","","",""
"401426612","2022","12","regular","2022-11-20T02:00:00.000Z","false","true","false","false","97367","3958","Tiger Stadium (LA)","99","LSU","fbs","SEC","41","14,14,6,7","0.9876797199249268","1710","1779","5","UAB","fbs","Conference USA","10","7,3,0,0","0.012320280075073242","1594","1525","2.8884030831557124","","",""
"401415265","2022","12","regular","2022-11-20T02:45:00.000Z","false","true","false","true","13677","3905","Maverik Stadium","328","Utah State","fbs","Mountain West","35","7,14,7,7","0.8303760886192322","1405","1411","23","San José State","fbs","Mountain West","31","6,7,10,8","0.16962391138076782","1489","1483","6.1870548392246","","",""
"401415263","2022","12","regular","2022-11-20T03:30:00.000Z","false","true","false","true","12501","3816","Mackay Stadium","2440","Nevada","fbs","Mountain West","14","0,0,7,7","0.11892959475517273","1277","1240","278","Fresno State","fbs","Mountain West","41","17,7,3,14","0.8810704052448273","1583","1620","2.639175366842657","","",""
"401404043","2022","12","regular","2022-11-20T03:30:00.000Z","false","true","false","true","57009","3626","Autzen Stadium","2483","Oregon","fbs","Pac-12","20","7,10,0,3","0.8685383796691895","1729","1732","254","Utah","fbs","Pac-12","17","3,0,14,0","0.13146162033081055","1881","1878","4.037799127985185","","",""
"401415266","2022","12","regular","2022-11-20T04:00:00.000Z","false","true","false","true","9346","7220","Clarence T.C. Ching Athletics Complex","62","Hawai'i","fbs","Mountain West","31","7,0,14,10","0.8639985918998718","1100","1117","2439","UNLV","fbs","Mountain West","25","6,7,3,9","0.13600140810012817","1288","1271","6.217714475462255","","",""
"401416648","2022","13","regular","2022-11-23T00:00:00.000Z","false","true","false","true","14021","3996","Yager Stadium","193","Miami (OH)","fbs","Mid-American","18","0,3,3,12","0.8513154983520508","1384","1382","2050","Ball State","fbs","Mid-American","17","7,7,3,0","0.14868450164794922","1288","1290","4.93926250642043","","",""
"401416649","2022","13","regular","2022-11-23T00:00:00.000Z","false","true","false","true","11693","3876","Peden Stadium","195","Ohio","fbs","Mid-American","38","0,28,3,7","0.993723452091217","1469","1495","189","Bowling Green","fbs","Mid-American","14","7,0,0,7","0.006276547908782959","1149","1123","3.5883364343723736","","",""
"401403956","2022","13","regular","2022-11-25T00:00:00.000Z","false","true","false","true","62487","3974","Vaught-Hemingway Stadium","145","Ole Miss","fbs","SEC","22","6,10,0,6","0.5372408032417297","1679","1676","344","Mississippi State","fbs","SEC","24","7,7,0,10","0.46275919675827026","1672","1675","7.00141460010745","","",""
"401416650","2022","13","regular","2022-11-25T17:00:00.000Z","false","true","false","true","14213","3912","Rynearson Stadium","2199","Eastern Michigan","fbs","Mid-American","38","14,0,14,10","0.9829736351966858","1317","1364","2117","Central Michigan","fbs","Mid-American","19","7,6,0,6","0.01702636480331421","1353","1306","4.354632323182322","","",""
"401415665","2022","13","regular","2022-11-25T17:00:00.000Z","false","true","false","true","37989","3854","Nippert Stadium","2132","Cincinnati","fbs","American Athletic","24","0,10,7,7","0.3066440522670746","1749","1739","2655","Tulane","fbs","American Athletic","27","3,10,7,7","0.6933559477329254","1665","1675","6.512786147492397","","",""
"401416651","2022","13","regular","2022-11-25T17:00:00.000Z","false","true","false","true","8645","3980","Waldo Stadium","2711","Western Michigan","fbs","Mid-American","20","0,10,10,0","0.8713318705558777","1283","1301","2649","Toledo","fbs","Mid-American","14","0,7,0,7","0.12866812944412231","1496","1478","5.494283502758059","","",""
"401415269","2022","13","regular","2022-11-25T17:00:00.000Z","false","true","false","true","31402","3653","Albertsons Stadium","68","Boise State","fbs","Mountain West","42","0,21,7,14","1","1737","1750","328","Utah State","fbs","Mountain West","23","0,7,10,6","0","1411","1398","4.2790793932500995","","",""
"401404119","2022","13","regular","2022-11-25T17:00:00.000Z","false","true","false","true","94076","3910","DKR-Texas Memorial Stadium","251","Texas","fbs","Big 12","38","14,3,7,14","0.9959493279457092","1927","1931","239","Baylor","fbs","Big 12","27","9,10,0,8","0.0040506720542907715","1713","1709","5.798021825662384","","",""
"401404045","2022","13","regular","2022-11-25T20:00:00.000Z","false","true","false","true","49865","3619","Arizona Stadium","12","Arizona","fbs","Pac-12","38","7,3,21,7","0.8966389298439026","1372","1374","9","Arizona State","fbs","Pac-12","35","0,14,14,7","0.10336107015609741","1448","1446","8.205822638747277","","",""
"401403961","2022","13","regular","2022-11-25T20:30:00.000Z","false","true","false","true","55710","3838","Memorial Stadium","142","Missouri","fbs","SEC","29","10,10,9,0","0.9958110451698303","1467","1470","8","Arkansas","fbs","SEC","27","7,14,3,3","0.004188954830169678","1696","1693","6.166836243121122","","",""
"401415268","2022","13","regular","2022-11-25T20:30:00.000Z","false","true","false","true","20107","5388","Canvas Stadium","36","Colorado State","fbs","Mountain West","17","0,7,3,7","1","1231","1252","167","New Mexico","fbs","Mountain West","0","0,0,0,0","0","1052","1031","3.320515018194011","","",""
"401411172","2022","13","regular","2022-11-25T20:30:00.000Z","false","true","false","true","50500","3787","Kenan Stadium","153","North Carolina","fbs","ACC","27","3,7,0,14,3,0","0.13865850865840912","1605","1599","152","NC State","fbs","ACC","30","7,10,0,7,3,3","0.8613414913415909","1579","1585","9.286663638560563","","",""
"401405148","2022","13","regular","2022-11-25T21:00:00.000Z","false","true","false","true","69250","3793","Kinnick Stadium","2294","Iowa","fbs","Big Ten","17","0,0,7,10","0.034785158932209015","1742","1709","158","Nebraska","fbs","Big Ten","24","10,7,7,0","0.965214841067791","1499","1532","4.22771372208969","","",""
"401404046","2022","13","regular","2022-11-25T21:30:00.000Z","false","true","false","true","36221","3831","California Memorial Stadium","25","California","fbs","Pac-12","28","7,14,0,7","0.5273739099502563","1398","1406","26","UCLA","fbs","Pac-12","35","7,10,7,11","0.47262609004974365","1691","1683","6.41943968259914","","",""
"401403958","2022","13","regular","2022-11-26T00:30:00.000Z","false","true","false","false","79560","3697","Doak Campbell Stadium","52","Florida State","fbs","ACC","45","14,7,17,7","0.9868140816688538","1851","1850","57","Florida","fbs","SEC","38","14,10,0,14","0.01318591833114624","1649","1650","7.716581493240062","","",""
"401415270","2022","13","regular","2022-11-26T03:00:00.000Z","false","true","false","true","40214","3660","Valley Children's Stadium","278","Fresno State","fbs","Mountain West","30","14,9,7,0","0.9878085851669312","1620","1676","2751","Wyoming","fbs","Mountain West","0","0,0,0,0","0.012191414833068848","1415","1359","2.2751903460857577","","",""
"401404123","2022","13","regular","2022-11-26T17:00:00.000Z","false","true","false","true","52353","3646","Boone Pickens Stadium","197","Oklahoma State","fbs","Big 12","19","0,10,9,0","0.24183206260204315","1562","1541","277","West Virginia","fbs","Big 12","24","7,0,14,3","0.7581679373979568","1387","1408","6.888158329970542","","",""
"401426389","2022","13","regular","2022-11-26T17:00:00.000Z","false","true","false","true","11407","6526","Hancock Whitney Stadium","6","South Alabama","fbs","Sun Belt","27","7,6,7,7","0.7993247509002686","1517","1515","295","Old Dominion","fbs","Sun Belt","20","10,10,0,0","0.20067524909973145","1312","1314","4.566156439021735","","",""
"401426390","2022","13","regular","2022-11-26T17:00:00.000Z","false","true","false","true","17427","3775","Joan C. Edwards Stadium","276","Marshall","fbs","Sun Belt","28","0,14,0,14","0.9774025082588196","1574","1576","2247","Georgia State","fbs","Sun Belt","23","7,3,7,6","0.02259749174118042","1488","1486","5.834818430403248","","",""
"401403962","2022","13","regular","2022-11-26T17:00:00.000Z","false","true","false","false","81500","3836","Memorial Stadium (Clemson, SC)","228","Clemson","fbs","ACC","30","14,9,7,0","0.37378114461898804","1834","1821","2579","South Carolina","fbs","SEC","31","0,14,14,3","0.626218855381012","1599","1612","5.891695453924142","","",""
"401426383","2022","13","regular","2022-11-26T17:00:00.000Z","false","true","false","true","19393","3651","Bridgeforth Stadium","256","James Madison","fbs","Sun Belt","47","3,17,20,7","0.989890456199646","1539","1659","324","Coastal Carolina","fbs","Sun Belt","7","7,0,0,0","0.010109543800354004","1563","1443","3.8883067314374413","","",""
"401404144","2022","13","regular","2022-11-26T17:00:00.000Z","false","true","false","true","10119","3985","Warren McGuirk Alumni Stadium","113","Massachusetts","fbs","FBS Independents","7","7,0,0,0","0.020124809816479683","899","861","349","Army","fbs","FBS Independents","44","7,21,0,16","0.9798751901835203","1456","1494","2.9937134261083207","","",""
"401426615","2022","13","regular","2022-11-26T17:00:00.000Z","false","true","false","true","18376","3715","FAU Stadium","2226","Florida Atlantic","fbs","Conference USA","31","0,7,10,7,7","0.7628164887428284","1375","1387","98","Western Kentucky","fbs","Conference USA","32","0,7,10,7,8","0.23718351125717163","1675","1663","9.429132595260006","","",""
"401404166","2022","13","regular","2022-11-26T17:00:00.000Z","false","true","false","true","18837","3992","Williams Stadium (VA)","2335","Liberty","fbs","FBS Independents","14","7,0,0,7","0","1612","1414","166","New Mexico State","fbs","FBS Independents","49","7,21,14,7","1","1038","1236","4.372191458204432","","",""
"401403959","2022","13","regular","2022-11-26T17:00:00.000Z","false","true","false","false","92746","3917","Sanford Stadium","61","Georgia","fbs","SEC","37","3,7,13,14","0.9948174357414246","2159","2132","59","Georgia Tech","fbs","ACC","14","7,0,0,7","0.0051825642585754395","1245","1272","3.1908986303345968","","",""
"401405153","2022","13","regular","2022-11-26T17:00:00.000Z","false","true","false","true","106787","3861","Ohio Stadium","194","Ohio State","fbs","Big Ten","23","10,10,0,3","0.10133223980665207","2177","2108","130","Michigan","fbs","Big Ten","45","3,14,7,21","0.8986677601933479","2075","2144","5.17852554808482","","",""
"401405152","2022","13","regular","2022-11-26T17:00:00.000Z","false","true","false","true","21974","3665","SECU Stadium","120","Maryland","fbs","Big Ten","37","0,17,13,7","0.9714495539665222","1585","1646","164","Rutgers","fbs","Big Ten","0","0,0,0,0","0.028550446033477783","1243","1182","2.6761874470208014","","",""
"401416653","2022","13","regular","2022-11-26T18:00:00.000Z","false","true","false","true","12302","3965","UB Stadium","2084","Buffalo","fbs","Mid-American","27","3,7,14,0,3","0.3907656669616699","1397","1389","2309","Kent State","fbs","Mid-American","30","3,7,0,14,6","0.6092343330383301","1337","1345","8.563861312407859","","",""
"401415664","2022","13","regular","2022-11-26T18:00:00.000Z","false","true","false","true","13037","3806","Lincoln Financial Field","218","Temple","fbs","American Athletic","46","3,21,15,7","0.059588782489299774","1130","1144","151","East Carolina","fbs","American Athletic","49","7,21,14,7","0.9404112175107002","1459","1445","8.062865959676756","","",""
"401416652","2022","13","regular","2022-11-26T18:30:00.000Z","false","true","false","true","6288","3764","Huskie Stadium","2459","Northern Illinois","fbs","Mid-American","12","6,0,3,3","0.016011644154787064","1350","1207","2006","Akron","fbs","Mid-American","44","0,20,7,17","0.9839883558452129","1004","1147","4.311052207420836","","",""
"401426617","2022","13","regular","2022-11-26T19:00:00.000Z","false","true","false","true","15688","3825","DATCU Stadium","249","North Texas","fbs","Conference USA","21","7,7,0,7","0.7964063286781311","1496","1487","242","Rice","fbs","Conference USA","17","0,14,0,3","0.2035936713218689","1064","1073","5.632496857265861","","",""
"401403960","2022","13","regular","2022-11-26T20:00:00.000Z","false","true","false","false","58727","3683","Kroger Field","96","Kentucky","fbs","SEC","26","7,6,10,3","0.9840259552001953","1608","1645","97","Louisville","fbs","ACC","13","0,7,0,6","0.015974044799804688","1741","1704","3.1633037988420614","","",""
"401415271","2022","13","regular","2022-11-26T20:30:00.000Z","false","true","false","true","15012","3935","CEFCU Stadium","23","San José State","fbs","Mountain West","27","7,7,7,6","0.9954289793968201","1483","1480","62","Hawai'i","fbs","Mountain West","14","0,6,0,8","0.004571020603179932","1117","1120","3.497843497132153","","",""
"401411174","2022","13","regular","2022-11-26T20:30:00.000Z","false","true","false","true","17492","3982","Wallace Wade Stadium","150","Duke","fbs","ACC","34","3,17,7,7","0.9147911667823792","1462","1466","154","Wake Forest","fbs","ACC","31","7,10,7,7","0.08520883321762085","1667","1663","6.35650546658939","","",""
"401405150","2022","13","regular","2022-11-26T20:30:00.000Z","false","true","false","true","75728","347","Camp Randall Stadium","275","Wisconsin","fbs","Big Ten","16","3,3,10,0","0.38466188311576843","1721","1710","135","Minnesota","fbs","Big Ten","23","7,3,3,10","0.6153381168842316","1749","1760","5.658890945816653","","",""
"401426384","2022","13","regular","2022-11-26T20:30:00.000Z","false","true","false","true","9376","3625","Centennial Bank Stadium","2032","Arkansas State","fbs","Sun Belt","19","3,10,6,0","0.010191467590630054","1177","1134","2653","Troy","fbs","Sun Belt","48","7,0,7,34","0.98980853240937","1486","1529","5.599521900413403","","",""
"401405151","2022","13","regular","2022-11-26T20:30:00.000Z","false","true","false","true","51148","3830","Memorial Stadium (Bloomington, IN)","84","Indiana","fbs","Big Ten","16","7,0,0,9","0.075346440076828","1338","1332","2509","Purdue","fbs","Big Ten","30","3,0,14,13","0.924653559923172","1616","1622","4.251473505673584","","",""
"401405149","2022","13","regular","2022-11-26T20:30:00.000Z","false","true","false","true","25744","3911","Ryan Field","77","Northwestern","fbs","Big Ten","3","0,0,0,3","0","1318","1257","356","Illinois","fbs","Big Ten","41","7,10,17,7","1","1707","1768","2.739303540354727","","",""
"401404047","2022","13","regular","2022-11-26T20:30:00.000Z","false","true","false","true","28840","3893","Reser Stadium","204","Oregon State","fbs","Pac-12","38","10,0,7,21","0.5099247097969055","1721","1724","2483","Oregon","fbs","Pac-12","34","7,7,17,3","0.4900752902030945","1732","1729","5.725299405386042","","",""
"401426618","2022","13","regular","2022-11-26T20:30:00.000Z","false","true","false","true","26061","3604","Alamodome","2636","UTSA","fbs","Conference USA","34","0,14,17,3","0.6017206907272339","1648","1645","2638","UTEP","fbs","Conference USA","31","14,10,7,0","0.3982793092727661","1301","1304","5.174874113408358","","",""
"401403957","2022","13","regular","2022-11-26T20:30:00.000Z","false","true","false","true","100077","3657","Bryant-Denny Stadium","333","Alabama","fbs","SEC","49","14,21,7,7","1","2151","2151","2","Auburn","fbs","SEC","27","7,7,7,6","0","1596","1596","3.756072456000134","","",""
"401426616","2022","13","regular","2022-11-26T20:30:00.000Z","false","true","false","true","10342","3776","Joe Aillet Stadium","2348","Louisiana Tech","fbs","Conference USA","27","3,3,14,7","0","1115","1127","5","UAB","fbs","Conference USA","37","0,17,20,0","1","1525","1513","4.910146208516758","","",""
"401415666","2022","13","regular","2022-11-26T20:30:00.000Z","false","true","false","true","15759","3735","Gerald J. Ford Stadium","2567","SMU","fbs","American Athletic","34","0,14,10,10","0.9396854043006897","1505","1506","235","Memphis","fbs","American Athletic","31","7,10,6,8","0.0603145956993103","1514","1513","6.310747633157773","","",""
"401404048","2022","13","regular","2022-11-26T21:00:00.000Z","false","true","false","true","33474","3726","Folsom Field","38","Colorado","fbs","Pac-12","21","0,0,14,7","0.0010843155905604362","1004","986","254","Utah","fbs","Pac-12","63","14,28,14,7","0.9989156844094396","1878","1896","3.460651838591525","","",""
"401405154","2022","13","regular","2022-11-26T21:00:00.000Z","false","true","false","true","105154","3632","Beaver Stadium","213","Penn State","fbs","Big Ten","35","7,7,7,14","0.9978300929069519","1974","1979","127","Michigan State","fbs","Big Ten","16","0,3,7,6","0.0021699070930480957","1555","1550","4.045745481308358","","",""
"401404120","2022","13","regular","2022-11-26T21:00:00.000Z","false","true","false","true","44846","3616","Amon G. Carter Stadium","2628","TCU","fbs","Big 12","62","24,10,21,7","0.9952601194381714","1709","1855","66","Iowa State","fbs","Big 12","14","0,7,0,7","0.004739880561828613","1700","1554","1.989009240940513","","",""
"401426386","2022","13","regular","2022-11-26T22:00:00.000Z","false","true","false","true","","3644","Bobcat Stadium (TX)","326","Texas State","fbs","Sun Belt","13","3,3,7,0","0.001506890170276165","1233","1191","309","Louisiana","fbs","Sun Belt","41","7,13,7,14","0.9984931098297238","1527","1569","4.318012852769273","","",""
"401426385","2022","13","regular","2022-11-26T22:00:00.000Z","false","true","false","true","4465","3817","Malone Stadium","2433","UL Monroe","fbs","Sun Belt","10","0,7,3,0","0.01045218575745821","1125","1117","2572","Southern Miss","fbs","Sun Belt","20","10,0,0,10","0.9895478142425418","1281","1289","5.3177942515365135","","",""
"401426382","2022","13","regular","2022-11-26T23:00:00.000Z","false","true","false","true","18683","3608","Allen E. Paulson Stadium","290","Georgia Southern","fbs","Sun Belt","51","7,10,14,7,7,6","0.061440203338861465","1377","1381","2026","App State","fbs","Sun Belt","48","6,14,11,7,7,3","0.9385597966611385","1597","1593","9.692668942504133","","",""
"401426614","2022","13","regular","2022-11-26T23:00:00.000Z","false","true","false","true","14768","218","FIU Stadium","2229","Florida International","fbs","Conference USA","28","0,7,14,7","0.020937426015734673","833","859","2393","Middle Tennessee","fbs","Conference USA","33","6,14,7,6","0.9790625739842653","1395","1369","6.326165877648087","","",""
"401415272","2022","13","regular","2022-11-26T23:00:00.000Z","false","true","false","true","24873","6501","Allegiant Stadium","2439","UNLV","fbs","Mountain West","27","7,10,0,10","0.6264843940734863","1271","1275","2440","Nevada","fbs","Mountain West","22","13,0,3,6","0.37351560592651367","1240","1236","6.084395296123078","","",""
"401403963","2022","13","regular","2022-11-27T00:00:00.000Z","false","true","false","true","93578","3795","Kyle Field","245","Texas A&M","fbs","SEC","38","7,10,7,14","0.9043120741844177","1579","1629","99","LSU","fbs","SEC","23","0,10,7,6","0.09568792581558228","1779","1729","4.291569507971237","","",""
"401415667","2022","13","regular","2022-11-27T00:00:00.000Z","false","true","false","true","32217","3886","Raymond James Stadium","58","South Florida","fbs","American Athletic","39","0,7,22,10","0.4782188832759857","1104","1130","2116","UCF","fbs","American Athletic","46","14,14,3,15","0.5217811167240143","1673","1647","5.319623108615032","","",""
"401415668","2022","13","regular","2022-11-27T00:30:00.000Z","false","true","false","true","21785","4728","TDECU Stadium","248","Houston","fbs","American Athletic","30","14,10,3,3","0.2070310264825821","1645","1606","202","Tulsa","fbs","American Athletic","37","3,17,7,10","0.7929689735174179","1339","1378","6.003789034333655","","",""
"401404122","2022","13","regular","2022-11-27T00:30:00.000Z","false","true","false","true","51126","3784","Jones AT&T Stadium","2641","Texas Tech","fbs","Big 12","51","0,23,15,10,3","0.6437110304832458","1589","1591","201","Oklahoma","fbs","Big 12","48","14,10,7,17,0","0.35628896951675415","1662","1660","12.33104979912749","","",""
"401411173","2022","13","regular","2022-11-27T00:30:00.000Z","false","true","false","true","30113","3615","Alumni Stadium (Chestnut Hill, MA)","103","Boston College","fbs","ACC","23","10,0,0,13","0.7516225576400757","1221","1222","183","Syracuse","fbs","ACC","32","0,3,3,26","0.24837744235992432","1463","1462","4.838866136398941","","",""
"401404133","2022","13","regular","2022-11-27T00:30:00.000Z","false","true","false","false","72613","477","Los Angeles Memorial Coliseum","30","USC","fbs","Pac-12","38","10,7,7,14","0.788865327835083","1754","1785","87","Notre Dame","fbs","FBS Independents","27","0,7,7,13","0.211134672164917","1889","1858","3.098158245808732","","",""
"401403964","2022","13","regular","2022-11-27T00:30:00.000Z","false","true","false","true","40350","3973","FirstBank Stadium","238","Vanderbilt","fbs","SEC","0","0,0,0,0","0.0006093615666031837","1332","1234","2633","Tennessee","fbs","SEC","56","14,7,21,14","0.9993906384333968","1879","1977","2.443515948560276","","",""
"401404121","2022","13","regular","2022-11-27T01:00:00.000Z","false","true","false","true","51861","3636","Bill Snyder Family Stadium","2306","Kansas State","fbs","Big 12","47","23,7,7,10","1","1894","1892","2305","Kansas","fbs","Big 12","27","7,14,0,6","0","1364","1366","3.81991066018941","","",""
"401411175","2022","13","regular","2022-11-27T01:00:00.000Z","false","true","false","true","46428","3948","Hard Rock Stadium","2390","Miami","fbs","ACC","16","0,0,3,13","0","1351","1316","221","Pittsburgh","fbs","ACC","42","14,14,7,7","1","1653","1688","3.557450284019335","","",""
"401415267","2022","13","regular","2022-11-27T02:00:00.000Z","false","true","false","true","25223","7311","Snapdragon Stadium","21","San Diego State","fbs","Mountain West","3","0,0,3,0","0.03199060261249542","1487","1487","2005","Air Force","fbs","Mountain West","13","7,0,3,3","0.9680093973875046","1731","1731","4.062615802586822","","",""
"401404051","2022","13","regular","2022-11-27T03:30:00.000Z","false","true","false","true","33152","3820","Gesa Field","265","Washington State","fbs","Pac-12","33","10,17,6,0","0.02542640082538128","1689","1644","264","Washington","fbs","Pac-12","51","7,21,7,16","0.9745735991746187","1684","1729","8.38076704213648","","",""
"401404049","2022","13","regular","2022-11-27T04:00:00.000Z","false","true","false","false","25094","3940","Stanford Stadium","24","Stanford","fbs","Pac-12","26","3,9,0,14","0.10189758241176605","1232","1237","252","BYU","fbs","FBS Independents","35","14,14,0,7","0.898102417588234","1529","1524","3.329288352244696","","",""
"401506450","2022","14","regular","2022-12-02T18:00:00.000Z","false","true","false","true","12247","3965","UB Stadium","2084","Buffalo","fbs","Mid-American","23","0,10,7,6","0.5943481854028421","1389","1382","2006","Akron","fbs","Mid-American","22","9,7,0,6","0.40565181459715793","1147","1154","8.4559833844","","",""
"401437032","2022","14","regular","2022-12-03T00:30:00.000Z","false","true","false","true","41412","3604","Alamodome","2636","UTSA","fbs","Conference USA","48","7,17,10,14","0.9953567981719971","1645","1679","249","North Texas","fbs","Conference USA","27","7,3,10,7","0.00464320182800293","1487","1453","4.007571505420898","","Conference USA Championship",""
"401437035","2022","14","regular","2022-12-03T01:00:00.000Z","false","true","true","true","61195","6501","Allegiant Stadium","30","USC","fbs","Pac-12","24","14,3,0,7","0.01219994854182005","1785","1745","254","Utah","fbs","Pac-12","47","3,14,7,23","0.98780005145818","1896","1936","4.731693217674232","","Pac-12 Championship Game",""
"401437033","2022","14","regular","2022-12-03T17:00:00.000Z","false","true","true","true","15550","3727","Ford Field","195","Ohio","fbs","Mid-American","7","0,7,0,0","0.006022261455655098","1495","1479","2649","Toledo","fbs","Mid-American","17","7,3,0,7","0.9939777385443449","1478","1494","4.366108441866279","","MAC Championship",""
"401437030","2022","14","regular","2022-12-03T17:00:00.000Z","false","true","true","true","69335","3687","AT&T Stadium","2628","TCU","fbs","Big 12","28","7,3,7,11,0","0.12434539198875427","1855","1856","2306","Kansas State","fbs","Big 12","31","7,7,7,7,3","0.8756546080112457","1892","1891","8.5236270818944","","Dr Pepper Big 12 Championship",""
"401507088","2022","14","regular","2022-12-03T20:00:00.000Z","false","true","false","false","14784","3601","Aggie Memorial Stadium","166","New Mexico State","fbs","FBS Independents","65","21,14,17,13","0.9791773557662964","","","2674","Valparaiso","fcs","Pioneer","3","0,3,0,0","0.020822644233703613","","","2.491189822513964","","",""
"401437037","2022","14","regular","2022-12-03T20:30:00.000Z","false","true","false","true","21554","3975","Veterans Memorial Stadium (AL)","2653","Troy","fbs","Sun Belt","45","17,14,14,0","0.9424201250076294","1529","1564","324","Coastal Carolina","fbs","Sun Belt","26","0,7,6,13","0.057579874992370605","1443","1408","2.2166752845995523","","Sun Belt Championship",""
"401437034","2022","14","regular","2022-12-03T21:00:00.000Z","false","true","false","true","24037","3653","Albertsons Stadium","68","Boise State","fbs","Mountain West","16","0,6,3,7","0.006178650073707104","1750","1717","278","Fresno State","fbs","Mountain West","28","0,14,0,14","0.9938213499262929","1676","1709","5.016624126491604","","Mountain West Championship Game",""
"401437008","2022","14","regular","2022-12-03T21:00:00.000Z","false","true","false","true","30118","4729","Yulman Stadium","2655","Tulane","fbs","American Athletic","45","10,7,7,21","0.99772709608078","1675","1710","2116","UCF","fbs","American Athletic","28","0,7,7,14","0.0022729039192199707","1647","1612","4.602452110483098","","American Athletic Championship",""
"401437036","2022","14","regular","2022-12-03T21:00:00.000Z","false","true","true","true","74810","5348","Mercedes-Benz Stadium","61","Georgia","fbs","SEC","50","14,21,7,8","0.9844166040420532","2132","2146","99","LSU","fbs","SEC","30","7,3,13,7","0.015583395957946777","1729","1715","3.0440657265131987","","SEC Championship Game",""
"401437009","2022","14","regular","2022-12-04T01:00:00.000Z","false","true","true","true","64115","3628","Bank of America Stadium","153","North Carolina","fbs","ACC","10","7,3,0,0","0.02893529087305069","1599","1554","228","Clemson","fbs","ACC","39","14,10,15,0","0.9710647091269493","1821","1866","3.446141265565088","","Subway ACC Championship",""
"401437031","2022","14","regular","2022-12-04T01:00:00.000Z","false","true","true","true","67107","3812","Lucas Oil Stadium","130","Michigan","fbs","Big Ten","43","7,7,14,15","0.9904118180274963","2144","2150","2509","Purdue","fbs","Big Ten","22","7,6,3,6","0.009588181972503662","1622","1616","4.434797382510035","","Big Ten Championship Game",""
"401404145","2022","15","regular","2022-12-10T20:00:00.000Z","false","true","true","false","69117","3806","Lincoln Financial Field","349","Army","fbs","FBS Independents","20","0,7,0,3,7,3","0.747624933719635","1494","1499","2426","Navy","fbs","American Athletic","17","0,3,7,0,7,0","0.252375066280365","1462","1457","7.391923338708446","","",""
