"Id","Season","Week","SeasonType","StartDate","StartTimeTBD","Completed","NeutralSite","ConferenceGame","Attendance","VenueId","Venue","HomeId","HomeTeam","HomeClassification","HomeConference","HomePoints","HomeLineScores","HomePostgameWinProbability","HomePregameElo","HomePostgameElo","AwayId","AwayTeam","AwayClassification","AwayConference","AwayPoints","AwayLineScores","AwayPostgameWinProbability","AwayPregameElo","AwayPostgameElo","ExcitementIndex","Highlights","Notes","Playoff"
"401856766","2026","1","regular","2026-08-29T16:00:00.000Z","false","true","true","false","","3504","Aviva Stadium","2628","TCU","fbs","Big 12","10","10,0,0,0","0.5609505772590637","1613","1595","153","North Carolina","fbs","ACC","15","10,2,3,0","0.4390494227409363","1380","1398","6.501938416580931","","Aer Lingus College Football Classic",""
"401864494","2026","1","regular","2026-08-29T19:00:00.000Z","false","true","false","false","","477","Los Angeles Memorial Coliseum","30","USC","fbs","Big Ten","42","7,21,7,7","0.9964043498039246","1747","1752","23","San José State","fbs","Mountain West","26","0,0,3,23","0.0035956501960754395","1411","1406","2.1247838400218297","","",""
"401858202","2026","1","regular","2026-08-29T19:30:00.000Z","false","true","false","true","","3923","Scott Stadium","258","Virginia","fbs","ACC","34","10,7,7,10","0.9934231638908386","1591","1655","152","NC State","fbs","ACC","8","0,0,8,0","0.006576836109161377","1570","1506","2.3644462220310416","","",""
"401864577","2026","1","regular","2026-08-29T21:30:00.000Z","false","true","false","false","","3714","Fargodome","2449","North Dakota State","fbs","Mountain West","33","7,10,10,6","0.9063087105751038","1500","1566","55","Jacksonville State","fbs","Conference USA","7","7,0,0,0","0.09369128942489624","1494","1428","3.0503311314063795","","",""
"401866408","2026","1","regular","2026-08-29T22:30:00.000Z","false","true","false","true","","3912","Rynearson Stadium","2199","Eastern Michigan","fbs","Mid-American","28","0,21,0,7","0.9009293913841248","1326","1360","16","Sacramento State","fbs","Mid-American","17","0,10,0,7","0.09907060861587524","1500","1466","3.5970782042129867","","",""
"401864570","2026","1","regular","2026-08-29T23:00:00.000Z","false","true","false","false","","3697","Doak Campbell Stadium","52","Florida State","fbs","ACC","34","3,14,7,10","1","1537","1551","166","New Mexico State","fbs","Conference USA","17","0,7,3,7","0","1281","1267","3.6506915398564455","","",""
"401858201","2026","1","regular","2026-08-29T23:00:00.000Z","false","true","false","false","","3940","Stanford Stadium","24","Stanford","fbs","ACC","37","7,7,9,14","0.9951261878013611","1390","1413","62","Hawai'i","fbs","Mountain West","27","0,7,0,20","0.004873812198638916","1472","1449","5.770253187027743","","",""
"401862693","2026","1","regular","2026-08-30T02:00:00.000Z","false","true","false","false","","6501","Allegiant Stadium","2439","UNLV","fbs","Mountain West","21","0,14,7,0","0.04621971398591995","1581","1566","235","Memphis","fbs","American Athletic","27","0,7,17,3","0.95378028601408","1526","1541","6.40825618898589","","",""
"401858423","2026","1","regular","2026-09-03T22:00:00.000Z","false","true","false","false","","6577","SHI Stadium","164","Rutgers","fbs","Big Ten","21","7,0,0,14","0.0026932330802083015","1479","1381","113","Massachusetts","fbs","Mid-American","37","7,17,3,10","0.9973067669197917","978","1076","3.19174551401912","","",""
"401864425","2026","1","regular","2026-09-03T23:00:00.000Z","false","true","false","false","","4899","Fifth Third Stadium","338","Kennesaw State","fbs","Conference USA","47","19,21,7,0","0.9909650087356567","1373","1373","2698","West Georgia","fcs","UAC","0","0,0,0,0","0.009034991264343262","","","2.229737075700872","","",""
"401864424","2026","1","regular","2026-09-03T23:00:00.000Z","false","true","false","false","","3695","Delaware Stadium","48","Delaware","fbs","Conference USA","42","7,14,14,7","0.9847715497016907","1404","1404","2771","Merrimack","fcs","FCS Independents","7","0,0,7,0","0.015228450298309326","","","2.641449382089869","","",""
"401856767","2026","1","regular","2026-09-03T23:00:00.000Z","false","true","false","false","","3652","FBC Mortgage Stadium","2116","UCF","fbs","Big 12","73","21,17,28,7","0.9843000769615173","1465","1465","2065","Bethune-Cookman","fcs","SWAC","6","0,0,0,6","0.015699923038482666","","","1.897970373376696","","",""
"401866409","2026","1","regular","2026-09-03T23:00:00.000Z","false","true","false","false","","3965","UB Stadium","2084","Buffalo","fbs","Mid-American","21","0,14,0,7","0.9391478896141052","1365","1365","399","UAlbany","fcs","Coastal Athletic","17","7,3,7,0","0.060852110385894775","","","6.902093440356493","","",""
"401858204","2026","1","regular","2026-09-03T23:00:00.000Z","false","true","false","false","","3630","Allegacy Federal Credit Union Stadium","154","Wake Forest","fbs","ACC","38","10,18,3,7","0.9861863851547241","1520","1516","2006","Akron","fbs","Mid-American","16","0,3,0,13","0.013813614845275879","925","929","2.6068707243929237","","",""
"401856663","2026","1","regular","2026-09-04T00:00:00.000Z","false","true","false","false","","3838","Memorial Stadium","142","Missouri","fbs","SEC","54","14,26,0,14","0.9942298531532288","1666","1666","2029","Arkansas-Pine Bluff","fcs","SWAC","14","0,0,7,7","0.00577014684677124","","","2.395718076222952","","",""
"401858422","2026","1","regular","2026-09-04T00:00:00.000Z","false","true","false","false","","3953","Huntington Bank Stadium","135","Minnesota","fbs","Big Ten","59","14,21,10,14","0.9948015213012695","1510","1510","2197","Eastern Illinois","fcs","OVC","7","0,7,0,0","0.005198478698730469","","","2.14001327981458","","",""
"401856776","2026","1","regular","2026-09-04T00:00:00.000Z","false","true","false","false","","721","Bobby Dodd Stadium","59","Georgia Tech","fbs","ACC","13","0,10,0,3","0.46688950061798096","1563","1553","38","Colorado","fbs","Big 12","14","0,7,0,7","0.533110499382019","1396","1406","6.240260056598781","","",""
"401856768","2026","1","regular","2026-09-04T01:00:00.000Z","false","true","false","false","","587","Rice-Eccles Stadium","254","Utah","fbs","Big 12","66","17,14,14,21","0.9970967173576355","1817","1817","70","Idaho","fcs","Big Sky","14","0,7,7,0","0.002903282642364502","","","2.11235780713634","","",""
"401858424","2026","1","regular","2026-09-04T01:00:00.000Z","false","true","false","false","","3832","Memorial Stadium (Champaign, IL)","356","Illinois","fbs","Big Ten","42","14,7,7,14","0.9480764269828796","1563","1595","5","UAB","fbs","American Athletic","23","3,10,3,7","0.05192357301712036","1443","1411","3.799962230181375","","",""
"401864495","2026","1","regular","2026-09-04T22:30:00.000Z","false","true","false","false","","3912","Rynearson Stadium","2199","Eastern Michigan","fbs","Mid-American","21","0,7,14,0","0","1360","1353","23","San José State","fbs","Mountain West","27","0,10,7,10","1","1406","1413","5.895337083138708","","",""
"401858435","2026","1","regular","2026-09-04T23:00:00.000Z","false","true","false","false","","3907","Ross-Ade Stadium","2509","Purdue","fbs","Big Ten","44","10,6,21,7","0.9921911954879761","1318","1318","282","Indiana State","fcs","MVFC","19","3,3,0,13","0.007808804512023926","","","2.442458035830671","","",""
"401866623","2026","1","regular","2026-09-04T23:00:00.000Z","false","true","false","false","","4246","Center Parc Stadium","2247","Georgia State","fbs","Sun Belt","59","14,21,24,0","0.9921911954879761","1241","1241","2448","North Carolina A&T","fcs","Coastal Athletic","10","0,7,0,3","0.007808804512023926","","","3.2067711849236753","","",""
"401856769","2026","1","regular","2026-09-05T00:00:00.000Z","false","true","false","false","","3833","Memorial Stadium","2305","Kansas","fbs","Big 12","51","6,24,7,14","0.9919133186340332","1510","1510","2341","Long Island University","fcs","NEC","6","0,0,0,6","0.008086681365966797","","","2.712433637537601","","",""
"401858429","2026","1","regular","2026-09-05T00:00:00.000Z","false","true","false","false","","3936","Spartan Stadium","127","Michigan State","fbs","Big Ten","30","10,9,0,11","0.7865183353424072","1439","1468","2649","Toledo","fbs","Mid-American","20","0,7,7,6","0.21348166465759277","1597","1568","3.933766595911785","","",""
"401856664","2026","1","regular","2026-09-05T00:00:00.000Z","false","true","false","false","","3835","Memorial Stadium (Norman, OK)","201","Oklahoma","fbs","SEC","51","21,6,17,7","0.9970476031303406","1706","1799","2638","UTEP","fbs","Mountain West","0","0,0,0,0","0.002952396869659424","1256","1163","1.6622847209305427","","",""
"401858206","2026","1","regular","2026-09-05T01:00:00.000Z","false","true","false","true","","3940","Stanford Stadium","24","Stanford","fbs","ACC","6","3,3,0,0","0.018528111279010773","1413","1354","2390","Miami","fbs","ACC","45","14,14,14,3","0.9814718887209892","1842","1901","3.861456675658052","","",""
"401858436","2026","1","regular","2026-09-05T01:00:00.000Z","false","true","false","false","","477","Los Angeles Memorial Coliseum","30","USC","fbs","Big Ten","39","7,23,2,7","0.9353188276290894","1752","1835","278","Fresno State","fbs","Pac-12","0","0,0,0,0","0.06468117237091064","1532","1449","2.768518413523263","","",""
"401862701","2026","1","regular","2026-09-05T16:00:00.000Z","false","true","false","false","","3841","Michie Stadium","349","Army","fbs","American Athletic","59","21,10,14,14","0.9969590902328491","1527","1527","2803","Bryant","fcs","Coastal Athletic","3","0,3,0,0","0.003040909767150879","","","1.9076028235625277","","",""
"401856778","2026","1","regular","2026-09-05T16:00:00.000Z","false","true","false","false","","4728","TDECU Stadium","248","Houston","fbs","Big 12","33","9,10,7,7","0.9747902750968933","1508","1514","204","Oregon State","fbs","Pac-12","20","7,0,6,7","0.02520972490310669","1266","1260","4.451653122690978","","",""
"401856634","2026","1","regular","2026-09-05T16:00:00.000Z","false","true","false","false","","3657","Bryant-Denny Stadium","333","Alabama","fbs","SEC","48","10,28,0,10","0.9966325163841248","1738","1823","151","East Carolina","fbs","American Athletic","10","0,7,3,0","0.003367483615875244","1562","1477","2.413542657655659","","",""
"401861962","2026","1","regular","2026-09-05T16:00:00.000Z","false","true","false","false","","3892","Pratt & Whitney Stadium","41","UConn","fbs","FBS Independents","56","21,14,14,7","0.9930822253227234","1484","1484","322","Lafayette","fcs","Patriot","7","0,0,0,7","0.006917774677276611","","","2.1293066509575125","","",""
"401866410","2026","1","regular","2026-09-05T16:00:00.000Z","false","true","false","false","","3700","Doyt L. Perry Stadium","189","Bowling Green","fbs","Mid-American","13","0,7,3,3","0.47325095534324646","1340","1340","2627","Tarleton State","fcs","UAC","20","7,10,0,3","0.5267490446567535","","","4.2530976755708005","","",""
"401858425","2026","1","regular","2026-09-05T16:00:00.000Z","false","true","false","false","","3830","Memorial Stadium (Bloomington, IN)","84","Indiana","fbs","Big Ten","52","14,10,7,21","0.9949389696121216","2064","2113","249","North Texas","fbs","American Athletic","16","0,6,10,0","0.005061030387878418","1639","1590","2.2743649912659762","","",""
"401858430","2026","1","regular","2026-09-05T16:00:00.000Z","false","true","false","false","","3834","Memorial Stadium (Lincoln, NE)","158","Nebraska","fbs","Big Ten","49","7,7,14,21","0.993261456489563","1538","1592","195","Ohio","fbs","Mid-American","21","10,3,0,8","0.006738543510437012","1372","1318","4.959056683394593","","",""
"401869960","2026","1","regular","2026-09-05T16:00:00.000Z","false","true","false","false","","3651","Bridgeforth Stadium","256","James Madison","fbs","Sun Belt","20","7,10,3,0","0.9636929631233215","1770","1776","2335","Liberty","fbs","Conference USA","13","0,6,0,7","0.03630703687667847","1703","1697","2.938805175877657","","",""
"401856780","2026","1","regular","2026-09-05T16:00:00.000Z","false","true","false","false","","3842","Milan Puskar Stadium","277","West Virginia","fbs","Big 12","31","14,10,0,7","0.8937140703201294","1360","1365","324","Coastal Carolina","fbs","Sun Belt","24","0,0,7,17","0.1062859296798706","1275","1270","2.918222613424516","","",""
"401858208","2026","1","regular","2026-09-05T16:00:00.000Z","false","true","false","false","","1964","JMA Wireless Dome","183","Syracuse","fbs","ACC","66","14,27,2,23","0.9922709465026855","1288","1288","160","New Hampshire","fcs","Coastal Athletic","3","0,0,0,3","0.007729053497314453","","","2.1397786797517004","","",""
"401858207","2026","1","regular","2026-09-05T16:30:00.000Z","false","true","false","false","","3752","Acrisure Stadium","221","Pittsburgh","fbs","ACC","59","21,10,21,7","0.9727570414543152","1576","1681","193","Miami (OH)","fbs","Mid-American","14","0,14,0,0","0.027242958545684814","1364","1259","2.4978793686470273","","",""
"401858432","2026","1","regular","2026-09-05T16:30:00.000Z","false","true","false","false","","3861","Ohio Stadium","194","Ohio State","fbs","Big Ten","56","14,14,14,14","0.9805747270584106","1925","1986","2050","Ball State","fbs","Mid-American","3","0,3,0,0","0.019425272941589355","1173","1112","2.0816947559603913","","",""
"401856665","2026","1","regular","2026-09-05T16:45:00.000Z","false","true","false","false","","3994","Williams-Brice Stadium","2579","South Carolina","fbs","SEC","57","7,22,14,14","0.9963384866714478","1631","1742","2309","Kent State","fbs","Mid-American","0","0,0,0,0","0.003661513328552246","1167","1056","1.927710383165817","","",""
"401856659","2026","1","regular","2026-09-05T17:00:00.000Z","false","true","false","false","","3683","Kroger Field","96","Kentucky","fbs","SEC","45","14,14,7,10","0.9882584810256958","1476","1476","2754","Youngstown State","fcs","MVFC","13","0,7,6,0","0.0117415189743042","","","1.7714212792584294","","",""
"401864496","2026","1","regular","2026-09-05T17:00:00.000Z","false","true","false","false","","3713","Falcon Stadium","2005","Air Force","fbs","Mountain West","34","7,13,7,7","0.992472767829895","1424","1424","2184","Duquesne","fcs","NEC","0","0,0,0,0","0.0075272321701049805","","","1.8531627866369802","","",""
"401856779","2026","1","regular","2026-09-05T17:00:00.000Z","false","true","false","false","","3772","Jack Trice Stadium","66","Iowa State","fbs","Big 12","38","14,14,3,7","0.9895552396774292","1586","1586","2546","Southeast Missouri State","fcs","OVC","10","0,7,0,3","0.0104447603225708","","","2.775955154249339","","",""
"401862698","2026","1","regular","2026-09-05T18:00:00.000Z","false","true","false","false","","3806","Lincoln Financial Field","218","Temple","fbs","American Athletic","38","10,14,7,7","0.9994505643844604","1312","1312","227","Rhode Island","fcs","Coastal Athletic","14","7,7,0,0","0.0005494356155395508","","","3.427826148039743","","",""
"401856658","2026","1","regular","2026-09-05T19:00:00.000Z","false","true","false","false","","3917","Sanford Stadium","61","Georgia","fbs","SEC","63","28,7,14,14","0.987844705581665","1871","1871","2634","Tennessee State","fcs","OVC","3","0,3,0,0","0.012155294418334961","","","1.8624348875527263","","",""
"401862700","2026","1","regular","2026-09-05T19:30:00.000Z","false","true","false","false","","3604","Alamodome","2636","UTSA","fbs","American Athletic","45","7,24,0,14","0.977594256401062","1522","1522","292","UT Rio Grande Valley","fcs","Southland","16","0,6,0,10","0.02240574359893799","","","2.762885935131833","","",""
"401866627","2026","1","regular","2026-09-05T19:30:00.000Z","false","true","false","false","","3792","Kidd Brewer Stadium","2026","App State","fbs","Sun Belt","55","7,24,7,17","0.992509663105011","1310","1310","311","Maine","fcs","Coastal Athletic","3","0,0,3,0","0.007490336894989014","","","2.1860471472481593","","",""
"401864499","2026","1","regular","2026-09-05T19:30:00.000Z","false","true","false","false","","3714","Fargodome","2449","North Dakota State","fbs","Mountain West","38","3,14,21,0","0.9916819930076599","1562","1562","2230","Fordham","fcs","Patriot","0","0,0,0,0","0.008318006992340088","","","2.332098818300068","","",""
"401856636","2026","1","regular","2026-09-05T19:30:00.000Z","false","true","true","false","","5348","Mercedes-Benz Stadium","2","Auburn","fbs","SEC","17","3,7,0,7","0.3212757408618927","1613","1613","239","Baylor","fbs","Big 12","16","0,7,0,9","0.6787242591381073","1506","1506","7.276093790199145","","Aflac Kickoff",""
"401856667","2026","1","regular","2026-09-05T19:30:00.000Z","false","true","false","false","","3910","DKR-Texas Memorial Stadium","251","Texas","fbs","SEC","59","14,14,21,10","0.9363611340522766","1784","1913","326","Texas State","fbs","Pac-12","7","0,7,0,0","0.06363886594772339","1570","1441","2.4768900387323205","","",""
"401856777","2026","1","regular","2026-09-05T19:30:00.000Z","false","true","false","false","","3854","Nippert Stadium","2132","Cincinnati","fbs","Big 12","34","3,7,14,10","0.9926350712776184","1480","1516","103","Boston College","fbs","ACC","15","0,0,8,7","0.007364928722381592","1406","1370","3.7856761933742193","","",""
"401856666","2026","1","regular","2026-09-05T19:30:00.000Z","false","true","false","false","","3853","Neyland Stadium","2633","Tennessee","fbs","SEC","56","7,21,21,7","0.9925051331520081","1691","1691","231","Furman","fcs","Southern","9","0,0,3,6","0.007494866847991943","","","2.5481180554485405","","",""
"401858434","2026","1","regular","2026-09-05T19:30:00.000Z","false","true","false","false","","3632","Beaver Stadium","213","Penn State","fbs","Big Ten","45","17,7,14,7","0.9949479103088379","1802","1891","276","Marshall","fbs","Sun Belt","0","0,0,0,0","0.005052089691162109","1478","1389","2.069694438371381","","",""
"401858209","2026","1","regular","2026-09-05T19:30:00.000Z","false","true","false","false","","3982","Wallace Wade Stadium","150","Duke","fbs","ACC","17","7,3,0,7","0.9367347955703735","1581","1607","2655","Tulane","fbs","American Athletic","3","0,0,0,3","0.06326520442962646","1555","1529","3.3994336317500204","","",""
"401858433","2026","1","regular","2026-09-05T19:30:00.000Z","false","true","false","false","","3626","Autzen Stadium","2483","Oregon","fbs","Big Ten","34","0,14,10,10","0.936040997505188","1880","1873","68","Boise State","fbs","Pac-12","27","7,10,7,3","0.06395900249481201","1562","1569","6.800212461567343","","",""
"401862694","2026","1","regular","2026-09-05T19:30:00.000Z","false","true","false","false","","4418","Jerry Richardson Stadium","2429","Charlotte","fbs","American Athletic","41","7,7,7,7,13","0.07293246686458588","1182","1182","2643","The Citadel","fcs","Southern","43","7,0,14,7,15","0.9270675331354141","","","9.442475061652209","","",""
"401862696","2026","1","regular","2026-09-05T19:30:00.000Z","false","true","false","false","","3852","Navy-Marine Corps Memorial Stadium","2426","Navy","fbs","American Athletic","42","14,14,7,7","0.976482093334198","1550","1550","119","Towson","fcs","Coastal Athletic","15","0,12,3,0","0.023517906665802002","","","3.276233467141967","","",""
"401856772","2026","1","regular","2026-09-05T19:45:00.000Z","false","true","false","false","","3674","Chapman Stadium","202","Tulsa","fbs","American Athletic","24","3,7,7,7","0.9988501071929932","1240","1268","197","Oklahoma State","fbs","Big 12","10","0,3,7,0","0.001149892807006836","1240","1212","3.4798394312225565","","",""
"401858426","2026","1","regular","2026-09-05T20:15:00.000Z","false","true","false","false","","3793","Kinnick Stadium","2294","Iowa","fbs","Big Ten","40","20,13,7,0","0.9894656538963318","1791","1847","2459","Northern Illinois","fbs","Mountain West","0","0,0,0,0","0.010534346103668213","1322","1266","2.056095441182341","","",""
"401856635","2026","1","regular","2026-09-05T20:15:00.000Z","false","true","false","false","","3887","Razorback Stadium","8","Arkansas","fbs","SEC","31","7,7,7,10","0.9978387951850891","1547","1547","2453","North Alabama","fcs","UAC","14","0,0,7,7","0.0021612048149108887","","","3.2596139293232698","","",""
"401868356","2026","1","regular","2026-09-05T21:00:00.000Z","false","true","false","false","","3815","M. M. Roberts Stadium","2572","Southern Miss","fbs","Sun Belt","49","7,14,21,7","0.9972705841064453","1350","1350","2016","Alcorn State","fcs","SWAC","3","3,0,0,0","0.0027294158935546875","","","2.906769279204327","","",""
"401860878","2026","1","regular","2026-09-05T22:00:00.000Z","false","true","false","false","","5388","Canvas Stadium","36","Colorado State","fbs","Pac-12","35","7,7,7,14","0.9878835082054138","1273","1336","2751","Wyoming","fbs","Mountain West","13","3,3,7,0","0.012116491794586182","1363","1300","3.447543350267783","","",""
"401867973","2026","1","regular","2026-09-05T22:00:00.000Z","false","true","false","false","","3918","S.B. Ballard Stadium","295","Old Dominion","fbs","Sun Belt","31","7,10,14,0","0.8599848747253418","1336","1336","2450","Norfolk State","fcs","MEAC","10","0,7,3,0","0.1400151252746582","","","2.936906991354552","","",""
"401856770","2026","1","regular","2026-09-05T23:00:00.000Z","false","true","false","false","","3784","Jones AT&T Stadium","2641","Texas Tech","fbs","Big 12","33","14,3,9,7","0.9908412098884583","1870","1870","2000","Abilene Christian","fcs","UAC","10","0,3,0,7","0.009158790111541748","","","2.270616940713421","","",""
"401862695","2026","1","regular","2026-09-05T23:00:00.000Z","false","true","false","false","","3805","Simmons Bank Liberty Stadium","235","Memphis","fbs","American Athletic","42","0,21,14,7","0.9897596836090088","1541","1566","2032","Arkansas State","fbs","Sun Belt","24","3,14,7,0","0.010240316390991211","1378","1353","5.053423669218713","","",""
"401862699","2026","1","regular","2026-09-05T23:00:00.000Z","false","true","false","false","","3886","Raymond James Stadium","58","South Florida","fbs","American Athletic","19","3,3,0,13","0.9994904398918152","1682","1679","2229","Florida International","fbs","Conference USA","9","0,0,3,6","0.0005095601081848145","1382","1385","4.8355795003531155","","",""
"401867866","2026","1","regular","2026-09-05T23:00:00.000Z","false","true","false","false","","3725","Johnny ""Red"" Floyd Stadium","2393","Middle Tennessee","fbs","Conference USA","38","14,7,3,14","0.9877748489379883","1276","1276","93","Murray State","fcs","MVFC","14","0,7,7,0","0.012225151062011719","","","2.523397804082168","","",""
"401856668","2026","1","regular","2026-09-05T23:00:00.000Z","false","true","false","false","","3795","Kyle Field","245","Texas A&M","fbs","SEC","50","9,10,14,17","0.9935471415519714","1748","1849","2623","Missouri State","fbs","Conference USA","0","0,0,0,0","0.0064528584480285645","1385","1284","1.97195805997534","","",""
"401868316","2026","1","regular","2026-09-05T23:00:00.000Z","false","true","false","false","","6526","Hancock Whitney Stadium","6","South Alabama","fbs","Sun Belt","39","19,3,10,7","0.9733971357345581","1390","1390","2545","SE Louisiana","fcs","Southland","14","7,0,7,0","0.026602864265441895","","","2.5044065669121878","","",""
"401870763","2026","1","regular","2026-09-05T23:00:00.000Z","false","true","false","false","","3975","Veterans Memorial Stadium (AL)","2653","Troy","fbs","Sun Belt","24","7,7,3,7","1","1422","1420","2534","Sam Houston","fbs","Conference USA","21","7,7,0,7","0","1162","1164","5.8888493281709735","","",""
"401868140","2026","1","regular","2026-09-05T23:00:00.000Z","false","true","false","false","","3662","AmFirst Stadium","55","Jacksonville State","fbs","Conference USA","49","14,21,7,7","0.990320086479187","1432","1432","2198","Eastern Kentucky","fcs","UAC","7","0,7,0,0","0.009679913520812988","","","2.415696723581675","","",""
"401862697","2026","1","regular","2026-09-05T23:00:00.000Z","false","true","false","false","","3895","Rice Stadium","242","Rice","fbs","American Athletic","31","7,10,0,14","0.9941425919532776","1196","1196","2277","Houston Christian","fcs","Southland","3","3,0,0,0","0.005857408046722412","","","2.594905350092231","","",""
"401856669","2026","1","regular","2026-09-05T23:00:00.000Z","false","true","false","false","","3973","FirstBank Stadium","238","Vanderbilt","fbs","SEC","28","5,10,6,7","0.9735190868377686","1753","1753","2046","Austin Peay","fcs","UAC","9","6,3,0,0","0.026480913162231445","","","3.1370849878505407","","",""
"401868170","2026","1","regular","2026-09-05T23:00:00.000Z","false","true","false","false","","3608","Allen E. Paulson Stadium","290","Georgia Southern","fbs","Sun Belt","31","21,3,7,0","0.9878964424133301","1376","1376","2127","Charleston Southern","fcs","OVC","0","0,0,0,0","0.012103557586669922","","","2.8280426311254057","","",""
"401856771","2026","1","regular","2026-09-05T23:00:00.000Z","false","true","false","false","","3636","Bill Snyder Family Stadium","2306","Kansas State","fbs","Big 12","71","22,14,21,14","0.99085533618927","1616","1616","2447","Nicholls","fcs","Southland","3","0,3,0,0","0.00914466381072998","","","1.860002838700055","","",""
"401860880","2026","1","regular","2026-09-05T23:00:00.000Z","false","true","false","false","","3905","Maverik Stadium","328","Utah State","fbs","Pac-12","17","7,3,7,0","0.25037574768066406","1376","1376","304","Idaho State","fcs","Big Sky","29","6,10,3,10","0.7496242523193359","","","6.264019457225063","","",""
"401858211","2026","1","regular","2026-09-05T23:30:00.000Z","false","true","false","false","","3799","Lane Stadium","259","Virginia Tech","fbs","ACC","73","21,24,21,7","0.9959549903869629","1421","1421","2678","VMI","fcs","Southern","3","0,0,0,3","0.004045009613037109","","","1.6187263304956838","","",""
"401856662","2026","1","regular","2026-09-05T23:30:00.000Z","false","true","false","false","","3693","Davis Wade Stadium","344","Mississippi State","fbs","SEC","62","21,20,7,14","0.9833825826644897","1478","1584","2433","UL Monroe","fbs","Sun Belt","13","0,3,10,0","0.016617417335510254","1177","1071","2.163199868290036","","",""
"401856660","2026","1","regular","2026-09-05T23:30:00.000Z","false","true","false","false","","3958","Tiger Stadium (LA)","99","LSU","fbs","SEC","51","17,14,13,7","0.988840639591217","1616","1745","228","Clemson","fbs","ACC","10","3,0,0,7","0.011159360408782959","1670","1541","2.4978783376212546","","",""
"401869129","2026","1","regular","2026-09-05T23:30:00.000Z","false","true","false","false","","3776","Joe Aillet Stadium","2348","Louisiana Tech","fbs","Sun Belt","80","21,42,14,3","0.9989631772041321","1454","1454","2466","Northwestern State","fcs","Southland","6","3,0,0,3","0.00103682279586792","","","2.285266420139923","","",""
"401858428","2026","1","regular","2026-09-05T23:30:00.000Z","false","true","false","false","","3558","Michigan Stadium","130","Michigan","fbs","Big Ten","13","7,0,0,6","0.5044036507606506","1690","1686","2711","Western Michigan","fbs","Mid-American","12","3,3,0,6","0.49559634923934937","1530","1534","5.085374646276987","","",""
"401856637","2026","1","regular","2026-09-05T23:45:00.000Z","false","true","false","false","","3634","Ben Hill Griffin Stadium","57","Florida","fbs","SEC","66","17,21,14,14","0.9905579090118408","1562","1658","2226","Florida Atlantic","fbs","American Athletic","21","0,14,7,0","0.00944209098815918","1285","1189","2.9309560668065715","","",""
"401869142","2026","1","regular","2026-09-06T00:00:00.000Z","false","true","false","false","","3666","Cajun Field","309","Louisiana","fbs","Sun Belt","38","7,21,7,3","0.9931040406227112","1389","1389","2320","Lamar","fcs","Southland","7","0,0,0,7","0.006895959377288818","","","2.254952524080834","","",""
"401858427","2026","1","regular","2026-09-06T00:00:00.000Z","false","true","false","false","","3665","SECU Stadium","120","Maryland","fbs","Big Ten","62","17,17,21,7","0.9812546968460083","1424","1424","2261","Hampton","fcs","Coastal Athletic","0","0,0,0,0","0.0187453031539917","","","2.0262132883316366","","",""
"401856775","2026","1","regular","2026-09-06T00:00:00.000Z","false","true","false","false","","3801","LaVell Edwards Stadium","252","BYU","fbs","Big 12","63","14,28,14,7","0.9927279949188232","1666","1666","3101","Utah Tech","fcs","Big Sky","7","0,0,7,0","0.007272005081176758","","","1.693029251257934","","",""
"401858431","2026","1","regular","2026-09-06T00:00:00.000Z","false","true","false","false","","5960","Lanny and Sharon Martin Stadium","77","Northwestern","fbs","Big Ten","34","7,3,7,17","0.9755688905715942","1549","1549","2571","South Dakota State","fcs","MVFC","18","0,6,6,6","0.02443110942840576","","","4.929680461851733","","",""
"401870790","2026","1","regular","2026-09-06T01:00:00.000Z","false","true","false","false","","3601","Aggie Memorial Stadium","166","New Mexico State","fbs","Conference USA","51","13,10,7,21","0.9876314401626587","1259","1259","2385","Mercyhurst","fcs","NEC","14","7,7,0,0","0.012368559837341309","","","5.633043387226727","","",""
"401860879","2026","1","regular","2026-09-06T01:30:00.000Z","false","true","false","false","","7311","Snapdragon Stadium","21","San Diego State","fbs","Pac-12","53","7,22,14,10","0.9686100482940674","1518","1518","2502","Portland State","fcs","Big Sky","20","6,0,7,7","0.03138995170593262","","","3.4302171098744187","","",""
"401856773","2026","1","regular","2026-09-06T01:30:00.000Z","false","true","false","false","","3619","Arizona Stadium","12","Arizona","fbs","Big 12","35","7,14,7,7","0.9888352155685425","1625","1625","2464","Northern Arizona","fcs","Big Sky","7","0,0,0,7","0.01116478443145752","","","2.0200470826040386","","",""
"401866411","2026","1","regular","2026-09-06T02:00:00.000Z","false","true","false","false","","3757","Hornet Stadium","16","Sacramento State","fbs","Mid-American","52","14,17,7,14","0.9875482320785522","1476","1476","2400","Mississippi Valley State","fcs","SWAC","0","0,0,0,0","0.012451767921447754","","","2.039980215956526","","",""
"401856774","2026","1","regular","2026-09-06T02:00:00.000Z","false","true","false","false","","3947","Mountain America Stadium","9","Arizona State","fbs","Big 12","70","28,21,21,0","0.9897788166999817","1572","1572","2415","Morgan State","fcs","MEAC","7","7,0,0,0","0.01022118330001831","","","2.1291923925930254","","",""
"401864498","2026","1","regular","2026-09-06T02:00:00.000Z","false","true","false","false","","3971","University Stadium (NM)","167","New Mexico","fbs","Mountain West","38","7,13,15,3","0.9932624697685242","1496","1558","2117","Central Michigan","fbs","Mid-American","7","0,0,0,7","0.00673753023147583","1321","1259","1.6516373272600842","","",""
"401864497","2026","1","regular","2026-09-06T02:00:00.000Z","false","true","false","true","","7220","Clarence T.C. Ching Athletics Complex","62","Hawai'i","fbs","Mountain West","6","0,3,3,0","0.03882439061999321","1449","1426","2439","UNLV","fbs","Mountain West","21","7,7,0,7","0.9611756093800068","1566","1589","4.135331155799781","","",""
"401864432","2026","1","regular","2026-09-06T02:30:00.000Z","false","true","false","false","","3816","Mackay Stadium","2440","Nevada","fbs","Mountain West","49","14,7,14,14","0.9910643100738525","1351","1462","98","Western Kentucky","fbs","Conference USA","14","0,7,0,7","0.008935689926147461","1438","1327","2.6540355849259845","","",""
"401858210","2026","1","regular","2026-09-06T02:30:00.000Z","false","true","false","false","","3831","California Memorial Stadium","25","California","fbs","ACC","24","7,10,7,0","0","1406","1349","26","UCLA","fbs","Big Ten","45","7,17,0,21","1","1381","1438","7.116397431805615","","",""
"401858437","2026","1","regular","2026-09-06T20:00:00.000Z","false","true","false","false","","3765","Husky Stadium","264","Washington","fbs","Big Ten","24","3,7,0,14","0.9796331524848938","1744","1762","265","Washington State","fbs","Pac-12","10","0,0,0,10","0.0203668475151062","1619","1601","3.4272122553332083","","",""
"401858438","2026","1","regular","2026-09-06T23:30:00.000Z","false","true","true","false","","3798","Lambeau Field","87","Notre Dame","fbs","FBS Independents","41","10,3,14,14","0.911626398563385","1995","2021","275","Wisconsin","fbs","Big Ten","13","3,7,3,0","0.08837360143661499","1501","1475","4.713404453161819","","",""
"401856661","2026","1","regular","2026-09-06T23:30:00.000Z","false","true","true","false","","3810","Nissan Stadium","145","Ole Miss","fbs","SEC","41","0,10,14,17","0.6583908200263977","1839","1837","97","Louisville","fbs","ACC","38","3,3,18,14","0.3416091799736023","1666","1668","7.825231475951447","","Liberty Mutual Music City Kickoff",""
"401858212","2026","1","regular","2026-09-07T23:30:00.000Z","false","true","false","true","","3697","Doak Campbell Stadium","52","Florida State","fbs","ACC","24","7,3,7,7","0.03824145346879959","1551","1557","2567","SMU","fbs","ACC","27","7,10,0,10","0.9617585465312004","1734","1728","6.434540721332048","","",""
"401858213","2026","2","regular","2026-09-11T00:00:00.000Z","false","true","false","false","","3948","Hard Rock Stadium","2390","Miami","fbs","ACC","77","21,28,28,0","0.9930822253227234","1930","1930","50","Florida A&M","fcs","SWAC","7","0,0,0,7","0.006917774677276611","","","1.8345705305786555","","",""
"401858220","2026","2","regular","2026-09-11T23:00:00.000Z","false","true","false","false","","3923","Scott Stadium","258","Virginia","fbs","ACC","59","21,7,14,17","0.9930822253227234","1652","1652","2450","Norfolk State","fcs","MEAC","3","0,3,0,0","0.006917774677276611","","","2.138828100677014","","",""
"401858222","2026","2","regular","2026-09-11T23:00:00.000Z","false","true","false","false","","3670","Carter-Finley Stadium","152","NC State","fbs","ACC","73","21,28,14,10","0.9935848712921143","1509","1509","257","Richmond","fcs","Patriot","0","0,0,0,0","0.006415128707885742","","","1.9801876241116372","","",""
"401858215","2026","2","regular","2026-09-11T23:00:00.000Z","false","true","false","false","","3873","L&N Federal Credit Union Stadium","97","Louisville","fbs","ACC","59","17,14,14,14","0.9942125678062439","1668","1668","222","Villanova","fcs","Patriot","13","3,7,3,0","0.0057874321937561035","","","2.4404798318841623","","",""
"401858214","2026","2","regular","2026-09-11T23:30:00.000Z","false","true","false","false","","3615","Alumni Stadium (Chestnut Hill, MA)","103","Boston College","fbs","ACC","28","14,6,0,8","0.39106959104537964","1370","1380","164","Rutgers","fbs","Big Ten","21","0,7,7,7","0.6089304089546204","1381","1371","3.8629434228559565","","",""
"401856678","2026","2","regular","2026-09-12T00:00:00.000Z","false","true","false","false","","3833","Memorial Stadium","2305","Kansas","fbs","Big 12","21","0,14,7,0","0.00580001762136817","1510","1485","142","Missouri","fbs","SEC","38","0,14,14,10","0.9941999823786318","1666","1691","6.683010293890897","","",""
"401856782","2026","2","regular","2026-09-12T16:00:00.000Z","false","true","false","false","","3646","Boone Pickens Stadium","197","Oklahoma State","fbs","Big 12","39","3,21,6,9","0.6795249581336975","1212","1274","2483","Oregon","fbs","Big Ten","31","7,10,7,7","0.3204750418663025","1873","1811","5.848195968458265","","",""
"401856781","2026","2","regular","2026-09-12T16:00:00.000Z","false","true","false","false","","3636","Bill Snyder Family Stadium","2306","Kansas State","fbs","Big 12","34","3,14,10,7","0.9975051283836365","1616","1684","265","Washington State","fbs","Pac-12","7","0,7,0,0","0.0024948716163635254","1601","1533","2.7120452347612307","","",""
"401858224","2026","2","regular","2026-09-12T16:00:00.000Z","false","true","false","false","","3907","Ross-Ade Stadium","2509","Purdue","fbs","Big Ten","36","7,3,3,10,13","0.5124849081039429","1318","1326","154","Wake Forest","fbs","ACC","38","7,10,3,3,15","0.48751509189605713","1516","1508","10.15891091707647","","",""
"401862702","2026","2","regular","2026-09-12T16:00:00.000Z","false","true","false","true","","3841","Michie Stadium","349","Army","fbs","American Athletic","24","0,14,0,10","0.3616083562374115","1527","1530","58","South Florida","fbs","American Athletic","28","7,0,7,14","0.6383916437625885","1679","1676","5.644033764124048","","",""
"401856683","2026","2","regular","2026-09-12T16:00:00.000Z","false","true","false","false","","3795","Kyle Field","245","Texas A&M","fbs","SEC","48","7,10,7,24","0.9799808263778687","1849","1890","9","Arizona State","fbs","Big 12","20","7,3,10,0","0.020019173622131348","1572","1531","4.058681717255771","","",""
"401866416","2026","2","regular","2026-09-12T16:00:00.000Z","false","true","false","false","","3696","Dix Stadium","2309","Kent State","fbs","Mid-American","36","7,7,0,22","0.9619717597961426","1035","1035","2747","Wofford","fcs","Southern","15","3,12,0,0","0.03802824020385742","","","4.618649026122627","","",""
"401867929","2026","2","regular","2026-09-12T16:00:00.000Z","false","true","false","false","","3651","Bridgeforth Stadium","256","James Madison","fbs","Sun Belt","87","21,21,24,21","0.9958890080451965","1776","1776","2681","Wagner","fcs","NEC","3","3,0,0,0","0.004110991954803467","","","2.521116012299708","","",""
"401858218","2026","2","regular","2026-09-12T16:00:00.000Z","false","true","false","false","","3787","Kenan Stadium","153","North Carolina","fbs","ACC","35","7,14,14,0","0.9849953055381775","1395","1395","2193","East Tennessee State","fcs","Southern","3","0,0,0,3","0.01500469446182251","","","1.8097981493180526","","",""
"401858442","2026","2","regular","2026-09-12T16:00:00.000Z","false","true","false","false","","3806","Lincoln Financial Field","218","Temple","fbs","American Athletic","9","0,3,0,6","0.027871139347553253","1312","1323","213","Penn State","fbs","Big Ten","27","0,10,10,7","0.9721288606524467","1891","1880","3.5985873235133377","","",""
"401858221","2026","2","regular","2026-09-12T16:00:00.000Z","false","true","false","false","","3799","Lane Stadium","259","Virginia Tech","fbs","ACC","44","17,17,3,7","0.9789135456085205","1421","1468","295","Old Dominion","fbs","Sun Belt","21","3,3,7,8","0.021086454391479492","1336","1289","2.5798047775213986","","",""
"401864571","2026","2","regular","2026-09-12T16:00:00.000Z","false","true","false","false","","3699","Dowdy-Ficklen Stadium","151","East Carolina","fbs","American Athletic","24","7,3,7,7","0.28081414103507996","1477","1462","2026","App State","fbs","Sun Belt","27","3,14,10,0","0.71918585896492","1310","1325","5.840694871750819","","",""
"401868187","2026","2","regular","2026-09-12T16:00:00.000Z","false","true","false","false","","3992","Williams Stadium (VA)","2335","Liberty","fbs","Conference USA","24","14,3,0,7","0.8924932479858398","1697","1697","2241","Gardner-Webb","fcs","OVC","23","6,14,3,0","0.10750675201416016","","","5.981791198506766","","",""
"401858439","2026","2","regular","2026-09-12T16:00:00.000Z","false","true","false","false","","3830","Memorial Stadium (Bloomington, IN)","84","Indiana","fbs","Big Ten","55","20,21,14,0","0.9941574335098267","2132","2132","47","Howard","fcs","MEAC","0","0,0,0,0","0.00584256649017334","","","1.6708804528668852","","",""
"401856679","2026","2","regular","2026-09-12T16:00:00.000Z","false","true","false","false","","3558","Michigan Stadium","130","Michigan","fbs","Big Ten","17","7,3,0,7","0.886965274810791","1686","1702","201","Oklahoma","fbs","SEC","10","0,0,7,3","0.11303472518920898","1799","1783","4.412815749915213","","",""
"401856673","2026","2","regular","2026-09-12T16:45:00.000Z","false","true","false","false","","3917","Sanford Stadium","61","Georgia","fbs","SEC","70","21,28,14,7","0.9499468803405762","1871","1948","98","Western Kentucky","fbs","Conference USA","20","0,6,0,14","0.05005311965942383","1327","1250","2.0673143380751107","","",""
"401866417","2026","2","regular","2026-09-12T17:00:00.000Z","false","true","false","false","","3996","Yager Stadium","193","Miami (OH)","fbs","Mid-American","45","14,28,3,0","0.9932807683944702","1252","1252","107","Holy Cross","fcs","Patriot","7","0,0,7,0","0.006719231605529785","","","1.6097025491435413","","",""
"401866415","2026","2","regular","2026-09-12T17:00:00.000Z","false","true","false","false","","3786","Kelly/Shorts Stadium","2117","Central Michigan","fbs","Mid-American","13","0,0,6,7","0.9310958981513977","1253","1253","2142","Colgate","fcs","Patriot","10","0,10,0,0","0.0689041018486023","","","4.595530284820957","","",""
"401856791","2026","2","regular","2026-09-12T17:00:00.000Z","false","true","false","false","","3842","Milan Puskar Stadium","277","West Virginia","fbs","Big 12","52","21,7,17,7","0.9900001287460327","1365","1365","2630","UT Martin","fcs","OVC","7","0,0,0,7","0.009999871253967285","","","2.208256557952954","","",""
"401866413","2026","2","regular","2026-09-12T18:00:00.000Z","false","true","false","false","","3919","Scheumann Stadium","2050","Ball State","fbs","Mid-American","41","7,14,0,20","0.9929779171943665","1076","1076","2619","Stony Brook","fcs","Coastal Athletic","17","0,3,0,14","0.007022082805633545","","","2.9274254084526574","","",""
"401856785","2026","2","regular","2026-09-12T19:30:00.000Z","false","true","false","false","","3726","Folsom Field","38","Colorado","fbs","Big 12","52","21,21,3,7","0.9908815622329712","1404","1404","2692","Weber State","fcs","Big Sky","21","7,7,0,7","0.009118437767028809","","","3.107023447998443","","",""
"401858216","2026","2","regular","2026-09-12T19:30:00.000Z","false","true","false","true","","1964","JMA Wireless Dome","183","Syracuse","fbs","ACC","18","3,9,6,0","0.45804399251937866","1288","1287","25","California","fbs","ACC","21","0,7,7,7","0.5419560074806213","1349","1350","6.3187843827573635","","",""
"401858446","2026","2","regular","2026-09-12T19:30:00.000Z","false","true","false","false","","3765","Husky Stadium","264","Washington","fbs","Big Ten","16","0,10,0,6","0.857559323310852","1762","1757","328","Utah State","fbs","Pac-12","14","0,7,0,7","0.14244067668914795","1376","1381","7.0473552315932055","","",""
"401858217","2026","2","regular","2026-09-12T19:30:00.000Z","false","true","false","false","","3832","Memorial Stadium (Champaign, IL)","356","Illinois","fbs","Big Ten","27","10,14,3,0","0.017757385969161987","1595","1589","150","Duke","fbs","ACC","31","7,14,7,3","0.982242614030838","1607","1613","5.659197811170286","","",""
"401860884","2026","2","regular","2026-09-12T19:30:00.000Z","false","true","false","false","","3644","Bobcat Stadium (TX)","326","Texas State","fbs","Pac-12","26","0,17,6,3","0.4162304699420929","1441","1438","2636","UTSA","fbs","American Athletic","31","7,0,10,14","0.5837695300579071","1522","1525","6.508105036584822","","",""
"401866412","2026","2","regular","2026-09-12T19:30:00.000Z","false","true","false","false","","3768","InfoCision Stadium","2006","Akron","fbs","Mid-American","45","7,14,10,14","0.9734373688697815","905","905","2523","Robert Morris","fcs","NEC","10","0,10,0,0","0.026562631130218506","","","2.9058535163628694","","",""
"401858440","2026","2","regular","2026-09-12T19:30:00.000Z","false","true","false","false","","3936","Spartan Stadium","127","Michigan State","fbs","Big Ten","35","7,7,14,7","0.9901273250579834","1468","1528","2199","Eastern Michigan","fbs","Mid-American","7","0,7,0,0","0.009872674942016602","1353","1293","2.694647689046348","","",""
"401856810","2026","2","regular","2026-09-12T19:30:00.000Z","false","true","false","true","","3801","LaVell Edwards Stadium","252","BYU","fbs","Big 12","28","7,7,7,7","0.9806126356124878","1666","1683","12","Arizona","fbs","Big 12","17","10,7,0,0","0.019387364387512207","1625","1608","5.22890503880269","","",""
"401866419","2026","2","regular","2026-09-12T19:30:00.000Z","false","true","false","false","","3739","Glass Bowl","2649","Toledo","fbs","Mid-American","63","14,21,21,7","0.9916463494300842","1576","1576","2115","Central Connecticut","fcs","NEC","10","3,0,0,7","0.008353650569915771","","","3.2197421570118423","","",""
"401856677","2026","2","regular","2026-09-12T19:30:00.000Z","false","true","false","false","","3953","Huntington Bank Stadium","135","Minnesota","fbs","Big Ten","13","3,3,7,0","0.02202126942574978","1510","1452","344","Mississippi State","fbs","SEC","38","14,14,3,7","0.9779787305742502","1584","1642","3.6851358285722577","","",""
"401856674","2026","2","regular","2026-09-12T19:30:00.000Z","false","true","false","true","","3683","Kroger Field","96","Kentucky","fbs","SEC","17","7,10,0,0","0","1476","1440","333","Alabama","fbs","SEC","45","7,6,18,14","1","1823","1859","4.735355751393114","","",""
"401866420","2026","2","regular","2026-09-12T19:30:00.000Z","false","true","false","false","","3985","Warren McGuirk Alumni Stadium","113","Massachusetts","fbs","Mid-American","37","17,6,14,0","0.9915581941604614","1049","1049","2529","Sacred Heart","fcs","Coastal Athletic","10","0,0,3,7","0.008441805839538574","","","2.0110112525244674","","",""
"401856790","2026","2","regular","2026-09-12T19:30:00.000Z","false","true","false","false","","3752","Acrisure Stadium","221","Pittsburgh","fbs","ACC","12","3,9,0,0","1","1681","1678","2116","UCF","fbs","Big 12","7","0,0,0,7","0","1465","1468","5.379665826795133","","",""
"401862708","2026","2","regular","2026-09-12T19:30:00.000Z","false","true","false","false","","7221","Protective Stadium","5","UAB","fbs","American Athletic","26","0,10,3,13","0.9372057318687439","1411","1403","2433","UL Monroe","fbs","Sun Belt","20","7,10,3,0","0.0627942681312561","1071","1079","5.855949041456546","","",""
"401859184","2026","2","regular","2026-09-12T19:30:00.000Z","false","true","false","false","","3855","Notre Dame Stadium","87","Notre Dame","fbs","FBS Independents","52","21,21,10,0","0.9896548390388489","2021","2070","242","Rice","fbs","American Athletic","0","0,0,0,0","0.010345160961151123","1196","1147","1.9717400884243172","","",""
"401858444","2026","2","regular","2026-09-12T19:30:00.000Z","false","true","false","false","","3892","Pratt & Whitney Stadium","41","UConn","fbs","FBS Independents","14","7,0,7,0","0.027325501665472984","1484","1413","120","Maryland","fbs","Big Ten","38","7,10,14,7","0.972674498334527","1424","1495","4.122592171700131","","",""
"401862705","2026","2","regular","2026-09-12T19:45:00.000Z","false","true","false","false","","3825","DATCU Stadium","249","North Texas","fbs","American Athletic","44","13,7,14,10","0.9951195120811462","1590","1699","2439","UNLV","fbs","Mountain West","6","0,3,3,0","0.00488048791885376","1589","1480","2.4064488437525","","",""
"401864506","2026","2","regular","2026-09-12T20:00:00.000Z","false","true","false","false","","3984","War Memorial Stadium","2751","Wyoming","fbs","Mountain West","21","0,7,0,14","1","1309","1309","2458","Northern Colorado","fcs","Big Sky","13","0,10,3,0","0","","","5.613684794038708","","",""
"401868326","2026","2","regular","2026-09-12T20:00:00.000Z","false","true","false","false","","3975","Veterans Memorial Stadium (AL)","2653","Troy","fbs","Sun Belt","34","14,17,3,0","1","1416","1416","2011","Alabama State","fcs","SWAC","17","7,0,10,0","0","","","3.5127105558260845","","",""
"401865252","2026","2","regular","2026-09-12T20:00:00.000Z","false","true","false","false","","3971","University Stadium (NM)","167","New Mexico","fbs","Mountain West","70","7,42,14,7","0.9994450211524963","1564","1564","2385","Mercyhurst","fcs","NEC","7","7,0,0,0","0.0005549788475036621","","","3.5097709978250333","","",""
"401858223","2026","2","regular","2026-09-12T20:00:00.000Z","false","true","false","false","","3735","Gerald J. Ford Stadium","2567","SMU","fbs","ACC","56","14,28,7,7","0.9876115322113037","1734","1734","302","UC Davis","fcs","Big Sky","10","0,0,0,10","0.012388467788696289","","","1.917390208205421","","",""
"401856684","2026","2","regular","2026-09-12T20:15:00.000Z","false","true","false","false","","3973","FirstBank Stadium","238","Vanderbilt","fbs","SEC","35","14,0,21,0","0.9546753168106079","1753","1746","48","Delaware","fbs","Conference USA","26","0,17,0,9","0.04532468318939209","1404","1411","4.163405310327982","","",""
"401856672","2026","2","regular","2026-09-12T21:30:00.000Z","false","true","false","false","","3634","Ben Hill Griffin Stadium","57","Florida","fbs","SEC","52","10,35,7,0","0.9858131408691406","1669","1669","2097","Campbell","fcs","Coastal Athletic","3","3,0,0,0","0.014186859130859375","","","2.480300376623857","","",""
"401866414","2026","2","regular","2026-09-12T22:00:00.000Z","false","true","false","false","","2031","Pitbull Stadium","2229","Florida International","fbs","Conference USA","33","14,7,9,3","1","1385","1409","2084","Buffalo","fbs","Mid-American","20","3,3,8,6","0","1365","1341","3.115485379206615","","",""
"401860881","2026","2","regular","2026-09-12T22:00:00.000Z","false","true","false","false","","3653","Albertsons Stadium","68","Boise State","fbs","Pac-12","38","3,14,14,7","0.9536568522453308","1569","1609","235","Memphis","fbs","American Athletic","20","7,13,0,0","0.04634314775466919","1566","1526","5.390900336820925","","",""
"401866418","2026","2","regular","2026-09-12T22:00:00.000Z","false","true","false","false","","3876","Peden Stadium","195","Ohio","fbs","Mid-American","29","0,14,0,10,5","0.3134487271308899","1318","1320","55","Jacksonville State","fbs","Conference USA","27","7,10,7,0,3","0.6865512728691101","1428","1426","7.380048779354027","","",""
"401866421","2026","2","regular","2026-09-12T22:30:00.000Z","false","true","false","false","","3980","Waldo Stadium","2711","Western Michigan","fbs","Mid-American","49","7,14,21,7","0.9900599718093872","1534","1534","2405","Monmouth","fcs","Coastal Athletic","14","0,0,7,7","0.009940028190612793","","","2.799589385494212","","",""
"401871046","2026","2","regular","2026-09-12T23:00:00.000Z","false","true","false","false","","3878","Plaster Sports Complex","2623","Missouri State","fbs","Conference USA","48","14,20,14,0","0.9952582120895386","1268","1268","2815","Lindenwood","fcs","OVC","14","0,0,7,7","0.004741787910461426","","","2.3846776173413207","","",""
"401871045","2026","2","regular","2026-09-12T23:00:00.000Z","false","true","false","false","","3775","Joan C. Edwards Stadium","276","Marshall","fbs","Sun Belt","28","7,7,0,14","0.7449626922607422","1389","1388","2393","Middle Tennessee","fbs","Conference USA","26","7,6,7,6","0.2550373077392578","1276","1277","6.5898616001456","","",""
"401856680","2026","2","regular","2026-09-12T23:00:00.000Z","false","true","false","false","","3994","Williams-Brice Stadium","2579","South Carolina","fbs","SEC","45","7,10,14,14","0.9886041879653931","1763","1763","119","Towson","fcs","Coastal Athletic","9","0,3,6,0","0.011395812034606934","","","3.081217784380853","","",""
"401856786","2026","2","regular","2026-09-12T23:00:00.000Z","false","true","false","false","","3854","Nippert Stadium","2132","Cincinnati","fbs","Big 12","62","7,21,21,13","0.9993381500244141","1516","1516","2717","Western Carolina","fcs","Southern","10","3,7,0,0","0.0006618499755859375","","","2.811860573881546","","",""
"401864503","2026","2","regular","2026-09-12T23:00:00.000Z","false","true","false","false","","3764","Huskie Stadium","2459","Northern Illinois","fbs","Mountain West","24","0,17,0,7","0.32738885283470154","1245","1245","2287","Illinois State","fcs","MVFC","28","14,7,0,7","0.6726111471652985","","","6.71050730738745","","",""
"401862707","2026","2","regular","2026-09-12T23:00:00.000Z","false","true","false","false","","3647","Elliott T. Bowers Stadium","2534","Sam Houston","fbs","Conference USA","17","7,7,3,0","0.6375409960746765","1164","1161","202","Tulsa","fbs","American Athletic","23","0,10,13,0","0.3624590039253235","1268","1271","5.6417792526782655","","",""
"401856681","2026","2","regular","2026-09-12T23:00:00.000Z","false","true","false","false","","721","Bobby Dodd Stadium","59","Georgia Tech","fbs","ACC","24","10,0,7,7","0.0073597487062215805","1553","1515","2633","Tennessee","fbs","SEC","45","7,17,7,14","0.9926402512937784","1691","1729","4.585174285774379","","",""
"401856787","2026","2","regular","2026-09-12T23:00:00.000Z","false","true","false","false","","4728","TDECU Stadium","248","Houston","fbs","Big 12","77","28,21,21,7","0.9922709465026855","1521","1521","2582","Southern","fcs","SWAC","6","0,0,6,0","0.007729053497314453","","","1.4433547098894488","","",""
"401858441","2026","2","regular","2026-09-12T23:00:00.000Z","false","true","false","false","","3834","Memorial Stadium (Lincoln, NE)","158","Nebraska","fbs","Big Ten","56","14,21,0,21","0.9927433133125305","1592","1705","189","Bowling Green","fbs","Mid-American","7","0,0,0,7","0.007256686687469482","1340","1227","1.8334434786997853","","",""
"401869955","2026","2","regular","2026-09-12T23:00:00.000Z","false","true","false","false","","4899","Fifth Third Stadium","338","Kennesaw State","fbs","Conference USA","17","3,0,8,6","0.004584266804158688","1373","1327","2247","Georgia State","fbs","Sun Belt","31","6,15,7,3","0.9954157331958413","1241","1287","3.164195020313668","","",""
"401860882","2026","2","regular","2026-09-12T23:00:00.000Z","false","true","false","false","","5388","Canvas Stadium","36","Colorado State","fbs","Pac-12","58","17,31,3,7","0.9919970035552979","1327","1327","253","Southern Utah","fcs","Big Sky","24","7,14,0,3","0.008002996444702148","","","3.3659690485874445","","",""
"401864575","2026","2","regular","2026-09-12T23:00:00.000Z","false","true","false","false","","4729","Yulman Stadium","2655","Tulane","fbs","American Athletic","28","0,14,7,7","0.6363710761070251","1529","1528","6","South Alabama","fbs","Sun Belt","24","10,0,7,7","0.36362892389297485","1390","1391","6.324042801260324","","",""
"401868241","2026","2","regular","2026-09-12T23:00:00.000Z","false","true","false","false","","3625","Centennial Bank Stadium","2032","Arkansas State","fbs","Sun Belt","52","0,21,17,14","0.9971566200256348","1349","1349","2698","West Georgia","fcs","UAC","7","0,7,0,0","0.0028433799743652344","","","2.538354222285957","","",""
"401858447","2026","2","regular","2026-09-12T23:15:00.000Z","false","true","false","false","","347","Camp Randall Stadium","275","Wisconsin","fbs","Big Ten","36","17,6,7,6","0.9956700801849365","1455","1455","2710","Western Illinois","fcs","OVC","9","3,3,3,0","0.0043299198150634766","","","1.9789155142132075","","",""
"401858443","2026","2","regular","2026-09-12T23:15:00.000Z","false","true","false","false","","1056","Rose Bowl","26","UCLA","fbs","Big Ten","28","0,0,7,21","0.9974139332771301","1438","1487","21","San Diego State","fbs","Pac-12","10","0,0,0,10","0.002586066722869873","1518","1469","3.469360436775447","","",""
"401856788","2026","2","regular","2026-09-12T23:30:00.000Z","false","true","false","false","","3793","Kinnick Stadium","2294","Iowa","fbs","Big Ten","16","0,10,0,6","0.40168020129203796","1847","1845","66","Iowa State","fbs","Big 12","13","0,10,3,0","0.598319798707962","1586","1588","4.958241936566457","","",""
"401868008","2026","2","regular","2026-09-12T23:30:00.000Z","false","true","false","false","","3654","Brooks Stadium (SC)","324","Coastal Carolina","fbs","Sun Belt","45","7,21,10,7","0.9924191832542419","1270","1270","2230","Fordham","fcs","Patriot","7","0,7,0,0","0.007580816745758057","","","3.0899856745210967","","",""
"401858219","2026","2","regular","2026-09-12T23:30:00.000Z","false","true","false","false","","3836","Memorial Stadium (Clemson, SC)","228","Clemson","fbs","ACC","22","7,9,0,6","0.9427822828292847","1541","1558","290","Georgia Southern","fbs","Sun Belt","7","0,7,0,0","0.05721771717071533","1376","1359","3.8034063954453603","","",""
"401862703","2026","2","regular","2026-09-12T23:30:00.000Z","false","true","false","true","","3715","FAU Stadium","2226","Florida Atlantic","fbs","American Athletic","38","14,17,7,0","0.9901638031005859","1189","1226","2426","Navy","fbs","American Athletic","30","7,0,7,16","0.009836196899414062","1550","1513","3.34078476829419","","",""
"401867796","2026","2","regular","2026-09-12T23:30:00.000Z","false","true","false","false","","3958","Tiger Stadium (LA)","99","LSU","fbs","SEC","45","10,0,14,21","0.9529680609703064","1745","1794","2348","Louisiana Tech","fbs","Sun Belt","14","0,7,0,7","0.047031939029693604","1454","1405","3.7694043568740536","","",""
"401856783","2026","2","regular","2026-09-12T23:30:00.000Z","false","true","false","false","","3893","Reser Stadium","204","Oregon State","fbs","Pac-12","24","0,7,14,3","0","1260","1285","2641","Texas Tech","fbs","Big 12","35","0,14,7,14","1","1870","1845","8.803792527027108","","",""
"401856682","2026","2","regular","2026-09-12T23:30:00.000Z","false","true","false","false","","3910","DKR-Texas Memorial Stadium","251","Texas","fbs","SEC","24","0,3,0,21","0.14218954741954803","1913","1916","194","Ohio State","fbs","Big Ten","23","10,10,3,0","0.857810452580452","1986","1983","5.114837003774396","","",""
"401856676","2026","2","regular","2026-09-12T23:45:00.000Z","false","true","false","false","","3974","Vaught-Hemingway Stadium","145","Ole Miss","fbs","SEC","41","7,20,0,14","0.9847775101661682","1837","1851","2429","Charlotte","fbs","American Athletic","9","0,0,6,3","0.015222489833831787","1182","1168","2.0606104158869574","","",""
"401856671","2026","2","regular","2026-09-12T23:45:00.000Z","false","true","false","false","","3785","Jordan-Hare Stadium","2","Auburn","fbs","SEC","43","17,10,16,0","0.9917724132537842","1613","1678","2572","Southern Miss","fbs","Sun Belt","8","0,8,0,0","0.00822758674621582","1350","1285","2.0289423578577437","","",""
"401856789","2026","2","regular","2026-09-13T00:00:00.000Z","false","true","false","false","","3616","Amon G. Carter Stadium","2628","TCU","fbs","Big 12","63","7,21,14,21","0.9990647435188293","1598","1598","2755","Grambling","fcs","SWAC","7","0,7,0,0","0.0009352564811706543","","","2.1245978996663135","","",""
"401856784","2026","2","regular","2026-09-13T00:08:00.000Z","false","true","false","false","","4727","McLane Stadium","239","Baylor","fbs","Big 12","44","17,17,7,3","0.9628165364265442","1509","1509","2504","Prairie View A&M","fcs","SWAC","3","3,0,0,0","0.03718346357345581","","","3.4287794730585697","","",""
"401864505","2026","2","regular","2026-09-13T01:00:00.000Z","false","true","false","false","","3946","Sun Bowl","2638","UTEP","fbs","Mountain West","51","7,14,21,9","0.9886823892593384","1143","1143","2640","Texas Southern","fcs","SWAC","10","7,3,0,0","0.011317610740661621","","","3.6816616555625794","","",""
"401864504","2026","2","regular","2026-09-13T01:00:00.000Z","false","true","false","false","","3935","CEFCU Stadium","23","San José State","fbs","Mountain West","30","0,13,7,10","0.971356213092804","1407","1407","13","Cal Poly","fcs","Big Sky","20","0,6,7,7","0.028643786907196045","","","5.605784129851264","","",""
"401864502","2026","2","regular","2026-09-13T02:00:00.000Z","false","true","false","true","","3713","Falcon Stadium","2005","Air Force","fbs","Mountain West","32","0,13,0,19","0.7506696581840515","1424","1423","2449","North Dakota State","fbs","Mountain West","38","7,21,7,3","0.2493303418159485","1566","1567","4.633518427306371","","",""
"401856670","2026","2","regular","2026-09-13T02:15:00.000Z","false","true","false","false","","587","Rice-Eccles Stadium","254","Utah","fbs","Big 12","43","7,22,7,7","0.9934656023979187","1817","1874","8","Arkansas","fbs","SEC","10","3,0,0,7","0.006534397602081299","1547","1490","3.092347466132634","","",""
"401860883","2026","2","regular","2026-09-13T02:30:00.000Z","false","true","false","false","","3660","Valley Children's Stadium","278","Fresno State","fbs","Pac-12","49","0,32,14,3","0.9862982630729675","1449","1591","16","Sacramento State","fbs","Mid-American","3","0,0,3,0","0.01370173692703247","1466","1324","2.6248456325091527","","",""
"401864500","2026","2","regular","2026-09-13T02:30:00.000Z","false","true","false","false","","3816","Mackay Stadium","2440","Nevada","fbs","Mountain West","7","0,0,0,7","0.00619275588542223","1451","1451","147","Montana State","fcs","Big Sky","20","10,7,0,3","0.9938072441145778","","","3.456983827518999","","",""
"401858445","2026","2","regular","2026-09-13T03:00:00.000Z","false","true","false","false","","477","Los Angeles Memorial Coliseum","30","USC","fbs","Big Ten","49","7,21,7,14","1","1835","1837","309","Louisiana","fbs","Sun Belt","30","3,7,7,13","0","1389","1387","3.9120114593741944","","",""
"401864578","2026","2","regular","2026-09-13T03:59:00.000Z","false","true","false","false","","7220","Clarence T.C. Ching Athletics Complex","62","Hawai'i","fbs","Mountain West","29","9,10,3,7","0.941411018371582","1426","1432","166","New Mexico State","fbs","Conference USA","19","0,13,6,0","0.05858898162841797","1267","1261","4.774929477424329","","",""
"401858225","2026","3","regular","2026-09-17T23:30:00.000Z","false","true","false","true","","3752","Acrisure Stadium","221","Pittsburgh","fbs","ACC","27","7,10,7,3","1","1678","1675","183","Syracuse","fbs","ACC","13","0,10,0,3","0","1287","1290","2.681393052123561","","",""
"401858226","2026","3","regular","2026-09-18T23:30:00.000Z","false","true","false","true","","3630","Allegacy Federal Credit Union Stadium","154","Wake Forest","fbs","ACC","20","7,0,6,7","0.06744542717933655","1508","1514","2390","Miami","fbs","ACC","33","7,17,7,2","0.9325545728206635","1901","1895","4.531463816387299","","",""
"401856811","2026","3","regular","2026-09-19T00:00:00.000Z","false","true","false","true","","3784","Jones AT&T Stadium","2641","Texas Tech","fbs","Big 12","28","0,14,7,7","0.5553051233291626","1845","1841","248","Houston","fbs","Big 12","26","10,7,3,6","0.4446948766708374","1514","1518","6.805447451480736","","",""
"401858455","2026","3","regular","2026-09-19T02:30:00.000Z","false","true","false","false","","3626","Autzen Stadium","2483","Oregon","fbs","Big Ten","84","28,21,14,21","0.9894304871559143","1838","1838","2502","Portland State","fcs","Big Sky","0","0,0,0,0","0.010569512844085693","","","1.89479407163626","","",""
"401869940","2026","3","regular","2026-09-19T15:30:00.000Z","false","true","false","false","","3695","Delaware Stadium","48","Delaware","fbs","Conference USA","22","0,15,0,7","0.16937653720378876","1411","1414","324","Coastal Carolina","fbs","Sun Belt","14","7,7,0,0","0.8306234627962112","1270","1267","4.877524784363484","","",""
"401858229","2026","3","regular","2026-09-19T16:00:00.000Z","false","true","false","true","","3836","Memorial Stadium (Clemson, SC)","228","Clemson","fbs","ACC","28","3,3,9,13","0.9200934171676636","1558","1560","153","North Carolina","fbs","ACC","20","14,3,0,3","0.07990658283233643","1398","1396","4.845464774691703","","",""
"401858454","2026","3","regular","2026-09-19T16:00:00.000Z","false","true","false","false","","3861","Ohio Stadium","194","Ohio State","fbs","Big Ten","59","21,14,7,17","0.9889574646949768","1983","2032","2309","Kent State","fbs","Mid-American","3","0,0,0,3","0.011042535305023193","1056","1007","1.5658069191125186","","",""
"401858456","2026","3","regular","2026-09-19T16:00:00.000Z","false","true","false","false","","3632","Beaver Stadium","213","Penn State","fbs","Big Ten","55","17,17,14,7","0.9946691989898682","1880","1933","2084","Buffalo","fbs","Mid-American","13","3,3,0,7","0.005330801010131836","1341","1288","2.03969834859093","","",""
"401856686","2026","3","regular","2026-09-19T16:00:00.000Z","false","true","false","true","","3887","Razorback Stadium","8","Arkansas","fbs","SEC","17","0,3,0,14","0","1490","1466","61","Georgia","fbs","SEC","45","7,14,10,14","1","1948","1972","2.951363194479673","","",""
"401856798","2026","3","regular","2026-09-19T16:00:00.000Z","false","true","false","false","","3772","Jack Trice Stadium","66","Iowa State","fbs","Big 12","55","21,14,10,10","0.9847278594970703","1588","1683","189","Bowling Green","fbs","Mid-American","7","7,0,0,0","0.015272140502929688","1227","1132","2.90255500259395","","",""
"401860889","2026","3","regular","2026-09-19T16:00:00.000Z","false","true","false","false","","3644","Bobcat Stadium (TX)","326","Texas State","fbs","Pac-12","49","21,7,7,14","1","1438","1491","249","North Texas","fbs","American Athletic","35","7,21,0,7","0","1699","1646","5.544088586426384","","",""
"401858228","2026","3","regular","2026-09-19T16:00:00.000Z","false","true","false","false","","721","Bobby Dodd Stadium","59","Georgia Tech","fbs","ACC","44","7,17,13,7","0.9872198700904846","1503","1503","2382","Mercer","fcs","Southern","11","0,3,8,0","0.01278012990951538","","","1.9715837092751365","","",""
"401856812","2026","3","regular","2026-09-19T16:00:00.000Z","false","true","true","true","","2455","Wembley Stadium","2305","Kansas","fbs","Big 12","17","0,7,0,10","0.7476793527603149","1485","1481","9","Arizona State","fbs","Big 12","24","3,7,7,7","0.25232064723968506","1531","1535","4.606880390879709","","",""
"401856792","2026","3","regular","2026-09-19T16:00:00.000Z","false","true","false","false","","3636","Bill Snyder Family Stadium","2306","Kansas State","fbs","Big 12","31","0,17,7,7","0.993634819984436","1684","1692","2655","Tulane","fbs","American Athletic","20","7,3,3,7","0.006365180015563965","1528","1520","3.379333217409422","","",""
"401858451","2026","3","regular","2026-09-19T16:00:00.000Z","false","true","false","false","","3953","Huntington Bank Stadium","135","Minnesota","fbs","Big Ten","41","10,10,7,14","0.9865986704826355","1452","1484","2006","Akron","fbs","Mid-American","7","0,0,0,7","0.013401329517364502","929","897","2.252949199441229","","",""
"401858460","2026","3","regular","2026-09-19T16:30:00.000Z","false","true","false","false","","347","Camp Randall Stadium","275","Wisconsin","fbs","Big Ten","54","3,28,10,13","0.9905959367752075","1475","1580","2199","Eastern Michigan","fbs","Mid-American","10","7,0,0,3","0.00940406322479248","1293","1188","2.899037008885028","","",""
"401856695","2026","3","regular","2026-09-19T16:45:00.000Z","false","true","false","false","","3973","FirstBank Stadium","238","Vanderbilt","fbs","SEC","35","0,7,7,21","0.9763383865356445","1746","1742","152","NC State","fbs","ACC","31","14,3,7,7","0.02366161346435547","1506","1510","8.990119449610065","","",""
"401864508","2026","3","regular","2026-09-19T17:00:00.000Z","false","true","false","false","","3786","Kelly/Shorts Stadium","2117","Central Michigan","fbs","Mid-American","24","3,14,7,0","0.9417828321456909","1259","1291","2751","Wyoming","fbs","Mountain West","10","0,0,3,7","0.05821716785430908","1300","1268","2.5193044641179796","","",""
"401858448","2026","3","regular","2026-09-19T18:00:00.000Z","false","true","false","false","","3832","Memorial Stadium (Champaign, IL)","356","Illinois","fbs","Big Ten","48","14,17,0,17","0.9906846880912781","1587","1587","79","Southern Illinois","fcs","MVFC","10","7,3,0,0","0.009315311908721924","","","2.609181816487975","","",""
"401858227","2026","3","regular","2026-09-19T18:00:00.000Z","false","true","false","false","","3615","Alumni Stadium (Chestnut Hill, MA)","103","Boston College","fbs","ACC","22","16,3,3,0","0.6811010241508484","1379","1379","311","Maine","fcs","Coastal Athletic","16","0,10,0,6","0.3188989758491516","","","3.131625533947348","","",""
"401862774","2026","3","regular","2026-09-19T19:00:00.000Z","false","true","false","false","","3739","Glass Bowl","2649","Toledo","fbs","Mid-American","49","7,7,7,21,7","0.5539595484733582","1568","1561","218","Temple","fbs","American Athletic","48","10,14,3,15,6","0.44604045152664185","1323","1330","7.729420903421505","","",""
"401856801","2026","3","regular","2026-09-19T19:30:00.000Z","false","true","false","false","","587","Rice-Eccles Stadium","254","Utah","fbs","Big 12","33","16,10,7,0","0.9871453642845154","1874","1907","328","Utah State","fbs","Pac-12","0","0,0,0,0","0.01285463571548462","1381","1348","1.855585364021608","","",""
"401856694","2026","3","regular","2026-09-19T19:30:00.000Z","false","true","false","true","","3795","Kyle Field","245","Texas A&M","fbs","SEC","21","0,7,0,14","0.003098544664680958","1890","1824","96","Kentucky","fbs","SEC","31","0,7,21,3","0.996901455335319","1440","1506","4.227566138069254","","",""
"401866424","2026","3","regular","2026-09-19T19:30:00.000Z","false","true","false","false","","3985","Warren McGuirk Alumni Stadium","113","Massachusetts","fbs","Mid-American","36","13,0,9,14","1","1049","1049","284","Stonehill","fcs","NEC","14","7,0,0,7","0","","","2.7463259433589973","","",""
"401856797","2026","3","regular","2026-09-19T19:30:00.000Z","false","true","false","false","","7173","TQL Stadium","2132","Cincinnati","fbs","Big 12","35","7,0,14,14","0.6021653413772583","1516","1512","193","Miami (OH)","fbs","Mid-American","31","14,14,0,3","0.3978346586227417","1259","1263","6.38672450903238","","",""
"401858450","2026","3","regular","2026-09-19T19:30:00.000Z","false","true","false","false","","3558","Michigan Stadium","130","Michigan","fbs","Big Ten","52","0,17,28,7","0.9927566647529602","1702","1735","2638","UTEP","fbs","Mountain West","17","7,7,0,3","0.007243335247039795","1163","1130","4.7078150789167","","",""
"401858230","2026","3","regular","2026-09-19T19:30:00.000Z","false","true","false","true","","3873","L&N Federal Credit Union Stadium","97","Louisville","fbs","ACC","41","14,0,14,13","0.9996628165245056","1668","1690","2567","SMU","fbs","ACC","31","7,10,7,7","0.00033718347549438477","1728","1706","7.0761696534289475","","",""
"401858233","2026","3","regular","2026-09-19T19:30:00.000Z","false","true","false","false","","3831","California Memorial Stadium","25","California","fbs","ACC","49","29,10,7,3","0.960480809211731","1353","1353","2681","Wagner","fcs","NEC","7","0,7,0,0","0.03951919078826904","","","2.013852397878264","","",""
"401856685","2026","3","regular","2026-09-19T19:30:00.000Z","false","true","false","false","","3657","Bryant-Denny Stadium","333","Alabama","fbs","SEC","50","3,23,14,10","0.9943773746490479","1859","1863","52","Florida State","fbs","ACC","36","14,7,7,8","0.0056226253509521484","1557","1553","5.513821541043104","","",""
"401860890","2026","3","regular","2026-09-19T19:30:00.000Z","false","true","false","false","","3820","Gesa Field","265","Washington State","fbs","Pac-12","48","7,7,21,13","0.992756724357605","1536","1536","2184","Duquesne","fcs","NEC","7","7,0,0,0","0.0072432756423950195","","","3.736257066861516","","",""
"401858457","2026","3","regular","2026-09-19T19:30:00.000Z","false","true","false","true","","6577","SHI Stadium","164","Rutgers","fbs","Big Ten","35","7,7,14,7","0.0719924047589302","1371","1391","30","USC","fbs","Big Ten","42","10,10,15,7","0.9280075952410698","1837","1817","6.144945172564879","","",""
"401866422","2026","3","regular","2026-09-19T20:00:00.000Z","false","true","false","false","","3992","Williams Stadium (VA)","2335","Liberty","fbs","Conference USA","51","13,10,14,14","0.9943554401397705","1697","1728","2050","Ball State","fbs","Mid-American","15","7,0,8,0","0.005644559860229492","1112","1081","2.9032035567150762","","",""
"401858449","2026","3","regular","2026-09-19T20:00:00.000Z","false","true","false","false","","3830","Memorial Stadium (Bloomington, IN)","84","Indiana","fbs","Big Ten","38","0,14,17,7","0.9926459193229675","2113","2121","98","Western Kentucky","fbs","Conference USA","0","0,0,0,0","0.007354080677032471","1250","1242","2.876401622365555","","",""
"401858471","2026","3","regular","2026-09-19T20:00:00.000Z","false","true","false","false","","3793","Kinnick Stadium","2294","Iowa","fbs","Big Ten","55","21,21,7,6","0.9930168986320496","1841","1841","2460","Northern Iowa","fcs","MVFC","0","0,0,0,0","0.0069831013679504395","","","2.087183122203247","","",""
"401858231","2026","3","regular","2026-09-19T20:00:00.000Z","false","true","false","true","","3982","Wallace Wade Stadium","150","Duke","fbs","ACC","35","0,14,14,7","0.9935848712921143","1613","1656","24","Stanford","fbs","ACC","7","0,7,0,0","0.006415128707885742","1354","1311","3.237433821701348","","",""
"401867804","2026","3","regular","2026-09-19T20:00:00.000Z","false","true","false","false","","4727","McLane Stadium","239","Baylor","fbs","Big 12","36","7,13,9,7","0.9502611756324768","1506","1534","2348","Louisiana Tech","fbs","Sun Belt","19","7,0,0,12","0.04973882436752319","1405","1377","3.360110119380664","","",""
"401856691","2026","3","regular","2026-09-19T20:15:00.000Z","false","true","false","true","","3994","Williams-Brice Stadium","2579","South Carolina","fbs","SEC","34","13,10,0,11","0","1742","1721","344","Mississippi State","fbs","SEC","41","0,14,17,10","1","1642","1663","5.6081138909839074","","",""
"401868317","2026","3","regular","2026-09-19T20:30:00.000Z","false","true","false","false","","3817","Malone Stadium","2433","UL Monroe","fbs","Sun Belt","35","0,13,7,15","0.025431832298636436","1076","1076","2545","SE Louisiana","fcs","Southland","38","7,17,7,7","0.9745681677013636","","","5.870224837157036","","",""
"401862710","2026","3","regular","2026-09-19T22:00:00.000Z","false","true","false","false","","3918","S.B. Ballard Stadium","295","Old Dominion","fbs","Sun Belt","17","0,17,0,0","0.7674409747123718","1289","1295","151","East Carolina","fbs","American Athletic","20","7,3,7,3","0.23255902528762817","1462","1456","6.3264494952988874","","",""
"401862771","2026","3","regular","2026-09-19T22:00:00.000Z","false","true","false","false","","3715","FAU Stadium","2226","Florida Atlantic","fbs","American Athletic","16","10,0,6,0","0.9298617243766785","1226","1243","2229","Florida International","fbs","Conference USA","10","0,7,0,3","0.07013827562332153","1409","1392","5.53028244613773","","",""
"401864574","2026","3","regular","2026-09-19T22:00:00.000Z","false","true","false","false","","3792","Kidd Brewer Stadium","2026","App State","fbs","Sun Belt","26","3,10,6,7","1","1325","1324","2429","Charlotte","fbs","American Athletic","21","0,7,0,14","0","1168","1169","3.7335858381066593","","",""
"401871047","2026","3","regular","2026-09-19T22:30:00.000Z","false","true","false","false","","3878","Plaster Sports Complex","2623","Missouri State","fbs","Conference USA","24","10,0,14,0","0.5527694821357727","1284","1281","276","Marshall","fbs","Sun Belt","30","14,3,10,3","0.4472305178642273","1388","1391","6.715983248413741","","",""
"401862777","2026","3","regular","2026-09-19T23:00:00.000Z","false","true","false","false","","3886","Raymond James Stadium","58","South Florida","fbs","American Athletic","59","14,14,14,17","0.9322245717048645","1682","1682","2169","Delaware State","fcs","MEAC","17","7,10,0,0","0.0677754282951355","","","3.6874871503721045","","",""
"401856803","2026","3","regular","2026-09-19T23:00:00.000Z","false","true","false","false","","3646","Boone Pickens Stadium","197","Oklahoma State","fbs","Big 12","59","14,17,21,7","0.9924694895744324","1247","1247","93","Murray State","fcs","MVFC","0","0,0,0,0","0.007530510425567627","","","1.8571430379362441","","",""
"401862773","2026","3","regular","2026-09-19T23:00:00.000Z","false","true","false","false","","3895","Rice Stadium","242","Rice","fbs","American Athletic","21","0,7,7,7","0.3939010798931122","1147","1162","2711","Western Michigan","fbs","Mid-American","28","7,7,0,14","0.6060989201068878","1534","1519","4.697684070810628","","",""
"401864443","2026","3","regular","2026-09-19T23:00:00.000Z","false","true","false","false","","3725","Johnny ""Red"" Floyd Stadium","2393","Middle Tennessee","fbs","Conference USA","27","7,3,7,10","0.9568924903869629","1277","1298","2440","Nevada","fbs","Mountain West","20","7,3,7,3","0.04310750961303711","1462","1441","5.943196413737067","","",""
"401866423","2026","3","regular","2026-09-19T23:00:00.000Z","false","true","false","false","","6526","Hancock Whitney Stadium","6","South Alabama","fbs","Sun Belt","41","14,10,7,10","0.6848459243774414","1391","1393","195","Ohio","fbs","Mid-American","36","7,0,14,15","0.3151540756225586","1320","1318","3.9245862967611207","","",""
"401870764","2026","3","regular","2026-09-19T23:00:00.000Z","false","true","false","false","","3647","Elliott T. Bowers Stadium","2534","Sam Houston","fbs","Conference USA","59","10,21,21,7","0.989645779132843","1155","1155","2447","Nicholls","fcs","Southland","0","0,0,0,0","0.010354220867156982","","","1.8754360356013395","","",""
"401869948","2026","3","regular","2026-09-19T23:00:00.000Z","false","true","false","false","","3662","AmFirst Stadium","55","Jacksonville State","fbs","Conference USA","31","0,10,7,14","0.9172762632369995","1426","1427","290","Georgia Southern","fbs","Sun Belt","27","3,21,3,0","0.08272373676300049","1359","1358","5.231225171281374","","",""
"401862772","2026","3","regular","2026-09-19T23:00:00.000Z","false","true","false","false","","3805","Simmons Bank Liberty Stadium","235","Memphis","fbs","American Athletic","45","10,14,7,14","0.9892739653587341","1529","1529","2630","UT Martin","fcs","OVC","21","0,7,0,14","0.01072603464126587","","","2.4351672171204406","","",""
"401856687","2026","3","regular","2026-09-19T23:00:00.000Z","false","true","false","true","","3785","Jordan-Hare Stadium","2","Auburn","fbs","SEC","39","3,14,7,15","0.02467680722475052","1678","1668","57","Florida","fbs","SEC","44","7,13,14,10","0.9753231927752495","1658","1668","4.915838118486049","","",""
"401861963","2026","3","regular","2026-09-19T23:00:00.000Z","false","true","false","false","","3815","M. M. Roberts Stadium","2572","Southern Miss","fbs","Sun Belt","20","3,3,7,7","0","1285","1224","41","UConn","fbs","FBS Independents","48","14,13,14,7","1","1413","1474","4.811639806925726","","",""
"401856800","2026","3","regular","2026-09-19T23:00:00.000Z","false","true","false","false","","3652","FBC Mortgage Stadium","2116","UCF","fbs","Big 12","44","17,3,14,10","0.9837412238121033","1468","1481","2247","Georgia State","fbs","Sun Belt","30","7,17,3,3","0.01625877618789673","1287","1274","5.735549721200934","","",""
"401856689","2026","3","regular","2026-09-19T23:00:00.000Z","false","true","false","false","","3838","Memorial Stadium","142","Missouri","fbs","SEC","27","0,24,0,3","1","1691","1690","2653","Troy","fbs","Sun Belt","17","10,7,0,0","0","1420","1421","4.3885685456675425","","",""
"401858459","2026","3","regular","2026-09-19T23:15:00.000Z","false","true","false","false","","3765","Husky Stadium","264","Washington","fbs","Big Ten","48","14,17,7,10","0.9898290038108826","1752","1752","331","Eastern Washington","fcs","Big Sky","16","3,7,3,3","0.010170996189117432","","","3.1874741790894","","",""
"401858452","2026","3","regular","2026-09-19T23:15:00.000Z","false","true","false","false","","3834","Memorial Stadium (Lincoln, NE)","158","Nebraska","fbs","Big Ten","34","14,3,7,10","0.9894856214523315","1715","1715","155","North Dakota","fcs","MVFC","7","0,0,7,0","0.010514378547668457","","","1.859135207140717","","",""
"401858453","2026","3","regular","2026-09-19T23:30:00.000Z","false","true","false","false","","3855","Notre Dame Stadium","87","Notre Dame","fbs","FBS Independents","27","10,7,3,7","0.9938645958900452","2070","2061","127","Michigan State","fbs","Big Ten","10","0,10,0,0","0.006135404109954834","1528","1537","2.726436174502571","","",""
"401856802","2026","3","regular","2026-09-19T23:30:00.000Z","false","true","true","false","","3628","Bank of America Stadium","258","Virginia","fbs","ACC","27","14,0,7,6","0.031228691339492798","1655","1612","277","West Virginia","fbs","Big 12","38","7,14,7,10","0.9687713086605072","1365","1408","6.0148190025336605","","Duke’s Mayo Classic",""
"401858232","2026","3","regular","2026-09-19T23:30:00.000Z","false","true","false","false","","3665","SECU Stadium","120","Maryland","fbs","Big Ten","26","0,14,0,12","0.03750906139612198","1495","1474","259","Virginia Tech","fbs","ACC","35","7,20,8,0","0.962490938603878","1468","1489","4.1187773296057335","","",""
"401856688","2026","3","regular","2026-09-19T23:30:00.000Z","false","true","false","true","","3974","Vaught-Hemingway Stadium","145","Ole Miss","fbs","SEC","32","10,14,0,8","0.1468684822320938","1851","1859","99","LSU","fbs","SEC","24","0,7,14,3","0.8531315177679062","1794","1786","4.662154542037517","","",""
"401856796","2026","3","regular","2026-09-19T23:30:00.000Z","false","true","false","false","","5960","Lanny and Sharon Martin Stadium","77","Northwestern","fbs","Big Ten","41","7,14,14,6","0.9932442307472229","1549","1625","38","Colorado","fbs","Big 12","7","0,0,7,0","0.0067557692527771","1406","1330","2.6936814550593233","","",""
"401856795","2026","3","regular","2026-09-19T23:30:00.000Z","false","true","false","false","","5388","Canvas Stadium","36","Colorado State","fbs","Pac-12","23","7,0,0,16","0","1336","1327","252","BYU","fbs","Big 12","41","21,10,7,3","1","1683","1692","3.8666532735004533","","",""
"401856690","2026","3","regular","2026-09-19T23:30:00.000Z","false","true","false","false","","3835","Memorial Stadium (Norman, OK)","201","Oklahoma","fbs","SEC","14","0,7,7,0","0.660073459148407","1783","1782","167","New Mexico","fbs","Mountain West","6","0,6,0,0","0.339926540851593","1558","1559","3.888959815772902","","",""
"401856692","2026","3","regular","2026-09-19T23:45:00.000Z","false","true","false","false","","3853","Neyland Stadium","2633","Tennessee","fbs","SEC","42","15,6,14,7","0.9932624697685242","1729","1771","338","Kennesaw State","fbs","Conference USA","9","3,0,0,6","0.00673753023147583","1327","1285","1.9992992525092796","","",""
"401862776","2026","3","regular","2026-09-20T00:00:00.000Z","false","true","false","false","","3666","Cajun Field","309","Louisiana","fbs","Sun Belt","21","7,14,0,0","0.9404008984565735","1387","1397","5","UAB","fbs","American Athletic","14","0,7,0,7","0.059599101543426514","1403","1393","3.4527354029997275","","",""
"401856693","2026","3","regular","2026-09-20T00:00:00.000Z","false","true","false","false","","3910","DKR-Texas Memorial Stadium","251","Texas","fbs","SEC","30","10,10,3,7","0.9641265273094177","1916","1935","2636","UTSA","fbs","American Athletic","6","3,0,3,0","0.035873472690582275","1525","1506","2.120834864199118","","",""
"401856799","2026","3","regular","2026-09-20T00:00:00.000Z","false","true","false","false","","3616","Amon G. Carter Stadium","2628","TCU","fbs","Big 12","31","7,7,7,10","1","1595","1629","2032","Arkansas State","fbs","Sun Belt","7","0,7,0,0","0","1353","1319","3.1451508269075092","","",""
"401862775","2026","3","regular","2026-09-20T00:00:00.000Z","false","true","false","false","","3674","Chapman Stadium","202","Tulsa","fbs","American Athletic","42","7,7,14,14","0.9883432984352112","1277","1277","2837","East Texas A&M","fcs","Southland","0","0,0,0,0","0.011656701564788818","","","2.2230052365386244","","",""
"401860885","2026","3","regular","2026-09-20T02:00:00.000Z","false","true","false","false","","3653","Albertsons Stadium","68","Boise State","fbs","Pac-12","38","7,14,3,14","0.9551956653594971","1606","1606","233","South Dakota","fcs","MVFC","24","7,7,7,3","0.04480433464050293","","","5.709640287937467","","",""
"401860887","2026","3","regular","2026-09-20T02:00:00.000Z","false","true","false","false","","7311","Snapdragon Stadium","21","San Diego State","fbs","Pac-12","13","0,0,7,6","0.009089328348636627","1469","1468","256","James Madison","fbs","Sun Belt","26","10,9,0,7","0.9909106716513634","1776","1777","4.566228542357562","","",""
"401864507","2026","3","regular","2026-09-20T02:30:00.000Z","false","true","false","false","","3757","Hornet Stadium","16","Sacramento State","fbs","Mid-American","10","0,3,0,7","0.11865776777267456","1324","1297","2449","North Dakota State","fbs","Mountain West","31","21,7,0,3","0.8813422322273254","1567","1594","4.201292419504139","","",""
"401856793","2026","3","regular","2026-09-20T02:30:00.000Z","false","true","false","false","","3619","Arizona Stadium","12","Arizona","fbs","Big 12","42","7,21,7,7","0.9791824221611023","1608","1634","2459","Northern Illinois","fbs","Mountain West","17","10,0,0,7","0.020817577838897705","1266","1240","3.8379336626917135","","",""
"401860886","2026","3","regular","2026-09-20T03:00:00.000Z","false","true","false","false","","3893","Reser Stadium","204","Oregon State","fbs","Pac-12","52","14,21,7,10","0.9868937730789185","1259","1259","149","Montana","fcs","Big Sky","17","0,3,7,7","0.013106226921081543","","","2.5196248513888295","","",""
"401860888","2026","3","regular","2026-09-20T03:00:00.000Z","false","true","false","false","","3935","CEFCU Stadium","23","San José State","fbs","Mountain West","10","3,0,0,7","0","1413","1393","278","Fresno State","fbs","Pac-12","26","0,6,7,13","1","1591","1611","5.372592252759031","","",""
"401858458","2026","3","regular","2026-09-20T03:00:00.000Z","false","true","false","true","","1056","Rose Bowl","26","UCLA","fbs","Big Ten","52","21,3,14,14","0.8728534579277039","1487","1502","2509","Purdue","fbs","Big Ten","38","7,14,10,7","0.12714654207229614","1326","1311","5.646131474311363","","",""
"401869941","2026","4","regular","2026-09-24T23:30:00.000Z","false","true","false","false","","3654","Brooks Stadium (SC)","324","Coastal Carolina","fbs","Sun Belt","17","3,14,0,0","0.1106228455901146","1267","1270","2335","Liberty","fbs","Conference USA","34","10,0,10,14","0.8893771544098854","1728","1725","5.786679905016679","","",""
"401862779","2026","4","regular","2026-09-25T20:00:00.000Z","false","true","false","true","","3806","Lincoln Financial Field","218","Temple","fbs","American Athletic","17","7,0,7,3","0.5170736312866211","1330","1336","349","Army","fbs","American Athletic","21","7,0,7,7","0.4829263687133789","1530","1524","5.4124245271611855","","",""
"401862778","2026","4","regular","2026-09-25T23:00:00.000Z","false","true","false","true","","7221","Protective Stadium","5","UAB","fbs","American Athletic","24","0,17,0,7","0.9578489661216736","1393","1400","2426","Navy","fbs","American Athletic","20","0,13,7,0","0.042151033878326416","1513","1506","5.7253890950266975","","",""
"401858468","2026","4","regular","2026-09-25T23:00:00.000Z","false","true","false","false","","6577","SHI Stadium","164","Rutgers","fbs","Big Ten","58","21,20,10,7","0.9923157691955566","1373","1373","47","Howard","fcs","MEAC","7","7,0,0,0","0.007684230804443359","","","1.8288786763993832","","",""
"401858461","2026","4","regular","2026-09-26T00:00:00.000Z","false","true","false","true","","3830","Memorial Stadium (Bloomington, IN)","84","Indiana","fbs","Big Ten","29","2,10,3,14","0.734318733215332","2121","2106","77","Northwestern","fbs","Big Ten","23","0,0,7,16","0.26568126678466797","1625","1640","5.065616254853787","","",""
"401858234","2026","4","regular","2026-09-26T02:30:00.000Z","false","true","false","true","","3831","California Memorial Stadium","25","California","fbs","ACC","10","7,0,3,0","0.05829513818025589","1350","1338","228","Clemson","fbs","ACC","24","0,10,7,7","0.9417048618197441","1560","1572","4.8369947923936385","","",""
"401856805","2026","4","regular","2026-09-26T16:00:00.000Z","false","true","false","false","","3784","Jones AT&T Stadium","2641","Texas Tech","fbs","Big 12","49","7,14,14,14","0.997654914855957","1841","1860","2534","Sam Houston","fbs","Conference USA","14","0,14,0,0","0.0023450851440429688","1161","1142","3.041494746391094","","",""
"401856704","2026","4","regular","2026-09-26T16:00:00.000Z","false","true","false","true","","3853","Neyland Stadium","2633","Tennessee","fbs","SEC","17","3,0,7,7","0.212660551071167","1771","1776","251","Texas","fbs","SEC","20","7,3,3,7","0.787339448928833","1935","1930","5.781441553031744","","",""
"401860896","2026","4","regular","2026-09-26T16:00:00.000Z","false","true","false","false","","3604","Alamodome","2636","UTSA","fbs","American Athletic","59","21,14,7,17","0.9023878574371338","1506","1519","36","Colorado State","fbs","Pac-12","45","14,7,14,10","0.09761214256286621","1327","1314","4.666174845628281","","",""
"401858236","2026","4","regular","2026-09-26T16:00:00.000Z","false","true","false","false","","3752","Acrisure Stadium","221","Pittsburgh","fbs","ACC","59","14,21,7,17","0.971844494342804","1687","1687","2083","Bucknell","fcs","Patriot","0","0,0,0,0","0.028155505657196045","","","2.360540901995125","","",""
"401864512","2026","4","regular","2026-09-26T16:00:00.000Z","false","true","false","false","","3768","InfoCision Stadium","2006","Akron","fbs","Mid-American","10","7,3,0,0","0.017381563782691956","897","886","2439","UNLV","fbs","Mountain West","38","7,7,17,7","0.982618436217308","1480","1491","4.010147939482967","","",""
"401860893","2026","4","regular","2026-09-26T16:00:00.000Z","false","true","false","false","","3739","Glass Bowl","2649","Toledo","fbs","Mid-American","41","7,10,17,7","1","1561","1614","21","San Diego State","fbs","Pac-12","16","3,0,6,7","0","1468","1415","2.9814664252481533","","",""
"401858465","2026","4","regular","2026-09-26T16:00:00.000Z","false","true","false","true","","3861","Ohio Stadium","194","Ohio State","fbs","Big Ten","42","14,14,0,14","0.9550241231918335","2032","2044","356","Illinois","fbs","Big Ten","19","7,3,3,6","0.044975876808166504","1589","1577","2.865914670983624","","",""
"401866425","2026","4","regular","2026-09-26T16:00:00.000Z","false","true","false","true","","3696","Dix Stadium","2309","Kent State","fbs","Mid-American","26","7,10,0,9","0.9914798140525818","1007","1039","2050","Ball State","fbs","Mid-American","13","0,0,7,6","0.008520185947418213","1081","1049","2.8336813489711803","","",""
"401858243","2026","4","regular","2026-09-26T16:00:00.000Z","false","true","false","true","","3873","L&N Federal Credit Union Stadium","97","Louisville","fbs","ACC","27","7,14,6,0","0.06864926964044571","1690","1674","154","Wake Forest","fbs","ACC","30","3,21,3,3","0.9313507303595543","1514","1530","7.702457424504924","","",""
"401858242","2026","4","regular","2026-09-26T16:00:00.000Z","false","true","false","true","","3615","Alumni Stadium (Chestnut Hill, MA)","103","Boston College","fbs","ACC","14","0,0,7,7","0.5770919919013977","1380","1375","259","Virginia Tech","fbs","ACC","21","0,3,3,15","0.4229080080986023","1489","1494","6.247434536126439","","",""
"401856813","2026","4","regular","2026-09-26T16:00:00.000Z","false","true","false","true","","4727","McLane Stadium","239","Baylor","fbs","Big 12","23","0,10,3,10","0.7850828766822815","1534","1537","38","Colorado","fbs","Big 12","13","3,0,3,7","0.2149171233177185","1330","1327","5.849607178858012","","",""
"401864576","2026","4","regular","2026-09-26T16:45:00.000Z","false","true","false","false","","3683","Kroger Field","96","Kentucky","fbs","SEC","45","7,17,7,14","0.9962456822395325","1506","1553","6","South Alabama","fbs","Sun Belt","21","0,21,0,0","0.0037543177604675293","1393","1346","5.369965684224936","","",""
"401866427","2026","4","regular","2026-09-26T17:00:00.000Z","false","true","false","false","","3912","Rynearson Stadium","2199","Eastern Michigan","fbs","Mid-American","29","13,6,3,7","0.9807041883468628","1182","1182","2815","Lindenwood","fcs","OVC","3","0,0,3,0","0.019295811653137207","","","2.0376238297147706","","",""
"401858462","2026","4","regular","2026-09-26T17:30:00.000Z","false","true","false","true","","3665","SECU Stadium","120","Maryland","fbs","Big Ten","3","0,3,0,0","0.12636494636535645","1474","1316","26","UCLA","fbs","Big Ten","54","0,20,14,20","0.8736350536346436","1502","1660","4.133270982449607","","",""
"401864511","2026","4","regular","2026-09-26T18:00:00.000Z","false","true","false","false","","4246","Center Parc Stadium","2247","Georgia State","fbs","Sun Belt","35","7,14,14,0","1","1274","1320","2459","Northern Illinois","fbs","Mountain West","14","7,7,0,0","0","1240","1194","3.7497333138339326","","",""
"401858467","2026","4","regular","2026-09-26T18:00:00.000Z","false","true","false","false","","3907","Ross-Ade Stadium","2509","Purdue","fbs","Big Ten","10","0,0,3,7","0.009583858773112297","1311","1288","87","Notre Dame","fbs","FBS Independents","49","7,28,0,14","0.9904161412268877","2061","2084","2.530448204201181","","",""
"401858237","2026","4","regular","2026-09-26T19:00:00.000Z","false","true","false","false","","3697","Doak Campbell Stadium","52","Florida State","fbs","ACC","34","14,10,10,0","0.9934864044189453","1544","1544","2110","Central Arkansas","fcs","UAC","7","0,7,0,0","0.0065135955810546875","","","2.235036167991172","","",""
"401864510","2026","4","regular","2026-09-26T19:00:00.000Z","false","true","false","true","","3984","War Memorial Stadium","2751","Wyoming","fbs","Mountain West","27","3,10,0,14","0.9874715209007263","1268","1322","62","Hawai'i","fbs","Mountain West","10","3,0,0,7","0.012528479099273682","1432","1378","3.3967724136281614","","",""
"401856816","2026","4","regular","2026-09-26T19:30:00.000Z","false","true","false","true","","3772","Jack Trice Stadium","66","Iowa State","fbs","Big 12","17","0,3,7,7","0","1683","1672","254","Utah","fbs","Big 12","31","14,10,0,7","1","1907","1918","4.9792189606780575","","",""
"401856700","2026","4","regular","2026-09-26T19:30:00.000Z","false","true","false","true","","3917","Sanford Stadium","61","Georgia","fbs","SEC","41","7,21,3,10","0.7367156744003296","1972","2023","201","Oklahoma","fbs","SEC","13","0,0,6,7","0.2632843255996704","1782","1731","2.4945346930463996","","",""
"401856699","2026","4","regular","2026-09-26T19:30:00.000Z","false","true","false","true","","3634","Ben Hill Griffin Stadium","57","Florida","fbs","SEC","52","10,7,14,21","0.9972167015075684","1668","1751","145","Ole Miss","fbs","SEC","28","0,6,15,7","0.0027832984924316406","1859","1776","3.5871283412431705","","",""
"401858463","2026","4","regular","2026-09-26T19:30:00.000Z","false","true","false","true","","3558","Michigan Stadium","130","Michigan","fbs","Big Ten","19","7,3,3,6","0.827899694442749","1735","1739","2294","Iowa","fbs","Big Ten","20","7,0,0,13","0.17210030555725098","1845","1841","5.308759697276732","","",""
"401858244","2026","4","regular","2026-09-26T19:30:00.000Z","false","true","false","false","","3982","Wallace Wade Stadium","150","Duke","fbs","ACC","62","14,24,10,14","0.9980794191360474","1667","1667","2729","William & Mary","fcs","Patriot","7","7,0,0,0","0.0019205808639526367","","","2.45995909424972","","",""
"401868188","2026","4","regular","2026-09-26T19:30:00.000Z","false","true","false","false","","3775","Joan C. Edwards Stadium","276","Marshall","fbs","Sun Belt","36","10,17,0,9","0.25881633162498474","1397","1397","2241","Gardner-Webb","fcs","OVC","35","14,7,7,7","0.7411836683750153","","","9.182577063726184","","",""
"401866428","2026","4","regular","2026-09-26T19:30:00.000Z","false","true","false","false","","3876","Peden Stadium","195","Ohio","fbs","Mid-American","35","7,7,14,7","0.987979531288147","1318","1318","284","Stonehill","fcs","NEC","7","0,7,0,0","0.012020468711853027","","","2.54451251273959","","",""
"401861970","2026","4","regular","2026-09-26T19:30:00.000Z","false","true","false","false","","3996","Yager Stadium","193","Miami (OH)","fbs","Mid-American","24","0,14,7,3","0.933273434638977","1263","1267","41","UConn","fbs","FBS Independents","21","14,0,7,0","0.06672656536102295","1474","1470","6.891866126932857","","",""
"401856815","2026","4","regular","2026-09-26T19:30:00.000Z","false","true","false","true","","3652","FBC Mortgage Stadium","2116","UCF","fbs","Big 12","21","7,7,0,7","0.8546160459518433","1481","1503","2628","TCU","fbs","Big 12","13","7,3,3,0","0.14538395404815674","1629","1607","4.223712729931165","","",""
"401860897","2026","4","regular","2026-09-26T19:30:00.000Z","false","true","false","false","","3980","Waldo Stadium","2711","Western Michigan","fbs","Mid-American","7","0,0,0,7","0.01104755513370037","1519","1463","68","Boise State","fbs","Pac-12","32","8,7,10,7","0.9889524448662996","1609","1665","2.965807001384967","","",""
"401864579","2026","4","regular","2026-09-26T19:30:00.000Z","false","true","false","false","","3601","Aggie Memorial Stadium","166","New Mexico State","fbs","Conference USA","18","0,3,0,15","0.004678218625485897","1261","1231","167","New Mexico","fbs","Mountain West","42","14,0,21,7","0.9953217813745141","1559","1589","3.729731630773163","","",""
"401866426","2026","4","regular","2026-09-26T19:30:00.000Z","false","true","false","false","","3965","UB Stadium","2084","Buffalo","fbs","Mid-American","31","0,14,7,10","0.8974424004554749","1262","1262","2523","Robert Morris","fcs","NEC","28","7,7,0,14","0.10255759954452515","","","5.169809429434956","","",""
"401856806","2026","4","regular","2026-09-26T20:00:00.000Z","false","true","false","false","","3608","Allen E. Paulson Stadium","290","Georgia Southern","fbs","Sun Belt","28","0,14,7,7","0","1358","1341","248","Houston","fbs","Big 12","42","14,14,7,7","1","1518","1535","4.30696389182298","","",""
"401862781","2026","4","regular","2026-09-26T20:00:00.000Z","false","true","false","false","","3699","Dowdy-Ficklen Stadium","151","East Carolina","fbs","American Athletic","42","7,35,0,0","0.9756007194519043","1462","1462","2428","North Carolina Central","fcs","MEAC","9","3,0,0,6","0.024399280548095703","","","3.17240210366826","","",""
"401856698","2026","4","regular","2026-09-26T20:15:00.000Z","false","true","false","true","","3785","Jordan-Hare Stadium","2","Auburn","fbs","SEC","21","7,7,7,0","0.6595492362976074","1668","1679","238","Vanderbilt","fbs","SEC","15","3,0,6,6","0.3404507637023926","1742","1731","4.354474712785336","","",""
"401858464","2026","4","regular","2026-09-26T21:00:00.000Z","false","true","false","true","","3936","Spartan Stadium","127","Michigan State","fbs","Big Ten","13","3,7,3,0","0","1537","1510","158","Nebraska","fbs","Big Ten","31","7,17,0,7","1","1705","1732","4.359703729038841","","",""
"401862785","2026","4","regular","2026-09-26T21:00:00.000Z","false","true","false","false","","3700","Doyt L. Perry Stadium","189","Bowling Green","fbs","Mid-American","6","3,3,0,0","0.5262295603752136","1132","1156","58","South Florida","fbs","American Athletic","14","0,0,0,14","0.4737704396247864","1676","1652","4.812591852940088","","",""
"401858466","2026","4","regular","2026-09-26T21:00:00.000Z","false","true","false","true","","3632","Beaver Stadium","213","Penn State","fbs","Big Ten","20","3,14,3,0","0.5245678424835205","1933","1901","275","Wisconsin","fbs","Big Ten","24","0,7,3,14","0.4754321575164795","1580","1612","5.318259320033969","","",""
"401869961","2026","4","regular","2026-09-26T22:00:00.000Z","false","true","false","true","","3918","S.B. Ballard Stadium","295","Old Dominion","fbs","Sun Belt","20","7,10,0,3","0.03528686612844467","1295","1279","256","James Madison","fbs","Sun Belt","46","17,13,6,10","0.9647131338715553","1777","1793","4.817054761388346","","",""
"401867909","2026","4","regular","2026-09-26T22:00:00.000Z","false","true","false","false","","2031","Pitbull Stadium","2229","Florida International","fbs","Conference USA","20","7,7,3,3","0.9179713726043701","1397","1397","2341","Long Island University","fcs","NEC","3","0,3,0,0","0.08202862739562988","","","2.65221845606213","","",""
"401860892","2026","4","regular","2026-09-26T22:00:00.000Z","false","true","false","false","","3644","Bobcat Stadium (TX)","326","Texas State","fbs","Pac-12","63","28,14,0,21","0.9922709465026855","1475","1475","2916","Incarnate Word","fcs","Southland","10","7,3,0,0","0.007729053497314453","","","3.1663214256551377","","",""
"401858239","2026","4","regular","2026-09-26T22:00:00.000Z","false","true","false","false","","3923","Scott Stadium","258","Virginia","fbs","ACC","42","7,21,7,7","0.9814552068710327","1612","1698","48","Delaware","fbs","Conference USA","3","0,3,0,0","0.018544793128967285","1414","1328","2.4772565551776125","","",""
"401862780","2026","4","regular","2026-09-26T22:30:00.000Z","false","true","false","false","","4418","Jerry Richardson Stadium","2429","Charlotte","fbs","American Athletic","7","0,7,0,0","0","1169","1123","309","Louisiana","fbs","Sun Belt","34","3,7,7,17","1","1397","1443","4.014103078124902","","",""
"401858238","2026","4","regular","2026-09-26T22:30:00.000Z","false","true","false","false","","3948","Hard Rock Stadium","2390","Miami","fbs","ACC","52","7,28,7,10","0.986876368522644","1895","1962","2117","Central Michigan","fbs","Mid-American","3","3,0,0,0","0.013123631477355957","1291","1224","2.2898621738017813","","",""
"401862784","2026","4","regular","2026-09-26T23:00:00.000Z","false","true","false","false","","4729","Yulman Stadium","2655","Tulane","fbs","American Athletic","24","7,7,0,10","0.4611043930053711","1520","1517","2572","Southern Miss","fbs","Sun Belt","21","0,14,7,0","0.5388956069946289","1224","1227","6.744854884552767","","",""
"401856881","2026","4","regular","2026-09-26T23:00:00.000Z","false","true","false","true","","3842","Milan Puskar Stadium","277","West Virginia","fbs","Big 12","24","7,7,10,0","0.12267377972602844","1408","1352","197","Oklahoma State","fbs","Big 12","41","3,10,15,13","0.8773262202739716","1274","1330","6.713631407029059","","",""
"401856814","2026","4","regular","2026-09-26T23:00:00.000Z","false","true","false","true","","3854","Nippert Stadium","2132","Cincinnati","fbs","Big 12","31","0,10,14,7","0.938930094242096","1512","1525","2306","Kansas State","fbs","Big 12","26","3,14,0,9","0.06106990575790405","1692","1679","6.24996004926384","","",""
"401870745","2026","4","regular","2026-09-26T23:00:00.000Z","false","true","false","false","","3796","Houchens Industries-L.T. Smith Stadium","98","Western Kentucky","fbs","Conference USA","52","10,21,14,7","0.9924694895744324","1202","1202","2385","Mercyhurst","fcs","NEC","7","0,0,7,0","0.007530510425567627","","","1.6429486449769999","","",""
"401869931","2026","4","regular","2026-09-26T23:00:00.000Z","false","true","false","false","","3625","Centennial Bank Stadium","2032","Arkansas State","fbs","Sun Belt","17","0,7,7,3","0.98304682970047","1319","1320","338","Kennesaw State","fbs","Conference USA","14","0,7,7,0","0.01695317029953003","1285","1284","5.388692542832646","","",""
"401871048","2026","4","regular","2026-09-26T23:00:00.000Z","false","true","false","true","","3662","AmFirst Stadium","55","Jacksonville State","fbs","Conference USA","23","3,7,10,3","0.7791450619697571","1427","1435","2393","Middle Tennessee","fbs","Conference USA","13","0,7,6,0","0.22085493803024292","1298","1290","4.013981990276698","","",""
"401856696","2026","4","regular","2026-09-26T23:00:00.000Z","false","true","false","true","","3657","Bryant-Denny Stadium","333","Alabama","fbs","SEC","49","14,21,0,14","0.9893242120742798","1863","1929","2579","South Carolina","fbs","SEC","18","0,10,0,8","0.010675787925720215","1721","1655","2.9230204809345275","","",""
"401862783","2026","4","regular","2026-09-26T23:30:00.000Z","false","true","false","false","","3825","DATCU Stadium","249","North Texas","fbs","American Athletic","63","14,21,14,14","0.9887198209762573","1662","1662","2277","Houston Christian","fcs","Southland","14","7,7,0,0","0.011280179023742676","","","2.903250242393854","","",""
"401856702","2026","4","regular","2026-09-26T23:30:00.000Z","false","true","false","true","","3958","Tiger Stadium (LA)","99","LSU","fbs","SEC","35","7,7,21,0","0.9909849762916565","1786","1868","245","Texas A&M","fbs","SEC","6","0,3,3,0","0.009015023708343506","1824","1742","2.2734410877272273","","",""
"401858469","2026","4","regular","2026-09-26T23:30:00.000Z","false","true","false","true","","477","Los Angeles Memorial Coliseum","30","USC","fbs","Big Ten","27","0,10,10,7","0.25431522727012634","1817","1784","2483","Oregon","fbs","Big Ten","41","3,10,14,14","0.7456847727298737","1811","1844","6.699116589123444","","",""
"401864572","2026","4","regular","2026-09-26T23:30:00.000Z","false","true","false","false","","3670","Carter-Finley Stadium","152","NC State","fbs","ACC","41","14,14,3,10","1","1510","1514","2026","App State","fbs","Sun Belt","31","0,10,7,14","0","1324","1320","3.85214387880401","","",""
"401860894","2026","4","regular","2026-09-26T23:30:00.000Z","false","true","false","false","","3905","Maverik Stadium","328","Utah State","fbs","Pac-12","21","7,0,14,0","0.9860266447067261","1348","1374","2653","Troy","fbs","Sun Belt","10","7,3,0,0","0.013973355293273926","1421","1395","5.5326810230665355","","",""
"401856804","2026","4","regular","2026-09-26T23:30:00.000Z","false","true","false","false","","3820","Gesa Field","265","Washington State","fbs","Pac-12","24","14,3,0,7","0.0026794152799993753","1533","1521","12","Arizona","fbs","Big 12","34","7,7,7,13","0.9973205847200006","1634","1646","5.895117948296565","","",""
"401856703","2026","4","regular","2026-09-26T23:45:00.000Z","false","true","false","true","","3693","Davis Wade Stadium","344","Mississippi State","fbs","SEC","31","14,0,3,14","0.3596450388431549","1663","1674","142","Missouri","fbs","SEC","24","0,10,14,0","0.6403549611568451","1690","1679","6.647011263502548","","",""
"401862782","2026","4","regular","2026-09-27T00:00:00.000Z","false","true","false","false","","3817","Malone Stadium","2433","UL Monroe","fbs","Sun Belt","17","7,10,0,0","0.08487337082624435","1079","1022","2226","Florida Atlantic","fbs","American Athletic","45","7,28,7,3","0.9151266291737556","1243","1300","4.822148686279762","","",""
"401856697","2026","4","regular","2026-09-27T00:00:00.000Z","false","true","false","false","","3887","Razorback Stadium","8","Arkansas","fbs","SEC","34","10,6,7,11","0.9860058426856995","1466","1516","202","Tulsa","fbs","American Athletic","6","0,0,6,0","0.013994157314300537","1271","1221","2.1778321544728887","","",""
"401860895","2026","4","regular","2026-09-27T01:00:00.000Z","false","true","false","false","","3946","Sun Bowl","2638","UTEP","fbs","Mountain West","7","0,0,7,0","0.03515193238854408","1130","1078","204","Oregon State","fbs","Pac-12","33","17,3,7,6","0.9648480676114559","1285","1337","4.3919418362268345","","",""
"401866429","2026","4","regular","2026-09-27T01:00:00.000Z","false","true","false","true","","3757","Hornet Stadium","16","Sacramento State","fbs","Mid-American","6","0,6,0,0","0.007599536329507828","1297","1185","113","Massachusetts","fbs","Mid-American","35","7,14,14,0","0.9924004636704922","1076","1188","3.6890494155371187","","",""
"401858241","2026","4","regular","2026-09-27T01:00:00.000Z","false","true","false","false","","3735","Gerald J. Ford Stadium","2567","SMU","fbs","ACC","34","0,14,7,13","0.9805787801742554","1706","1695","2623","Missouri State","fbs","Conference USA","24","10,0,0,14","0.01942121982574463","1281","1292","5.032704053568597","","",""
"401860891","2026","4","regular","2026-09-27T02:00:00.000Z","false","true","false","false","","3660","Valley Children's Stadium","278","Fresno State","fbs","Pac-12","38","0,14,10,14","0.8269332051277161","1611","1604","242","Rice","fbs","American Athletic","24","7,10,0,7","0.17306679487228394","1162","1169","5.138066437526457","","",""
"401864509","2026","4","regular","2026-09-27T02:30:00.000Z","false","true","false","true","","3816","Mackay Stadium","2440","Nevada","fbs","Mountain West","33","10,0,7,10,6","0","1441","1435","2005","Air Force","fbs","Mountain West","36","3,7,3,14,9","1","1423","1429","9.923571121258782","","",""
"401858240","2026","4","regular","2026-09-27T02:30:00.000Z","false","true","false","true","","3940","Stanford Stadium","24","Stanford","fbs","ACC","34","7,3,17,7","0.9169948697090149","1311","1333","59","Georgia Tech","fbs","ACC","27","10,10,0,7","0.08300513029098511","1515","1493","6.637513719856492","","",""
"401858470","2026","4","regular","2026-09-27T03:00:00.000Z","false","true","false","true","","3765","Husky Stadium","264","Washington","fbs","Big Ten","24","0,10,0,14","0","1757","1735","135","Minnesota","fbs","Big Ten","27","14,7,3,3","1","1484","1506","4.3491841477312905","","",""
"401871049","2026","5","regular","2026-10-02T00:00:00.000Z","false","false","false","true","","3601","Aggie Memorial Stadium","166","New Mexico State","fbs","Conference USA","","","","1231","","98","Western Kentucky","fbs","Conference USA","","","","1242","","","","",""
"401862786","2026","5","regular","2026-10-02T01:00:00.000Z","false","false","false","true","","3674","Chapman Stadium","202","Tulsa","fbs","American Athletic","","","","1221","","249","North Texas","fbs","American Athletic","","","","1646","","","","",""
"401871050","2026","5","regular","2026-10-02T23:00:00.000Z","false","false","false","true","","3695","Delaware Stadium","48","Delaware","fbs","Conference USA","","","","1328","","2335","Liberty","fbs","Conference USA","","","","1725","","","","",""
"401858245","2026","5","regular","2026-10-02T23:00:00.000Z","false","false","false","true","","3799","Lane Stadium","259","Virginia Tech","fbs","ACC","","","","1494","","221","Pittsburgh","fbs","ACC","","","","1675","","","","",""
"401858476","2026","5","regular","2026-10-03T00:00:00.000Z","false","false","false","true","","11823","Ryan Field","77","Northwestern","fbs","Big Ten","","","","1640","","213","Penn State","fbs","Big Ten","","","","1901","","","","",""
"401858246","2026","5","regular","2026-10-03T16:00:00.000Z","false","false","false","true","","3735","Gerald J. Ford Stadium","2567","SMU","fbs","ACC","","","","1695","","103","Boston College","fbs","ACC","","","","1375","","","","",""
"401856707","2026","5","regular","2026-10-03T16:00:00.000Z","false","false","false","true","","3693","Davis Wade Stadium","344","Mississippi State","fbs","SEC","","","","1674","","333","Alabama","fbs","SEC","","","","1929","","","","",""
"401858251","2026","5","regular","2026-10-03T16:00:00.000Z","false","false","false","true","","3630","Allegacy Federal Credit Union Stadium","154","Wake Forest","fbs","ACC","","","","1530","","24","Stanford","fbs","ACC","","","","1333","","","","",""
"401856819","2026","5","regular","2026-10-03T16:00:00.000Z","false","false","false","true","","4728","TDECU Stadium","248","Houston","fbs","Big 12","","","","1535","","2116","UCF","fbs","Big 12","","","","1503","","","","",""
"401856807","2026","5","regular","2026-10-03T16:00:00.000Z","false","false","false","false","","3833","Memorial Stadium","2305","Kansas","fbs","Big 12","","","","1481","","2393","Middle Tennessee","fbs","Conference USA","","","","1290","","","","",""
"401856822","2026","5","regular","2026-10-03T16:00:00.000Z","false","false","false","true","","3772","Jack Trice Stadium","66","Iowa State","fbs","Big 12","","","","1672","","277","West Virginia","fbs","Big 12","","","","1352","","","","",""
"401858252","2026","5","regular","2026-10-03T16:00:00.000Z","false","false","false","false","","3892","Pratt & Whitney Stadium","41","UConn","fbs","FBS Independents","","","","1470","","183","Syracuse","fbs","ACC","","","","1290","","","","",""
"401858474","2026","5","regular","2026-10-03T16:00:00.000Z","false","false","false","true","","3953","Huntington Bank Stadium","135","Minnesota","fbs","Big Ten","","","","1506","","130","Michigan","fbs","Big Ten","","","","1739","","","","",""
"401862791","2026","5","regular","2026-10-03T16:00:00.000Z","false","false","false","false","","3713","Falcon Stadium","2005","Air Force","fbs","Mountain West","","","","1429","","2426","Navy","fbs","American Athletic","","","","1506","","","","",""
"401858250","2026","5","regular","2026-10-03T16:00:00.000Z","false","false","false","false","","3787","Kenan Stadium","153","North Carolina","fbs","ACC","","","","1396","","87","Notre Dame","fbs","FBS Independents","","","","2084","","","","",""
"401858479","2026","5","regular","2026-10-03T16:30:00.000Z","false","false","false","true","","347","Camp Randall Stadium","275","Wisconsin","fbs","Big Ten","","","","1612","","127","Michigan State","fbs","Big Ten","","","","1510","","","","",""
"401856705","2026","5","regular","2026-10-03T16:45:00.000Z","false","false","false","true","","3917","Sanford Stadium","61","Georgia","fbs","SEC","","","","2023","","238","Vanderbilt","fbs","SEC","","","","1731","","","","",""
"401866432","2026","5","regular","2026-10-03T17:00:00.000Z","false","false","false","true","","3965","UB Stadium","2084","Buffalo","fbs","Mid-American","","","","1288","","2711","Western Michigan","fbs","Mid-American","","","","1463","","","","",""
"401866431","2026","5","regular","2026-10-03T18:00:00.000Z","false","false","false","true","","3919","Scheumann Stadium","2050","Ball State","fbs","Mid-American","","","","1049","","2649","Toledo","fbs","Mid-American","","","","1614","","","","",""
"401866430","2026","5","regular","2026-10-03T19:30:00.000Z","false","false","false","true","","3786","Kelly/Shorts Stadium","2117","Central Michigan","fbs","Mid-American","","","","1224","","2006","Akron","fbs","Mid-American","","","","886","","","","",""
"401856710","2026","5","regular","2026-10-03T19:30:00.000Z","false","false","false","true","","3853","Neyland Stadium","2633","Tennessee","fbs","SEC","","","","1776","","2","Auburn","fbs","SEC","","","","1679","","","","",""
"401856708","2026","5","regular","2026-10-03T19:30:00.000Z","false","false","false","true","","3838","Memorial Stadium","142","Missouri","fbs","SEC","","","","1679","","57","Florida","fbs","SEC","","","","1751","","","","",""
"401866477","2026","5","regular","2026-10-03T19:30:00.000Z","false","false","false","true","","3996","Yager Stadium","193","Miami (OH)","fbs","Mid-American","","","","1267","","189","Bowling Green","fbs","Mid-American","","","","1156","","","","",""
"401866434","2026","5","regular","2026-10-03T19:30:00.000Z","false","false","false","true","","3696","Dix Stadium","2309","Kent State","fbs","Mid-American","","","","1039","","195","Ohio","fbs","Mid-American","","","","1318","","","","",""
"401869956","2026","5","regular","2026-10-03T19:30:00.000Z","false","false","false","true","","4246","Center Parc Stadium","2247","Georgia State","fbs","Sun Belt","","","","1320","","295","Old Dominion","fbs","Sun Belt","","","","1279","","","","",""
"401866433","2026","5","regular","2026-10-03T19:30:00.000Z","false","false","false","true","","3985","Warren McGuirk Alumni Stadium","113","Massachusetts","fbs","Mid-American","","","","1188","","2199","Eastern Michigan","fbs","Mid-American","","","","1188","","","","",""
"401858247","2026","5","regular","2026-10-03T19:30:00.000Z","false","false","false","false","","6501","Allegiant Stadium","2439","UNLV","fbs","Mountain West","","","","1491","","25","California","fbs","ACC","","","","1338","","","","",""
"401862793","2026","5","regular","2026-10-03T19:30:00.000Z","false","false","false","false","","7221","Protective Stadium","5","UAB","fbs","American Athletic","","","","1400","1400","2535","Samford","fcs","Southern","","","","","","","","",""
"401864515","2026","5","regular","2026-10-03T19:30:00.000Z","false","false","false","true","","3714","Fargodome","2449","North Dakota State","fbs","Mountain West","","","","1594","","2751","Wyoming","fbs","Mountain West","","","","1322","","","","",""
"401858248","2026","5","regular","2026-10-03T19:30:00.000Z","false","false","false","true","","3670","Carter-Finley Stadium","152","NC State","fbs","ACC","","","","1514","","97","Louisville","fbs","ACC","","","","1674","","","","",""
"401858473","2026","5","regular","2026-10-03T19:30:00.000Z","false","false","false","true","","3793","Kinnick Stadium","2294","Iowa","fbs","Big Ten","","","","1841","","194","Ohio State","fbs","Big Ten","","","","2044","","","","",""
"401862787","2026","5","regular","2026-10-03T19:30:00.000Z","false","false","false","true","","4418","Jerry Richardson Stadium","2429","Charlotte","fbs","American Athletic","","","","1123","","235","Memphis","fbs","American Athletic","","","","1526","","","","",""
"401858253","2026","5","regular","2026-10-03T19:30:00.000Z","false","false","false","true","","3697","Doak Campbell Stadium","52","Florida State","fbs","ACC","","","","1553","","258","Virginia","fbs","ACC","","","","1698","","","","",""
"401869962","2026","5","regular","2026-10-03T19:45:00.000Z","false","false","false","true","","3651","Bridgeforth Stadium","256","James Madison","fbs","Sun Belt","","","","1793","","276","Marshall","fbs","Sun Belt","","","","1391","","","","",""
"401858475","2026","5","regular","2026-10-03T20:00:00.000Z","false","false","false","true","","3834","Memorial Stadium (Lincoln, NE)","158","Nebraska","fbs","Big Ten","","","","1732","","120","Maryland","fbs","Big Ten","","","","1316","","","","",""
"401864514","2026","5","regular","2026-10-03T20:00:00.000Z","false","false","false","true","","3971","University Stadium (NM)","167","New Mexico","fbs","Mountain West","","","","1589","","2638","UTEP","fbs","Mountain West","","","","1078","","","","",""
"401856709","2026","5","regular","2026-10-03T20:15:00.000Z","false","false","false","true","","3994","Williams-Brice Stadium","2579","South Carolina","fbs","SEC","","","","1655","","96","Kentucky","fbs","SEC","","","","1553","","","","",""
"401858472","2026","5","regular","2026-10-03T20:15:00.000Z","false","false","false","true","","3832","Memorial Stadium (Champaign, IL)","356","Illinois","fbs","Big Ten","","","","1577","","2509","Purdue","fbs","Big Ten","","","","1288","","","","",""
"401860899","2026","5","regular","2026-10-03T22:00:00.000Z","false","false","false","true","","5388","Canvas Stadium","36","Colorado State","fbs","Pac-12","","","","1314","","204","Oregon State","fbs","Pac-12","","","","1337","","","","",""
"401862790","2026","5","regular","2026-10-03T22:00:00.000Z","false","false","false","false","","3715","FAU Stadium","2226","Florida Atlantic","fbs","American Athletic","","","","1314","1314","2640","Texas Southern","fcs","SWAC","","","","","","","","",""
"401856711","2026","5","regular","2026-10-03T23:00:00.000Z","false","false","false","true","","3795","Kyle Field","245","Texas A&M","fbs","SEC","","","","1742","","8","Arkansas","fbs","SEC","","","","1516","","","","",""
"401856818","2026","5","regular","2026-10-03T23:00:00.000Z","false","false","false","true","","3616","Amon G. Carter Stadium","2628","TCU","fbs","Big 12","","","","1607","","252","BYU","fbs","Big 12","","","","1692","","","","",""
"401871089","2026","5","regular","2026-10-03T23:00:00.000Z","false","false","false","true","","6526","Hancock Whitney Stadium","6","South Alabama","fbs","Sun Belt","","","","1346","","2433","UL Monroe","fbs","Sun Belt","","","","1022","","","","",""
"401862788","2026","5","regular","2026-10-03T23:00:00.000Z","false","false","false","true","","3895","Rice Stadium","242","Rice","fbs","American Athletic","","","","1169","","2636","UTSA","fbs","American Athletic","","","","1519","","","","",""
"401869942","2026","5","regular","2026-10-03T23:00:00.000Z","false","false","false","true","","3654","Brooks Stadium (SC)","324","Coastal Carolina","fbs","Sun Belt","","","","1270","","290","Georgia Southern","fbs","Sun Belt","","","","1341","","","","",""
"401858478","2026","5","regular","2026-10-03T23:30:00.000Z","false","false","false","true","","477","Los Angeles Memorial Coliseum","30","USC","fbs","Big Ten","","","","1784","","264","Washington","fbs","Big Ten","","","","1735","","","","",""
"401869842","2026","5","regular","2026-10-03T23:30:00.000Z","false","false","false","false","","3776","Joe Aillet Stadium","2348","Louisiana Tech","fbs","Sun Belt","","","","1377","","349","Army","fbs","American Athletic","","","","1524","","","","",""
"401860898","2026","5","regular","2026-10-03T23:30:00.000Z","false","false","false","true","","3653","Albertsons Stadium","68","Boise State","fbs","Pac-12","","","","1665","","328","Utah State","fbs","Pac-12","","","","1374","","","","",""
"401862792","2026","5","regular","2026-10-03T23:30:00.000Z","false","false","false","true","","3886","Raymond James Stadium","58","South Florida","fbs","American Athletic","","","","1652","","218","Temple","fbs","American Athletic","","","","1336","","","","",""
"401856821","2026","5","regular","2026-10-03T23:30:00.000Z","false","false","false","true","","3726","Folsom Field","38","Colorado","fbs","Big 12","","","","1327","","2641","Texas Tech","fbs","Big 12","","","","1860","","","","",""
"401858249","2026","5","regular","2026-10-03T23:30:00.000Z","false","false","false","true","","3836","Memorial Stadium (Clemson, SC)","228","Clemson","fbs","ACC","","","","1572","","2390","Miami","fbs","ACC","","","","1962","","","","",""
"401856706","2026","5","regular","2026-10-03T23:45:00.000Z","false","false","false","false","","3958","Tiger Stadium (LA)","99","LSU","fbs","SEC","","","","1861","1861","2377","McNeese","fcs","Southland","","","","","","","","",""
"401858477","2026","5","regular","2026-10-04T00:00:00.000Z","false","false","false","true","","6577","SHI Stadium","164","Rutgers","fbs","Big Ten","","","","1391","","84","Indiana","fbs","Big Ten","","","","2106","","","","",""
"401869932","2026","5","regular","2026-10-04T00:00:00.000Z","false","false","false","true","","3666","Cajun Field","309","Louisiana","fbs","Sun Belt","","","","1443","","2032","Arkansas State","fbs","Sun Belt","","","","1320","","","","",""
"401860921","2026","5","regular","2026-10-04T01:30:00.000Z","false","false","false","true","","3820","Gesa Field","265","Washington State","fbs","Pac-12","","","","1521","","278","Fresno State","fbs","Pac-12","","","","1604","","","","",""
"401856817","2026","5","regular","2026-10-04T02:30:00.000Z","false","false","false","true","","3947","Mountain America Stadium","9","Arizona State","fbs","Big 12","","","","1535","","239","Baylor","fbs","Big 12","","","","1537","","","","",""
"401860900","2026","5","regular","2026-10-04T02:30:00.000Z","false","false","false","true","","7311","Snapdragon Stadium","21","San Diego State","fbs","Pac-12","","","","1415","","326","Texas State","fbs","Pac-12","","","","1491","","","","",""
"401856820","2026","5","regular","2026-10-04T03:00:00.000Z","false","false","false","true","","3619","Arizona Stadium","12","Arizona","fbs","Big 12","","","","1646","","2132","Cincinnati","fbs","Big 12","","","","1525","","","","",""
"401864513","2026","5","regular","2026-10-04T03:59:00.000Z","false","false","false","true","","7220","Clarence T.C. Ching Athletics Complex","62","Hawai'i","fbs","Mountain West","","","","1378","","23","San José State","fbs","Mountain West","","","","1393","","","","",""
"401871090","2026","6","regular","2026-10-07T00:00:00.000Z","false","false","false","true","","3975","Veterans Memorial Stadium (AL)","2653","Troy","fbs","Sun Belt","","","","1395","","2572","Southern Miss","fbs","Sun Belt","","","","1227","","","","",""
"401871051","2026","6","regular","2026-10-07T23:00:00.000Z","false","false","false","true","","4899","Fifth Third Stadium","338","Kennesaw State","fbs","Conference USA","","","","1284","","55","Jacksonville State","fbs","Conference USA","","","","1435","","","","",""
"401871066","2026","6","regular","2026-10-07T23:30:00.000Z","false","false","false","true","","2031","Pitbull Stadium","2229","Florida International","fbs","Conference USA","","","","1392","","166","New Mexico State","fbs","Conference USA","","","","1231","","","","",""
"401870766","2026","6","regular","2026-10-08T23:00:00.000Z","false","false","false","true","","3992","Williams Stadium (VA)","2335","Liberty","fbs","Conference USA","","","","1725","","2534","Sam Houston","fbs","Conference USA","","","","1142","","","","",""
"401871052","2026","6","regular","2026-10-08T23:00:00.000Z","false","false","false","true","","3796","Houchens Industries-L.T. Smith Stadium","98","Western Kentucky","fbs","Conference USA","","","","1242","","2623","Missouri State","fbs","Conference USA","","","","1292","","","","",""
"401869933","2026","6","regular","2026-10-08T23:30:00.000Z","false","false","false","true","","3625","Centennial Bank Stadium","2032","Arkansas State","fbs","Sun Belt","","","","1320","","6","South Alabama","fbs","Sun Belt","","","","1346","","","","",""
"401862794","2026","6","regular","2026-10-08T23:30:00.000Z","false","false","false","true","","3604","Alamodome","2636","UTSA","fbs","American Athletic","","","","1519","","58","South Florida","fbs","American Athletic","","","","1652","","","","",""
"401858254","2026","6","regular","2026-10-09T23:00:00.000Z","false","false","false","true","","3873","L&N Federal Credit Union Stadium","97","Louisville","fbs","ACC","","","","1674","","52","Florida State","fbs","ACC","","","","1553","","","","",""
"401860922","2026","6","regular","2026-10-10T01:00:00.000Z","false","false","false","true","","3905","Maverik Stadium","328","Utah State","fbs","Pac-12","","","","1374","","265","Washington State","fbs","Pac-12","","","","1521","","","","",""
"401864519","2026","6","regular","2026-10-10T01:00:00.000Z","false","false","false","true","","3935","CEFCU Stadium","23","San José State","fbs","Mountain West","","","","1393","","2751","Wyoming","fbs","Mountain West","","","","1322","","","","",""
"401858487","2026","6","regular","2026-10-10T01:00:00.000Z","false","false","false","true","","3765","Husky Stadium","264","Washington","fbs","Big Ten","","","","1735","","2294","Iowa","fbs","Big Ten","","","","1841","","","","",""
"401856826","2026","6","regular","2026-10-10T02:15:00.000Z","false","false","false","true","","3801","LaVell Edwards Stadium","252","BYU","fbs","Big 12","","","","1692","","66","Iowa State","fbs","Big 12","","","","1672","","","","",""
"401858484","2026","6","regular","2026-10-10T04:00:00.000Z","true","false","false","true","","3626","Autzen Stadium","2483","Oregon","fbs","Big Ten","","","","1844","","26","UCLA","fbs","Big Ten","","","","1660","","","","",""
"401869965","2026","6","regular","2026-10-10T04:00:00.000Z","true","false","false","true","","3776","Joe Aillet Stadium","2348","Louisiana Tech","fbs","Sun Belt","","","","1377","","309","Louisiana","fbs","Sun Belt","","","","1443","","","","",""
"401858259","2026","6","regular","2026-10-10T04:00:00.000Z","true","false","false","true","","3831","California Memorial Stadium","25","California","fbs","ACC","","","","1338","","259","Virginia Tech","fbs","ACC","","","","1494","","","","",""
"401856714","2026","6","regular","2026-10-10T04:00:00.000Z","true","false","false","true","","3634","Ben Hill Griffin Stadium","57","Florida","fbs","SEC","","","","1751","","2579","South Carolina","fbs","SEC","","","","1655","","","","EARLY: Noon - 1pm ET start",""
"401858482","2026","6","regular","2026-10-10T04:00:00.000Z","true","false","false","false","","11823","Ryan Field","77","Northwestern","fbs","Big Ten","","","","1640","","2050","Ball State","fbs","Mid-American","","","","1049","","","","",""
"401856715","2026","6","regular","2026-10-10T04:00:00.000Z","true","false","false","true","","3683","Kroger Field","96","Kentucky","fbs","SEC","","","","1553","","99","LSU","fbs","SEC","","","","1868","","","","NIGHT: 6 - 8pm ET start",""
"401866436","2026","6","regular","2026-10-10T04:00:00.000Z","true","false","false","true","","3700","Doyt L. Perry Stadium","189","Bowling Green","fbs","Mid-American","","","","1156","","16","Sacramento State","fbs","Mid-American","","","","1185","","","","",""
"401856808","2026","6","regular","2026-10-10T04:00:00.000Z","true","false","false","false","","3947","Mountain America Stadium","9","Arizona State","fbs","Big 12","","","","1535","","62","Hawai'i","fbs","Mountain West","","","","1378","","","","",""
"401862797","2026","6","regular","2026-10-10T04:00:00.000Z","true","false","false","true","","3699","Dowdy-Ficklen Stadium","151","East Carolina","fbs","American Athletic","","","","1456","","242","Rice","fbs","American Athletic","","","","1169","","","","",""
"401856718","2026","6","regular","2026-10-10T04:00:00.000Z","true","false","false","true","","3973","FirstBank Stadium","238","Vanderbilt","fbs","SEC","","","","1731","","145","Ole Miss","fbs","SEC","","","","1776","","","","FLEX: 3:30 - 4:30pm OR 6 - 8pm ET start",""
"401858258","2026","6","regular","2026-10-10T04:00:00.000Z","true","false","false","true","","3923","Scott Stadium","258","Virginia","fbs","ACC","","","","1698","","183","Syracuse","fbs","ACC","","","","1290","","","","",""
"401856827","2026","6","regular","2026-10-10T04:00:00.000Z","true","false","false","true","","587","Rice-Eccles Stadium","254","Utah","fbs","Big 12","","","","1918","","2305","Kansas","fbs","Big 12","","","","1481","","","","",""
"401858481","2026","6","regular","2026-10-10T04:00:00.000Z","true","false","false","true","","3834","Memorial Stadium (Lincoln, NE)","158","Nebraska","fbs","Big Ten","","","","1732","","84","Indiana","fbs","Big Ten","","","","2106","","","","",""
"401869943","2026","6","regular","2026-10-10T04:00:00.000Z","true","false","false","true","","3775","Joan C. Edwards Stadium","276","Marshall","fbs","Sun Belt","","","","1391","","324","Coastal Carolina","fbs","Sun Belt","","","","1270","","","","",""
"401856716","2026","6","regular","2026-10-10T04:00:00.000Z","true","false","false","true","","3838","Memorial Stadium","142","Missouri","fbs","SEC","","","","1679","","245","Texas A&M","fbs","SEC","","","","1742","","","","EARLY: Noon - 1pm ET start",""
"401862796","2026","6","regular","2026-10-10T04:00:00.000Z","true","false","false","true","","3825","DATCU Stadium","249","North Texas","fbs","American Athletic","","","","1646","","2429","Charlotte","fbs","American Athletic","","","","1123","","","","",""
"401858260","2026","6","regular","2026-10-10T04:00:00.000Z","true","false","false","true","","3670","Carter-Finley Stadium","152","NC State","fbs","ACC","","","","1514","","154","Wake Forest","fbs","ACC","","","","1530","","","","",""
"401866440","2026","6","regular","2026-10-10T04:00:00.000Z","true","false","false","true","","3985","Warren McGuirk Alumni Stadium","113","Massachusetts","fbs","Mid-American","","","","1188","","193","Miami (OH)","fbs","Mid-American","","","","1267","","","","",""
"401866438","2026","6","regular","2026-10-10T04:00:00.000Z","true","false","false","true","","3876","Peden Stadium","195","Ohio","fbs","Mid-American","","","","1318","","2117","Central Michigan","fbs","Mid-American","","","","1224","","","","",""
"401864517","2026","6","regular","2026-10-10T04:00:00.000Z","true","false","false","true","","3946","Sun Bowl","2638","UTEP","fbs","Mountain West","","","","1078","","2440","Nevada","fbs","Mountain West","","","","1435","","","","",""
"401862798","2026","6","regular","2026-10-10T04:00:00.000Z","true","false","false","true","","3805","Simmons Bank Liberty Stadium","235","Memphis","fbs","American Athletic","","","","1526","","5","UAB","fbs","American Athletic","","","","1400","","","","",""
"401858483","2026","6","regular","2026-10-10T04:00:00.000Z","true","false","false","true","","3861","Ohio Stadium","194","Ohio State","fbs","Big Ten","","","","2044","","120","Maryland","fbs","Big Ten","","","","1316","","","","",""
"401858486","2026","6","regular","2026-10-10T04:00:00.000Z","true","false","false","true","","3907","Ross-Ade Stadium","2509","Purdue","fbs","Big Ten","","","","1288","","135","Minnesota","fbs","Big Ten","","","","1506","","","","",""
"401856825","2026","6","regular","2026-10-10T04:00:00.000Z","true","false","false","true","","3636","Bill Snyder Family Stadium","2306","Kansas State","fbs","Big 12","","","","1679","","248","Houston","fbs","Big 12","","","","1535","","","","",""
"401866439","2026","6","regular","2026-10-10T04:00:00.000Z","true","false","false","true","","3980","Waldo Stadium","2711","Western Michigan","fbs","Mid-American","","","","1463","","2309","Kent State","fbs","Mid-American","","","","1039","","","","",""
"401856823","2026","6","regular","2026-10-10T04:00:00.000Z","true","false","false","true","","3842","Milan Puskar Stadium","277","West Virginia","fbs","Big 12","","","","1352","","12","Arizona","fbs","Big 12","","","","1646","","","","",""
"401858480","2026","6","regular","2026-10-10T04:00:00.000Z","true","false","false","true","","3936","Spartan Stadium","127","Michigan State","fbs","Big Ten","","","","1510","","356","Illinois","fbs","Big Ten","","","","1577","","","","",""
"401866437","2026","6","regular","2026-10-10T04:00:00.000Z","true","false","false","true","","3739","Glass Bowl","2649","Toledo","fbs","Mid-American","","","","1614","","2084","Buffalo","fbs","Mid-American","","","","1288","","","","",""
"401869843","2026","6","regular","2026-10-10T04:00:00.000Z","true","false","false","true","","3792","Kidd Brewer Stadium","2026","App State","fbs","Sun Belt","","","","1320","","295","Old Dominion","fbs","Sun Belt","","","","1279","","","","",""
"401856824","2026","6","regular","2026-10-10T04:00:00.000Z","true","false","false","true","","3646","Boone Pickens Stadium","197","Oklahoma State","fbs","Big 12","","","","1330","","2116","UCF","fbs","Big 12","","","","1503","","","","",""
"401858485","2026","6","regular","2026-10-10T04:00:00.000Z","true","false","false","true","","3632","Beaver Stadium","213","Penn State","fbs","Big Ten","","","","1901","","30","USC","fbs","Big Ten","","","","1784","","","","",""
"401861964","2026","6","regular","2026-10-10T04:00:00.000Z","true","false","false","false","","3806","Lincoln Financial Field","218","Temple","fbs","American Athletic","","","","1336","","41","UConn","fbs","FBS Independents","","","","1470","","","","",""
"401858255","2026","6","regular","2026-10-10T04:00:00.000Z","true","false","false","true","","721","Bobby Dodd Stadium","59","Georgia Tech","fbs","ACC","","","","1493","","150","Duke","fbs","ACC","","","","1656","","","","",""
"401858256","2026","6","regular","2026-10-10T04:00:00.000Z","true","false","false","true","","3752","Acrisure Stadium","221","Pittsburgh","fbs","ACC","","","","1675","","153","North Carolina","fbs","ACC","","","","1396","","","","",""
"401856712","2026","6","regular","2026-10-10T04:00:00.000Z","true","false","false","true","","3657","Bryant-Denny Stadium","333","Alabama","fbs","SEC","","","","1929","","61","Georgia","fbs","SEC","","","","2023","","","","NIGHT: 6 - 8pm ET start",""
"401856713","2026","6","regular","2026-10-10T04:00:00.000Z","true","false","false","true","","3887","Razorback Stadium","8","Arkansas","fbs","SEC","","","","1516","","2633","Tennessee","fbs","SEC","","","","1776","","","","FLEX: 3:30 - 4:30pm OR 6 - 8pm ET start",""
"401869949","2026","6","regular","2026-10-10T04:00:00.000Z","true","false","false","true","","3608","Allen E. Paulson Stadium","290","Georgia Southern","fbs","Sun Belt","","","","1341","","256","James Madison","fbs","Sun Belt","","","","1793","","","","",""
"401862795","2026","6","regular","2026-10-10T16:00:00.000Z","false","false","false","true","","3841","Michie Stadium","349","Army","fbs","American Athletic","","","","1524","","2655","Tulane","fbs","American Athletic","","","","1517","","","","",""
"401866435","2026","6","regular","2026-10-10T19:30:00.000Z","false","false","false","true","","3768","InfoCision Stadium","2006","Akron","fbs","Mid-American","","","","886","","2199","Eastern Michigan","fbs","Mid-American","","","","1188","","","","",""
"401862799","2026","6","regular","2026-10-10T19:30:00.000Z","false","false","false","true","","3852","Navy-Marine Corps Memorial Stadium","2426","Navy","fbs","American Athletic","","","","1506","","202","Tulsa","fbs","American Athletic","","","","1221","","","","",""
"401856717","2026","6","regular","2026-10-10T19:30:00.000Z","false","false","true","true","","499","Cotton Bowl","201","Oklahoma","fbs","SEC","","","","1731","","251","Texas","fbs","SEC","","","","1930","","","","",""
"401858257","2026","6","regular","2026-10-10T19:30:00.000Z","false","false","false","false","","3855","Notre Dame Stadium","87","Notre Dame","fbs","FBS Independents","","","","2084","","24","Stanford","fbs","ACC","","","","1333","","","","",""
"401860902","2026","6","regular","2026-10-10T22:00:00.000Z","false","false","false","true","","3893","Reser Stadium","204","Oregon State","fbs","Pac-12","","","","1337","","21","San Diego State","fbs","Pac-12","","","","1415","","","","",""
"401864518","2026","6","regular","2026-10-10T23:00:00.000Z","false","false","false","true","","6501","Allegiant Stadium","2439","UNLV","fbs","Mountain West","","","","1491","","2449","North Dakota State","fbs","Mountain West","","","","1594","","","","",""
"401864516","2026","6","regular","2026-10-10T23:30:00.000Z","false","false","false","true","","3764","Huskie Stadium","2459","Northern Illinois","fbs","Mountain West","","","","1194","","2005","Air Force","fbs","Mountain West","","","","1429","","","","",""
"401860901","2026","6","regular","2026-10-11T02:30:00.000Z","false","false","false","true","","3660","Valley Children's Stadium","278","Fresno State","fbs","Pac-12","","","","1604","","68","Boise State","fbs","Pac-12","","","","1665","","","","",""
"401871067","2026","7","regular","2026-10-13T23:00:00.000Z","false","false","false","true","","3725","Johnny ""Red"" Floyd Stadium","2393","Middle Tennessee","fbs","Conference USA","","","","1290","","48","Delaware","fbs","Conference USA","","","","1328","","","","",""
"401871053","2026","7","regular","2026-10-14T00:00:00.000Z","false","false","false","true","","3662","AmFirst Stadium","55","Jacksonville State","fbs","Conference USA","","","","1435","","2229","Florida International","fbs","Conference USA","","","","1392","","","","",""
"401871054","2026","7","regular","2026-10-14T23:30:00.000Z","false","false","false","true","","3878","Plaster Sports Complex","2623","Missouri State","fbs","Conference USA","","","","1292","","338","Kennesaw State","fbs","Conference USA","","","","1284","","","","",""
"401871068","2026","7","regular","2026-10-15T00:00:00.000Z","false","false","false","true","","3647","Elliott T. Bowers Stadium","2534","Sam Houston","fbs","Conference USA","","","","1142","","98","Western Kentucky","fbs","Conference USA","","","","1242","","","","",""
"401869950","2026","7","regular","2026-10-15T23:30:00.000Z","false","false","false","true","","3918","S.B. Ballard Stadium","295","Old Dominion","fbs","Sun Belt","","","","1279","","290","Georgia Southern","fbs","Sun Belt","","","","1341","","","","",""
"401862800","2026","7","regular","2026-10-15T23:30:00.000Z","false","false","false","true","","7221","Protective Stadium","5","UAB","fbs","American Athletic","","","","1400","","151","East Carolina","fbs","American Athletic","","","","1456","","","","",""
"401860923","2026","7","regular","2026-10-16T00:00:00.000Z","false","false","false","true","","3644","Bobcat Stadium (TX)","326","Texas State","fbs","Pac-12","","","","1491","","36","Colorado State","fbs","Pac-12","","","","1314","","","","",""
"401862801","2026","7","regular","2026-10-16T23:30:00.000Z","false","false","false","true","","4729","Yulman Stadium","2655","Tulane","fbs","American Athletic","","","","1517","","235","Memphis","fbs","American Athletic","","","","1526","","","","",""
"401869844","2026","7","regular","2026-10-17T00:00:00.000Z","false","false","false","true","","3654","Brooks Stadium (SC)","324","Coastal Carolina","fbs","Sun Belt","","","","1270","","2026","App State","fbs","Sun Belt","","","","1320","","","","",""
"401858493","2026","7","regular","2026-10-17T00:00:00.000Z","false","false","false","true","","3907","Ross-Ade Stadium","2509","Purdue","fbs","Big Ten","","","","1288","","264","Washington","fbs","Big Ten","","","","1735","","","","",""
"401856721","2026","7","regular","2026-10-17T04:00:00.000Z","true","false","false","true","","3974","Vaught-Hemingway Stadium","145","Ole Miss","fbs","SEC","","","","1776","","142","Missouri","fbs","SEC","","","","1679","","","","AFTERNOON: 3:30 - 4:30pm ET start",""
"401858266","2026","7","regular","2026-10-17T04:00:00.000Z","true","false","false","true","","3982","Wallace Wade Stadium","150","Duke","fbs","ACC","","","","1656","","153","North Carolina","fbs","ACC","","","","1396","","","","",""
"401862804","2026","7","regular","2026-10-17T04:00:00.000Z","true","false","false","true","","3604","Alamodome","2636","UTSA","fbs","American Athletic","","","","1519","","2426","Navy","fbs","American Athletic","","","","1506","","","","",""
"401862805","2026","7","regular","2026-10-17T04:00:00.000Z","true","false","false","true","","3895","Rice Stadium","242","Rice","fbs","American Athletic","","","","1169","","202","Tulsa","fbs","American Athletic","","","","1221","","","","",""
"401866442","2026","7","regular","2026-10-17T04:00:00.000Z","true","false","false","true","","3965","UB Stadium","2084","Buffalo","fbs","Mid-American","","","","1288","","113","Massachusetts","fbs","Mid-American","","","","1188","","","","",""
"401866445","2026","7","regular","2026-10-17T04:00:00.000Z","true","false","false","true","","3757","Hornet Stadium","16","Sacramento State","fbs","Mid-American","","","","1185","","195","Ohio","fbs","Mid-American","","","","1318","","","","",""
"401866441","2026","7","regular","2026-10-17T04:00:00.000Z","true","false","false","true","","3700","Doyt L. Perry Stadium","189","Bowling Green","fbs","Mid-American","","","","1156","","2050","Ball State","fbs","Mid-American","","","","1049","","","","",""
"401856719","2026","7","regular","2026-10-17T04:00:00.000Z","true","false","false","true","","3917","Sanford Stadium","61","Georgia","fbs","SEC","","","","2023","","2","Auburn","fbs","SEC","","","","1679","","","","AFTERNOON: 3:30 - 4:30pm ET start",""
"401858491","2026","7","regular","2026-10-17T04:00:00.000Z","true","false","false","true","","3936","Spartan Stadium","127","Michigan State","fbs","Big Ten","","","","1510","","77","Northwestern","fbs","Big Ten","","","","1640","","","","",""
"401869966","2026","7","regular","2026-10-17T04:00:00.000Z","true","false","false","true","","3666","Cajun Field","309","Louisiana","fbs","Sun Belt","","","","1443","","2653","Troy","fbs","Sun Belt","","","","1395","","","","",""
"401858263","2026","7","regular","2026-10-17T04:00:00.000Z","true","false","false","true","","3948","Hard Rock Stadium","2390","Miami","fbs","ACC","","","","1962","","52","Florida State","fbs","ACC","","","","1553","","","","",""
"401866444","2026","7","regular","2026-10-17T04:00:00.000Z","true","false","false","true","","3912","Rynearson Stadium","2199","Eastern Michigan","fbs","Mid-American","","","","1188","","2649","Toledo","fbs","Mid-American","","","","1614","","","","",""
"401856726","2026","7","regular","2026-10-17T04:00:00.000Z","true","false","false","true","","3973","FirstBank Stadium","238","Vanderbilt","fbs","SEC","","","","1731","","8","Arkansas","fbs","SEC","","","","1516","","","","FLEX: 3:30 - 4:30pm OR 6 - 8pm ET start",""
"401869934","2026","7","regular","2026-10-17T04:00:00.000Z","true","false","false","true","","3815","M. M. Roberts Stadium","2572","Southern Miss","fbs","Sun Belt","","","","1227","","2032","Arkansas State","fbs","Sun Belt","","","","1320","","","","",""
"401856830","2026","7","regular","2026-10-17T04:00:00.000Z","true","false","false","true","","3636","Bill Snyder Family Stadium","2306","Kansas State","fbs","Big 12","","","","1679","","2305","Kansas","fbs","Big 12","","","","1481","","","","",""
"401866443","2026","7","regular","2026-10-17T04:00:00.000Z","true","false","false","true","","3786","Kelly/Shorts Stadium","2117","Central Michigan","fbs","Mid-American","","","","1224","","2711","Western Michigan","fbs","Mid-American","","","","1463","","","","",""
"401856831","2026","7","regular","2026-10-17T04:00:00.000Z","true","false","false","true","","4728","TDECU Stadium","248","Houston","fbs","Big 12","","","","1535","","197","Oklahoma State","fbs","Big 12","","","","1330","","","","",""
"401858492","2026","7","regular","2026-10-17T04:00:00.000Z","true","false","false","true","","3626","Autzen Stadium","2483","Oregon","fbs","Big Ten","","","","1844","","158","Nebraska","fbs","Big Ten","","","","1732","","","","",""
"401858490","2026","7","regular","2026-10-17T04:00:00.000Z","true","false","false","true","","3558","Michigan Stadium","130","Michigan","fbs","Big Ten","","","","1739","","213","Penn State","fbs","Big Ten","","","","1901","","","","",""
"401862803","2026","7","regular","2026-10-17T04:00:00.000Z","true","false","false","true","","3806","Lincoln Financial Field","218","Temple","fbs","American Athletic","","","","1336","","2429","Charlotte","fbs","American Athletic","","","","1123","","","","",""
"401858489","2026","7","regular","2026-10-17T04:00:00.000Z","true","false","false","true","","3665","SECU Stadium","120","Maryland","fbs","Big Ten","","","","1316","","164","Rutgers","fbs","Big Ten","","","","1391","","","","",""
"401858488","2026","7","regular","2026-10-17T04:00:00.000Z","true","false","false","true","","3830","Memorial Stadium (Bloomington, IN)","84","Indiana","fbs","Big Ten","","","","2106","","194","Ohio State","fbs","Big Ten","","","","2044","","","","",""
"401858268","2026","7","regular","2026-10-17T04:00:00.000Z","true","false","false","true","","3735","Gerald J. Ford Stadium","2567","SMU","fbs","ACC","","","","1695","","258","Virginia","fbs","ACC","","","","1698","","","","",""
"401858267","2026","7","regular","2026-10-17T04:00:00.000Z","true","false","false","true","","3615","Alumni Stadium (Chestnut Hill, MA)","103","Boston College","fbs","ACC","","","","1375","","221","Pittsburgh","fbs","ACC","","","","1675","","","","",""
"401858265","2026","7","regular","2026-10-17T04:00:00.000Z","true","false","false","true","","1964","JMA Wireless Dome","183","Syracuse","fbs","ACC","","","","1290","","97","Louisville","fbs","ACC","","","","1674","","","","",""
"401858264","2026","7","regular","2026-10-17T04:00:00.000Z","true","false","false","true","","3799","Lane Stadium","259","Virginia Tech","fbs","ACC","","","","1494","","59","Georgia Tech","fbs","ACC","","","","1493","","","","",""
"401858261","2026","7","regular","2026-10-17T04:00:00.000Z","true","false","false","false","","3836","Memorial Stadium (Clemson, SC)","228","Clemson","fbs","ACC","","","","1586","1586","2127","Charleston Southern","fcs","OVC","","","","","","","","",""
"401856833","2026","7","regular","2026-10-17T04:00:00.000Z","true","false","false","true","","3726","Folsom Field","38","Colorado","fbs","Big 12","","","","1327","","254","Utah","fbs","Big 12","","","","1918","","","","",""
"401856828","2026","7","regular","2026-10-17T04:00:00.000Z","true","false","false","true","","3784","Jones AT&T Stadium","2641","Texas Tech","fbs","Big 12","","","","1860","","9","Arizona State","fbs","Big 12","","","","1535","","","","",""
"401856809","2026","7","regular","2026-10-17T04:00:00.000Z","true","false","false","false","","3801","LaVell Edwards Stadium","252","BYU","fbs","Big 12","","","","1692","","87","Notre Dame","fbs","FBS Independents","","","","2084","","","","",""
"401856724","2026","7","regular","2026-10-17T04:00:00.000Z","true","false","false","true","","3910","DKR-Texas Memorial Stadium","251","Texas","fbs","SEC","","","","1930","","57","Florida","fbs","SEC","","","","1751","","","","EARLY: Noon - 1pm ET start",""
"401858494","2026","7","regular","2026-10-17T04:00:00.000Z","true","false","false","true","","1056","Rose Bowl","26","UCLA","fbs","Big Ten","","","","1660","","275","Wisconsin","fbs","Big Ten","","","","1612","","","","",""
"401856723","2026","7","regular","2026-10-17T04:00:00.000Z","true","false","false","true","","3853","Neyland Stadium","2633","Tennessee","fbs","SEC","","","","1776","","333","Alabama","fbs","SEC","","","","1929","","","","FLEX: 3:30 - 4:30pm OR 6 - 8pm ET start",""
"401871091","2026","7","regular","2026-10-17T04:00:00.000Z","true","false","false","true","","3817","Malone Stadium","2433","UL Monroe","fbs","Sun Belt","","","","1022","","2348","Louisiana Tech","fbs","Sun Belt","","","","1377","","","","",""
"401856720","2026","7","regular","2026-10-17T04:00:00.000Z","true","false","false","true","","3958","Tiger Stadium (LA)","99","LSU","fbs","SEC","","","","1868","","344","Mississippi State","fbs","SEC","","","","1674","","","","EARLY: Noon - 1pm ET start",""
"401856832","2026","7","regular","2026-10-17T04:00:00.000Z","true","false","false","true","","4727","McLane Stadium","239","Baylor","fbs","Big 12","","","","1537","","2628","TCU","fbs","Big 12","","","","1607","","","","",""
"401856722","2026","7","regular","2026-10-17T04:00:00.000Z","true","false","false","true","","3835","Memorial Stadium (Norman, OK)","201","Oklahoma","fbs","SEC","","","","1731","","96","Kentucky","fbs","SEC","","","","1553","","","","FLEX: 3:30 - 4:30pm OR 6 - 8pm ET start",""
"401856829","2026","7","regular","2026-10-17T04:00:00.000Z","true","false","false","true","","3842","Milan Puskar Stadium","277","West Virginia","fbs","Big 12","","","","1352","","2132","Cincinnati","fbs","Big 12","","","","1525","","","","",""
"401858269","2026","7","regular","2026-10-17T04:00:00.000Z","true","false","false","true","","3831","California Memorial Stadium","25","California","fbs","ACC","","","","1338","","154","Wake Forest","fbs","ACC","","","","1530","","","","",""
"401869957","2026","7","regular","2026-10-17T04:00:00.000Z","true","false","false","true","","3651","Bridgeforth Stadium","256","James Madison","fbs","Sun Belt","","","","1793","","2247","Georgia State","fbs","Sun Belt","","","","1320","","","","",""
"401866478","2026","7","regular","2026-10-17T04:00:00.000Z","true","false","false","true","","3996","Yager Stadium","193","Miami (OH)","fbs","Mid-American","","","","1267","","2006","Akron","fbs","Mid-American","","","","886","","","","",""
"401862806","2026","7","regular","2026-10-17T04:00:00.000Z","true","false","false","false","","3886","Raymond James Stadium","58","South Florida","fbs","American Athletic","","","","1652","","2309","Kent State","fbs","Mid-American","","","","1039","","","","",""
"401864521","2026","7","regular","2026-10-17T04:00:00.000Z","true","false","false","true","","7220","Clarence T.C. Ching Athletics Complex","62","Hawai'i","fbs","Mountain West","","","","1378","","167","New Mexico","fbs","Mountain West","","","","1589","","","","",""
"401862802","2026","7","regular","2026-10-17T16:00:00.000Z","false","false","false","true","","3841","Michie Stadium","349","Army","fbs","American Athletic","","","","1524","","2226","Florida Atlantic","fbs","American Athletic","","","","1300","","","","",""
"401856725","2026","7","regular","2026-10-17T17:00:00.000Z","false","false","false","false","","3795","Kyle Field","245","Texas A&M","fbs","SEC","","","","1749","1749","2643","The Citadel","fcs","Southern","","","","","","","","",""
"401864522","2026","7","regular","2026-10-17T19:30:00.000Z","false","false","false","true","","3984","War Memorial Stadium","2751","Wyoming","fbs","Mountain West","","","","1322","","2459","Northern Illinois","fbs","Mountain West","","","","1194","","","","",""
"401864524","2026","7","regular","2026-10-17T19:30:00.000Z","false","false","false","true","","3713","Falcon Stadium","2005","Air Force","fbs","Mountain West","","","","1429","","2439","UNLV","fbs","Mountain West","","","","1491","","","","",""
"401860903","2026","7","regular","2026-10-17T22:00:00.000Z","false","false","false","true","","3893","Reser Stadium","204","Oregon State","fbs","Pac-12","","","","1337","","265","Washington State","fbs","Pac-12","","","","1521","","","","",""
"401864520","2026","7","regular","2026-10-17T23:00:00.000Z","false","false","false","true","","3714","Fargodome","2449","North Dakota State","fbs","Mountain West","","","","1594","","2440","Nevada","fbs","Mountain West","","","","1435","","","","",""
"401858262","2026","7","regular","2026-10-17T23:30:00.000Z","false","false","false","false","","3940","Stanford Stadium","24","Stanford","fbs","ACC","","","","1326","1326","2210","Elon","fcs","Coastal Athletic","","","","","","","","",""
"401864523","2026","7","regular","2026-10-18T01:00:00.000Z","false","false","false","true","","3946","Sun Bowl","2638","UTEP","fbs","Mountain West","","","","1078","","23","San José State","fbs","Mountain West","","","","1393","","","","",""
"401860904","2026","7","regular","2026-10-18T02:30:00.000Z","false","false","false","true","","7311","Snapdragon Stadium","21","San Diego State","fbs","Pac-12","","","","1415","","278","Fresno State","fbs","Pac-12","","","","1604","","","","",""
"401871055","2026","8","regular","2026-10-20T23:00:00.000Z","false","false","false","true","","2031","Pitbull Stadium","2229","Florida International","fbs","Conference USA","","","","1392","","2393","Middle Tennessee","fbs","Conference USA","","","","1290","","","","",""
"401871069","2026","8","regular","2026-10-20T23:00:00.000Z","false","false","false","true","","3695","Delaware Stadium","48","Delaware","fbs","Conference USA","","","","1328","","2623","Missouri State","fbs","Conference USA","","","","1292","","","","",""
"401871092","2026","8","regular","2026-10-20T23:30:00.000Z","false","false","false","true","","3775","Joan C. Edwards Stadium","276","Marshall","fbs","Sun Belt","","","","1391","","6","South Alabama","fbs","Sun Belt","","","","1346","","","","",""
"401871070","2026","8","regular","2026-10-22T00:00:00.000Z","false","false","false","true","","3647","Elliott T. Bowers Stadium","2534","Sam Houston","fbs","Conference USA","","","","1142","","166","New Mexico State","fbs","Conference USA","","","","1231","","","","",""
"401871056","2026","8","regular","2026-10-22T23:00:00.000Z","false","false","false","true","","4899","Fifth Third Stadium","338","Kennesaw State","fbs","Conference USA","","","","1284","","2335","Liberty","fbs","Conference USA","","","","1725","","","","",""
"401869845","2026","8","regular","2026-10-22T23:00:00.000Z","false","false","false","true","","3792","Kidd Brewer Stadium","2026","App State","fbs","Sun Belt","","","","1320","","256","James Madison","fbs","Sun Belt","","","","1793","","","","",""
"401862807","2026","8","regular","2026-10-22T23:30:00.000Z","false","false","false","true","","3805","Simmons Bank Liberty Stadium","235","Memphis","fbs","American Athletic","","","","1526","","151","East Carolina","fbs","American Athletic","","","","1456","","","","",""
"401858271","2026","8","regular","2026-10-23T23:00:00.000Z","false","false","false","true","","3923","Scott Stadium","258","Virginia","fbs","ACC","","","","1698","","150","Duke","fbs","ACC","","","","1656","","","","",""
"401861965","2026","8","regular","2026-10-23T23:00:00.000Z","false","false","false","false","","3892","Pratt & Whitney Stadium","41","UConn","fbs","FBS Independents","","","","1470","","113","Massachusetts","fbs","Mid-American","","","","1188","","","","",""
"401862808","2026","8","regular","2026-10-24T00:30:00.000Z","false","false","false","true","","3674","Chapman Stadium","202","Tulsa","fbs","American Athletic","","","","1221","","349","Army","fbs","American Athletic","","","","1524","","","","",""
"401864525","2026","8","regular","2026-10-24T01:00:00.000Z","false","false","false","true","","3984","War Memorial Stadium","2751","Wyoming","fbs","Mountain West","","","","1322","","2005","Air Force","fbs","Mountain West","","","","1429","","","","",""
"401858272","2026","8","regular","2026-10-24T02:30:00.000Z","false","false","false","true","","3940","Stanford Stadium","24","Stanford","fbs","ACC","","","","1333","","152","NC State","fbs","ACC","","","","1514","","","","",""
"401864526","2026","8","regular","2026-10-24T04:00:00.000Z","true","false","false","true","","3764","Huskie Stadium","2459","Northern Illinois","fbs","Mountain West","","","","1194","","62","Hawai'i","fbs","Mountain West","","","","1378","","","","",""
"401858276","2026","8","regular","2026-10-24T04:00:00.000Z","true","false","false","true","","3836","Memorial Stadium (Clemson, SC)","228","Clemson","fbs","ACC","","","","1572","","259","Virginia Tech","fbs","ACC","","","","1494","","","","",""
"401869967","2026","8","regular","2026-10-24T04:00:00.000Z","true","false","false","true","","3815","M. M. Roberts Stadium","2572","Southern Miss","fbs","Sun Belt","","","","1227","","309","Louisiana","fbs","Sun Belt","","","","1443","","","","",""
"401866476","2026","8","regular","2026-10-24T04:00:00.000Z","true","false","false","true","","3786","Kelly/Shorts Stadium","2117","Central Michigan","fbs","Mid-American","","","","1224","","193","Miami (OH)","fbs","Mid-American","","","","1267","","","","",""
"401866450","2026","8","regular","2026-10-24T04:00:00.000Z","true","false","false","true","","3739","Glass Bowl","2649","Toledo","fbs","Mid-American","","","","1614","","2711","Western Michigan","fbs","Mid-American","","","","1463","","","","",""
"401866449","2026","8","regular","2026-10-24T04:00:00.000Z","true","false","false","true","","3876","Peden Stadium","195","Ohio","fbs","Mid-American","","","","1318","","2199","Eastern Michigan","fbs","Mid-American","","","","1188","","","","",""
"401862809","2026","8","regular","2026-10-24T04:00:00.000Z","true","false","false","true","","3715","FAU Stadium","2226","Florida Atlantic","fbs","American Athletic","","","","1300","","242","Rice","fbs","American Athletic","","","","1169","","","","",""
"401858500","2026","8","regular","2026-10-24T04:00:00.000Z","true","false","false","true","","347","Camp Randall Stadium","275","Wisconsin","fbs","Big Ten","","","","1612","","30","USC","fbs","Big Ten","","","","1784","","","","",""
"401858499","2026","8","regular","2026-10-24T04:00:00.000Z","true","false","false","true","","1056","Rose Bowl","26","UCLA","fbs","Big Ten","","","","1660","","127","Michigan State","fbs","Big Ten","","","","1510","","","","",""
"401856730","2026","8","regular","2026-10-24T04:00:00.000Z","true","false","false","true","","3693","Davis Wade Stadium","344","Mississippi State","fbs","SEC","","","","1674","","201","Oklahoma","fbs","SEC","","","","1731","","","","FLEX: 3:30 - 4:30pm OR 6 - 8pm ET start",""
"401858498","2026","8","regular","2026-10-24T04:00:00.000Z","true","false","false","true","","11823","Ryan Field","77","Northwestern","fbs","Big Ten","","","","1640","","164","Rutgers","fbs","Big Ten","","","","1391","","","","",""
"401858496","2026","8","regular","2026-10-24T04:00:00.000Z","true","false","false","true","","3558","Michigan Stadium","130","Michigan","fbs","Big Ten","","","","1739","","84","Indiana","fbs","Big Ten","","","","2106","","","","",""
"401858495","2026","8","regular","2026-10-24T04:00:00.000Z","true","false","false","true","","3832","Memorial Stadium (Champaign, IL)","356","Illinois","fbs","Big Ten","","","","1577","","2483","Oregon","fbs","Big Ten","","","","1844","","","","",""
"401858274","2026","8","regular","2026-10-24T04:00:00.000Z","true","false","false","true","","3948","Hard Rock Stadium","2390","Miami","fbs","ACC","","","","1962","","221","Pittsburgh","fbs","ACC","","","","1675","","","","",""
"401856841","2026","8","regular","2026-10-24T04:00:00.000Z","true","false","false","true","","3616","Amon G. Carter Stadium","2628","TCU","fbs","Big 12","","","","1607","","277","West Virginia","fbs","Big 12","","","","1352","","","","",""
"401856840","2026","8","regular","2026-10-24T04:00:00.000Z","true","false","false","true","","3854","Nippert Stadium","2132","Cincinnati","fbs","Big 12","","","","1525","","2641","Texas Tech","fbs","Big 12","","","","1860","","","","",""
"401856834","2026","8","regular","2026-10-24T04:00:00.000Z","true","false","false","true","","3833","Memorial Stadium","2305","Kansas","fbs","Big 12","","","","1481","","239","Baylor","fbs","Big 12","","","","1537","","","","",""
"401856836","2026","8","regular","2026-10-24T04:00:00.000Z","true","false","false","true","","3646","Boone Pickens Stadium","197","Oklahoma State","fbs","Big 12","","","","1330","","38","Colorado","fbs","Big 12","","","","1327","","","","",""
"401856838","2026","8","regular","2026-10-24T04:00:00.000Z","true","false","false","true","","3619","Arizona Stadium","12","Arizona","fbs","Big 12","","","","1646","","66","Iowa State","fbs","Big 12","","","","1672","","","","",""
"401871094","2026","8","regular","2026-10-24T04:00:00.000Z","true","false","false","true","","3975","Veterans Memorial Stadium (AL)","2653","Troy","fbs","Sun Belt","","","","1395","","2433","UL Monroe","fbs","Sun Belt","","","","1022","","","","",""
"401871093","2026","8","regular","2026-10-24T04:00:00.000Z","true","false","false","true","","3776","Joe Aillet Stadium","2348","Louisiana Tech","fbs","Sun Belt","","","","1377","","295","Old Dominion","fbs","Sun Belt","","","","1279","","","","",""
"401866446","2026","8","regular","2026-10-24T04:00:00.000Z","true","false","false","true","","3696","Dix Stadium","2309","Kent State","fbs","Mid-American","","","","1039","","2006","Akron","fbs","Mid-American","","","","886","","","","",""
"401856837","2026","8","regular","2026-10-24T04:00:00.000Z","true","false","false","true","","587","Rice-Eccles Stadium","254","Utah","fbs","Big 12","","","","1918","","248","Houston","fbs","Big 12","","","","1535","","","","",""
"401858275","2026","8","regular","2026-10-24T04:00:00.000Z","true","false","false","true","","3787","Kenan Stadium","153","North Carolina","fbs","ACC","","","","1396","","183","Syracuse","fbs","ACC","","","","1290","","","","",""
"401856839","2026","8","regular","2026-10-24T04:00:00.000Z","true","false","false","true","","3947","Mountain America Stadium","9","Arizona State","fbs","Big 12","","","","1535","","2306","Kansas State","fbs","Big 12","","","","1679","","","","",""
"401856835","2026","8","regular","2026-10-24T04:00:00.000Z","true","false","false","true","","3652","FBC Mortgage Stadium","2116","UCF","fbs","Big 12","","","","1503","","252","BYU","fbs","Big 12","","","","1692","","","","",""
"401862811","2026","8","regular","2026-10-24T04:00:00.000Z","true","false","false","true","","4729","Yulman Stadium","2655","Tulane","fbs","American Athletic","","","","1517","","2636","UTSA","fbs","American Athletic","","","","1519","","","","",""
"401858497","2026","8","regular","2026-10-24T04:00:00.000Z","true","false","false","true","","3953","Huntington Bank Stadium","135","Minnesota","fbs","Big Ten","","","","1506","","2294","Iowa","fbs","Big Ten","","","","1841","","","","",""
"401856729","2026","8","regular","2026-10-24T04:00:00.000Z","true","false","false","true","","3683","Kroger Field","96","Kentucky","fbs","SEC","","","","1553","","238","Vanderbilt","fbs","SEC","","","","1731","","","","NIGHT: 6 - 8pm ET start",""
"401856731","2026","8","regular","2026-10-24T04:00:00.000Z","true","false","false","true","","3994","Williams-Brice Stadium","2579","South Carolina","fbs","SEC","","","","1655","","2633","Tennessee","fbs","SEC","","","","1776","","","","AFTERNOON: 3:30 - 4:30pm ET start",""
"401856732","2026","8","regular","2026-10-24T04:00:00.000Z","true","false","false","true","","3910","DKR-Texas Memorial Stadium","251","Texas","fbs","SEC","","","","1930","","145","Ole Miss","fbs","SEC","","","","1776","","","","FLEX: 3:30 - 4:30pm OR 6 - 8pm ET start",""
"401858270","2026","8","regular","2026-10-24T04:00:00.000Z","true","false","false","true","","3735","Gerald J. Ford Stadium","2567","SMU","fbs","ACC","","","","1695","","25","California","fbs","ACC","","","","1338","","","","",""
"401856727","2026","8","regular","2026-10-24T04:00:00.000Z","true","false","false","true","","3657","Bryant-Denny Stadium","333","Alabama","fbs","SEC","","","","1929","","245","Texas A&M","fbs","SEC","","","","1742","","","","FLEX: 3:30 - 4:30pm OR 6 - 8pm ET start",""
"401858273","2026","8","regular","2026-10-24T04:00:00.000Z","true","false","false","true","","721","Bobby Dodd Stadium","59","Georgia Tech","fbs","ACC","","","","1493","","103","Boston College","fbs","ACC","","","","1375","","","","",""
"401866447","2026","8","regular","2026-10-24T04:00:00.000Z","true","false","false","true","","3919","Scheumann Stadium","2050","Ball State","fbs","Mid-American","","","","1049","","16","Sacramento State","fbs","Mid-American","","","","1185","","","","",""
"401866448","2026","8","regular","2026-10-24T04:00:00.000Z","true","false","false","true","","3965","UB Stadium","2084","Buffalo","fbs","Mid-American","","","","1288","","189","Bowling Green","fbs","Mid-American","","","","1156","","","","",""
"401856728","2026","8","regular","2026-10-24T16:00:00.000Z","false","false","false","true","","3785","Jordan-Hare Stadium","2","Auburn","fbs","SEC","","","","1679","","99","LSU","fbs","SEC","","","","1868","","","","",""
"401862810","2026","8","regular","2026-10-24T19:30:00.000Z","false","false","false","true","","3852","Navy-Marine Corps Memorial Stadium","2426","Navy","fbs","American Athletic","","","","1506","","249","North Texas","fbs","American Athletic","","","","1646","","","","",""
"401864528","2026","8","regular","2026-10-24T21:00:00.000Z","false","false","false","true","","3816","Mackay Stadium","2440","Nevada","fbs","Mountain West","","","","1435","","23","San José State","fbs","Mountain West","","","","1393","","","","",""
"401860907","2026","8","regular","2026-10-24T22:00:00.000Z","false","false","false","true","","3820","Gesa Field","265","Washington State","fbs","Pac-12","","","","1521","","68","Boise State","fbs","Pac-12","","","","1665","","","","",""
"401860905","2026","8","regular","2026-10-24T22:30:00.000Z","false","false","false","true","","5388","Canvas Stadium","36","Colorado State","fbs","Pac-12","","","","1314","","21","San Diego State","fbs","Pac-12","","","","1415","","","","",""
"401869935","2026","8","regular","2026-10-24T23:00:00.000Z","false","false","false","true","","3625","Centennial Bank Stadium","2032","Arkansas State","fbs","Sun Belt","","","","1320","","2247","Georgia State","fbs","Sun Belt","","","","1320","","","","",""
"401860906","2026","8","regular","2026-10-24T23:30:00.000Z","false","false","false","true","","3644","Bobcat Stadium (TX)","326","Texas State","fbs","Pac-12","","","","1491","","328","Utah State","fbs","Pac-12","","","","1374","","","","",""
"401864527","2026","8","regular","2026-10-25T02:00:00.000Z","false","false","false","true","","3971","University Stadium (NM)","167","New Mexico","fbs","Mountain West","","","","1589","","2449","North Dakota State","fbs","Mountain West","","","","1594","","","","",""
"401871071","2026","9","regular","2026-10-27T23:00:00.000Z","false","false","false","true","","3796","Houchens Industries-L.T. Smith Stadium","98","Western Kentucky","fbs","Conference USA","","","","1242","","48","Delaware","fbs","Conference USA","","","","1328","","","","",""
"401871072","2026","9","regular","2026-10-28T00:00:00.000Z","false","false","false","true","","3878","Plaster Sports Complex","2623","Missouri State","fbs","Conference USA","","","","1292","","2534","Sam Houston","fbs","Conference USA","","","","1142","","","","",""
"401871058","2026","9","regular","2026-10-28T23:00:00.000Z","false","false","false","true","","3725","Johnny ""Red"" Floyd Stadium","2393","Middle Tennessee","fbs","Conference USA","","","","1290","","338","Kennesaw State","fbs","Conference USA","","","","1284","","","","",""
"401871057","2026","9","regular","2026-10-29T00:00:00.000Z","false","false","false","true","","3601","Aggie Memorial Stadium","166","New Mexico State","fbs","Conference USA","","","","1231","","55","Jacksonville State","fbs","Conference USA","","","","1435","","","","",""
"401869963","2026","9","regular","2026-10-29T23:30:00.000Z","false","false","false","true","","3651","Bridgeforth Stadium","256","James Madison","fbs","Sun Belt","","","","1793","","2653","Troy","fbs","Sun Belt","","","","1395","","","","",""
"401862812","2026","9","regular","2026-10-29T23:30:00.000Z","false","false","false","true","","3825","DATCU Stadium","249","North Texas","fbs","American Athletic","","","","1646","","2226","Florida Atlantic","fbs","American Athletic","","","","1300","","","","",""
"401862813","2026","9","regular","2026-10-30T23:00:00.000Z","false","false","false","true","","4418","Jerry Richardson Stadium","2429","Charlotte","fbs","American Athletic","","","","1123","","2655","Tulane","fbs","American Athletic","","","","1517","","","","",""
"401856844","2026","9","regular","2026-10-30T23:30:00.000Z","false","false","false","true","","3652","FBC Mortgage Stadium","2116","UCF","fbs","Big 12","","","","1503","","239","Baylor","fbs","Big 12","","","","1537","","","","",""
"401866451","2026","9","regular","2026-10-31T02:30:00.000Z","false","false","false","true","","3757","Hornet Stadium","16","Sacramento State","fbs","Mid-American","","","","1185","","2309","Kent State","fbs","Mid-American","","","","1039","","","","",""
"401860924","2026","9","regular","2026-10-31T04:00:00.000Z","true","false","false","true","","3660","Valley Children's Stadium","278","Fresno State","fbs","Pac-12","","","","1604","","204","Oregon State","fbs","Pac-12","","","","1337","","","","",""
"401856846","2026","9","regular","2026-10-31T04:00:00.000Z","true","false","false","true","","3726","Folsom Field","38","Colorado","fbs","Big 12","","","","1327","","2306","Kansas State","fbs","Big 12","","","","1679","","","","",""
"401856843","2026","9","regular","2026-10-31T04:00:00.000Z","true","false","false","true","","3801","LaVell Edwards Stadium","252","BYU","fbs","Big 12","","","","1692","","9","Arizona State","fbs","Big 12","","","","1535","","","","",""
"401862816","2026","9","regular","2026-10-31T04:00:00.000Z","true","false","false","true","","3886","Raymond James Stadium","58","South Florida","fbs","American Athletic","","","","1652","","5","UAB","fbs","American Athletic","","","","1400","","","","",""
"401869944","2026","9","regular","2026-10-31T04:00:00.000Z","true","false","false","true","","4246","Center Parc Stadium","2247","Georgia State","fbs","Sun Belt","","","","1320","","324","Coastal Carolina","fbs","Sun Belt","","","","1270","","","","",""
"401856737","2026","9","regular","2026-10-31T04:00:00.000Z","true","false","false","true","","3910","DKR-Texas Memorial Stadium","251","Texas","fbs","SEC","","","","1930","","344","Mississippi State","fbs","SEC","","","","1674","","","","NIGHT: 6 - 8pm ET start",""
"401858277","2026","9","regular","2026-10-31T04:00:00.000Z","true","false","false","true","","3670","Carter-Finley Stadium","152","NC State","fbs","ACC","","","","1514","","25","California","fbs","ACC","","","","1338","","","","",""
"401858284","2026","9","regular","2026-10-31T04:00:00.000Z","true","false","false","true","","3630","Allegacy Federal Credit Union Stadium","154","Wake Forest","fbs","ACC","","","","1530","","258","Virginia","fbs","ACC","","","","1698","","","","",""
"401856845","2026","9","regular","2026-10-31T04:00:00.000Z","true","false","false","true","","3616","Amon G. Carter Stadium","2628","TCU","fbs","Big 12","","","","1607","","2305","Kansas","fbs","Big 12","","","","1481","","","","",""
"401862815","2026","9","regular","2026-10-31T04:00:00.000Z","true","false","false","true","","3699","Dowdy-Ficklen Stadium","151","East Carolina","fbs","American Athletic","","","","1456","","218","Temple","fbs","American Athletic","","","","1336","","","","",""
"401862814","2026","9","regular","2026-10-31T04:00:00.000Z","true","false","false","true","","3805","Simmons Bank Liberty Stadium","235","Memphis","fbs","American Athletic","","","","1526","","349","Army","fbs","American Athletic","","","","1524","","","","",""
"401858508","2026","9","regular","2026-10-31T04:00:00.000Z","true","false","false","false","","1056","Rose Bowl","26","UCLA","fbs","Big Ten","","","","1660","","2440","Nevada","fbs","Mountain West","","","","1435","","","","",""
"401858283","2026","9","regular","2026-10-31T04:00:00.000Z","true","false","false","true","","3873","L&N Federal Credit Union Stadium","97","Louisville","fbs","ACC","","","","1674","","24","Stanford","fbs","ACC","","","","1333","","","","",""
"401856847","2026","9","regular","2026-10-31T04:00:00.000Z","true","false","false","true","","3772","Jack Trice Stadium","66","Iowa State","fbs","Big 12","","","","1672","","197","Oklahoma State","fbs","Big 12","","","","1330","","","","",""
"401856842","2026","9","regular","2026-10-31T04:00:00.000Z","true","false","false","true","","3784","Jones AT&T Stadium","2641","Texas Tech","fbs","Big 12","","","","1860","","12","Arizona","fbs","Big 12","","","","1646","","","","",""
"401856733","2026","9","regular","2026-10-31T04:00:00.000Z","true","false","false","true","","3887","Razorback Stadium","8","Arkansas","fbs","SEC","","","","1516","","142","Missouri","fbs","SEC","","","","1679","","","","FLEX: 3:30 - 4:30pm OR 6 - 8pm ET start",""
"401856848","2026","9","regular","2026-10-31T04:00:00.000Z","true","false","false","true","","3854","Nippert Stadium","2132","Cincinnati","fbs","Big 12","","","","1525","","254","Utah","fbs","Big 12","","","","1918","","","","",""
"401864529","2026","9","regular","2026-10-31T04:00:00.000Z","true","false","false","true","","3935","CEFCU Stadium","23","San José State","fbs","Mountain West","","","","1393","","167","New Mexico","fbs","Mountain West","","","","1589","","","","",""
"401856735","2026","9","regular","2026-10-31T04:00:00.000Z","true","false","false","true","","3974","Vaught-Hemingway Stadium","145","Ole Miss","fbs","SEC","","","","1776","","2","Auburn","fbs","SEC","","","","1679","","","","EARLY: Noon - 1pm ET start",""
"401858278","2026","9","regular","2026-10-31T04:00:00.000Z","true","false","false","true","","1964","JMA Wireless Dome","183","Syracuse","fbs","ACC","","","","1290","","2567","SMU","fbs","ACC","","","","1695","","","","",""
"401871095","2026","9","regular","2026-10-31T04:00:00.000Z","true","false","false","true","","3817","Malone Stadium","2433","UL Monroe","fbs","Sun Belt","","","","1022","","2572","Southern Miss","fbs","Sun Belt","","","","1227","","","","",""
"401858501","2026","9","regular","2026-10-31T04:00:00.000Z","true","false","false","true","","3830","Memorial Stadium (Bloomington, IN)","84","Indiana","fbs","Big Ten","","","","2106","","135","Minnesota","fbs","Big Ten","","","","1506","","","","",""
"401858282","2026","9","regular","2026-10-31T04:00:00.000Z","true","false","false","true","","3787","Kenan Stadium","153","North Carolina","fbs","ACC","","","","1396","","2390","Miami","fbs","ACC","","","","1962","","","","",""
"401858281","2026","9","regular","2026-10-31T04:00:00.000Z","true","false","false","true","","3752","Acrisure Stadium","221","Pittsburgh","fbs","ACC","","","","1675","","59","Georgia Tech","fbs","ACC","","","","1493","","","","",""
"401858279","2026","9","regular","2026-10-31T04:00:00.000Z","true","false","false","true","","3982","Wallace Wade Stadium","150","Duke","fbs","ACC","","","","1656","","103","Boston College","fbs","ACC","","","","1375","","","","",""
"401858503","2026","9","regular","2026-10-31T04:00:00.000Z","true","false","false","true","","3665","SECU Stadium","120","Maryland","fbs","Big Ten","","","","1316","","356","Illinois","fbs","Big Ten","","","","1577","","","","",""
"401858509","2026","9","regular","2026-10-31T04:00:00.000Z","true","false","false","true","","477","Los Angeles Memorial Coliseum","30","USC","fbs","Big Ten","","","","1784","","194","Ohio State","fbs","Big Ten","","","","2044","","","","",""
"401856736","2026","9","regular","2026-10-31T04:00:00.000Z","true","false","false","true","","3835","Memorial Stadium (Norman, OK)","201","Oklahoma","fbs","SEC","","","","1731","","2579","South Carolina","fbs","SEC","","","","1655","","","","FLEX: 3:30 - 4:30pm OR 6 - 8pm ET start",""
"401858280","2026","9","regular","2026-10-31T04:00:00.000Z","true","false","false","true","","3697","Doak Campbell Stadium","52","Florida State","fbs","ACC","","","","1553","","228","Clemson","fbs","ACC","","","","1572","","","","",""
"401858505","2026","9","regular","2026-10-31T04:00:00.000Z","true","false","false","true","","3626","Autzen Stadium","2483","Oregon","fbs","Big Ten","","","","1844","","77","Northwestern","fbs","Big Ten","","","","1640","","","","",""
"401869846","2026","9","regular","2026-10-31T04:00:00.000Z","true","false","false","true","","3608","Allen E. Paulson Stadium","290","Georgia Southern","fbs","Sun Belt","","","","1341","","2026","App State","fbs","Sun Belt","","","","1320","","","","",""
"401858504","2026","9","regular","2026-10-31T04:00:00.000Z","true","false","false","true","","3834","Memorial Stadium (Lincoln, NE)","158","Nebraska","fbs","Big Ten","","","","1732","","264","Washington","fbs","Big Ten","","","","1735","","","","",""
"401858502","2026","9","regular","2026-10-31T04:00:00.000Z","true","false","false","true","","3793","Kinnick Stadium","2294","Iowa","fbs","Big Ten","","","","1841","","275","Wisconsin","fbs","Big Ten","","","","1612","","","","",""
"401871097","2026","9","regular","2026-10-31T04:00:00.000Z","true","false","false","true","","6526","Hancock Whitney Stadium","6","South Alabama","fbs","Sun Belt","","","","1346","","2348","Louisiana Tech","fbs","Sun Belt","","","","1377","","","","",""
"401871096","2026","9","regular","2026-10-31T04:00:00.000Z","true","false","false","true","","3918","S.B. Ballard Stadium","295","Old Dominion","fbs","Sun Belt","","","","1279","","276","Marshall","fbs","Sun Belt","","","","1391","","","","",""
"401858506","2026","9","regular","2026-10-31T04:00:00.000Z","true","false","false","true","","3632","Beaver Stadium","213","Penn State","fbs","Big Ten","","","","1901","","2509","Purdue","fbs","Big Ten","","","","1288","","","","",""
"401858507","2026","9","regular","2026-10-31T04:00:00.000Z","true","false","false","true","","6577","SHI Stadium","164","Rutgers","fbs","Big Ten","","","","1391","","130","Michigan","fbs","Big Ten","","","","1739","","","","",""
"401866452","2026","9","regular","2026-10-31T16:00:00.000Z","false","false","false","true","","3980","Waldo Stadium","2711","Western Michigan","fbs","Mid-American","","","","1463","","189","Bowling Green","fbs","Mid-American","","","","1156","","","","",""
"401859185","2026","9","regular","2026-10-31T16:00:00.000Z","false","false","true","false","","3738","Gillette Stadium","2426","Navy","fbs","American Athletic","","","","1506","","87","Notre Dame","fbs","FBS Independents","","","","2084","","","","",""
"401861966","2026","9","regular","2026-10-31T19:00:00.000Z","false","false","false","false","","3713","Falcon Stadium","2005","Air Force","fbs","Mountain West","","","","1429","","41","UConn","fbs","FBS Independents","","","","1470","","","","",""
"401864531","2026","9","regular","2026-10-31T19:30:00.000Z","false","false","false","true","","3714","Fargodome","2449","North Dakota State","fbs","Mountain West","","","","1594","","2638","UTEP","fbs","Mountain West","","","","1078","","","","",""
"401871059","2026","9","regular","2026-10-31T19:30:00.000Z","false","false","false","true","","3992","Williams Stadium (VA)","2335","Liberty","fbs","Conference USA","","","","1725","","2229","Florida International","fbs","Conference USA","","","","1392","","","","",""
"401860910","2026","9","regular","2026-10-31T19:30:00.000Z","false","false","false","true","","3905","Maverik Stadium","328","Utah State","fbs","Pac-12","","","","1374","","36","Colorado State","fbs","Pac-12","","","","1314","","","","",""
"401856734","2026","9","regular","2026-10-31T19:30:00.000Z","false","false","true","true","","5348","Mercedes-Benz Stadium","61","Georgia","fbs","SEC","","","","2023","","57","Florida","fbs","SEC","","","","1751","","","","",""
"401860909","2026","9","regular","2026-10-31T23:00:00.000Z","false","false","false","true","","7311","Snapdragon Stadium","21","San Diego State","fbs","Pac-12","","","","1415","","265","Washington State","fbs","Pac-12","","","","1521","","","","",""
"401860908","2026","9","regular","2026-11-01T02:00:00.000Z","false","false","false","true","","3653","Albertsons Stadium","68","Boise State","fbs","Pac-12","","","","1665","","326","Texas State","fbs","Pac-12","","","","1491","","","","",""
"401864530","2026","9","regular","2026-11-01T02:30:00.000Z","false","false","false","true","","6501","Allegiant Stadium","2439","UNLV","fbs","Mountain West","","","","1491","","2459","Northern Illinois","fbs","Mountain West","","","","1194","","","","",""
"401866453","2026","10","regular","2026-11-04T00:00:00.000Z","false","false","false","true","","3768","InfoCision Stadium","2006","Akron","fbs","Mid-American","","","","886","","195","Ohio","fbs","Mid-American","","","","1318","","","","",""
"401866454","2026","10","regular","2026-11-04T00:00:00.000Z","false","false","false","true","","3996","Yager Stadium","193","Miami (OH)","fbs","Mid-American","","","","1267","","2084","Buffalo","fbs","Mid-American","","","","1288","","","","",""
"401866455","2026","10","regular","2026-11-04T05:00:00.000Z","true","false","false","true","","3985","Warren McGuirk Alumni Stadium","113","Massachusetts","fbs","Mid-American","","","","1188","","2050","Ball State","fbs","Mid-American","","","","1049","","","","",""
"401866456","2026","10","regular","2026-11-04T05:00:00.000Z","true","false","true","true","","3727","Ford Field","2199","Eastern Michigan","fbs","Mid-American","","","","1188","","2117","Central Michigan","fbs","Mid-American","","","","1224","","","","",""
"401866457","2026","10","regular","2026-11-04T05:00:00.000Z","true","false","false","true","","3757","Hornet Stadium","16","Sacramento State","fbs","Mid-American","","","","1185","","2649","Toledo","fbs","Mid-American","","","","1614","","","","",""
"401862817","2026","10","regular","2026-11-06T01:00:00.000Z","false","false","false","true","","3715","FAU Stadium","2226","Florida Atlantic","fbs","American Athletic","","","","1300","","2636","UTSA","fbs","American Athletic","","","","1519","","","","",""
"401869964","2026","10","regular","2026-11-06T01:00:00.000Z","false","false","false","true","","3815","M. M. Roberts Stadium","2572","Southern Miss","fbs","Sun Belt","","","","1227","","256","James Madison","fbs","Sun Belt","","","","1793","","","","",""
"401858288","2026","10","regular","2026-11-07T00:00:00.000Z","false","false","false","true","","3735","Gerald J. Ford Stadium","2567","SMU","fbs","ACC","","","","1695","","259","Virginia Tech","fbs","ACC","","","","1494","","","","",""
"401862818","2026","10","regular","2026-11-07T00:30:00.000Z","false","false","false","true","","3699","Dowdy-Ficklen Stadium","151","East Carolina","fbs","American Athletic","","","","1456","","58","South Florida","fbs","American Athletic","","","","1652","","","","",""
"401858510","2026","10","regular","2026-11-07T01:00:00.000Z","false","false","false","true","","3832","Memorial Stadium (Champaign, IL)","356","Illinois","fbs","Big Ten","","","","1577","","158","Nebraska","fbs","Big Ten","","","","1732","","","","",""
"401864533","2026","10","regular","2026-11-07T02:00:00.000Z","false","false","false","true","","3816","Mackay Stadium","2440","Nevada","fbs","Mountain West","","","","1435","","167","New Mexico","fbs","Mountain West","","","","1589","","","","",""
"401856855","2026","10","regular","2026-11-07T03:15:00.000Z","false","false","false","true","","3619","Arizona Stadium","12","Arizona","fbs","Big 12","","","","1646","","2628","TCU","fbs","Big 12","","","","1607","","","","",""
"401862821","2026","10","regular","2026-11-07T05:00:00.000Z","true","false","false","true","","3825","DATCU Stadium","249","North Texas","fbs","American Athletic","","","","1646","","242","Rice","fbs","American Athletic","","","","1169","","","","",""
"401869951","2026","10","regular","2026-11-07T05:00:00.000Z","true","false","false","true","","3608","Allen E. Paulson Stadium","290","Georgia Southern","fbs","Sun Belt","","","","1341","","276","Marshall","fbs","Sun Belt","","","","1391","","","","",""
"401856742","2026","10","regular","2026-11-07T05:00:00.000Z","true","false","false","true","","3693","Davis Wade Stadium","344","Mississippi State","fbs","SEC","","","","1674","","238","Vanderbilt","fbs","SEC","","","","1731","","","","FLEX: 3:30 - 4:30pm OR 6 - 8pm ET start",""
"401869927","2026","10","regular","2026-11-07T05:00:00.000Z","true","false","false","true","","3792","Kidd Brewer Stadium","2026","App State","fbs","Sun Belt","","","","1320","","2247","Georgia State","fbs","Sun Belt","","","","1320","","","","",""
"401858511","2026","10","regular","2026-11-07T05:00:00.000Z","true","false","false","true","","3558","Michigan Stadium","130","Michigan","fbs","Big Ten","","","","1739","","127","Michigan State","fbs","Big Ten","","","","1510","","","","",""
"401858289","2026","10","regular","2026-11-07T05:00:00.000Z","true","false","false","true","","3615","Alumni Stadium (Chestnut Hill, MA)","103","Boston College","fbs","ACC","","","","1375","","52","Florida State","fbs","ACC","","","","1553","","","","",""
"401858512","2026","10","regular","2026-11-07T05:00:00.000Z","true","false","false","true","","3953","Huntington Bank Stadium","135","Minnesota","fbs","Big Ten","","","","1506","","26","UCLA","fbs","Big Ten","","","","1660","","","","",""
"401858513","2026","10","regular","2026-11-07T05:00:00.000Z","true","false","false","true","","11823","Ryan Field","77","Northwestern","fbs","Big Ten","","","","1640","","2294","Iowa","fbs","Big Ten","","","","1841","","","","",""
"401871098","2026","10","regular","2026-11-07T05:00:00.000Z","true","false","false","true","","3975","Veterans Memorial Stadium (AL)","2653","Troy","fbs","Sun Belt","","","","1395","","2348","Louisiana Tech","fbs","Sun Belt","","","","1377","","","","",""
"401858515","2026","10","regular","2026-11-07T05:00:00.000Z","true","false","false","true","","3907","Ross-Ade Stadium","2509","Purdue","fbs","Big Ten","","","","1288","","120","Maryland","fbs","Big Ten","","","","1316","","","","",""
"401858516","2026","10","regular","2026-11-07T05:00:00.000Z","true","false","false","true","","3765","Husky Stadium","264","Washington","fbs","Big Ten","","","","1735","","213","Penn State","fbs","Big Ten","","","","1901","","","","",""
"401858517","2026","10","regular","2026-11-07T05:00:00.000Z","true","false","false","true","","347","Camp Randall Stadium","275","Wisconsin","fbs","Big Ten","","","","1612","","164","Rutgers","fbs","Big Ten","","","","1391","","","","",""
"401869968","2026","10","regular","2026-11-07T05:00:00.000Z","true","false","false","true","","3666","Cajun Field","309","Louisiana","fbs","Sun Belt","","","","1443","","6","South Alabama","fbs","Sun Belt","","","","1346","","","","",""
"401864534","2026","10","regular","2026-11-07T05:00:00.000Z","true","false","false","true","","3935","CEFCU Stadium","23","San José State","fbs","Mountain West","","","","1393","","2459","Northern Illinois","fbs","Mountain West","","","","1194","","","","",""
"401856849","2026","10","regular","2026-11-07T05:00:00.000Z","true","false","false","true","","587","Rice-Eccles Stadium","254","Utah","fbs","Big 12","","","","1918","","252","BYU","fbs","Big 12","","","","1692","","","","",""
"401862822","2026","10","regular","2026-11-07T05:00:00.000Z","true","false","false","true","","4729","Yulman Stadium","2655","Tulane","fbs","American Athletic","","","","1517","","202","Tulsa","fbs","American Athletic","","","","1221","","","","",""
"401864532","2026","10","regular","2026-11-07T05:00:00.000Z","true","false","false","true","","3946","Sun Bowl","2638","UTEP","fbs","Mountain West","","","","1078","","62","Hawai'i","fbs","Mountain West","","","","1378","","","","",""
"401862819","2026","10","regular","2026-11-07T05:00:00.000Z","true","false","false","true","","7221","Protective Stadium","5","UAB","fbs","American Athletic","","","","1400","","2429","Charlotte","fbs","American Athletic","","","","1123","","","","",""
"401856744","2026","10","regular","2026-11-07T05:00:00.000Z","true","false","false","true","","3994","Williams-Brice Stadium","2579","South Carolina","fbs","SEC","","","","1655","","245","Texas A&M","fbs","SEC","","","","1742","","","","AFTERNOON: 3:30 - 4:30pm ET start",""
"401856740","2026","10","regular","2026-11-07T05:00:00.000Z","true","false","false","true","","3958","Tiger Stadium (LA)","99","LSU","fbs","SEC","","","","1868","","333","Alabama","fbs","SEC","","","","1929","","","","FLEX: 3:30 - 4:30pm OR 6 - 8pm ET start",""
"401858514","2026","10","regular","2026-11-07T05:00:00.000Z","true","false","false","true","","3861","Ohio Stadium","194","Ohio State","fbs","Big Ten","","","","2044","","2483","Oregon","fbs","Big Ten","","","","1844","","","","",""
"401869945","2026","10","regular","2026-11-07T05:00:00.000Z","true","false","false","true","","3654","Brooks Stadium (SC)","324","Coastal Carolina","fbs","Sun Belt","","","","1270","","295","Old Dominion","fbs","Sun Belt","","","","1279","","","","",""
"401856851","2026","10","regular","2026-11-07T05:00:00.000Z","true","false","false","true","","4728","TDECU Stadium","248","Houston","fbs","Big 12","","","","1535","","2132","Cincinnati","fbs","Big 12","","","","1525","","","","",""
"401858287","2026","10","regular","2026-11-07T05:00:00.000Z","true","false","false","true","","721","Bobby Dodd Stadium","59","Georgia Tech","fbs","ACC","","","","1493","","97","Louisville","fbs","ACC","","","","1674","","","","",""
"401858286","2026","10","regular","2026-11-07T05:00:00.000Z","true","false","false","true","","3670","Carter-Finley Stadium","152","NC State","fbs","ACC","","","","1514","","150","Duke","fbs","ACC","","","","1656","","","","",""
"401856854","2026","10","regular","2026-11-07T05:00:00.000Z","true","false","false","true","","3636","Bill Snyder Family Stadium","2306","Kansas State","fbs","Big 12","","","","1679","","197","Oklahoma State","fbs","Big 12","","","","1330","","","","",""
"401856853","2026","10","regular","2026-11-07T05:00:00.000Z","true","false","false","true","","4727","McLane Stadium","239","Baylor","fbs","Big 12","","","","1537","","66","Iowa State","fbs","Big 12","","","","1672","","","","",""
"401856852","2026","10","regular","2026-11-07T05:00:00.000Z","true","false","false","true","","3947","Mountain America Stadium","9","Arizona State","fbs","Big 12","","","","1535","","38","Colorado","fbs","Big 12","","","","1327","","","","",""
"401856850","2026","10","regular","2026-11-07T05:00:00.000Z","true","false","false","true","","3833","Memorial Stadium","2305","Kansas","fbs","Big 12","","","","1481","","2116","UCF","fbs","Big 12","","","","1503","","","","",""
"401856745","2026","10","regular","2026-11-07T05:00:00.000Z","true","false","false","true","","3853","Neyland Stadium","2633","Tennessee","fbs","SEC","","","","1776","","96","Kentucky","fbs","SEC","","","","1553","","","","NIGHT: 6 - 8pm ET start",""
"401856743","2026","10","regular","2026-11-07T05:00:00.000Z","true","false","false","true","","3838","Memorial Stadium","142","Missouri","fbs","SEC","","","","1679","","251","Texas","fbs","SEC","","","","1930","","","","EARLY: Noon - 1pm ET start",""
"401856741","2026","10","regular","2026-11-07T05:00:00.000Z","true","false","false","true","","3974","Vaught-Hemingway Stadium","145","Ole Miss","fbs","SEC","","","","1776","","61","Georgia","fbs","SEC","","","","2023","","","","FLEX: 3:30 - 4:30pm OR 6 - 8pm ET start",""
"401856739","2026","10","regular","2026-11-07T05:00:00.000Z","true","false","false","true","","3634","Ben Hill Griffin Stadium","57","Florida","fbs","SEC","","","","1751","","201","Oklahoma","fbs","SEC","","","","1731","","","","FLEX: 3:30 - 4:30pm OR 6 - 8pm ET start",""
"401858290","2026","10","regular","2026-11-07T05:00:00.000Z","true","false","false","false","","3630","Allegacy Federal Credit Union Stadium","154","Wake Forest","fbs","ACC","","","","1527","1527","2771","Merrimack","fcs","FCS Independents","","","","","","","","",""
"401856738","2026","10","regular","2026-11-07T05:00:00.000Z","true","false","false","true","","3785","Jordan-Hare Stadium","2","Auburn","fbs","SEC","","","","1679","","8","Arkansas","fbs","SEC","","","","1516","","","","EARLY: Noon - 1pm ET start",""
"401858285","2026","10","regular","2026-11-07T05:00:00.000Z","true","false","false","true","","1964","JMA Wireless Dome","183","Syracuse","fbs","ACC","","","","1290","","228","Clemson","fbs","ACC","","","","1572","","","","",""
"401856856","2026","10","regular","2026-11-07T05:00:00.000Z","true","false","false","true","","3784","Jones AT&T Stadium","2641","Texas Tech","fbs","Big 12","","","","1860","","277","West Virginia","fbs","Big 12","","","","1352","","","","",""
"401858292","2026","10","regular","2026-11-07T17:00:00.000Z","false","false","false","false","","3892","Pratt & Whitney Stadium","41","UConn","fbs","FBS Independents","","","","1470","","153","North Carolina","fbs","ACC","","","","1396","","","","",""
"401869936","2026","10","regular","2026-11-07T20:00:00.000Z","false","false","false","true","","3625","Centennial Bank Stadium","2032","Arkansas State","fbs","Sun Belt","","","","1320","","2433","UL Monroe","fbs","Sun Belt","","","","1022","","","","",""
"401871073","2026","10","regular","2026-11-07T20:00:00.000Z","false","false","false","true","","4899","Fifth Third Stadium","338","Kennesaw State","fbs","Conference USA","","","","1284","","48","Delaware","fbs","Conference USA","","","","1328","","","","",""
"401862820","2026","10","regular","2026-11-07T20:30:00.000Z","false","false","false","true","","3852","Navy-Marine Corps Memorial Stadium","2426","Navy","fbs","American Athletic","","","","1506","","218","Temple","fbs","American Athletic","","","","1336","","","","",""
"401871076","2026","10","regular","2026-11-07T20:30:00.000Z","false","false","false","true","","3725","Johnny ""Red"" Floyd Stadium","2393","Middle Tennessee","fbs","Conference USA","","","","1290","","98","Western Kentucky","fbs","Conference USA","","","","1242","","","","",""
"401871074","2026","10","regular","2026-11-07T21:00:00.000Z","false","false","false","true","","2031","Pitbull Stadium","2229","Florida International","fbs","Conference USA","","","","1392","","2623","Missouri State","fbs","Conference USA","","","","1292","","","","",""
"401870795","2026","10","regular","2026-11-07T22:00:00.000Z","false","false","false","true","","3601","Aggie Memorial Stadium","166","New Mexico State","fbs","Conference USA","","","","1231","","2335","Liberty","fbs","Conference USA","","","","1725","","","","",""
"401860911","2026","10","regular","2026-11-07T23:00:00.000Z","false","false","false","true","","5388","Canvas Stadium","36","Colorado State","fbs","Pac-12","","","","1314","","68","Boise State","fbs","Pac-12","","","","1665","","","","",""
"401871075","2026","10","regular","2026-11-08T00:00:00.000Z","false","false","false","true","","3662","AmFirst Stadium","55","Jacksonville State","fbs","Conference USA","","","","1435","","2534","Sam Houston","fbs","Conference USA","","","","1142","","","","",""
"401862823","2026","10","regular","2026-11-08T00:30:00.000Z","false","false","false","false","","3841","Michie Stadium","349","Army","fbs","American Athletic","","","","1524","","2005","Air Force","fbs","Mountain West","","","","1429","","","","",""
"401858291","2026","10","regular","2026-11-08T00:30:00.000Z","false","false","false","false","","3855","Notre Dame Stadium","87","Notre Dame","fbs","FBS Independents","","","","2084","","2390","Miami","fbs","ACC","","","","1962","","","","",""
"401860913","2026","10","regular","2026-11-08T02:30:00.000Z","false","false","false","true","","3905","Maverik Stadium","328","Utah State","fbs","Pac-12","","","","1374","","278","Fresno State","fbs","Pac-12","","","","1604","","","","",""
"401864535","2026","10","regular","2026-11-08T03:30:00.000Z","false","false","false","true","","6501","Allegiant Stadium","2439","UNLV","fbs","Mountain West","","","","1491","","2751","Wyoming","fbs","Mountain West","","","","1322","","","","",""
"401860912","2026","10","regular","2026-11-08T03:30:00.000Z","false","false","false","true","","3893","Reser Stadium","204","Oregon State","fbs","Pac-12","","","","1337","","326","Texas State","fbs","Pac-12","","","","1491","","","","",""
"401866460","2026","11","regular","2026-11-11T00:00:00.000Z","false","false","false","true","","3996","Yager Stadium","193","Miami (OH)","fbs","Mid-American","","","","1267","","195","Ohio","fbs","Mid-American","","","","1318","","","","",""
"401866458","2026","11","regular","2026-11-11T00:00:00.000Z","false","false","false","true","","3768","InfoCision Stadium","2006","Akron","fbs","Mid-American","","","","886","","2711","Western Michigan","fbs","Mid-American","","","","1463","","","","",""
"401866459","2026","11","regular","2026-11-11T00:00:00.000Z","false","false","false","true","","3700","Doyt L. Perry Stadium","189","Bowling Green","fbs","Mid-American","","","","1156","","2309","Kent State","fbs","Mid-American","","","","1039","","","","",""
"401866461","2026","11","regular","2026-11-11T05:00:00.000Z","true","false","false","true","","3919","Scheumann Stadium","2050","Ball State","fbs","Mid-American","","","","1049","","2084","Buffalo","fbs","Mid-American","","","","1288","","","","",""
"401866462","2026","11","regular","2026-11-11T05:00:00.000Z","true","false","false","true","","3786","Kelly/Shorts Stadium","2117","Central Michigan","fbs","Mid-American","","","","1224","","16","Sacramento State","fbs","Mid-American","","","","1185","","","","",""
"401866463","2026","11","regular","2026-11-11T05:00:00.000Z","true","false","false","true","","3739","Glass Bowl","2649","Toledo","fbs","Mid-American","","","","1614","","113","Massachusetts","fbs","Mid-American","","","","1188","","","","",""
"401862824","2026","11","regular","2026-11-13T01:00:00.000Z","false","false","false","true","","3886","Raymond James Stadium","58","South Florida","fbs","American Athletic","","","","1652","","235","Memphis","fbs","American Athletic","","","","1526","","","","",""
"401869969","2026","11","regular","2026-11-13T02:00:00.000Z","false","false","false","true","","3817","Malone Stadium","2433","UL Monroe","fbs","Sun Belt","","","","1022","","309","Louisiana","fbs","Sun Belt","","","","1443","","","","",""
"401858293","2026","11","regular","2026-11-14T00:00:00.000Z","false","false","false","true","","3752","Acrisure Stadium","221","Pittsburgh","fbs","ACC","","","","1675","","52","Florida State","fbs","ACC","","","","1553","","","","",""
"401858526","2026","11","regular","2026-11-14T02:00:00.000Z","false","false","false","true","","1056","Rose Bowl","26","UCLA","fbs","Big Ten","","","","1660","","356","Illinois","fbs","Big Ten","","","","1577","","","","",""
"401856860","2026","11","regular","2026-11-14T03:15:00.000Z","false","false","false","true","","3726","Folsom Field","38","Colorado","fbs","Big 12","","","","1327","","248","Houston","fbs","Big 12","","","","1535","","","","",""
"401856858","2026","11","regular","2026-11-14T05:00:00.000Z","true","false","false","true","","3801","LaVell Edwards Stadium","252","BYU","fbs","Big 12","","","","1692","","239","Baylor","fbs","Big 12","","","","1537","","","","",""
"401871099","2026","11","regular","2026-11-14T05:00:00.000Z","true","false","false","true","","3776","Joe Aillet Stadium","2348","Louisiana Tech","fbs","Sun Belt","","","","1377","","2572","Southern Miss","fbs","Sun Belt","","","","1227","","","","",""
"401856885","2026","11","regular","2026-11-14T05:00:00.000Z","true","false","false","true","","3958","Tiger Stadium (LA)","99","LSU","fbs","SEC","","","","1868","","251","Texas","fbs","SEC","","","","1930","","","","FLEX: 3:30 - 4:30pm OR 6 - 8pm ET start",""
"401862829","2026","11","regular","2026-11-14T05:00:00.000Z","true","false","false","true","","3806","Lincoln Financial Field","218","Temple","fbs","American Athletic","","","","1336","","5","UAB","fbs","American Athletic","","","","1400","","","","",""
"401864536","2026","11","regular","2026-11-14T05:00:00.000Z","true","false","false","true","","3764","Huskie Stadium","2459","Northern Illinois","fbs","Mountain West","","","","1194","","2440","Nevada","fbs","Mountain West","","","","1435","","","","",""
"401864540","2026","11","regular","2026-11-14T05:00:00.000Z","true","false","false","true","","3946","Sun Bowl","2638","UTEP","fbs","Mountain West","","","","1078","","2751","Wyoming","fbs","Mountain West","","","","1322","","","","",""
"401869952","2026","11","regular","2026-11-14T05:00:00.000Z","true","false","false","true","","4246","Center Parc Stadium","2247","Georgia State","fbs","Sun Belt","","","","1320","","290","Georgia Southern","fbs","Sun Belt","","","","1341","","","","",""
"401856857","2026","11","regular","2026-11-14T05:00:00.000Z","true","false","false","true","","3652","FBC Mortgage Stadium","2116","UCF","fbs","Big 12","","","","1503","","9","Arizona State","fbs","Big 12","","","","1535","","","","",""
"401856862","2026","11","regular","2026-11-14T05:00:00.000Z","true","false","false","true","","3616","Amon G. Carter Stadium","2628","TCU","fbs","Big 12","","","","1607","","2306","Kansas State","fbs","Big 12","","","","1679","","","","",""
"401869928","2026","11","regular","2026-11-14T05:00:00.000Z","true","false","false","true","","3775","Joan C. Edwards Stadium","276","Marshall","fbs","Sun Belt","","","","1391","","2026","App State","fbs","Sun Belt","","","","1320","","","","",""
"401858518","2026","11","regular","2026-11-14T05:00:00.000Z","true","false","false","true","","3830","Memorial Stadium (Bloomington, IN)","84","Indiana","fbs","Big Ten","","","","2106","","30","USC","fbs","Big Ten","","","","1784","","","","",""
"401856884","2026","11","regular","2026-11-14T05:00:00.000Z","true","false","false","true","","3683","Kroger Field","96","Kentucky","fbs","SEC","","","","1553","","57","Florida","fbs","SEC","","","","1751","","","","NIGHT: 6 - 8pm ET start",""
"401858300","2026","11","regular","2026-11-14T05:00:00.000Z","true","false","false","true","","3670","Carter-Finley Stadium","152","NC State","fbs","ACC","","","","1514","","183","Syracuse","fbs","ACC","","","","1290","","","","",""
"401856882","2026","11","regular","2026-11-14T05:00:00.000Z","true","false","false","true","","3887","Razorback Stadium","8","Arkansas","fbs","SEC","","","","1516","","2579","South Carolina","fbs","SEC","","","","1655","","","","FLEX: 3:30 - 4:30pm OR 6 - 8pm ET start",""
"401869937","2026","11","regular","2026-11-14T05:00:00.000Z","true","false","false","true","","3654","Brooks Stadium (SC)","324","Coastal Carolina","fbs","Sun Belt","","","","1270","","2032","Arkansas State","fbs","Sun Belt","","","","1320","","","","",""
"401858521","2026","11","regular","2026-11-14T05:00:00.000Z","true","false","false","true","","3936","Spartan Stadium","127","Michigan State","fbs","Big Ten","","","","1510","","264","Washington","fbs","Big Ten","","","","1735","","","","",""
"401858524","2026","11","regular","2026-11-14T05:00:00.000Z","true","false","false","true","","3632","Beaver Stadium","213","Penn State","fbs","Big Ten","","","","1901","","135","Minnesota","fbs","Big Ten","","","","1506","","","","",""
"401856888","2026","11","regular","2026-11-14T05:00:00.000Z","true","false","false","true","","3795","Kyle Field","245","Texas A&M","fbs","SEC","","","","1742","","2633","Tennessee","fbs","SEC","","","","1776","","","","FLEX: 3:30 - 4:30pm OR 6 - 8pm ET start",""
"401858522","2026","11","regular","2026-11-14T05:00:00.000Z","true","false","false","true","","3861","Ohio Stadium","194","Ohio State","fbs","Big Ten","","","","2044","","77","Northwestern","fbs","Big Ten","","","","1640","","","","",""
"401856883","2026","11","regular","2026-11-14T05:00:00.000Z","true","false","false","true","","3917","Sanford Stadium","61","Georgia","fbs","SEC","","","","2023","","142","Missouri","fbs","SEC","","","","1679","","","","FLEX: 3:30 - 4:30pm OR 6 - 8pm ET start",""
"401856859","2026","11","regular","2026-11-14T05:00:00.000Z","true","false","false","true","","3772","Jack Trice Stadium","66","Iowa State","fbs","Big 12","","","","1672","","2132","Cincinnati","fbs","Big 12","","","","1525","","","","",""
"401856861","2026","11","regular","2026-11-14T05:00:00.000Z","true","false","false","true","","3842","Milan Puskar Stadium","277","West Virginia","fbs","Big 12","","","","1352","","2305","Kansas","fbs","Big 12","","","","1481","","","","",""
"401856863","2026","11","regular","2026-11-14T05:00:00.000Z","true","false","false","true","","3646","Boone Pickens Stadium","197","Oklahoma State","fbs","Big 12","","","","1330","","2641","Texas Tech","fbs","Big 12","","","","1860","","","","",""
"401856886","2026","11","regular","2026-11-14T05:00:00.000Z","true","false","false","true","","3693","Davis Wade Stadium","344","Mississippi State","fbs","SEC","","","","1674","","2","Auburn","fbs","SEC","","","","1679","","","","EARLY: Noon - 1pm ET start",""
"401858295","2026","11","regular","2026-11-14T05:00:00.000Z","true","false","false","true","","3923","Scott Stadium","258","Virginia","fbs","ACC","","","","1698","","25","California","fbs","ACC","","","","1338","","","","",""
"401858296","2026","11","regular","2026-11-14T05:00:00.000Z","true","false","false","true","","3948","Hard Rock Stadium","2390","Miami","fbs","ACC","","","","1962","","150","Duke","fbs","ACC","","","","1656","","","","",""
"401858297","2026","11","regular","2026-11-14T05:00:00.000Z","true","false","false","true","","3836","Memorial Stadium (Clemson, SC)","228","Clemson","fbs","ACC","","","","1572","","59","Georgia Tech","fbs","ACC","","","","1493","","","","",""
"401858298","2026","11","regular","2026-11-14T05:00:00.000Z","true","false","false","true","","3787","Kenan Stadium","153","North Carolina","fbs","ACC","","","","1396","","97","Louisville","fbs","ACC","","","","1674","","","","",""
"401858299","2026","11","regular","2026-11-14T05:00:00.000Z","true","false","false","true","","3799","Lane Stadium","259","Virginia Tech","fbs","ACC","","","","1494","","24","Stanford","fbs","ACC","","","","1333","","","","",""
"401858301","2026","11","regular","2026-11-14T05:00:00.000Z","true","false","false","true","","3735","Gerald J. Ford Stadium","2567","SMU","fbs","ACC","","","","1695","","154","Wake Forest","fbs","ACC","","","","1530","","","","",""
"401858520","2026","11","regular","2026-11-14T05:00:00.000Z","true","false","false","true","","3665","SECU Stadium","120","Maryland","fbs","Big Ten","","","","1316","","275","Wisconsin","fbs","Big Ten","","","","1612","","","","",""
"401858525","2026","11","regular","2026-11-14T05:00:00.000Z","true","false","false","true","","6577","SHI Stadium","164","Rutgers","fbs","Big Ten","","","","1391","","158","Nebraska","fbs","Big Ten","","","","1732","","","","",""
"401862826","2026","11","regular","2026-11-14T05:00:00.000Z","true","false","false","true","","3674","Chapman Stadium","202","Tulsa","fbs","American Athletic","","","","1221","","2226","Florida Atlantic","fbs","American Athletic","","","","1300","","","","",""
"401862828","2026","11","regular","2026-11-14T05:00:00.000Z","true","false","false","true","","3895","Rice Stadium","242","Rice","fbs","American Athletic","","","","1169","","2655","Tulane","fbs","American Athletic","","","","1517","","","","",""
"401858523","2026","11","regular","2026-11-14T05:00:00.000Z","true","false","false","true","","3626","Autzen Stadium","2483","Oregon","fbs","Big Ten","","","","1844","","130","Michigan","fbs","Big Ten","","","","1739","","","","",""
"401856887","2026","11","regular","2026-11-14T05:00:00.000Z","true","false","false","true","","3835","Memorial Stadium (Norman, OK)","201","Oklahoma","fbs","SEC","","","","1731","","145","Ole Miss","fbs","SEC","","","","1776","","","","AFTERNOON: 3:30 - 4:30pm ET start",""
"401862827","2026","11","regular","2026-11-14T05:00:00.000Z","true","false","false","true","","3604","Alamodome","2636","UTSA","fbs","American Athletic","","","","1519","","249","North Texas","fbs","American Athletic","","","","1646","","","","",""
"401871100","2026","11","regular","2026-11-14T05:00:00.000Z","true","false","false","true","","6526","Hancock Whitney Stadium","6","South Alabama","fbs","Sun Belt","","","","1346","","2653","Troy","fbs","Sun Belt","","","","1395","","","","",""
"401862825","2026","11","regular","2026-11-14T05:00:00.000Z","true","false","false","true","","4418","Jerry Richardson Stadium","2429","Charlotte","fbs","American Athletic","","","","1123","","151","East Carolina","fbs","American Athletic","","","","1456","","","","",""
"401858519","2026","11","regular","2026-11-14T05:00:00.000Z","true","false","false","true","","3793","Kinnick Stadium","2294","Iowa","fbs","Big Ten","","","","1841","","2509","Purdue","fbs","Big Ten","","","","1288","","","","",""
"401856889","2026","11","regular","2026-11-14T05:00:00.000Z","true","false","false","true","","3973","FirstBank Stadium","238","Vanderbilt","fbs","SEC","","","","1731","","333","Alabama","fbs","SEC","","","","1929","","","","EARLY: Noon - 1pm ET start",""
"401856864","2026","11","regular","2026-11-14T05:00:00.000Z","true","false","false","true","","3619","Arizona Stadium","12","Arizona","fbs","Big 12","","","","1646","","254","Utah","fbs","Big 12","","","","1918","","","","",""
"401861967","2026","11","regular","2026-11-14T17:00:00.000Z","false","false","false","false","","3892","Pratt & Whitney Stadium","41","UConn","fbs","FBS Independents","","","","1470","","256","James Madison","fbs","Sun Belt","","","","1793","","","","",""
"401870769","2026","11","regular","2026-11-14T19:00:00.000Z","false","false","false","true","","3647","Elliott T. Bowers Stadium","2534","Sam Houston","fbs","Conference USA","","","","1142","","338","Kennesaw State","fbs","Conference USA","","","","1284","","","","",""
"401871060","2026","11","regular","2026-11-14T20:00:00.000Z","false","false","false","true","","3695","Delaware Stadium","48","Delaware","fbs","Conference USA","","","","1328","","2229","Florida International","fbs","Conference USA","","","","1392","","","","",""
"401870796","2026","11","regular","2026-11-14T20:00:00.000Z","false","false","false","true","","3878","Plaster Sports Complex","2623","Missouri State","fbs","Conference USA","","","","1292","","166","New Mexico State","fbs","Conference USA","","","","1231","","","","",""
"401871061","2026","11","regular","2026-11-14T20:30:00.000Z","false","false","false","true","","3992","Williams Stadium (VA)","2335","Liberty","fbs","Conference USA","","","","1725","","2393","Middle Tennessee","fbs","Conference USA","","","","1290","","","","",""
"401870752","2026","11","regular","2026-11-14T20:30:00.000Z","false","false","false","true","","3796","Houchens Industries-L.T. Smith Stadium","98","Western Kentucky","fbs","Conference USA","","","","1242","","55","Jacksonville State","fbs","Conference USA","","","","1435","","","","",""
"401858294","2026","11","regular","2026-11-14T20:30:00.000Z","false","false","false","false","","3855","Notre Dame Stadium","87","Notre Dame","fbs","FBS Independents","","","","2084","","103","Boston College","fbs","ACC","","","","1375","","","","",""
"401860916","2026","11","regular","2026-11-14T21:00:00.000Z","false","false","false","true","","3644","Bobcat Stadium (TX)","326","Texas State","fbs","Pac-12","","","","1491","","278","Fresno State","fbs","Pac-12","","","","1604","","","","",""
"401860914","2026","11","regular","2026-11-14T23:00:00.000Z","false","false","false","true","","3653","Albertsons Stadium","68","Boise State","fbs","Pac-12","","","","1665","","204","Oregon State","fbs","Pac-12","","","","1337","","","","",""
"401864538","2026","11","regular","2026-11-15T00:00:00.000Z","false","false","false","true","","3713","Falcon Stadium","2005","Air Force","fbs","Mountain West","","","","1429","","23","San José State","fbs","Mountain West","","","","1393","","","","",""
"401864539","2026","11","regular","2026-11-15T00:30:00.000Z","false","false","false","true","","3971","University Stadium (NM)","167","New Mexico","fbs","Mountain West","","","","1589","","2439","UNLV","fbs","Mountain West","","","","1491","","","","",""
"401860915","2026","11","regular","2026-11-15T02:30:00.000Z","false","false","false","true","","7311","Snapdragon Stadium","21","San Diego State","fbs","Pac-12","","","","1415","","328","Utah State","fbs","Pac-12","","","","1374","","","","",""
"401860917","2026","11","regular","2026-11-15T03:30:00.000Z","false","false","false","true","","3820","Gesa Field","265","Washington State","fbs","Pac-12","","","","1521","","36","Colorado State","fbs","Pac-12","","","","1314","","","","",""
"401864537","2026","11","regular","2026-11-15T04:59:00.000Z","false","false","false","true","","7220","Clarence T.C. Ching Athletics Complex","62","Hawai'i","fbs","Mountain West","","","","1378","","2449","North Dakota State","fbs","Mountain West","","","","1594","","","","",""
"401866465","2026","12","regular","2026-11-18T00:00:00.000Z","false","false","false","true","","3980","Waldo Stadium","2711","Western Michigan","fbs","Mid-American","","","","1463","","2199","Eastern Michigan","fbs","Mid-American","","","","1188","","","","",""
"401866466","2026","12","regular","2026-11-18T00:00:00.000Z","false","false","false","true","","3696","Dix Stadium","2309","Kent State","fbs","Mid-American","","","","1039","","193","Miami (OH)","fbs","Mid-American","","","","1267","","","","",""
"401866464","2026","12","regular","2026-11-18T00:00:00.000Z","false","false","false","true","","3876","Peden Stadium","195","Ohio","fbs","Mid-American","","","","1318","","2050","Ball State","fbs","Mid-American","","","","1049","","","","",""
"401866469","2026","12","regular","2026-11-18T05:00:00.000Z","true","false","false","true","","3965","UB Stadium","2084","Buffalo","fbs","Mid-American","","","","1288","","2117","Central Michigan","fbs","Mid-American","","","","1224","","","","",""
"401866467","2026","12","regular","2026-11-18T05:00:00.000Z","true","false","false","true","","3985","Warren McGuirk Alumni Stadium","113","Massachusetts","fbs","Mid-American","","","","1188","","2006","Akron","fbs","Mid-American","","","","886","","","","",""
"401862830","2026","12","regular","2026-11-20T00:30:00.000Z","false","false","false","true","","3806","Lincoln Financial Field","218","Temple","fbs","American Athletic","","","","1336","","242","Rice","fbs","American Athletic","","","","1169","","","","",""
"401856869","2026","12","regular","2026-11-20T23:00:00.000Z","false","false","false","true","","3652","FBC Mortgage Stadium","2116","UCF","fbs","Big 12","","","","1503","","66","Iowa State","fbs","Big 12","","","","1672","","","","",""
"401866468","2026","12","regular","2026-11-21T00:30:00.000Z","false","false","false","true","","3739","Glass Bowl","2649","Toledo","fbs","Mid-American","","","","1614","","189","Bowling Green","fbs","Mid-American","","","","1156","","","","",""
"401858303","2026","12","regular","2026-11-21T00:30:00.000Z","false","false","false","true","","3982","Wallace Wade Stadium","150","Duke","fbs","ACC","","","","1656","","228","Clemson","fbs","ACC","","","","1572","","","","",""
"401864545","2026","12","regular","2026-11-21T01:00:00.000Z","false","false","false","true","","3713","Falcon Stadium","2005","Air Force","fbs","Mountain West","","","","1429","","2638","UTEP","fbs","Mountain West","","","","1078","","","","",""
"401858529","2026","12","regular","2026-11-21T01:00:00.000Z","false","false","false","true","","3936","Spartan Stadium","127","Michigan State","fbs","Big Ten","","","","1510","","2483","Oregon","fbs","Big Ten","","","","1844","","","","",""
"401856752","2026","12","regular","2026-11-21T05:00:00.000Z","true","false","false","true","","3835","Memorial Stadium (Norman, OK)","201","Oklahoma","fbs","SEC","","","","1731","","245","Texas A&M","fbs","SEC","","","","1742","","","","EARLY: Noon - 1pm ET start",""
"401858309","2026","12","regular","2026-11-21T05:00:00.000Z","true","false","false","true","","3615","Alumni Stadium (Chestnut Hill, MA)","103","Boston College","fbs","ACC","","","","1375","","183","Syracuse","fbs","ACC","","","","1290","","","","",""
"401871101","2026","12","regular","2026-11-21T05:00:00.000Z","true","false","false","true","","3815","M. M. Roberts Stadium","2572","Southern Miss","fbs","Sun Belt","","","","1227","","6","South Alabama","fbs","Sun Belt","","","","1346","","","","",""
"401869953","2026","12","regular","2026-11-21T05:00:00.000Z","true","false","false","true","","3975","Veterans Memorial Stadium (AL)","2653","Troy","fbs","Sun Belt","","","","1395","","290","Georgia Southern","fbs","Sun Belt","","","","1341","","","","",""
"401856755","2026","12","regular","2026-11-21T05:00:00.000Z","true","false","false","true","","3910","DKR-Texas Memorial Stadium","251","Texas","fbs","SEC","","","","1930","","8","Arkansas","fbs","SEC","","","","1516","","","","AFTERNOON: 3:30 - 4:30pm ET start",""
"401864541","2026","12","regular","2026-11-21T05:00:00.000Z","true","false","false","true","","3816","Mackay Stadium","2440","Nevada","fbs","Mountain West","","","","1435","","62","Hawai'i","fbs","Mountain West","","","","1378","","","","",""
"401862835","2026","12","regular","2026-11-21T05:00:00.000Z","true","false","false","true","","4729","Yulman Stadium","2655","Tulane","fbs","American Athletic","","","","1517","","249","North Texas","fbs","American Athletic","","","","1646","","","","",""
"401858530","2026","12","regular","2026-11-21T05:00:00.000Z","true","false","false","true","","3953","Huntington Bank Stadium","135","Minnesota","fbs","Big Ten","","","","1506","","77","Northwestern","fbs","Big Ten","","","","1640","","","","",""
"401856754","2026","12","regular","2026-11-21T05:00:00.000Z","true","false","false","true","","3853","Neyland Stadium","2633","Tennessee","fbs","SEC","","","","1776","","99","LSU","fbs","SEC","","","","1868","","","","FLEX: 3:30 - 4:30pm OR 6 - 8pm ET start",""
"401856748","2026","12","regular","2026-11-21T05:00:00.000Z","true","false","false","true","","3634","Ben Hill Griffin Stadium","57","Florida","fbs","SEC","","","","1751","","238","Vanderbilt","fbs","SEC","","","","1731","","","","EARLY: Noon - 1pm ET start",""
"401858302","2026","12","regular","2026-11-21T05:00:00.000Z","true","false","false","true","","3948","Hard Rock Stadium","2390","Miami","fbs","ACC","","","","1962","","259","Virginia Tech","fbs","ACC","","","","1494","","","","",""
"401869938","2026","12","regular","2026-11-21T05:00:00.000Z","true","false","false","true","","3776","Joe Aillet Stadium","2348","Louisiana Tech","fbs","Sun Belt","","","","1377","","2032","Arkansas State","fbs","Sun Belt","","","","1320","","","","",""
"401869958","2026","12","regular","2026-11-21T05:00:00.000Z","true","false","false","true","","3775","Joan C. Edwards Stadium","276","Marshall","fbs","Sun Belt","","","","1391","","2247","Georgia State","fbs","Sun Belt","","","","1320","","","","",""
"401869946","2026","12","regular","2026-11-21T05:00:00.000Z","true","false","false","true","","3666","Cajun Field","309","Louisiana","fbs","Sun Belt","","","","1443","","324","Coastal Carolina","fbs","Sun Belt","","","","1270","","","","",""
"401856870","2026","12","regular","2026-11-21T05:00:00.000Z","true","false","false","true","","3947","Mountain America Stadium","9","Arizona State","fbs","Big 12","","","","1535","","197","Oklahoma State","fbs","Big 12","","","","1330","","","","",""
"401862836","2026","12","regular","2026-11-21T05:00:00.000Z","true","false","false","true","","7221","Protective Stadium","5","UAB","fbs","American Athletic","","","","1400","","2636","UTSA","fbs","American Athletic","","","","1519","","","","",""
"401858532","2026","12","regular","2026-11-21T05:00:00.000Z","true","false","false","true","","3632","Beaver Stadium","213","Penn State","fbs","Big Ten","","","","1901","","164","Rutgers","fbs","Big Ten","","","","1391","","","","",""
"401858534","2026","12","regular","2026-11-21T05:00:00.000Z","true","false","false","true","","477","Los Angeles Memorial Coliseum","30","USC","fbs","Big Ten","","","","1784","","120","Maryland","fbs","Big Ten","","","","1316","","","","",""
"401858531","2026","12","regular","2026-11-21T05:00:00.000Z","true","false","false","true","","3834","Memorial Stadium (Lincoln, NE)","158","Nebraska","fbs","Big Ten","","","","1732","","194","Ohio State","fbs","Big Ten","","","","2044","","","","",""
"401858528","2026","12","regular","2026-11-21T05:00:00.000Z","true","false","false","true","","3558","Michigan Stadium","130","Michigan","fbs","Big Ten","","","","1739","","26","UCLA","fbs","Big Ten","","","","1660","","","","",""
"401856867","2026","12","regular","2026-11-21T05:00:00.000Z","true","false","false","true","","3854","Nippert Stadium","2132","Cincinnati","fbs","Big 12","","","","1525","","38","Colorado","fbs","Big 12","","","","1327","","","","",""
"401862833","2026","12","regular","2026-11-21T05:00:00.000Z","true","false","false","true","","3715","FAU Stadium","2226","Florida Atlantic","fbs","American Athletic","","","","1300","","58","South Florida","fbs","American Athletic","","","","1652","","","","",""
"401856868","2026","12","regular","2026-11-21T05:00:00.000Z","true","false","false","true","","3842","Milan Puskar Stadium","277","West Virginia","fbs","Big 12","","","","1352","","248","Houston","fbs","Big 12","","","","1535","","","","",""
"401856871","2026","12","regular","2026-11-21T05:00:00.000Z","true","false","false","true","","4727","McLane Stadium","239","Baylor","fbs","Big 12","","","","1537","","2641","Texas Tech","fbs","Big 12","","","","1860","","","","",""
"401856872","2026","12","regular","2026-11-21T05:00:00.000Z","true","false","false","true","","3616","Amon G. Carter Stadium","2628","TCU","fbs","Big 12","","","","1607","","254","Utah","fbs","Big 12","","","","1918","","","","",""
"401858305","2026","12","regular","2026-11-21T05:00:00.000Z","true","false","false","true","","3923","Scott Stadium","258","Virginia","fbs","ACC","","","","1698","","153","North Carolina","fbs","ACC","","","","1396","","","","",""
"401858306","2026","12","regular","2026-11-21T05:00:00.000Z","true","false","false","true","","3873","L&N Federal Credit Union Stadium","97","Louisville","fbs","ACC","","","","1674","","221","Pittsburgh","fbs","ACC","","","","1675","","","","",""
"401858308","2026","12","regular","2026-11-21T05:00:00.000Z","true","false","false","true","","3831","California Memorial Stadium","25","California","fbs","ACC","","","","1338","","24","Stanford","fbs","ACC","","","","1333","","","","",""
"401856753","2026","12","regular","2026-11-21T05:00:00.000Z","true","false","false","true","","3994","Williams-Brice Stadium","2579","South Carolina","fbs","SEC","","","","1655","","61","Georgia","fbs","SEC","","","","2023","","","","FLEX: 3:30 - 4:30pm OR 6 - 8pm ET start",""
"401856751","2026","12","regular","2026-11-21T05:00:00.000Z","true","false","false","true","","3838","Memorial Stadium","142","Missouri","fbs","SEC","","","","1679","","96","Kentucky","fbs","SEC","","","","1553","","","","NIGHT: 6 - 8pm ET start",""
"401858304","2026","12","regular","2026-11-21T05:00:00.000Z","true","false","false","true","","3697","Doak Campbell Stadium","52","Florida State","fbs","ACC","","","","1553","","152","NC State","fbs","ACC","","","","1514","","","","",""
"401858310","2026","12","regular","2026-11-21T05:00:00.000Z","true","false","false","true","","721","Bobby Dodd Stadium","59","Georgia Tech","fbs","ACC","","","","1493","","154","Wake Forest","fbs","ACC","","","","1530","","","","",""
"401858535","2026","12","regular","2026-11-21T05:00:00.000Z","true","false","false","true","","3765","Husky Stadium","264","Washington","fbs","Big Ten","","","","1735","","84","Indiana","fbs","Big Ten","","","","2106","","","","",""
"401862832","2026","12","regular","2026-11-21T05:00:00.000Z","true","false","false","true","","3674","Chapman Stadium","202","Tulsa","fbs","American Athletic","","","","1221","","2429","Charlotte","fbs","American Athletic","","","","1123","","","","",""
"401856865","2026","12","regular","2026-11-21T05:00:00.000Z","true","false","false","true","","3636","Bill Snyder Family Stadium","2306","Kansas State","fbs","Big 12","","","","1679","","12","Arizona","fbs","Big 12","","","","1646","","","","",""
"401856866","2026","12","regular","2026-11-21T05:00:00.000Z","true","false","false","true","","3833","Memorial Stadium","2305","Kansas","fbs","Big 12","","","","1481","","252","BYU","fbs","Big 12","","","","1692","","","","",""
"401869929","2026","12","regular","2026-11-21T05:00:00.000Z","true","false","false","true","","3792","Kidd Brewer Stadium","2026","App State","fbs","Sun Belt","","","","1320","","2433","UL Monroe","fbs","Sun Belt","","","","1022","","","","",""
"401858527","2026","12","regular","2026-11-21T05:00:00.000Z","true","false","false","true","","3832","Memorial Stadium (Champaign, IL)","356","Illinois","fbs","Big Ten","","","","1577","","2294","Iowa","fbs","Big Ten","","","","1841","","","","",""
"401858533","2026","12","regular","2026-11-21T05:00:00.000Z","true","false","false","true","","3907","Ross-Ade Stadium","2509","Purdue","fbs","Big Ten","","","","1288","","275","Wisconsin","fbs","Big Ten","","","","1612","","","","",""
"401862834","2026","12","regular","2026-11-21T17:00:00.000Z","false","false","false","true","","3852","Navy-Marine Corps Memorial Stadium","2426","Navy","fbs","American Athletic","","","","1506","","235","Memphis","fbs","American Athletic","","","","1526","","","","",""
"401856749","2026","12","regular","2026-11-21T17:00:00.000Z","false","false","false","false","","3974","Vaught-Hemingway Stadium","145","Ole Miss","fbs","SEC","","","","1792","1792","2747","Wofford","fcs","Southern","","","","","","","","",""
"401862831","2026","12","regular","2026-11-21T17:00:00.000Z","false","false","false","true","","3841","Michie Stadium","349","Army","fbs","American Athletic","","","","1524","","151","East Carolina","fbs","American Athletic","","","","1456","","","","",""
"401856750","2026","12","regular","2026-11-21T18:00:00.000Z","false","false","false","false","","3693","Davis Wade Stadium","344","Mississippi State","fbs","SEC","","","","1672","1672","2635","Tennessee Tech","fcs","Southern","","","","","","","","",""
"401871080","2026","12","regular","2026-11-21T18:00:00.000Z","false","false","false","true","","3992","Williams Stadium (VA)","2335","Liberty","fbs","Conference USA","","","","1725","","98","Western Kentucky","fbs","Conference USA","","","","1242","","","","",""
"401871081","2026","12","regular","2026-11-21T19:00:00.000Z","false","false","false","true","","3647","Elliott T. Bowers Stadium","2534","Sam Houston","fbs","Conference USA","","","","1142","","2393","Middle Tennessee","fbs","Conference USA","","","","1290","","","","",""
"401871079","2026","12","regular","2026-11-21T19:00:00.000Z","false","false","false","true","","3662","AmFirst Stadium","55","Jacksonville State","fbs","Conference USA","","","","1435","","2623","Missouri State","fbs","Conference USA","","","","1292","","","","",""
"401856746","2026","12","regular","2026-11-21T19:00:00.000Z","false","false","false","false","","3657","Bryant-Denny Stadium","333","Alabama","fbs","SEC","","","","1933","1933","236","Chattanooga","fcs","Southern","","","","","","","","",""
"401871078","2026","12","regular","2026-11-21T20:00:00.000Z","false","false","false","true","","4899","Fifth Third Stadium","338","Kennesaw State","fbs","Conference USA","","","","1284","","2229","Florida International","fbs","Conference USA","","","","1392","","","","",""
"401871077","2026","12","regular","2026-11-21T20:00:00.000Z","false","false","false","true","","3601","Aggie Memorial Stadium","166","New Mexico State","fbs","Conference USA","","","","1231","","48","Delaware","fbs","Conference USA","","","","1328","","","","",""
"401861968","2026","12","regular","2026-11-21T20:30:00.000Z","false","false","false","false","","3892","Pratt & Whitney Stadium","41","UConn","fbs","FBS Independents","","","","1470","","295","Old Dominion","fbs","Sun Belt","","","","1279","","","","",""
"401856747","2026","12","regular","2026-11-21T20:30:00.000Z","false","false","false","false","","3785","Jordan-Hare Stadium","2","Auburn","fbs","SEC","","","","1677","1677","2535","Samford","fcs","Southern","","","","","","","","",""
"401864543","2026","12","regular","2026-11-21T21:00:00.000Z","false","false","false","true","","3714","Fargodome","2449","North Dakota State","fbs","Mountain West","","","","1594","","2459","Northern Illinois","fbs","Mountain West","","","","1194","","","","",""
"401860920","2026","12","regular","2026-11-21T23:00:00.000Z","false","false","false","true","","3644","Bobcat Stadium (TX)","326","Texas State","fbs","Pac-12","","","","1491","","265","Washington State","fbs","Pac-12","","","","1521","","","","",""
"401864544","2026","12","regular","2026-11-22T00:00:00.000Z","false","false","false","true","","3935","CEFCU Stadium","23","San José State","fbs","Mountain West","","","","1393","","2439","UNLV","fbs","Mountain West","","","","1491","","","","",""
"401860918","2026","12","regular","2026-11-22T00:30:00.000Z","false","false","false","true","","3660","Valley Children's Stadium","278","Fresno State","fbs","Pac-12","","","","1604","","36","Colorado State","fbs","Pac-12","","","","1314","","","","",""
"401858307","2026","12","regular","2026-11-22T00:30:00.000Z","false","false","false","false","","3855","Notre Dame Stadium","87","Notre Dame","fbs","FBS Independents","","","","2084","","2567","SMU","fbs","ACC","","","","1695","","","","",""
"401864542","2026","12","regular","2026-11-22T02:00:00.000Z","false","false","false","true","","3984","War Memorial Stadium","2751","Wyoming","fbs","Mountain West","","","","1322","","167","New Mexico","fbs","Mountain West","","","","1589","","","","",""
"401860925","2026","12","regular","2026-11-22T02:30:00.000Z","false","false","false","true","","3653","Albertsons Stadium","68","Boise State","fbs","Pac-12","","","","1665","","21","San Diego State","fbs","Pac-12","","","","1415","","","","",""
"401860919","2026","12","regular","2026-11-22T03:30:00.000Z","false","false","false","true","","3893","Reser Stadium","204","Oregon State","fbs","Pac-12","","","","1337","","328","Utah State","fbs","Pac-12","","","","1374","","","","",""
"401866471","2026","13","regular","2026-11-24T05:00:00.000Z","true","false","false","true","","3980","Waldo Stadium","2711","Western Michigan","fbs","Mid-American","","","","1463","","193","Miami (OH)","fbs","Mid-American","","","","1267","","","","",""
"401866470","2026","13","regular","2026-11-25T00:00:00.000Z","false","false","false","true","","3912","Rynearson Stadium","2199","Eastern Michigan","fbs","Mid-American","","","","1188","","2309","Kent State","fbs","Mid-American","","","","1039","","","","",""
"401856879","2026","13","regular","2026-11-27T01:00:00.000Z","false","false","false","true","","3784","Jones AT&T Stadium","2641","Texas Tech","fbs","Big 12","","","","1860","","2628","TCU","fbs","Big 12","","","","1607","","","","",""
"401862838","2026","13","regular","2026-11-27T05:00:00.000Z","true","false","false","true","","3805","Simmons Bank Liberty Stadium","235","Memphis","fbs","American Athletic","","","","1526","","218","Temple","fbs","American Athletic","","","","1336","","","","",""
"401862837","2026","13","regular","2026-11-27T05:00:00.000Z","true","false","false","true","","3699","Dowdy-Ficklen Stadium","151","East Carolina","fbs","American Athletic","","","","1456","","2226","Florida Atlantic","fbs","American Athletic","","","","1300","","","","",""
"401862839","2026","13","regular","2026-11-27T05:00:00.000Z","true","false","false","true","","3886","Raymond James Stadium","58","South Florida","fbs","American Athletic","","","","1652","","2655","Tulane","fbs","American Athletic","","","","1517","","","","Will be played Nov. 27 or Nov. 28",""
"401858536","2026","13","regular","2026-11-27T17:00:00.000Z","false","false","false","true","","3793","Kinnick Stadium","2294","Iowa","fbs","Big Ten","","","","1841","","158","Nebraska","fbs","Big Ten","","","","1732","","","","",""
"401856762","2026","13","regular","2026-11-27T17:00:00.000Z","false","false","false","true","","3974","Vaught-Hemingway Stadium","145","Ole Miss","fbs","SEC","","","","1776","","344","Mississippi State","fbs","SEC","","","","1674","","","","",""
"401866472","2026","13","regular","2026-11-27T17:00:00.000Z","false","false","false","true","","3768","InfoCision Stadium","2006","Akron","fbs","Mid-American","","","","886","","2084","Buffalo","fbs","Mid-American","","","","1288","","","","",""
"401866473","2026","13","regular","2026-11-27T17:00:00.000Z","false","false","false","true","","3876","Peden Stadium","195","Ohio","fbs","Mid-American","","","","1318","","2649","Toledo","fbs","Mid-American","","","","1614","","","","",""
"401869930","2026","13","regular","2026-11-27T20:00:00.000Z","false","false","false","true","","6526","Hancock Whitney Stadium","6","South Alabama","fbs","Sun Belt","","","","1346","","2026","App State","fbs","Sun Belt","","","","1320","","","","",""
"401856759","2026","13","regular","2026-11-27T20:30:00.000Z","false","false","false","false","","3697","Doak Campbell Stadium","52","Florida State","fbs","ACC","","","","1553","","57","Florida","fbs","SEC","","","","1751","","","","",""
"401864549","2026","13","regular","2026-11-27T20:30:00.000Z","false","false","false","true","","3935","CEFCU Stadium","23","San José State","fbs","Mountain West","","","","1393","","2449","North Dakota State","fbs","Mountain West","","","","1594","","","","",""
"401856756","2026","13","regular","2026-11-28T00:30:00.000Z","false","false","false","true","","3795","Kyle Field","245","Texas A&M","fbs","SEC","","","","1742","","251","Texas","fbs","SEC","","","","1930","","","","",""
"401858544","2026","13","regular","2026-11-28T00:30:00.000Z","false","false","false","true","","347","Camp Randall Stadium","275","Wisconsin","fbs","Big Ten","","","","1612","","135","Minnesota","fbs","Big Ten","","","","1506","","","","",""
"401856880","2026","13","regular","2026-11-28T02:00:00.000Z","false","false","false","true","","587","Rice-Eccles Stadium","254","Utah","fbs","Big 12","","","","1918","","277","West Virginia","fbs","Big 12","","","","1352","","","","",""
"401856878","2026","13","regular","2026-11-28T05:00:00.000Z","true","false","false","true","","3772","Jack Trice Stadium","66","Iowa State","fbs","Big 12","","","","1672","","2306","Kansas State","fbs","Big 12","","","","1679","","","","",""
"401856873","2026","13","regular","2026-11-28T05:00:00.000Z","true","false","false","true","","3619","Arizona Stadium","12","Arizona","fbs","Big 12","","","","1646","","9","Arizona State","fbs","Big 12","","","","1535","","","","",""
"401856876","2026","13","regular","2026-11-28T05:00:00.000Z","true","false","false","true","","3801","LaVell Edwards Stadium","252","BYU","fbs","Big 12","","","","1692","","2132","Cincinnati","fbs","Big 12","","","","1525","","","","",""
"401858317","2026","13","regular","2026-11-28T05:00:00.000Z","true","false","false","true","","3799","Lane Stadium","259","Virginia Tech","fbs","ACC","","","","1494","","258","Virginia","fbs","ACC","","","","1698","","","","",""
"401871102","2026","13","regular","2026-11-28T05:00:00.000Z","true","false","false","true","","3817","Malone Stadium","2433","UL Monroe","fbs","Sun Belt","","","","1022","","276","Marshall","fbs","Sun Belt","","","","1391","","","","",""
"401869954","2026","13","regular","2026-11-28T05:00:00.000Z","true","false","false","true","","3608","Allen E. Paulson Stadium","290","Georgia Southern","fbs","Sun Belt","","","","1341","","2348","Louisiana Tech","fbs","Sun Belt","","","","1377","","","","",""
"401858316","2026","13","regular","2026-11-28T05:00:00.000Z","true","false","false","true","","3940","Stanford Stadium","24","Stanford","fbs","ACC","","","","1333","","2567","SMU","fbs","ACC","","","","1695","","","","",""
"401856760","2026","13","regular","2026-11-28T05:00:00.000Z","true","false","false","false","","3917","Sanford Stadium","61","Georgia","fbs","SEC","","","","2023","","59","Georgia Tech","fbs","ACC","","","","1493","","","","FLEX: 3:30 - 4:30pm OR 6 - 8pm ET start",""
"401862843","2026","13","regular","2026-11-28T05:00:00.000Z","true","false","false","true","","3825","DATCU Stadium","249","North Texas","fbs","American Athletic","","","","1646","","5","UAB","fbs","American Athletic","","","","1400","","","","",""
"401862842","2026","13","regular","2026-11-28T05:00:00.000Z","true","false","false","true","","4418","Jerry Richardson Stadium","2429","Charlotte","fbs","American Athletic","","","","1123","","2426","Navy","fbs","American Athletic","","","","1506","","","","",""
"401862840","2026","13","regular","2026-11-28T05:00:00.000Z","true","false","false","true","","3604","Alamodome","2636","UTSA","fbs","American Athletic","","","","1519","","202","Tulsa","fbs","American Athletic","","","","1221","","","","Will be played Nov. 27 or Nov. 28",""
"401858541","2026","13","regular","2026-11-28T05:00:00.000Z","true","false","false","true","","3626","Autzen Stadium","2483","Oregon","fbs","Big Ten","","","","1844","","264","Washington","fbs","Big Ten","","","","1735","","","","",""
"401856763","2026","13","regular","2026-11-28T05:00:00.000Z","true","false","false","true","","3838","Memorial Stadium","142","Missouri","fbs","SEC","","","","1679","","201","Oklahoma","fbs","SEC","","","","1731","","","","AFTERNOON: 3:30 - 4:30pm ET start",""
"401856877","2026","13","regular","2026-11-28T05:00:00.000Z","true","false","false","true","","3646","Boone Pickens Stadium","197","Oklahoma State","fbs","Big 12","","","","1330","","2305","Kansas","fbs","Big 12","","","","1481","","","","",""
"401858538","2026","13","regular","2026-11-28T05:00:00.000Z","true","false","false","true","","3830","Memorial Stadium (Bloomington, IN)","84","Indiana","fbs","Big Ten","","","","2106","","2509","Purdue","fbs","Big Ten","","","","1288","","","","",""
"401864550","2026","13","regular","2026-11-28T05:00:00.000Z","true","false","false","true","","3764","Huskie Stadium","2459","Northern Illinois","fbs","Mountain West","","","","1194","","2638","UTEP","fbs","Mountain West","","","","1078","","","","",""
"401858542","2026","13","regular","2026-11-28T05:00:00.000Z","true","false","false","true","","6577","SHI Stadium","164","Rutgers","fbs","Big Ten","","","","1391","","127","Michigan State","fbs","Big Ten","","","","1510","","","","",""
"401856758","2026","13","regular","2026-11-28T05:00:00.000Z","true","false","false","true","","3887","Razorback Stadium","8","Arkansas","fbs","SEC","","","","1516","","99","LSU","fbs","SEC","","","","1868","","","","EARLY: Noon - 1pm ET start",""
"401856764","2026","13","regular","2026-11-28T05:00:00.000Z","true","false","false","false","","3836","Memorial Stadium (Clemson, SC)","228","Clemson","fbs","ACC","","","","1572","","2579","South Carolina","fbs","SEC","","","","1655","","","","",""
"401856875","2026","13","regular","2026-11-28T05:00:00.000Z","true","false","false","true","","3726","Folsom Field","38","Colorado","fbs","Big 12","","","","1327","","2116","UCF","fbs","Big 12","","","","1503","","","","",""
"401858537","2026","13","regular","2026-11-28T05:00:00.000Z","true","false","false","true","","11823","Ryan Field","77","Northwestern","fbs","Big Ten","","","","1640","","356","Illinois","fbs","Big Ten","","","","1577","","","","",""
"401858313","2026","13","regular","2026-11-28T05:00:00.000Z","true","false","false","true","","3787","Kenan Stadium","153","North Carolina","fbs","ACC","","","","1396","","152","NC State","fbs","ACC","","","","1514","","","","",""
"401858543","2026","13","regular","2026-11-28T05:00:00.000Z","true","false","false","true","","1056","Rose Bowl","26","UCLA","fbs","Big Ten","","","","1660","","30","USC","fbs","Big Ten","","","","1784","","","","",""
"401869947","2026","13","regular","2026-11-28T05:00:00.000Z","true","false","false","true","","3651","Bridgeforth Stadium","256","James Madison","fbs","Sun Belt","","","","1793","","324","Coastal Carolina","fbs","Sun Belt","","","","1270","","","","",""
"401858314","2026","13","regular","2026-11-28T05:00:00.000Z","true","false","false","false","","1964","JMA Wireless Dome","183","Syracuse","fbs","ACC","","","","1290","","87","Notre Dame","fbs","FBS Independents","","","","2084","","","","",""
"401856874","2026","13","regular","2026-11-28T05:00:00.000Z","true","false","false","true","","4728","TDECU Stadium","248","Houston","fbs","Big 12","","","","1535","","239","Baylor","fbs","Big 12","","","","1537","","","","",""
"401869959","2026","13","regular","2026-11-28T05:00:00.000Z","true","false","false","true","","4246","Center Parc Stadium","2247","Georgia State","fbs","Sun Belt","","","","1320","","309","Louisiana","fbs","Sun Belt","","","","1443","","","","",""
"401856765","2026","13","regular","2026-11-28T05:00:00.000Z","true","false","false","true","","3973","FirstBank Stadium","238","Vanderbilt","fbs","SEC","","","","1731","","2633","Tennessee","fbs","SEC","","","","1776","","","","NIGHT: 6 - 8pm ET start",""
"401856757","2026","13","regular","2026-11-28T05:00:00.000Z","true","false","false","true","","3657","Bryant-Denny Stadium","333","Alabama","fbs","SEC","","","","1929","","2","Auburn","fbs","SEC","","","","1679","","","","FLEX: 3:30 - 4:30pm OR 6 - 8pm ET start",""
"401858539","2026","13","regular","2026-11-28T05:00:00.000Z","true","false","false","true","","3665","SECU Stadium","120","Maryland","fbs","Big Ten","","","","1316","","213","Penn State","fbs","Big Ten","","","","1901","","","","",""
"401858315","2026","13","regular","2026-11-28T05:00:00.000Z","true","false","false","true","","3831","California Memorial Stadium","25","California","fbs","ACC","","","","1338","","221","Pittsburgh","fbs","ACC","","","","1675","","","","",""
"401856761","2026","13","regular","2026-11-28T05:00:00.000Z","true","false","false","false","","3683","Kroger Field","96","Kentucky","fbs","SEC","","","","1553","","97","Louisville","fbs","ACC","","","","1674","","","","EARLY: Noon - 1pm ET start",""
"401858312","2026","13","regular","2026-11-28T05:00:00.000Z","true","false","false","true","","3630","Allegacy Federal Credit Union Stadium","154","Wake Forest","fbs","ACC","","","","1530","","150","Duke","fbs","ACC","","","","1656","","","","",""
"401862841","2026","13","regular","2026-11-28T05:00:00.000Z","true","false","false","true","","3895","Rice Stadium","242","Rice","fbs","American Athletic","","","","1169","","349","Army","fbs","American Athletic","","","","1524","","","","",""
"401871103","2026","13","regular","2026-11-28T05:00:00.000Z","true","false","false","true","","3918","S.B. Ballard Stadium","295","Old Dominion","fbs","Sun Belt","","","","1279","","2572","Southern Miss","fbs","Sun Belt","","","","1227","","","","",""
"401858311","2026","13","regular","2026-11-28T05:00:00.000Z","true","false","false","true","","3948","Hard Rock Stadium","2390","Miami","fbs","ACC","","","","1962","","103","Boston College","fbs","ACC","","","","1375","","","","",""
"401861969","2026","13","regular","2026-11-28T05:00:00.000Z","true","false","false","false","","3984","War Memorial Stadium","2751","Wyoming","fbs","Mountain West","","","","1322","","41","UConn","fbs","FBS Independents","","","","1470","","","","",""
"401866474","2026","13","regular","2026-11-28T17:00:00.000Z","false","false","false","true","","3919","Scheumann Stadium","2050","Ball State","fbs","Mid-American","","","","1049","","2117","Central Michigan","fbs","Mid-American","","","","1224","","","","",""
"401866475","2026","13","regular","2026-11-28T17:00:00.000Z","false","false","false","true","","3700","Doyt L. Perry Stadium","189","Bowling Green","fbs","Mid-American","","","","1156","","113","Massachusetts","fbs","Mid-American","","","","1188","","","","",""
"401858540","2026","13","regular","2026-11-28T17:00:00.000Z","false","false","false","true","","3861","Ohio Stadium","194","Ohio State","fbs","Big Ten","","","","2044","","130","Michigan","fbs","Big Ten","","","","1739","","","","",""
"401870804","2026","13","regular","2026-11-28T18:00:00.000Z","false","false","false","true","","3796","Houchens Industries-L.T. Smith Stadium","98","Western Kentucky","fbs","Conference USA","","","","1242","","338","Kennesaw State","fbs","Conference USA","","","","1284","","","","",""
"401871082","2026","13","regular","2026-11-28T19:00:00.000Z","false","false","false","true","","2031","Pitbull Stadium","2229","Florida International","fbs","Conference USA","","","","1392","","2534","Sam Houston","fbs","Conference USA","","","","1142","","","","",""
"401871063","2026","13","regular","2026-11-28T19:00:00.000Z","false","false","false","true","","3878","Plaster Sports Complex","2623","Missouri State","fbs","Conference USA","","","","1292","","2335","Liberty","fbs","Conference USA","","","","1725","","","","",""
"401871083","2026","13","regular","2026-11-28T19:00:00.000Z","false","false","false","true","","3725","Johnny ""Red"" Floyd Stadium","2393","Middle Tennessee","fbs","Conference USA","","","","1290","","166","New Mexico State","fbs","Conference USA","","","","1231","","","","",""
"401869939","2026","13","regular","2026-11-28T20:00:00.000Z","false","false","false","true","","3625","Centennial Bank Stadium","2032","Arkansas State","fbs","Sun Belt","","","","1320","","2653","Troy","fbs","Sun Belt","","","","1395","","","","",""
"401871062","2026","13","regular","2026-11-28T20:30:00.000Z","false","false","false","true","","3695","Delaware Stadium","48","Delaware","fbs","Conference USA","","","","1328","","55","Jacksonville State","fbs","Conference USA","","","","1435","","","","",""
"401864546","2026","13","regular","2026-11-28T21:30:00.000Z","false","false","false","true","","3971","University Stadium (NM)","167","New Mexico","fbs","Mountain West","","","","1589","","2005","Air Force","fbs","Mountain West","","","","1429","","","","",""
"401864548","2026","13","regular","2026-11-29T02:00:00.000Z","false","false","false","true","","6501","Allegiant Stadium","2439","UNLV","fbs","Mountain West","","","","1491","","2440","Nevada","fbs","Mountain West","","","","1435","","","","",""
"401864547","2026","13","regular","2026-11-29T04:00:00.000Z","false","false","false","false","","7220","Clarence T.C. Ching Athletics Complex","62","Hawai'i","fbs","Mountain West","","","","1378","","16","Sacramento State","fbs","Mid-American","","","","1185","","","","",""
"401862844","2026","15","regular","2026-12-12T20:00:00.000Z","false","false","true","true","","3839","MetLife Stadium","349","Army","fbs","American Athletic","","","","1524","","2426","Navy","fbs","American Athletic","","","","1506","","","","",""
