"Id","HomeTeam","HomeScore","AwayTeam","AwayScore","FormattedSpread","LineProvider","OverUnder","Spread","OpeningSpread","OpeningOverUnder","HomeMoneyline","AwayMoneyline"
"401862700","UTSA","45","UT Rio Grande Valley","16","UTSA -28.5","DraftKings","59.5","-28.5","-28.5","59.5","-6500","2000"
"401862700","UTSA","45","UT Rio Grande Valley","16","UTSA -28.5","Bovada","59.5","-28.5","-28.5","59.5","-10000","1600"
"401856788","Iowa","16","Iowa State","13","Iowa -14","DraftKings","42.5","-14","-11.5","41.5","-625","455"
"401856788","Iowa","16","Iowa State","13","Iowa -14.0","Bovada","42.5","-14","-14","41","-650","450"
"401856811","Texas Tech","28","Houston","26","Texas Tech -7.5","DraftKings","52.5","-7.5","-13.5","","-310","250"
"401856811","Texas Tech","28","Houston","26","Texas Tech -8.5","Bovada","52.5","-8.5","-8.5","53","-300","270"
"401858211","Virginia Tech","73","VMI","3","Virginia Tech -54.5","DraftKings","60.5","-54.5","-50.5","57.5","",""
"401858211","Virginia Tech","73","VMI","3","Virginia Tech -54.5","Bovada","62","-54.5","-55.5","62","",""
"401858230","Louisville","41","SMU","31","Louisville -3","DraftKings","57.5","-3","-1.5","56.5","-142","120"
"401858230","Louisville","41","SMU","31","Louisville -3.0","Bovada","57.5","-3","-1","59.5","-115","-105"
"401858427","Maryland","62","Hampton","0","Maryland -45.5","DraftKings","56.5","-45.5","-45.5","56.5","",""
"401858427","Maryland","62","Hampton","0","Maryland -45.5","Bovada","56","-45.5","-45.5","55.5","",""
"401856702","LSU","35","Texas A&M","6","LSU -8.5","DraftKings","52.5","-8.5","-3","57.5","-345","275"
"401856702","LSU","35","Texas A&M","6","LSU -8.5","Bovada","52","-8.5","-9.5","52.5","-380","290"
"401858469","USC","27","Oregon","41","Oregon -3.5","DraftKings","60.5","3.5","5.5","58.5","154","-185"
"401858469","USC","27","Oregon","41","Oregon -3.5","Bovada","60.5","3.5","2.5","62","140","-140"
"401856700","Georgia","41","Oklahoma","13","Georgia -11.5","DraftKings","43.5","-11.5","-10","52.5","-520","390"
"401856700","Georgia","41","Oklahoma","13","Georgia -11.0","Bovada","44","-11","-14","43.5","-650","450"
"401856669","Vanderbilt","28","Austin Peay","9","Vanderbilt -29.5","DraftKings","57.5","-29.5","-30.5","61.5","-6500","2000"
"401856669","Vanderbilt","28","Austin Peay","9","Vanderbilt -29.0","Bovada","59","-29","-29","60.5","-6000","1325"
"401856670","Utah","43","Arkansas","10","Utah -13.5","DraftKings","55.5","-13.5","-9.5","54.5","-500","380"
"401856670","Utah","43","Arkansas","10","Utah -12.5","Bovada","55.5","-12.5","-13","57","-525","375"
"401856678","Kansas","21","Missouri","38","Missouri -4","DraftKings","51.5","4","7","52.5","160","-192"
"401856678","Kansas","21","Missouri","38","Missouri -4.0","Bovada","52","4","6.5","50","175","-210"
"401856679","Michigan","17","Oklahoma","10","Oklahoma -5.5","DraftKings","43.5","5.5","-1.5","46.5","170","-205"
"401856679","Michigan","17","Oklahoma","10","Oklahoma -4.5","Bovada","43.5","4.5","-1.5","45.5","175","-210"
"401856682","Texas","24","Ohio State","23","Texas -2.5","DraftKings","50.5","-2.5","-1.5","","-142","120"
"401856682","Texas","24","Ohio State","23","Texas -2.0","Bovada","51","-2","-2.5","47.5","-110","-110"
"401856683","Texas A&M","48","Arizona State","20","Texas A&M -15.5","DraftKings","51.5","-15.5","-14.5","51.5","-750","525"
"401856683","Texas A&M","48","Arizona State","20","Texas A&M -15.0","Bovada","51.5","-15","-14","51.5","-650","450"
"401856685","Alabama","50","Florida State","36","Alabama -18.5","DraftKings","50.5","-18.5","-15.5","52.5","-1350","800"
"401856685","Alabama","50","Florida State","36","Alabama -18.5","Bovada","50","-18.5","-20.5","49","-1500","775"
"401856687","Auburn","39","Florida","44","Florida -2.5","DraftKings","53.5","2.5","-1.5","53.5","114","-135"
"401856687","Auburn","39","Florida","44","Florida -2.5","Bovada","53","2.5","2.5","53","115","-135"
"401856688","Ole Miss","32","LSU","24","LSU -3","DraftKings","58.5","3","-1.5","57.5","124","-148"
"401856688","Ole Miss","32","LSU","24","LSU -2.5","Bovada","59","2.5","3","58.5","130","-165"
"401858431","Northwestern","34","South Dakota State","18","Northwestern -14","DraftKings","49.5","-14","-12.5","46.5","-600","440"
"401858431","Northwestern","34","South Dakota State","18","Northwestern -12.5","Bovada","48.5","-12.5","-12.5","46","-525","375"
"401856770","Texas Tech","33","Abilene Christian","10","Texas Tech -45.5","DraftKings","61.5","-45.5","-42.5","59.5","",""
"401856770","Texas Tech","33","Abilene Christian","10","Texas Tech -44.5","Bovada","60.5","-44.5","-42.5","59.5","",""
"401856771","Kansas State","71","Nicholls","3","Kansas State -41.5","DraftKings","55.5","-41.5","-40.5","55.5","",""
"401856771","Kansas State","71","Nicholls","3","Kansas State -41.0","Bovada","55","-41","-40.5","54.5","",""
"401856773","Arizona","35","Northern Arizona","7","Arizona -33.5","DraftKings","59.5","-33.5","-31.5","56.5","-6500","2000"
"401856773","Arizona","35","Northern Arizona","7","Arizona -31.5","Bovada","58.5","-31.5","-31.5","58.5","-10000","1600"
"401856774","Arizona State","70","Morgan State","7","Arizona State -43.5","DraftKings","52.5","-43.5","-41.5","52.5","",""
"401856774","Arizona State","70","Morgan State","7","Arizona State -45.0","Bovada","52.5","-45","-45","52.5","",""
"401860879","San Diego State","53","Portland State","20","San Diego State -38.5","DraftKings","61.5","-38.5","-38.5","57.5","",""
"401860879","San Diego State","53","Portland State","20","San Diego State -40.5","Bovada","62","-40.5","-40.5","62","",""
"401860880","Utah State","17","Idaho State","29","Utah State -15.5","DraftKings","59.5","-15.5","-11.5","64.5","-650","470"
"401860880","Utah State","17","Idaho State","29","Utah State -14.5","Bovada","60","-14.5","-14","62","-600","425"
"401856775","BYU","63","Utah Tech","7","BYU -50.5","DraftKings","61.5","-50.5","-47.5","54.5","",""
"401856775","BYU","63","Utah Tech","7","BYU -49.5","Bovada","61","-49.5","-51.5","61","",""
"401856782","Oklahoma State","39","Oregon","31","Oregon -24.5","DraftKings","55.5","24.5","18.5","60.5","1100","-2100"
"401856782","Oklahoma State","39","Oregon","31","Oregon -24.0","Bovada","55.5","24","22.5","57.5","1000","-2200"
"401862697","Rice","31","Houston Christian","3","Rice -22.5","DraftKings","47.5","-22.5","-24.5","47.5","-2400","1200"
"401862697","Rice","31","Houston Christian","3","Rice -23.0","Bovada","47.5","-23","-22.5","47.5","-2000","950"
"401866411","Sacramento State","52","Mississippi Valley State","0","Sacramento State -38.5","DraftKings","56.5","-38.5","-35.5","56.5","",""
"401867866","Middle Tennessee","38","Murray State","14","Middle Tennessee -22.5","DraftKings","55.5","-22.5","-20.5","59.5","-1800","1000"
"401867866","Middle Tennessee","38","Murray State","14","Middle Tennessee -22.5","Bovada","56","-22.5","-21","57.5","-1800","850"
"401867973","Old Dominion","31","Norfolk State","10","Old Dominion -41.5","DraftKings","52.5","-41.5","-41.5","55.5","",""
"401867973","Old Dominion","31","Norfolk State","10","Old Dominion -41.0","Bovada","52","-41","-41","52.5","",""
"401868140","Jacksonville State","49","Eastern Kentucky","7","Jacksonville State -22.5","DraftKings","51.5","-22.5","-19.5","52.5","-2100","1100"
"401868140","Jacksonville State","49","Eastern Kentucky","7","Jacksonville State -22.0","Bovada","53","-22","-21","53.5","-1600","800"
"401868170","Georgia Southern","31","Charleston Southern","0","Georgia Southern -28.5","DraftKings","51.5","-28.5","-25.5","51.5","-5000","1800"
"401868170","Georgia Southern","31","Charleston Southern","0","Georgia Southern -28.0","Bovada","52.5","-28","-25.5","51.5","-4000","1200"
"401868316","South Alabama","39","SE Louisiana","14","South Alabama -13.5","DraftKings","53.5","-13.5","-12.5","52.5","-575","425"
"401868316","South Alabama","39","SE Louisiana","14","South Alabama -14.0","Bovada","53.5","-14","-12.5","52.5","-510","370"
"401868356","Southern Miss","49","Alcorn State","3","Southern Miss -20.5","DraftKings","51.5","-20.5","-21","50.5","-1600","900"
"401868356","Southern Miss","49","Alcorn State","3","Southern Miss -19.5","Bovada","51","-19.5","-20","50.5","-1400","750"
"401869129","Louisiana Tech","80","Northwestern State","6","Louisiana Tech -44.5","DraftKings","56.5","-44.5","-41.5","52.5","",""
"401869129","Louisiana Tech","80","Northwestern State","6","Louisiana Tech -44.5","Bovada","56.5","-44.5","-44.5","55.5","",""
"401869142","Louisiana","38","Lamar","7","Louisiana -20.5","DraftKings","48.5","-20.5","-18.5","48.5","-1200","750"
"401869142","Louisiana","38","Lamar","7","Louisiana -20.0","Bovada","48.5","-20","-20","48.5","-1400","750"
"401858423","Rutgers","21","Massachusetts","37","Rutgers -29.0","Bovada","54.5","-29","-30.5","54.5","",""
"401858423","Rutgers","21","Massachusetts","37","Rutgers -29.5","DraftKings","55.5","-29.5","-30.5","","-8000","2200"
"401856768","Utah","66","Idaho","14","Utah -38.5","DraftKings","60.5","-38.5","-32.5","56.5","-100000","5000"
"401870790","New Mexico State","51","Mercyhurst","14","New Mexico State -29.5","DraftKings","52.5","-29.5","-24.5","50.5","-8000","2200"
"401870790","New Mexico State","51","Mercyhurst","14","New Mexico State -28.5","Bovada","52","-28.5","-28.5","52","",""
"401856704","Tennessee","17","Texas","20","Texas -5.5","DraftKings","54.5","5.5","6.5","56.5","170","-205"
"401856704","Tennessee","17","Texas","20","Texas -5.5","Bovada","54.5","5.5","3.5","56","155","-180"
"401858540","Ohio State","","Michigan","","Ohio State -13.5","DraftKings","46.5","-13.5","-13.5","46.5","-575","425"
"401856873","Arizona","","Arizona State","","Arizona -4.5","DraftKings","52.5","-4.5","-4.5","52.5","-218","180"
"401858249","Clemson","","Miami","","Miami -16.5","DraftKings","47.5","16.5","7","55.5","550","-800"
"401858249","Clemson","","Miami","","Miami -16.5","Bovada","48","16.5","17","49","600","-950"
"401858485","Penn State","","USC","","Penn State -1.5","DraftKings","56.5","-1.5","-1.5","56.5","-125","105"
"401856885","LSU","","Texas","","Texas -2.5","DraftKings","54.5","2.5","2.5","54.5","120","-142"
"401858518","Indiana","","USC","","Indiana -10","DraftKings","58.5","-10","-10","58.5","-455","350"
"401858523","Oregon","","Michigan","","Oregon -13.5","DraftKings","53.5","-13.5","-13.5","53.5","-600","440"
"401866616","UAlbany","28","New Hampshire","14","New Hampshire -10","DraftKings","46.5","10","11.5","45.5","268","-357"
"401856764","Clemson","","South Carolina","","Clemson -3","DraftKings","53.5","-3","-3","53.5","-162","136"
"401862844","Army","","Navy","","Navy -2.5","DraftKings","37.5","2.5","2.5","37.5","120","-142"
"401858313","North Carolina","","NC State","","NC State -1.5","DraftKings","55.5","1.5","1.5","55.5","-102","-118"
"401858317","Virginia Tech","","Virginia","","Virginia Tech -1.5","DraftKings","53.5","-1.5","-1.5","53.5","-125","105"
"401866617","Merrimack","7","Rhode Island","34","Rhode Island -21","DraftKings","47.5","21","20.5","53.5","890","-1960"
"401867882","South Dakota","59","Central Connecticut","20","South Dakota -20.5","DraftKings","49.5","-20.5","-22.5","53.5","-3900","1180"
"401856712","Alabama","","Georgia","","Georgia -3","DraftKings","50.5","3","3","50.5","136","-162"
"401858263","Miami","","Florida State","","Miami -16.5","DraftKings","53.5","-16.5","-16.5","53.5","-1200","750"
"401858271","Virginia","","Duke","","Virginia -6.5","DraftKings","53.5","-6.5","-6.5","53.5","-278","225"
"401858509","USC","","Ohio State","","Ohio State -7.5","DraftKings","54.5","7.5","7.5","54.5","260","-325"
"401856734","Georgia","","Florida","","Georgia -12.5","DraftKings","53.5","-12.5","-12.5","53.5","-550","410"
"401858514","Ohio State","","Oregon","","Ohio State -6","DraftKings","52.5","-6","-6","52.5","-258","210"
"401856741","Ole Miss","","Georgia","","Georgia -4.5","DraftKings","55.5","4.5","4.5","55.5","180","-218"
"401856740","LSU","","Alabama","","LSU -3.5","DraftKings","54.5","-3.5","-3.5","54.5","-185","154"
"401858511","Michigan","","Michigan State","","Michigan -16.5","DraftKings","50.5","-16.5","-16.5","50.5","-950","625"
"401856887","Oklahoma","","Ole Miss","","Oklahoma -4","DraftKings","53.5","-4","-4","53.5","-198","164"
"401856879","Texas Tech","","TCU","","Texas Tech -16.5","DraftKings","55.5","-16.5","-16.5","55.5","-950","625"
"401856759","Florida State","","Florida","","Florida -4.5","DraftKings","52.5","4.5","4.5","52.5","170","-205"
"401858543","UCLA","","USC","","USC -10.5","DraftKings","55.5","10.5","10.5","55.5","360","-470"
"401858291","Notre Dame","","Miami","","Notre Dame -6.5","DraftKings","54.5","-6.5","-6.5","54.5","-238","195"
"401858490","Michigan","","Penn State","","Michigan -6.5","DraftKings","51.5","-6.5","-6.5","51.5","-270","220"
"401856837","Utah","","Houston","","Utah -6.5","DraftKings","50.5","-6.5","-6.5","50.5","-258","210"
"401858266","Duke","","North Carolina","","Duke -4.5","DraftKings","54.5","-4.5","-4.5","54.5","-225","185"
"401856717","Oklahoma","","Texas","","Texas -6","DraftKings","48.5","6","6","48.5","180","-218"
"401856765","Vanderbilt","","Tennessee","","Tennessee -3","DraftKings","57.5","3","3","57.5","136","-162"
"401858492","Oregon","","Nebraska","","Oregon -21.5","DraftKings","51.5","-21.5","-21.5","51.5","-3600","1500"
"401858496","Michigan","","Indiana","","Indiana -6","DraftKings","52.5","6","6","52.5","210","-258"
"401856809","BYU","","Notre Dame","","Notre Dame -10","DraftKings","54.5","10","10","54.5","340","-440"
"401858296","Miami","","Duke","","Miami -21","DraftKings","55.5","-21","-21","55.5","-1800","1000"
"401858307","Notre Dame","","SMU","","Notre Dame -17.5","DraftKings","56.5","-17.5","-17.5","56.5","-1200","750"
"401856754","Tennessee","","LSU","","LSU -1.5","DraftKings","57.5","1.5","1.5","57.5","100","-120"
"401856849","Utah","","BYU","","Utah -3","DraftKings","51.5","-3","-3","51.5","-142","120"
"401858488","Indiana","","Ohio State","","Indiana -1.5","DraftKings","48.5","-1.5","1.5","48.5","-110","-110"
"401856727","Alabama","","Texas A&M","","Alabama -2.5","DraftKings","54.5","-2.5","-2.5","54.5","-142","120"
"401856863","Oklahoma State","","Texas Tech","","Texas Tech -15.5","DraftKings","61.5","15.5","15.5","61.5","500","-700"
"401856757","Alabama","","Auburn","","Alabama -10","DraftKings","52.5","-10","-10","53.5","-425","330"
"401856830","Kansas State","","Kansas","","Kansas State -7.5","DraftKings","54.5","-7.5","-7.5","54.5","-290","235"
"401856723","Tennessee","","Alabama","","Alabama -1.5","DraftKings","56.5","1.5","1.5","56.5","100","-120"
"401856719","Georgia","","Auburn","","Georgia -16.5","DraftKings","54.5","-16.5","-16.5","54.5","-1200","750"
"401856888","Texas A&M","","Tennessee","","Texas A&M -8.5","DraftKings","55.5","-8.5","-8.5","55.5","-360","285"
"401856762","Ole Miss","","Mississippi State","","Ole Miss -14.5","DraftKings","57.5","-14.5","-14.5","56.5","-600","440"
"401856756","Texas A&M","","Texas","","Texas -2.5","DraftKings","53.5","2.5","2.5","53.5","120","-142"
"401856732","Texas","","Ole Miss","","Texas -8.5","DraftKings","54.5","-8.5","-8.5","54.5","-310","250"
"401858541","Oregon","","Washington","","Oregon -15.5","DraftKings","54.5","-15.5","-15.5","54.5","-700","500"
"401858302","Miami","","Virginia Tech","","Miami -16.5","DraftKings","56.5","-16.5","-16.5","56.5","-1050","675"
"401858280","Florida State","","Clemson","","Clemson -1.5","DraftKings","51.5","1.5","1.5","51.5","-108","-112"
"401856752","Oklahoma","","Texas A&M","","Oklahoma -2.5","DraftKings","51.5","-2.5","-2.5","51.5","-142","120"
"401858250","North Carolina","","Notre Dame","","Notre Dame -21","DraftKings","47.5","21","23.5","55.5","950","-1650"
"401858250","North Carolina","","Notre Dame","","Notre Dame -21.0","Bovada","47","21","21.5","48","850","-1800"
"401858202","Virginia","34","NC State","8","Virginia -4.0","Bovada","50.5","-4","-3.5","54.5","-145","125"
"401858202","Virginia","34","NC State","8","Virginia -4","DraftKings","50.5","-4","","","-185","154"
"401856667","Texas","59","Texas State","7","Texas -29.5","DraftKings","61.5","-29.5","-30.5","","-9000","2500"
"401856667","Texas","59","Texas State","7","Texas -29.5","Bovada","60","-29.5","-30.5","59.5","-10000","2500"
"401868118","Utah Tech","0","Montana State","54","Montana State -32.5","DraftKings","57.5","32.5","31.5","56.5","",""
"401868139","Western Carolina","45","Eastern Kentucky","21","Western Carolina -3","DraftKings","54.5","-3","-4.5","50.5","-152","122"
"401868149","North Alabama","22","Samford","10","North Alabama -7","DraftKings","55.5","-7","-7.5","55.5","-313","239"
"401868235","Tarleton State","49","Prairie View A&M","30","Tarleton State -19.5","DraftKings","54.5","-19.5","-21.5","54.5","-1540","770"
"401868305","McNeese","27","Stephen F. Austin","38","Stephen F. Austin -12.5","DraftKings","49.5","12.5","13.5","49.5","328","-453"
"401872615","South Dakota State","70","Stetson","7","South Dakota State -50.5","DraftKings","58.5","-50.5","-47.5","56.5","",""
"401874042","Mercer","23","East Texas A&M","15","Mercer -22.5","DraftKings","57.5","-22.5","-23.5","60.5","-3200","1100"
"401867935","Howard","31","Alabama A&M","24","Alabama A&M -1.5","DraftKings","46.5","1.5","-2.5","46.5","-124","100"
"401868049","Lamar","21","Abilene Christian","14","Abilene Christian -7.5","DraftKings","49.5","7.5","7.5","49.5","232","-303"
"401868110","Montana","28","Southern Utah","21","Montana -15.5","DraftKings","59.5","-15.5","-16.5","58.5","-1080","620"
"401868007","Fordham","14","Colgate","24","Colgate -8.5","DraftKings","55.5","8.5","10","50.5","242","-318"
"401868073","Cal Poly","38","Idaho","34","Idaho -5.5","DraftKings","53.5","5.5","3.5","55.5","172","-219"
"401868154","Portland State","24","UC Davis","31","UC Davis -25.5","DraftKings","60.5","25.5","24.5","62.5","1300","-5400"
"401868194","Tennessee State","24","Jackson State","26","Jackson State -12.5","DraftKings","49.5","12.5","15.5","49.5","435","-650"
"401868261","New Haven","22","Marist","21","New Haven -2.5","DraftKings","46.5","-2.5","1.5","44.5","-145","116"
"401862693","UNLV","21","Memphis","27","UNLV -5.0","Bovada","55.5","-5","-3","60.5","-170","145"
"401862693","UNLV","21","Memphis","27","UNLV -4.5","DraftKings","55.5","-4.5","-3","","-198","164"
"401858436","USC","39","Fresno State","0","USC -22.5","Bovada","51","-22.5","-23","51.5","-3500","1100"
"401858436","USC","39","Fresno State","0","USC -21.5","DraftKings","51.5","-21.5","-23.5","","-1800","1000"
"401858428","Michigan","13","Western Michigan","12","Michigan -27.5","Bovada","49.5","-27.5","-26.5","47.5","-7000","1300"
"401858428","Michigan","13","Western Michigan","12","Michigan -27.5","DraftKings","50.5","-27.5","-26.5","","-6500","2000"
"401858424","Illinois","42","UAB","23","Illinois -26.5","Bovada","54.5","-26.5","-27.5","56.5","-8000","1400"
"401858424","Illinois","42","UAB","23","Illinois -25.5","DraftKings","53.5","-25.5","-27.5","","-3600","1500"
"401864498","New Mexico","38","Central Michigan","7","New Mexico -11.0","Bovada","47","-11","-12.5","49","-575","400"
"401864498","New Mexico","38","Central Michigan","7","New Mexico -11.5","DraftKings","47.5","-11.5","-12.5","","-440","340"
"401858437","Washington","24","Washington State","10","Washington -23.0","Bovada","51","-23","-21.5","50.5","-2200","1000"
"401858437","Washington","24","Washington State","10","Washington -23.5","DraftKings","51.5","-23.5","-21.5","","-2800","1300"
"401858201","Stanford","37","Hawai'i","27","Stanford -5.0","Bovada","48.5","-5","-3","50.5","-170","145"
"401858201","Stanford","37","Hawai'i","27","Stanford -4.5","DraftKings","48.5","-4.5","-3","","-205","170"
"401856766","TCU","10","North Carolina","15","TCU -7.5","Bovada","46","-7.5","-7.5","50.5","-235","195"
"401856766","TCU","10","North Carolina","15","TCU -7.5","DraftKings","46.5","-7.5","","","-310","250"
"401858206","Stanford","6","Miami","45","Miami -24.5","Bovada","46.5","24.5","21.5","48.5","1100","-3500"
"401858206","Stanford","6","Miami","45","Miami -24.5","DraftKings","46.5","24.5","21.5","","1600","-4000"
"401864497","Hawai'i","6","UNLV","21","UNLV -3.0","Bovada","55.5","3","1.5","58.5","130","-150"
"401864497","Hawai'i","6","UNLV","21","UNLV -2.5","DraftKings","55.5","2.5","1.5","","120","-142"
"401858426","Iowa","40","Northern Illinois","0","Iowa -32.0","Bovada","44.5","-32","-29.5","43.5","-100000","4500"
"401858426","Iowa","40","Northern Illinois","0","Iowa -31.5","DraftKings","44.5","-31.5","-29.5","","-10000","3000"
"401856665","South Carolina","57","Kent State","0","South Carolina -36.5","Bovada","53.5","-36.5","-34.5","52.5","-100000","-100000"
"401856665","South Carolina","57","Kent State","0","South Carolina -35.5","DraftKings","52.5","-35.5","-33.5","","-50000","4000"
"401864494","USC","42","San José State","26","USC -37.0","Bovada","60.5","-37","-35.5","57.5","-100000","3500"
"401864494","USC","42","San José State","26","USC -37.5","DraftKings","61.5","-37.5","-35.5","","-100000","5000"
"401858438","Notre Dame","41","Wisconsin","13","Notre Dame -20.5","Bovada","46.5","-20.5","-16.5","46.5","-2500","1000"
"401858438","Notre Dame","41","Wisconsin","13","Notre Dame -21","DraftKings","45.5","-21","","47.5","-1800","1000"
"401856636","Auburn","17","Baylor","16","Auburn -6.5","Bovada","58.5","-6.5","-7.5","58.5","-270","220"
"401856636","Auburn","17","Baylor","16","Auburn -6.5","DraftKings","58.5","-6.5","-6.5","","-270","220"
"401866408","Eastern Michigan","28","Sacramento State","17","Eastern Michigan -9.0","Bovada","53","-9","-8.5","52.5","-330","265"
"401866408","Eastern Michigan","28","Sacramento State","17","Eastern Michigan -9.5","DraftKings","52.5","-9.5","-8.5","","-355","280"
"401862699","South Florida","19","Florida International","9","South Florida -14.5","Bovada","53","-14.5","-12.5","54.5","-460","340"
"401862699","South Florida","19","Florida International","9","South Florida -14.5","DraftKings","53.5","-14.5","-12.5","","-650","470"
"401870763","Troy","24","Sam Houston","21","Troy -16.5","Bovada","53","-16.5","-17","50.5","-1300","725"
"401870763","Troy","24","Sam Houston","21","Troy -15.5","DraftKings","52.5","-15.5","-17.5","","-850","575"
"401858217","Illinois","27","Duke","31","Illinois -6","DraftKings","51.5","-6","-8.5","","-250","205"
"401858217","Illinois","27","Duke","31","Illinois -6.5","Bovada","51.5","-6.5","-6","53.5","-235","195"
"401860878","Colorado State","35","Wyoming","13","Colorado State -2.5","DraftKings","45.5","-2.5","-4","","-142","120"
"401860878","Colorado State","35","Wyoming","13","Colorado State -3.0","Bovada","46.5","-3","-4","47.5","-180","155"
"401860884","Texas State","26","UTSA","31","Texas State -1.5","DraftKings","65.5","-1.5","-1.5","","-135","114"
"401860884","Texas State","26","UTSA","31","Texas State -1.5","Bovada","65.5","-1.5","1","64.5","-110","-110"
"401864570","Florida State","34","New Mexico State","17","Florida State -31.0","Bovada","53.5","-31","-29.5","53.5","-100000","2800"
"401864570","Florida State","34","New Mexico State","17","Florida State -30.5","DraftKings","53.5","-30.5","-28.5","","-8000","2200"
"401858210","California","24","UCLA","45","UCLA -2.5","Bovada","53.5","2.5","-3.5","53.5","110","-130"
"401858210","California","24","UCLA","45","UCLA -2.5","DraftKings","53.5","2.5","-1.5","","120","-142"
"401856634","Alabama","48","East Carolina","10","Alabama -28.0","Bovada","52.5","-28","-25.5","53.5","-7500","1400"
"401856634","Alabama","48","East Carolina","10","Alabama -28.5","DraftKings","52.5","-28.5","-25.5","","-5000","1800"
"401856637","Florida","66","Florida Atlantic","21","Florida -26.5","Bovada","59.5","-26.5","-25.5","56.5","-6500","1300"
"401856637","Florida","66","Florida Atlantic","21","Florida -26.5","DraftKings","59.5","-26.5","-25.5","","-2400","1200"
"401869960","James Madison","20","Liberty","13","James Madison -6.0","Bovada","50.5","-6","-6","50.5","-250","210"
"401869960","James Madison","20","Liberty","13","James Madison -6","DraftKings","50.5","-6","-6","","-225","185"
"401856778","Houston","33","Oregon State","20","Houston -20.5","Bovada","50.5","-20.5","-18.5","51.5","-1300","725"
"401856778","Houston","33","Oregon State","20","Houston -21","DraftKings","50.5","-21","-18.5","","-1450","850"
"401864577","North Dakota State","33","Jacksonville State","7","North Dakota State -7.0","Bovada","46.5","-7","-10","48.5","-330","265"
"401864577","North Dakota State","33","Jacksonville State","7","North Dakota State -6.5","DraftKings","46.5","-6.5","-10","","-265","215"
"401858434","Penn State","45","Marshall","0","Penn State -23.0","Bovada","52","-23","-23.5","54.5","-3500","1100"
"401858434","Penn State","45","Marshall","0","Penn State -23.5","DraftKings","53.5","-23.5","-23.5","","-1800","1000"
"401858433","Oregon","34","Boise State","27","Oregon -25.0","Bovada","51.5","-25","-24.5","53.5","-3300","1100"
"401858433","Oregon","34","Boise State","27","Oregon -24.5","DraftKings","53.5","-24.5","-24.5","","-2800","1300"
"401856769","Kansas","51","Long Island University","6","Kansas -42.0","Bovada","54.5","-42","-42","54.5","",""
"401856769","Kansas","51","Long Island University","6","Kansas -44.5","DraftKings","57.5","-44.5","-38.5","53.5","",""
"401856790","Pittsburgh","12","UCF","7","Pittsburgh -7.5","DraftKings","55.5","-7.5","-8.5","51.5","-298","240"
"401856790","Pittsburgh","12","UCF","7","Pittsburgh -7.0","Bovada","55","-7","-7.5","57","-300","250"
"401858216","Syracuse","18","California","21","Syracuse -4","DraftKings","56.5","-4","1.5","52.5","-198","164"
"401858216","Syracuse","18","California","21","Syracuse -4.0","Bovada","57","-4","-3","56","-165","140"
"401858435","Purdue","44","Indiana State","19","Purdue -35.5","Bovada","56","-35.5","-35.5","56","",""
"401858435","Purdue","44","Indiana State","19","Purdue -35.5","DraftKings","55.5","-35.5","-34.5","56.5","",""
"401858212","Florida State","24","SMU","27","SMU -3.0","Bovada","54.5","3","2.5","52.5","145","-170"
"401858212","Florida State","24","SMU","27","SMU -3","DraftKings","52.5","3","","","130","-155"
"401858207","Pittsburgh","59","Miami (OH)","14","Pittsburgh -16.0","Bovada","47","-16","-16.5","50.5","-800","525"
"401858207","Pittsburgh","59","Miami (OH)","14","Pittsburgh -16.5","DraftKings","47.5","-16.5","-16.5","","-850","575"
"401858204","Wake Forest","38","Akron","16","Wake Forest -27.5","Bovada","50.5","-27.5","-22.5","49.5","-3500","1100"
"401858204","Wake Forest","38","Akron","16","Wake Forest -27.5","DraftKings","50.5","-27.5","-22.5","","-3600","1500"
"401856780","West Virginia","31","Coastal Carolina","24","West Virginia -21.0","Bovada","54.5","-21","-17.5","57.5","-1725","-100000"
"401856780","West Virginia","31","Coastal Carolina","24","West Virginia -21","DraftKings","54.5","-21","-17.5","","-1450","850"
"401858209","Duke","17","Tulane","3","Duke -8.0","Bovada","50.5","-8","-8.5","53.5","-480","350"
"401858209","Duke","17","Tulane","3","Duke -9.5","DraftKings","51.5","-9.5","-8.5","","-380","300"
"401858537","Northwestern","","Illinois","","Illinois -3.5","DraftKings","52.5","3.5","3.5","52.5","145","-175"
"401864432","Nevada","49","Western Kentucky","14","Western Kentucky -1.5","DraftKings","51.5","1.5","4.5","","-108","-112"
"401864432","Nevada","49","Western Kentucky","14","Nevada -1.0","Bovada","51.5","-1","4","53.5","120","-140"
"401864495","Eastern Michigan","21","San José State","27","Eastern Michigan -1.5","DraftKings","54.5","-1.5","-3.5","","-115","-105"
"401864495","Eastern Michigan","21","San José State","27","Eastern Michigan -1.5","Bovada","55","-1.5","-3.5","53.5","-170","145"
"401867692","William & Mary","22","Delaware State","15","William & Mary -9.5","DraftKings","54.5","-9.5","-10","56.5","-348","262"
"401867845","Western Illinois","10","Illinois State","41","Illinois State -20.5","DraftKings","58.5","20.5","23.5","59.5","990","-2500"
"401868186","Wofford","17","Gardner-Webb","13","Wofford -8.5","DraftKings","50.5","-8.5","-7","47.5","-300","230"
"401866623","Georgia State","59","North Carolina A&T","10","Georgia State -28.0","Bovada","61","-28","-28","61","",""
"401866623","Georgia State","59","North Carolina A&T","10","Georgia State -28.5","DraftKings","58.5","-28.5","-28.5","63.5","-4000","1600"
"401862701","Army","59","Bryant","3","Army -37.0","Bovada","50.5","-37","-37","50.5","",""
"401862701","Army","59","Bryant","3","Army -37.5","DraftKings","51.5","-37.5","-36.5","","",""
"401864496","Air Force","34","Duquesne","0","Air Force -28.5","Bovada","57.5","-28.5","-28.5","57.5","",""
"401864496","Air Force","34","Duquesne","0","Air Force -31.5","DraftKings","55.5","-31.5","-30.5","58.5","-6500","2000"
"401861962","UConn","56","Lafayette","7","UConn -19.5","Bovada","51.5","-19.5","-19.5","51.5","-1300","725"
"401861962","UConn","56","Lafayette","7","UConn -21.5","DraftKings","51.5","-21.5","-19.5","58.5","-1800","1000"
"401866410","Bowling Green","13","Tarleton State","20","Bowling Green -2.0","Bovada","48","-2","-2","48","-125","105"
"401866410","Bowling Green","13","Tarleton State","20","Bowling Green -1.5","DraftKings","49.5","-1.5","-2.5","47.5","-120","100"
"401862698","Temple","38","Rhode Island","14","Temple -14.5","Bovada","51","-14.5","-14.5","51","-700","475"
"401862698","Temple","38","Rhode Island","14","Temple -14.5","DraftKings","51.5","-14.5","-10","51.5","-700","500"
"401858208","Syracuse","66","New Hampshire","3","Syracuse -34.5","Bovada","55.5","-34.5","-34.5","55","",""
"401858208","Syracuse","66","New Hampshire","3","Syracuse -35.5","DraftKings","56.5","-35.5","-32.5","55.5","-100000","5000"
"401856659","Kentucky","45","Youngstown State","13","Kentucky -22.0","Bovada","62.5","-22","-23","62.5","-2200","1000"
"401856659","Kentucky","45","Youngstown State","13","Kentucky -22.5","DraftKings","61.5","-22.5","-23.5","62.5","-1600","900"
"401856673","Georgia","70","Western Kentucky","20","Georgia -40.5","DraftKings","55.5","-40.5","-35.5","52.5","",""
"401856673","Georgia","70","Western Kentucky","20","Georgia -40.0","Bovada","56","-40","-39.5","54","",""
"401856781","Kansas State","34","Washington State","7","Kansas State -17.5","DraftKings","48.5","-17.5","-16.5","51.5","-1050","675"
"401856781","Kansas State","34","Washington State","7","Kansas State -18.0","Bovada","48","-18","-18.5","49","-1100","650"
"401856783","Oregon State","24","Texas Tech","35","Texas Tech -25.5","DraftKings","52.5","25.5","27.5","49.5","1400","-3200"
"401856783","Oregon State","24","Texas Tech","35","Texas Tech -25.5","Bovada","52.5","25.5","26.5","51.5","1300","-5000"
"401858425","Indiana","52","North Texas","16","Indiana -40.5","Bovada","56","-40.5","-40.5","55.5","",""
"401858425","Indiana","52","North Texas","16","Indiana -39.5","DraftKings","57.5","-39.5","-40.5","","",""
"401858430","Nebraska","49","Ohio","21","Nebraska -24.0","Bovada","46.5","-24","-23.5","47.5","-2800","1100"
"401858430","Nebraska","49","Ohio","21","Nebraska -23.5","DraftKings","47.5","-23.5","-23.5","","-2100","1100"
"401856658","Georgia","63","Tennessee State","3","Georgia -49.0","Bovada","55","-49","-48","54.5","",""
"401856658","Georgia","63","Tennessee State","3","Georgia -49.5","DraftKings","55.5","-49.5","-46.5","56.5","",""
"401856777","Cincinnati","34","Boston College","15","Cincinnati -7.0","Bovada","51","-7","-9.5","54.5","-270","220"
"401856777","Cincinnati","34","Boston College","15","Cincinnati -7","DraftKings","51.5","-7","-9.5","","-278","225"
"401862695","Memphis","42","Arkansas State","24","Memphis -10.5","Bovada","52","-10.5","-10.5","55.5","-340","270"
"401862695","Memphis","42","Arkansas State","24","Memphis -10.5","DraftKings","52.5","-10.5","-10.5","","-395","310"
"401856660","LSU","51","Clemson","10","LSU -10.0","Bovada","50","-10","-11.5","51.5","-480","350"
"401856660","LSU","51","Clemson","10","LSU -10","DraftKings","48.5","-10","","","-410","320"
"401856662","Mississippi State","62","UL Monroe","13","Mississippi State -28.5","Bovada","55","-28.5","-28.5","55.5","-100000","2500"
"401856662","Mississippi State","62","UL Monroe","13","Mississippi State -28.5","DraftKings","54.5","-28.5","-28.5","","-4000","1600"
"401858432","Ohio State","56","Ball State","3","Ohio State -51.0","Bovada","56.5","-51","-50.5","56.5","",""
"401858432","Ohio State","56","Ball State","3","Ohio State -50.5","DraftKings","55.5","-50.5","-49.5","","",""
"401858429","Michigan State","30","Toledo","20","Michigan State -10","DraftKings","48.5","-10","-10.5","","-410","320"
"401858429","Michigan State","30","Toledo","20","Michigan State -10.0","Bovada","48.5","-10","-10.5","49.5","-410","305"
"401856776","Georgia Tech","13","Colorado","14","Georgia Tech -6.5","Bovada","52.5","-6.5","-7","51.5","-290","240"
"401856776","Georgia Tech","13","Colorado","14","Georgia Tech -6.5","DraftKings","53.5","-6.5","-7","","-238","195"
"401856668","Texas A&M","50","Missouri State","0","Texas A&M -40.5","Bovada","53.5","-40.5","-38.5","52.5","",""
"401856668","Texas A&M","50","Missouri State","0","Texas A&M -38.5","DraftKings","53.5","-38.5","-38.5","","",""
"401856661","Ole Miss","41","Louisville","38","Ole Miss -6.5","Bovada","55","-6.5","-8.5","52.5","-270","220"
"401856661","Ole Miss","41","Louisville","38","Ole Miss -6.5","DraftKings","54.5","-6.5","","","-258","210"
"401856664","Oklahoma","51","UTEP","0","Oklahoma -41.0","Bovada","51","-41","-40.5","50.5","",""
"401856664","Oklahoma","51","UTEP","0","Oklahoma -40.5","DraftKings","51.5","-40.5","-40.5","","",""
"401864499","North Dakota State","38","Fordham","0","North Dakota State -41.5","Bovada","54","-41.5","-41.5","56","",""
"401864499","North Dakota State","38","Fordham","0","North Dakota State -41.5","DraftKings","54.5","-41.5","-39.5","57.5","",""
"401856666","Tennessee","56","Furman","9","Tennessee -49.0","Bovada","66.5","-49","-48","66.5","",""
"401856666","Tennessee","56","Furman","9","Tennessee -49.5","DraftKings","66.5","-49.5","-46.5","66.5","",""
"401866627","App State","55","Maine","3","App State -21.0","Bovada","54","-21","-19.5","53.5","-1300","725"
"401866627","App State","55","Maine","3","App State -21","DraftKings","53.5","-21","-17.5","53.5","-1450","850"
"401856772","Tulsa","24","Oklahoma State","10","Oklahoma State -13.0","Bovada","57.5","13","11.5","61.5","390","-550"
"401856772","Tulsa","24","Oklahoma State","10","Oklahoma State -13.5","DraftKings","57.5","13.5","11.5","","410","-550"
"401856684","Vanderbilt","35","Delaware","26","Vanderbilt -20.5","DraftKings","54.5","-20.5","-21.5","55.5","-1350","800"
"401856684","Vanderbilt","35","Delaware","26","Vanderbilt -21.0","Bovada","54.5","-21","-21","53.5","-1800","850"
"401858440","Michigan State","35","Eastern Michigan","7","Michigan State -17.5","Bovada","50","-17.5","-17","51","-1000","625"
"401858440","Michigan State","35","Eastern Michigan","7","Michigan State -17.5","DraftKings","49.5","-17.5","-15.5","51.5","-900","600"
"401856810","BYU","28","Arizona","17","BYU -7.0","Bovada","49","-7","-7.5","50.5","-310","255"
"401856810","BYU","28","Arizona","17","BYU -6.5","DraftKings","49.5","-6.5","-6.5","","-270","220"
"401856674","Kentucky","17","Alabama","45","Alabama -8.0","Bovada","47","8","10.5","49","320","-430"
"401856674","Kentucky","17","Alabama","45","Alabama -9.5","DraftKings","47.5","9.5","10.5","","285","-360"
"401856676","Ole Miss","41","Charlotte","9","Ole Miss -44.5","DraftKings","59.5","-44.5","-46.5","61.5","",""
"401856676","Ole Miss","41","Charlotte","9","Ole Miss -44.5","Bovada","59.5","-44.5","-47.5","61.5","",""
"401858214","Boston College","28","Rutgers","21","Boston College -3","DraftKings","53.5","-3","-3.5","","-148","124"
"401858214","Boston College","28","Rutgers","21","Boston College -3.0","Bovada","53.5","-3","-3.5","54.5","-170","145"
"401864571","East Carolina","24","App State","27","East Carolina -6.5","Bovada","56","-6.5","-8","56.5","-350","275"
"401864571","East Carolina","24","App State","27","East Carolina -6.5","DraftKings","55.5","-6.5","-11.5","56.5","-250","205"
"401862702","Army","24","South Florida","28","Army -3.0","Bovada","45.5","-3","-3.5","49.5","-175","150"
"401862702","Army","24","South Florida","28","Army -3","DraftKings","45.5","-3","-1.5","52.5","-166","140"
"401856677","Minnesota","13","Mississippi State","38","Mississippi State -1.5","DraftKings","53.5","1.5","-2.5","","-110","-110"
"401856677","Minnesota","13","Mississippi State","38","Minnesota -1.0","Bovada","53.5","-1","1","55.5","-115","-105"
"401858224","Purdue","36","Wake Forest","38","Wake Forest -2.5","DraftKings","51.5","2.5","3.5","49.5","124","-148"
"401858224","Purdue","36","Wake Forest","38","Wake Forest -2.5","Bovada","51","2.5","4.5","50","160","-185"
"401860883","Fresno State","49","Sacramento State","3","Fresno State -17.5","DraftKings","43.5","-17.5","-18.5","48.5","-900","600"
"401860883","Fresno State","49","Sacramento State","3","Fresno State -18.5","Bovada","43.5","-18.5","-18","46","-1100","650"
"401862707","Sam Houston","17","Tulsa","23","Tulsa -12.5","DraftKings","51.5","12.5","10.5","53.5","380","-500"
"401862707","Sam Houston","17","Tulsa","23","Tulsa -11.5","Bovada","52","11.5","13.5","52","425","-600"
"401864502","Air Force","32","North Dakota State","38","North Dakota State -1.5","DraftKings","48.5","1.5","6.5","49.5","105","-125"
"401864502","Air Force","32","North Dakota State","38","North Dakota State -2.0","Bovada","48.5","2","3.5","47.5","140","-165"
"401866414","Florida International","33","Buffalo","20","Florida International -8.5","DraftKings","47.5","-8.5","-10.5","51.5","-345","275"
"401866414","Florida International","33","Buffalo","20","Florida International -9.0","Bovada","47.5","-9","-10","48.5","-415","310"
"401867796","LSU","45","Louisiana Tech","14","LSU -34.5","DraftKings","54.5","-34.5","-31.5","55.5","-20000","3500"
"401867796","LSU","45","Louisiana Tech","14","LSU -35.0","Bovada","55","-35","-33.5","55.5","",""
"401858442","Temple","9","Penn State","27","Penn State -24.0","Bovada","50","24","23.5","49.5","1100","-3300"
"401858442","Temple","9","Penn State","27","Penn State -24.5","DraftKings","49.5","24.5","21.5","51.5","1300","-2800"
"401869955","Kennesaw State","17","Georgia State","31","Kennesaw State -7.5","DraftKings","55.5","-7.5","-9.5","50.5","-298","240"
"401869955","Kennesaw State","17","Georgia State","31","Kennesaw State -7.5","Bovada","55.5","-7.5","-9","51","-360","280"
"401862694","Charlotte","41","The Citadel","43","Charlotte -20.5","Bovada","49","-20.5","-20","46.5","-1400","750"
"401862694","Charlotte","41","The Citadel","43","Charlotte -20.5","DraftKings","49.5","-20.5","-15.5","46.5","-1650","950"
"401858221","Virginia Tech","44","Old Dominion","21","Virginia Tech -18.0","Bovada","47.5","-18","-18.5","51","-1200","700"
"401858221","Virginia Tech","44","Old Dominion","21","Virginia Tech -17.5","DraftKings","47.5","-17.5","-14","","-1000","650"
"401862708","UAB","26","UL Monroe","20","UAB -9.0","Bovada","53.5","-9","-10.5","56","-435","325"
"401862708","UAB","26","UL Monroe","20","UAB -9.5","DraftKings","53.5","-9.5","-7.5","54.5","-360","285"
"401862705","North Texas","44","UNLV","6","UNLV -2.5","Bovada","58","2.5","4.5","57","160","-185"
"401862705","North Texas","44","UNLV","6","UNLV -3","DraftKings","58.5","3","6.5","61.5","124","-148"
"401866418","Ohio","29","Jacksonville State","27","Ohio -2.0","Bovada","50","-2","-2","51.5","-125","105"
"401866418","Ohio","29","Jacksonville State","27","Ohio -1.5","DraftKings","48.5","-1.5","-2.5","48.5","-125","105"
"401862696","Navy","42","Towson","15","Navy -30.5","Bovada","50.5","-30.5","-30.5","50.5","",""
"401862696","Navy","42","Towson","15","Navy -31.5","DraftKings","50.5","-31.5","-30.5","53.5","-100000","5000"
"401856635","Arkansas","31","North Alabama","14","Arkansas -40.5","Bovada","63","-40.5","-40.5","63","",""
"401856635","Arkansas","31","North Alabama","14","Arkansas -40.5","DraftKings","63.5","-40.5","-40.5","63.5","",""
"401860881","Boise State","38","Memphis","20","Boise State -9.0","Bovada","54.5","-9","-7.5","55.5","-330","265"
"401860881","Boise State","38","Memphis","20","Boise State -9.5","DraftKings","54.5","-9.5","-6.5","","-360","285"
"401858441","Nebraska","56","Bowling Green","7","Nebraska -30.5","Bovada","49","-30.5","-29","52","-10000","1600"
"401858441","Nebraska","56","Bowling Green","7","Nebraska -30.5","DraftKings","48.5","-30.5","-25.5","48.5","-9000","2500"
"401871045","Marshall","28","Middle Tennessee","26","Marshall -13.0","Bovada","55.5","-13","-14","57.5","-750","500"
"401871045","Marshall","28","Middle Tennessee","26","Marshall -11.5","DraftKings","56.5","-11.5","-17.5","57.5","-535","400"
"401864575","Tulane","28","South Alabama","24","Tulane -9.5","Bovada","47.5","-9.5","-10","50.5","-420","315"
"401864575","Tulane","28","South Alabama","24","Tulane -9.5","DraftKings","48.5","-9.5","-10","55.5","-360","285"
"401856681","Georgia Tech","24","Tennessee","45","Tennessee -12.5","Bovada","55.5","12.5","13.5","55","390","-550"
"401856681","Georgia Tech","24","Tennessee","45","Tennessee -12.5","DraftKings","55.5","12.5","8.5","","370","-485"
"401856671","Auburn","43","Southern Miss","8","Auburn -32.5","DraftKings","56.5","-32.5","-29.5","52.5","-10000","3000"
"401856671","Auburn","43","Southern Miss","8","Auburn -33.0","Bovada","57","-33","-30","53","",""
"401858444","UConn","14","Maryland","38","Maryland -11.5","Bovada","52.5","11.5","12.5","53.5","360","-500"
"401858444","UConn","14","Maryland","38","Maryland -11.5","DraftKings","52.5","11.5","12.5","53.5","350","-455"
"401858443","UCLA","28","San Diego State","10","UCLA -13.5","Bovada","53.5","-13.5","-11.5","53","-490","355"
"401858443","UCLA","28","San Diego State","10","UCLA -13.5","DraftKings","53.5","-13.5","-8.5","","-535","400"
"401858219","Clemson","22","Georgia Southern","7","Clemson -19.5","Bovada","54.5","-19.5","-21","55.5","-1800","850"
"401858219","Clemson","22","Georgia Southern","7","Clemson -20.5","DraftKings","54.5","-20.5","-26.5","57.5","-1350","800"
"401862703","Florida Atlantic","38","Navy","30","Navy -4.5","DraftKings","59.5","4.5","6.5","57.5","164","-198"
"401862703","Florida Atlantic","38","Navy","30","Navy -4.5","Bovada","59.5","4.5","5.5","59","185","-225"
"401864578","Hawai'i","29","New Mexico State","19","Hawai'i -7.5","Bovada","50","-7.5","-10","50.5","-410","305"
"401864578","Hawai'i","29","New Mexico State","19","Hawai'i -7.5","DraftKings","50.5","-7.5","-11.5","51.5","-298","240"
"401858445","USC","49","Louisiana","30","USC -31.0","Bovada","58.5","-31","-31","60","-10000","1600"
"401858445","USC","49","Louisiana","30","USC -30.5","DraftKings","58.5","-30.5","-28.5","63.5","-5000","1800"
"401856791","West Virginia","52","UT Martin","7","West Virginia -41.5","Bovada","57.5","-41.5","-42","55.5","",""
"401856791","West Virginia","52","UT Martin","7","West Virginia -41.5","DraftKings","57.5","-41.5","-40.5","55.5","",""
"401858213","Miami","77","Florida A&M","7","Miami -59.5","Bovada","65","-59.5","-56.5","62.5","",""
"401858213","Miami","77","Florida A&M","7","Miami -59.5","DraftKings","66.5","-59.5","-55.5","62.5","",""
"401858215","Louisville","59","Villanova","13","Louisville -38.5","Bovada","57","-38.5","-36.5","56","",""
"401858215","Louisville","59","Villanova","13","Louisville -39.5","DraftKings","56.5","-39.5","-36.5","55.5","",""
"401867929","James Madison","87","Wagner","3","James Madison -46.5","Bovada","57","-46.5","-45.5","55","",""
"401867929","James Madison","87","Wagner","3","James Madison -46.5","DraftKings","56.5","-46.5","-45.5","54.5","",""
"401856686","Arkansas","17","Georgia","45","Georgia -24.5","DraftKings","54.5","24.5","17.5","52.5","1300","-2800"
"401856686","Arkansas","17","Georgia","45","Georgia -24.5","Bovada","55","24.5","24.5","54","1100","-3300"
"401866417","Miami (OH)","45","Holy Cross","7","Miami (OH) -30.5","Bovada","47","-30.5","-30.5","50","",""
"401866417","Miami (OH)","45","Holy Cross","7","Miami (OH) -30.5","DraftKings","46.5","-30.5","-30.5","49.5","-6500","2000"
"401858446","Washington","16","Utah State","14","Washington -28.5","Bovada","55.5","-28.5","-26.5","55.5","-5000","1300"
"401858446","Washington","16","Utah State","14","Washington -28.5","DraftKings","55.5","-28.5","-24.5","56.5","-6500","2000"
"401859184","Notre Dame","52","Rice","0","Notre Dame -45.0","Bovada","54.5","-45","-44.5","54.5","",""
"401859184","Notre Dame","52","Rice","0","Notre Dame -44.5","DraftKings","54.5","-44.5","-44.5","52.5","",""
"401868187","Liberty","24","Gardner-Webb","23","Liberty -28.5","Bovada","55.5","-28.5","-27.5","55","",""
"401868187","Liberty","24","Gardner-Webb","23","Liberty -28.5","DraftKings","55.5","-28.5","-25.5","55.5","-4500","1700"
"401858218","North Carolina","35","East Tennessee State","3","North Carolina -35.5","Bovada","55","-35.5","-35.5","54","",""
"401858218","North Carolina","35","East Tennessee State","3","North Carolina -36.5","DraftKings","55.5","-36.5","-34.5","54.5","-100000","5000"
"401866413","Ball State","41","Stony Brook","17","Ball State -13.5","Bovada","53","-13.5","-14","54.5","-625","430"
"401866413","Ball State","41","Stony Brook","17","Ball State -13.5","DraftKings","52.5","-13.5","-14.5","57.5","-575","425"
"401866420","Massachusetts","37","Sacred Heart","10","Massachusetts -23.5","Bovada","53.5","-23.5","-23.5","53.5","-2500","1000"
"401866420","Massachusetts","37","Sacred Heart","10","Massachusetts -23.5","DraftKings","53.5","-23.5","-23.5","53.5","-2400","1200"
"401866416","Kent State","36","Wofford","15","Kent State -11.0","Bovada","47","-11","-11","47","",""
"401866416","Kent State","36","Wofford","15","Kent State -10","DraftKings","45.5","-10","-11.5","47.5","-455","350"
"401868112","Montana","35","Utah Tech","14","Montana -38.5","Bovada","56.5","-38.5","-38.5","56.5","",""
"401868112","Montana","35","Utah Tech","14","Montana -35.5","DraftKings","56.5","-35.5","-38.5","56.5","",""
"401866419","Toledo","63","Central Connecticut","10","Toledo -36.5","Bovada","52.5","-36.5","-36","54.5","",""
"401866419","Toledo","63","Central Connecticut","10","Toledo -36.5","DraftKings","52.5","-36.5","-33.5","55.5","-20000","3500"
"401858439","Indiana","55","Howard","0","Indiana -57.5","Bovada","67.5","-57.5","-57.5","66","",""
"401858439","Indiana","55","Howard","0","Indiana -57.5","DraftKings","67.5","-57.5","-56.5","64.5","",""
"401858220","Virginia","59","Norfolk State","3","Virginia -47.0","Bovada","56.5","-47","-45","55","",""
"401858220","Virginia","59","Norfolk State","3","Virginia -47.5","DraftKings","56.5","-47.5","-44.5","54.5","",""
"401866415","Central Michigan","13","Colgate","10","Central Michigan -18.5","Bovada","49","-18.5","-22","49.5","-1600","850"
"401866415","Central Michigan","13","Colgate","10","Central Michigan -18.5","DraftKings","48.5","-18.5","-23.5","49.5","-1600","900"
"401866412","Akron","45","Robert Morris","10","Akron -26.5","Bovada","45.5","-26.5","-27.5","44","-6500","1300"
"401866412","Akron","45","Robert Morris","10","Akron -26.5","DraftKings","45.5","-26.5","-27.5","41.5","-3200","1400"
"401856691","South Carolina","34","Mississippi State","41","South Carolina -3","DraftKings","59.5","-3","-7.5","54.5","-162","136"
"401856691","South Carolina","34","Mississippi State","41","South Carolina -3.0","Bovada","59","-3","-3.5","58.5","-165","140"
"401856784","Baylor","44","Prairie View A&M","3","Baylor -37.5","DraftKings","55.5","-37.5","-37.5","56.5","",""
"401856784","Baylor","44","Prairie View A&M","3","Baylor -37.5","Bovada","55.5","-37.5","-37.5","55.5","",""
"401856785","Colorado","52","Weber State","21","Colorado -38.5","DraftKings","57.5","-38.5","-33.5","53.5","-6500","2000"
"401856785","Colorado","52","Weber State","21","Colorado -38.5","Bovada","57.5","-38.5","-34.5","55.5","",""
"401856786","Cincinnati","62","Western Carolina","10","Cincinnati -36.5","DraftKings","61.5","-36.5","-36.5","60.5","",""
"401856786","Cincinnati","62","Western Carolina","10","Cincinnati -36.5","Bovada","61.5","-36.5","-36.5","60.5","",""
"401856787","Houston","77","Southern","6","Houston -51.5","DraftKings","61.5","-51.5","-51.5","60.5","",""
"401856787","Houston","77","Southern","6","Houston -52.0","Bovada","62","-52","-51.5","60.5","",""
"401865252","New Mexico","70","Mercyhurst","7","New Mexico -42.5","DraftKings","54.5","-42.5","-40.5","51.5","",""
"401865252","New Mexico","70","Mercyhurst","7","New Mexico -42.0","Bovada","54.5","-42","-41.5","52.5","",""
"401866421","Western Michigan","49","Monmouth","14","Western Michigan -28.5","Bovada","54.5","-28.5","-27.5","52.5","",""
"401866421","Western Michigan","49","Monmouth","14","Western Michigan -29.5","DraftKings","54.5","-29.5","-25.5","52.5","-5000","1800"
"401866628","Rhode Island","31","Elon","10","Rhode Island -8.5","DraftKings","48.5","-8.5","-8.5","48.5","-288","221"
"401867884","South Dakota","41","Eastern Washington","23","South Dakota -15.5","DraftKings","61.5","-15.5","-16.5","58.5","-740","482"
"401867890","Southern Illinois","34","Southeast Missouri State","20","Southern Illinois -7.5","DraftKings","53.5","-7.5","-7.5","53.5","-355","266"
"401867895","Youngstown State","70","Duquesne","13","Youngstown State -22.5","DraftKings","54.5","-22.5","-22.5","53.5","-2500","980"
"401867990","VMI","3","Bucknell","14","Bucknell -8.5","DraftKings","47.5","8.5","10.5","47.5","248","-327"
"401868028","Lafayette","13","Marist","9","Lafayette -15.5","DraftKings","47.5","-15.5","-12.5","47.5","-820","517"
"401858222","NC State","73","Richmond","0","NC State -33.0","Bovada","50.5","-33","-31","49.5","",""
"401858222","NC State","73","Richmond","0","NC State -33.5","DraftKings","50.5","-33.5","-30.5","48.5","-6500","2000"
"401868050","Abilene Christian","7","Stephen F. Austin","26","Stephen F. Austin -3","DraftKings","50.5","3","3","50.5","128","-160"
"401856789","TCU","63","Grambling","7","TCU -44.5","Bovada","56.5","-44.5","-44","54.5","",""
"401856789","TCU","63","Grambling","7","TCU -44.5","DraftKings","56.5","-44.5","-43.5","53.5","",""
"401868255","Northern Iowa","56","Drake","14","Northern Iowa -11.5","DraftKings","59.5","-11.5","-10.5","54.5","-521","368"
"401871046","Missouri State","48","Lindenwood","14","Missouri State -17.0","Bovada","53","-17","-17","52.5","-850","550"
"401871046","Missouri State","48","Lindenwood","14","Missouri State -16.5","DraftKings","53.5","-16.5","-19.5","52.5","-850","575"
"401858447","Wisconsin","36","Western Illinois","9","Wisconsin -43.0","Bovada","53","-43","-40","49.5","",""
"401858447","Wisconsin","36","Western Illinois","9","Wisconsin -43.5","DraftKings","53.5","-43.5","-38.5","48.5","",""
"401868285","Bethune-Cookman","43","Stetson","18","Bethune-Cookman -14.5","DraftKings","56.5","-14.5","-14.5","56.5","-880","545"
"401868386","Tennessee Tech","45","Samford","19","Tennessee Tech -26.5","DraftKings","48.5","-26.5","-26.5","48.5","-5900","1340"
"401868326","Troy","34","Alabama State","17","Troy -24.0","Bovada","52.5","-24","-22.5","51.5","-2000","950"
"401868326","Troy","34","Alabama State","17","Troy -23.5","DraftKings","52.5","-23.5","","51.5","-2100","1100"
"401864506","Wyoming","21","Northern Colorado","13","Wyoming -23.5","Bovada","44","-23.5","-22.5","47.5","-2000","950"
"401864506","Wyoming","21","Northern Colorado","13","Wyoming -23.5","DraftKings","44.5","-23.5","-22.5","47.5","-1800","1000"
"401856672","Florida","52","Campbell","3","Florida -51.5","Bovada","67","-51.5","-50.5","66","",""
"401856672","Florida","52","Campbell","3","Florida -51.5","DraftKings","66.5","-51.5","-49.5","65.5","",""
"401864503","Northern Illinois","24","Illinois State","28","Illinois State -2.5","Bovada","48","2.5","5","48","175","-210"
"401864503","Northern Illinois","24","Illinois State","28","Illinois State -2.5","DraftKings","47.5","2.5","4.5","48.5","124","-148"
"401864504","San José State","30","Cal Poly","20","San José State -21.5","Bovada","58.5","-21.5","-20.5","56.5","-1500","775"
"401864504","San José State","30","Cal Poly","20","San José State -21.5","DraftKings","58.5","-21.5","-20.5","56.5","-1800","1000"
"401864505","UTEP","51","Texas Southern","10","UTEP -27.0","Bovada","53.5","-27","-25.5","53","-4000","1200"
"401864505","UTEP","51","Texas Southern","10","UTEP -27.5","DraftKings","53.5","-27.5","-25.5","52.5","-4500","1700"
"401860882","Colorado State","58","Southern Utah","24","Colorado State -20.0","Bovada","57","-20","-20","56.5","-1400","750"
"401860882","Colorado State","58","Southern Utah","24","Colorado State -19.5","DraftKings","57.5","-19.5","-20.5","56.5","-1350","800"
"401856680","South Carolina","45","Towson","9","South Carolina -44.5","Bovada","57.5","-44.5","-43.5","56","",""
"401856680","South Carolina","45","Towson","9","South Carolina -44.5","DraftKings","57.5","-44.5","-43.5","54.5","",""
"401868008","Coastal Carolina","45","Fordham","7","Coastal Carolina -37.5","Bovada","54.5","-37.5","-34.5","53","",""
"401868008","Coastal Carolina","45","Fordham","7","Coastal Carolina -36.5","DraftKings","54.5","-36.5","-31.5","52.5","-100000","5000"
"401864500","Nevada","7","Montana State","20","Montana State -5.5","Bovada","51.5","5.5","3.5","49.5","155","-180"
"401864500","Nevada","7","Montana State","20","Montana State -4.5","DraftKings","51.5","4.5","4.5","49.5","170","-205"
"401858223","SMU","56","UC Davis","10","SMU -32.5","Bovada","59","-32.5","-29.5","58.5","",""
"401858223","SMU","56","UC Davis","10","SMU -32.5","DraftKings","59.5","-32.5","-24.5","58.5","-4000","1600"
"401868141","Eastern Kentucky","22","Chattanooga","17","Chattanooga -3","DraftKings","48.5","3","3","48.5","135","-169"
"401856812","Kansas","17","Arizona State","24","Arizona State -5.5","DraftKings","50.5","5.5","5.5","56.5","180","-218"
"401856812","Kansas","17","Arizona State","24","Arizona State -5.0","Bovada","51","5","6.5","53","190","-230"
"401868241","Arkansas State","52","West Georgia","7","Arkansas State -31.5","Bovada","56.5","-31.5","-31.5","56.5","",""
"401868241","Arkansas State","52","West Georgia","7","Arkansas State -31.5","DraftKings","56.5","-31.5","-31.5","56.5","-10000","3000"
"401856792","Kansas State","31","Tulane","20","Kansas State -20.5","DraftKings","49.5","-20.5","-20.5","49.5","-1450","850"
"401856792","Kansas State","31","Tulane","20","Kansas State -20.5","Bovada","49.5","-20.5","-19.5","49.5","-1300","725"
"401858454","Ohio State","59","Kent State","3","Ohio State -52.5","DraftKings","58.5","-52.5","-52.5","56.5","",""
"401858454","Ohio State","59","Kent State","3","Ohio State -52.0","Bovada","59","-52","-53","58.5","",""
"401858456","Penn State","55","Buffalo","13","Penn State -39.5","DraftKings","48.5","-39.5","-39.5","48.5","",""
"401858456","Penn State","55","Buffalo","13","Penn State -40.0","Bovada","48","-40","-38.5","47.5","",""
"401869940","Delaware","22","Coastal Carolina","14","Delaware -4.5","DraftKings","56.5","-4.5","-4.5","58.5","-205","170"
"401869940","Delaware","22","Coastal Carolina","14","Delaware -5.5","Bovada","56.5","-5.5","-5","57.5","-210","175"
"401856693","Texas","30","UTSA","6","Texas -29.5","DraftKings","58.5","-29.5","-29.5","57.5","-5000","1800"
"401856693","Texas","30","UTSA","6","Texas -30.0","Bovada","58","-30","-30","58","",""
"401856694","Texas A&M","21","Kentucky","31","Texas A&M -16.5","DraftKings","48.5","-16.5","-15.5","48.5","-850","575"
"401856694","Texas A&M","21","Kentucky","31","Texas A&M -16.5","Bovada","48.5","-16.5","-16","49","-750","500"
"401856796","Northwestern","41","Colorado","7","Northwestern -3.5","DraftKings","47.5","-3.5","-4.5","45.5","-175","145"
"401856796","Northwestern","41","Colorado","7","Northwestern -3.5","Bovada","48","-3.5","-4.5","47","-195","165"
"401861963","Southern Miss","20","UConn","48","UConn -3.5","DraftKings","54.5","3.5","2.5","55.5","136","-162"
"401861963","Southern Miss","20","UConn","48","UConn -3.5","Bovada","54.5","3.5","3.5","54","140","-165"
"401858231","Duke","35","Stanford","7","Duke -9.5","DraftKings","51.5","-9.5","-10","50.5","-375","295"
"401858231","Duke","35","Stanford","7","Duke -10.0","Bovada","51.5","-10","-9.5","51","-370","285"
"401858448","Illinois","48","Southern Illinois","10","Illinois -34.5","DraftKings","55.5","-34.5","-41.5","54.5","",""
"401858448","Illinois","48","Southern Illinois","10","Illinois -35.0","Bovada","55.5","-35","-38.5","55.5","",""
"401866423","South Alabama","41","Ohio","36","South Alabama -7.0","Bovada","50","-7","-4","52.5","-185","160"
"401866423","South Alabama","41","Ohio","36","South Alabama -7","DraftKings","49.5","-7","-3.5","53.5","-270","220"
"401856798","Iowa State","55","Bowling Green","7","Iowa State -23.0","Bovada","43.5","-23","-23","46","-2200","1000"
"401856798","Iowa State","55","Bowling Green","7","Iowa State -22.5","DraftKings","43.5","-22.5","-22.5","45.5","-2400","1200"
"401869948","Jacksonville State","31","Georgia Southern","27","Jacksonville State -3.5","Bovada","51","-3.5","-3.5","52.5","-175","150"
"401869948","Jacksonville State","31","Georgia Southern","27","Jacksonville State -3.5","DraftKings","51.5","-3.5","-2.5","53.5","-175","145"
"401858229","Clemson","28","North Carolina","20","Clemson -3.0","Bovada","44.5","-3","-3","44.5","-170","135"
"401858229","Clemson","28","North Carolina","20","Clemson -3","DraftKings","44.5","-3","-9.5","44.5","-148","124"
"401858449","Indiana","38","Western Kentucky","0","Indiana -44.5","DraftKings","59.5","-44.5","-44.5","59.5","",""
"401858449","Indiana","38","Western Kentucky","0","Indiana -45.0","Bovada","59","-45","-44","59.5","",""
"401858451","Minnesota","41","Akron","7","Minnesota -22.5","DraftKings","48.5","-22.5","-26.5","48.5","-3200","1400"
"401858451","Minnesota","41","Akron","7","Minnesota -22.5","Bovada","48.5","-22.5","-26.5","49","-5000","1300"
"401862710","Old Dominion","17","East Carolina","20","Old Dominion -2.5","Bovada","49","-2.5","-3","49.5","-145","125"
"401862710","Old Dominion","17","East Carolina","20","Old Dominion -2.5","DraftKings","48.5","-2.5","-2.5","49.5","-130","110"
"401856795","Colorado State","23","BYU","41","BYU -17.5","Bovada","54","17.5","18","52","650","-1100"
"401856795","Colorado State","23","BYU","41","BYU -17.5","DraftKings","54.5","17.5","21","52.5","650","-1000"
"401856695","Vanderbilt","35","NC State","31","Vanderbilt -3.0","Bovada","50.5","-3","-4","52.5","-185","160"
"401856695","Vanderbilt","35","NC State","31","Vanderbilt -3","DraftKings","50.5","-3","-4","54.5","-155","130"
"401858225","Pittsburgh","27","Syracuse","13","Pittsburgh -11.0","Bovada","51.5","-11","-11","51","-450","335"
"401858225","Pittsburgh","27","Syracuse","13","Pittsburgh -10.5","DraftKings","51.5","-10.5","-10.5","59.5","-425","330"
"401862774","Toledo","49","Temple","48","Toledo -5.0","Bovada","48.5","-5","-5","51","-210","175"
"401862774","Toledo","49","Temple","48","Toledo -4.5","DraftKings","48.5","-4.5","-4","52.5","-205","170"
"401856797","Cincinnati","35","Miami (OH)","31","Cincinnati -14.5","DraftKings","50.5","-14.5","-15.5","49.5","-650","470"
"401856797","Cincinnati","35","Miami (OH)","31","Cincinnati -14.5","Bovada","50","-14.5","-14.5","51","-675","460"
"401856800","UCF","44","Georgia State","30","UCF -17.5","Bovada","50","-17.5","-20.5","50.5","-1500","775"
"401856800","UCF","44","Georgia State","30","UCF -17.5","DraftKings","50.5","-17.5","-21","49.5","-1050","675"
"401862773","Rice","21","Western Michigan","28","Western Michigan -8.5","Bovada","43.5","8.5","12","44","325","-510"
"401862773","Rice","21","Western Michigan","28","Western Michigan -8.5","DraftKings","43.5","8.5","11.5","45.5","285","-360"
"401864574","App State","26","Charlotte","21","App State -16.0","Bovada","52.5","-16","-20.5","50.5","-1600","800"
"401864574","App State","26","Charlotte","21","App State -16.5","DraftKings","52.5","-16.5","-19.5","53.5","-1000","650"
"401867804","Baylor","36","Louisiana Tech","19","Baylor -20.0","Bovada","50","-20","-19","55","-1100","650"
"401867804","Baylor","36","Louisiana Tech","19","Baylor -20.5","DraftKings","50.5","-20.5","-17.5","55.5","-1350","800"
"401858452","Nebraska","34","North Dakota","7","Nebraska -27.5","DraftKings","56.5","-27.5","-24.5","51.5","-2800","1300"
"401858452","Nebraska","34","North Dakota","7","Nebraska -27.0","Bovada","56.5","-27","-24","51","-2500","1000"
"401860889","Texas State","49","North Texas","35","Texas State -3.0","Bovada","62.5","-3","-3","63.5","-150","130"
"401860889","Texas State","49","North Texas","35","Texas State -3","DraftKings","62.5","-3","-3","63.5","-142","120"
"401864508","Central Michigan","24","Wyoming","10","Wyoming -2.0","Bovada","40","2","-1.5","39.5","-120","100"
"401864508","Central Michigan","24","Wyoming","10","Wyoming -1.5","DraftKings","39.5","1.5","-2.5","39.5","102","-122"
"401858460","Wisconsin","54","Eastern Michigan","10","Wisconsin -23.5","Bovada","44","-23.5","-24.5","46","-3300","1100"
"401858460","Wisconsin","54","Eastern Michigan","10","Wisconsin -23.5","DraftKings","43.5","-23.5","-24.5","45.5","-2400","1200"
"401858455","Oregon","84","Portland State","0","Oregon -58.5","DraftKings","71.5","-58.5","-57.5","66.5","",""
"401858455","Oregon","84","Portland State","0","Oregon -58.5","Bovada","71.5","-58.5","-57.5","68","",""
"401856801","Utah","33","Utah State","0","Utah -26.5","DraftKings","55.5","-26.5","-27.5","57.5","-4500","1700"
"401856801","Utah","33","Utah State","0","Utah -26.0","Bovada","56","-26","-28","57","-7000","1300"
"401856803","Oklahoma State","59","Murray State","0","Oklahoma State -56.5","DraftKings","70.5","-56.5","-56.5","70.5","",""
"401856803","Oklahoma State","59","Murray State","0","Oklahoma State -55.5","Bovada","70","-55.5","-55.5","70","",""
"401858457","Rutgers","35","USC","42","USC -21","DraftKings","59.5","21","24.5","57.5","1100","-2100"
"401858457","Rutgers","35","USC","42","USC -21.0","Bovada","58.5","21","24.5","57.5","1100","-3300"
"401858458","UCLA","52","Purdue","38","UCLA -13.5","DraftKings","53.5","-13.5","-14","53.5","-600","440"
"401858458","UCLA","52","Purdue","38","UCLA -13.5","Bovada","52.5","-13.5","-15.5","53","-800","525"
"401858459","Washington","48","Eastern Washington","16","Washington -42.5","DraftKings","58.5","-42.5","-42.5","56.5","",""
"401858459","Washington","48","Eastern Washington","16","Washington -43.5","Bovada","59","-43.5","-42.5","58","",""
"401864443","Middle Tennessee","27","Nevada","20","Nevada -4.0","Bovada","50.5","4","5.5","51","180","-220"
"401864443","Middle Tennessee","27","Nevada","20","Nevada -3.5","DraftKings","50.5","3.5","6.5","49.5","150","-180"
"401858471","Iowa","55","Northern Iowa","0","Iowa -37.5","DraftKings","48.5","-37.5","-40.5","49.5","",""
"401858471","Iowa","55","Northern Iowa","0","Iowa -37.5","Bovada","49","-37.5","-40.5","49","",""
"401860886","Oregon State","52","Montana","17","Oregon State -17.5","DraftKings","55.5","-17.5","-17.5","52.5","-850","575"
"401860886","Oregon State","52","Montana","17","Oregon State -17.5","Bovada","56","-17.5","-17","54.5","-900","575"
"401866422","Liberty","51","Ball State","15","Liberty -14.5","DraftKings","49.5","-14.5","-14.5","55.5","-650","470"
"401866422","Liberty","51","Ball State","15","Liberty -14.5","Bovada","49","-14.5","-14","51","-625","430"
"401870764","Sam Houston","59","Nicholls","0","Sam Houston -21","DraftKings","50.5","-21","-17.5","49.5","",""
"401870764","Sam Houston","59","Nicholls","0","Sam Houston -21.0","Bovada","51.5","-21","-17.5","49","-1000","625"
"401858462","Maryland","3","UCLA","54","UCLA -2.5","DraftKings","55.5","2.5","1.5","51.5","120","-142"
"401858462","Maryland","3","UCLA","54","UCLA -2.5","Bovada","56","2.5","2","58","105","-125"
"401858464","Michigan State","13","Nebraska","31","Nebraska -6","DraftKings","48.5","6","5.5","52.5","185","-225"
"401858464","Michigan State","13","Nebraska","31","Nebraska -6.0","Bovada","48.5","6","5.5","48.5","180","-220"
"401860897","Western Michigan","7","Boise State","32","Boise State -8.5","DraftKings","50.5","8.5","7.5","47.5","240","-298"
"401860897","Western Michigan","7","Boise State","32","Boise State -8.5","Bovada","50.5","8.5","7","48.5","230","-280"
"401856698","Auburn","21","Vanderbilt","15","Auburn -10","DraftKings","54.5","-10","-8.5","50.5","-395","310"
"401856698","Auburn","21","Vanderbilt","15","Auburn -10.0","Bovada","54.5","-10","-9.5","54.5","-360","280"
"401858463","Michigan","19","Iowa","20","Michigan -4.5","DraftKings","39.5","-4.5","-4.5","39.5","-218","180"
"401858463","Michigan","19","Iowa","20","Michigan -5.0","Bovada","40","-5","-4","37.5","-185","160"
"401856703","Mississippi State","31","Missouri","24","Mississippi State -3.5","DraftKings","58.5","-3.5","-1.5","56.5","-175","145"
"401856703","Mississippi State","31","Missouri","24","Mississippi State -3.5","Bovada","58.5","-3.5","-6","58","-230","190"
"401862771","Florida Atlantic","16","Florida International","10","Florida Atlantic -5.0","Bovada","62","-5","-7","62.5","-275","225"
"401862771","Florida Atlantic","16","Florida International","10","Florida Atlantic -5.5","DraftKings","62.5","-5.5","-7.5","62.5","-205","170"
"401856690","Oklahoma","14","New Mexico","6","Oklahoma -21.5","DraftKings","45.5","-21.5","-23.5","48.5","-2100","1100"
"401856690","Oklahoma","14","New Mexico","6","Oklahoma -21.0","Bovada","45.5","-21","-23.5","48","-2500","1000"
"401856692","Tennessee","42","Kennesaw State","9","Tennessee -35.5","DraftKings","60.5","-35.5","-34.5","59.5","-8000","2200"
"401856692","Tennessee","42","Kennesaw State","9","Tennessee -35.5","Bovada","61","-35.5","-35.5","60","",""
"401856793","Arizona","42","Northern Illinois","17","Arizona -34.5","DraftKings","50.5","-34.5","-35.5","49.5","-6500","2000"
"401856793","Arizona","42","Northern Illinois","17","Arizona -34.5","Bovada","50","-34.5","-34.5","50","",""
"401871047","Missouri State","24","Marshall","30","Marshall -4.0","Bovada","52.5","4","4","52","160","-185"
"401871047","Missouri State","24","Marshall","30","Marshall -4","DraftKings","52.5","4","4.5","53.5","160","-192"
"401864507","Sacramento State","10","North Dakota State","31","North Dakota State -26.5","DraftKings","50.5","26.5","23.5","53.5","1800","-5000"
"401864507","Sacramento State","10","North Dakota State","31","North Dakota State -24.5","Bovada","50.5","24.5","28","53","1300","-7000"
"401856881","West Virginia","24","Oklahoma State","41","West Virginia -1.5","DraftKings","60.5","-1.5","2.5","57.5","-125","105"
"401856881","West Virginia","24","Oklahoma State","41","West Virginia -1.5","Bovada","60.5","-1.5","-1.5","59.5","-120","100"
"401856799","TCU","31","Arkansas State","7","TCU -18.5","DraftKings","56.5","-18.5","-20.5","57.5","-1350","800"
"401856799","TCU","31","Arkansas State","7","TCU -19.5","Bovada","56","-19.5","-20","57.5","-1400","750"
"401856699","Florida","52","Ole Miss","28","Florida -4","DraftKings","58.5","-4","-1.5","57.5","-170","142"
"401856699","Florida","52","Ole Miss","28","Florida -4.0","Bovada","58.5","-4","-3.5","61","-165","140"
"401856802","Virginia","27","West Virginia","38","Virginia -10.5","DraftKings","51.5","-10.5","-8.5","50.5","-410","320"
"401856802","Virginia","27","West Virginia","38","Virginia -11.0","Bovada","51.5","-11","-9.5","54.5","-380","290"
"401856696","Alabama","49","South Carolina","18","Alabama -12.5","DraftKings","53.5","-12.5","-11.5","46.5","-500","380"
"401856696","Alabama","49","South Carolina","18","Alabama -12.5","Bovada","53.5","-12.5","-13","54","-550","390"
"401858228","Georgia Tech","44","Mercer","11","Georgia Tech -38.5","DraftKings","58.5","-38.5","-38.5","58.5","",""
"401858228","Georgia Tech","44","Mercer","11","Georgia Tech -38.5","Bovada","57.5","-38.5","-38.5","59.5","",""
"401858450","Michigan","52","UTEP","17","Michigan -34.5","DraftKings","48.5","-34.5","-36.5","49.5","",""
"401858450","Michigan","52","UTEP","17","Michigan -34.5","Bovada","48.5","-34.5","-37","49.5","",""
"401860885","Boise State","38","South Dakota","24","Boise State -28.5","DraftKings","61.5","-28.5","-23.5","55.5","-3200","1400"
"401860885","Boise State","38","South Dakota","24","Boise State -28.0","Bovada","60.5","-28","-24.5","56","-2800","1100"
"401860887","San Diego State","13","James Madison","26","San Diego State -3","DraftKings","46.5","-3","-1.5","46.5","-135","114"
"401860887","San Diego State","13","James Madison","26","San Diego State -3.0","Bovada","46.5","-3","-2.5","46.5","-135","115"
"401860888","San José State","10","Fresno State","26","Fresno State -4","DraftKings","47.5","4","7.5","52.5","164","-198"
"401860888","San José State","10","Fresno State","26","Fresno State -4.0","Bovada","47.5","4","7","50.5","225","-275"
"401858466","Penn State","20","Wisconsin","24","Penn State -9.5","DraftKings","43.5","-9.5","-11.5","42.5","-380","300"
"401858466","Penn State","20","Wisconsin","24","Penn State -10.0","Bovada","44","-10","-10","46.5","-400","300"
"401858226","Wake Forest","20","Miami","33","Miami -20.0","Bovada","56","20","21","55","900","-1900"
"401858226","Wake Forest","20","Miami","33","Miami -20.5","DraftKings","55.5","20.5","19.5","50.5","900","-1600"
"401866424","Massachusetts","36","Stonehill","14","Massachusetts -30.5","DraftKings","50.5","-30.5","-33.5","49.5","",""
"401866424","Massachusetts","36","Stonehill","14","Massachusetts -31.0","Bovada","51","-31","-33.5","50.5","",""
"401862775","Tulsa","42","East Texas A&M","0","Tulsa -41.5","DraftKings","55.5","-41.5","-42.5","56.5","",""
"401862775","Tulsa","42","East Texas A&M","0","Tulsa -41.0","Bovada","56","-41","-42.5","57.5","",""
"401862776","Louisiana","21","UAB","14","Louisiana -7","DraftKings","55.5","-7","-10","59.5","-278","225"
"401862776","Louisiana","21","UAB","14","Louisiana -7.0","Bovada","55.5","-7","-7.5","56.5","-330","265"
"401862777","South Florida","59","Delaware State","17","South Florida -37.5","DraftKings","59.5","-37.5","-36.5","61.5","",""
"401862777","South Florida","59","Delaware State","17","South Florida -37.5","Bovada","60.5","-37.5","-36.5","61","",""
"401868317","UL Monroe","35","SE Louisiana","38","UL Monroe -10.0","Bovada","48","-10","-10.5","48","-415","310"
"401868317","UL Monroe","35","SE Louisiana","38","UL Monroe -9.5","DraftKings","48.5","-9.5","-10.5","48.5","",""
"401858232","Maryland","26","Virginia Tech","35","Virginia Tech -2.5","Bovada","53","2.5","3.5","53.5","140","-165"
"401858232","Maryland","26","Virginia Tech","35","Virginia Tech -2.5","DraftKings","53.5","2.5","1.5","53.5","110","-130"
"401858465","Ohio State","42","Illinois","19","Ohio State -25.5","DraftKings","53.5","-25.5","-27.5","54.5","-4000","1600"
"401858465","Ohio State","42","Illinois","19","Ohio State -25.5","Bovada","53.5","-25.5","-27","54","-6500","1300"
"401858227","Boston College","22","Maine","16","Boston College -37.5","Bovada","54.5","-37.5","-38.5","53.5","",""
"401858227","Boston College","22","Maine","16","Boston College -37.5","DraftKings","54.5","-37.5","-38.5","53.5","",""
"401856689","Missouri","27","Troy","17","Missouri -27.0","Bovada","50","-27","-27","49.5","-6500","1300"
"401856689","Missouri","27","Troy","17","Missouri -26.5","DraftKings","49.5","-26.5","-27.5","49.5","-4500","1700"
"401867898","Montana State","35","Central Connecticut","30","Montana State -39.0","Bovada","60","-39","-39","60","",""
"401867898","Montana State","35","Central Connecticut","30","Montana State -41.5","DraftKings","59.5","-41.5","-38.5","59.5","",""
"401868164","UC Davis","45","Stetson","7","UC Davis -47.5","Bovada","64.5","-47.5","-47.5","64.5","",""
"401868164","UC Davis","45","Stetson","7","UC Davis -47.5","DraftKings","65.5","-47.5","-47.5","63.5","",""
"401860890","Washington State","48","Duquesne","7","Washington State -38.5","Bovada","52.5","-38.5","-38.5","54","",""
"401860890","Washington State","48","Duquesne","7","Washington State -38.5","DraftKings","51.5","-38.5","-37.5","53.5","",""
"401858453","Notre Dame","27","Michigan State","10","Notre Dame -29.0","Bovada","51.5","-29","-30","52","-10000","1600"
"401858453","Notre Dame","27","Michigan State","10","Notre Dame -28.5","DraftKings","51.5","-28.5","-29.5","53.5","-5000","1800"
"401858233","California","49","Wagner","7","California -58.5","DraftKings","65.5","-58.5","-58.5","65.5","",""
"401858233","California","49","Wagner","7","California -57.5","Bovada","65","-57.5","-57.5","65","",""
"401862772","Memphis","45","UT Martin","21","Memphis -33.5","DraftKings","58.5","-33.5","-34.5","57.5","-50000","4000"
"401862772","Memphis","45","UT Martin","21","Memphis -33.5","Bovada","59","-33.5","-34.5","57","",""
"401866637","Elon","24","Sacred Heart","21","Elon -11.5","DraftKings","46.5","-11.5","-15.5","49.5","-517","365"
"401866639","New Hampshire","7","Harvard","31","Harvard -14.5","DraftKings","51.5","14.5","15.5","52.5","554","-900"
"401867984","Furman","17","South Carolina State","20","South Carolina State -4.5","DraftKings","46.5","4.5","10","48.5","177","-225"
"401868062","West Florida","16","Austin Peay","38","Austin Peay -10.5","DraftKings","55.5","10.5","6.5","55.5","284","-382"
"401868062","West Florida","16","Austin Peay","38","Austin Peay -11.5","Bovada","55","11.5","11.5","55","",""
"401868133","Southeast Missouri State","27","Central Arkansas","9","Southeast Missouri State -4","DraftKings","54.5","-4","-3","54.5","-189","151"
"401868159","St. Thomas (MN)","28","Southern Utah","26","Southern Utah -12.5","DraftKings","62.5","12.5","14","57.5","294","-398"
"401856816","Iowa State","17","Utah","31","Utah -7.5","DraftKings","46.5","7.5","11.5","49.5","260","-325"
"401856816","Iowa State","17","Utah","31","Utah -7.5","Bovada","47","7.5","8.5","49","280","-360"
"401858243","Louisville","27","Wake Forest","30","Louisville -11.5","DraftKings","57.5","-11.5","-13.5","58.5","-500","380"
"401858243","Louisville","27","Wake Forest","30","Louisville -11.0","Bovada","57.5","-11","-12.5","58","-510","370"
"401858238","Miami","52","Central Michigan","3","Miami -41.5","DraftKings","52.5","-41.5","-42.5","54.5","",""
"401858238","Miami","52","Central Michigan","3","Miami -41.0","Bovada","52","-41","-39","53","",""
"401867857","Indiana State","39","Valparaiso","16","Indiana State -22.5","DraftKings","53.5","-22.5","-22.5","53.5","-2900","1060"
"401868168","Weber State","49","Northwestern State","20","Weber State -35.5","DraftKings","56.5","-35.5","-34.5","54.5","",""
"401868205","Western Illinois","59","Morehead State","2","Western Illinois -20.5","DraftKings","61.5","-20.5","-18.5","58.5","-1900","870"
"401858470","Washington","24","Minnesota","27","Washington -12.5","DraftKings","44.5","-12.5","-9.5","44.5","-455","350"
"401858470","Washington","24","Minnesota","27","Washington -12.0","Bovada","45","-12","-9","45","-350","275"
"401864579","New Mexico State","18","New Mexico","42","New Mexico -11.5","DraftKings","47.5","11.5","12.5","49.5","350","-455"
"401864579","New Mexico State","18","New Mexico","42","New Mexico -11.5","Bovada","47.5","11.5","12","48.5","370","-510"
"401858242","Boston College","14","Virginia Tech","21","Virginia Tech -14.5","DraftKings","45.5","14.5","14","54.5","490","-675"
"401858242","Boston College","14","Virginia Tech","21","Virginia Tech -14.5","Bovada","45.5","14.5","14","52","430","-625"
"401858236","Pittsburgh","59","Bucknell","0","Pittsburgh -54.5","DraftKings","63.5","-54.5","-53.5","61.5","",""
"401858236","Pittsburgh","59","Bucknell","0","Pittsburgh -54.5","Bovada","64","-54.5","-53.5","63","",""
"401864572","NC State","41","App State","31","NC State -12.5","DraftKings","56.5","-12.5","-14","55.5","-535","400"
"401864572","NC State","41","App State","31","NC State -13.0","Bovada","56.5","-13","-13.5","55","-575","400"
"401858461","Indiana","29","Northwestern","23","Indiana -20.5","DraftKings","49.5","-20.5","-23.5","47.5","-1650","950"
"401858461","Indiana","29","Northwestern","23","Indiana -20.0","Bovada","50","-20","-21.5","50","-1900","900"
"401866425","Kent State","26","Ball State","13","Kent State -2.5","DraftKings","51.5","-2.5","-4.5","51.5","-135","114"
"401866425","Kent State","26","Ball State","13","Kent State -2.5","Bovada","51.5","-2.5","-3","49.5","-165","140"
"401864576","Kentucky","45","South Alabama","21","Kentucky -20.5","Bovada","54","-20.5","-21","55","-1600","800"
"401864576","Kentucky","45","South Alabama","21","Kentucky -20.5","DraftKings","54.5","-20.5","-19.5","55.5","-1600","900"
"401856818","TCU","","BYU","","BYU -6.5","DraftKings","47.5","6.5","5.5","52.5","205","-250"
"401856818","TCU","","BYU","","BYU -6.5","Bovada","48","6.5","6","49","190","-230"
"401862778","UAB","24","Navy","20","Navy -6.5","Bovada","50","6.5","7","51.5","235","-285"
"401862778","UAB","24","Navy","20","Navy -6.5","DraftKings","50.5","6.5","11.5","53.5","205","-250"
"401858468","Rutgers","58","Howard","7","Rutgers -42.0","Bovada","57.5","-42","-43","55","",""
"401858468","Rutgers","58","Howard","7","Rutgers -42.5","DraftKings","57.5","-42.5","-41.5","55.5","",""
"401858245","Virginia Tech","","Pittsburgh","","Virginia Tech -3.5","DraftKings","54.5","-3.5","-5.5","56.5","-162","136"
"401858245","Virginia Tech","","Pittsburgh","","Virginia Tech -3.5","Bovada","55","-3.5","-4","52.5","-185","160"
"401858467","Purdue","10","Notre Dame","49","Notre Dame -27.5","DraftKings","57.5","27.5","27.5","56.5","1700","-4500"
"401858467","Purdue","10","Notre Dame","49","Notre Dame -27.5","Bovada","57","27.5","26.5","57.5","1300","-5000"
"401869941","Coastal Carolina","17","Liberty","34","Liberty -2.5","Bovada","50.5","2.5","2.5","52","120","-140"
"401869941","Coastal Carolina","17","Liberty","34","Liberty -2.5","DraftKings","50.5","2.5","-1.5","54.5","120","-142"
"401856708","Missouri","","Florida","","Florida -5.5","DraftKings","56.5","5.5","2.5","53.5","170","-205"
"401856708","Missouri","","Florida","","Florida -5.5","Bovada","57","5.5","4","56.5","175","-210"
"401860894","Utah State","21","Troy","10","Utah State -3","DraftKings","47.5","-3","-2.5","52.5","-148","124"
"401860894","Utah State","21","Troy","10","Utah State -3.0","Bovada","47.5","-3","-2.5","49","-130","110"
"401860891","Fresno State","38","Rice","24","Fresno State -12.5","DraftKings","43.5","-12.5","-13.5","43.5","-500","380"
"401860891","Fresno State","38","Rice","24","Fresno State -12.0","Bovada","43.5","-12","-14","44.5","-585","430"
"401869961","Old Dominion","20","James Madison","46","James Madison -7","DraftKings","44.5","7","4.5","50.5","215","-265"
"401869961","Old Dominion","20","James Madison","46","James Madison -7.0","Bovada","44","7","5","47.5","175","-210"
"401858478","USC","","Washington","","USC -9.5","DraftKings","58.5","-9.5","-10","57.5","-375","295"
"401858478","USC","","Washington","","USC -9.5","Bovada","58","-9.5","-10","55.5","-410","305"
"401858248","NC State","","Louisville","","Louisville -4","DraftKings","58.5","4","7.5","59.5","160","-192"
"401858248","NC State","","Louisville","","Louisville -4.0","Bovada","58.5","4","6","60.5","190","-230"
"401862780","Charlotte","7","Louisiana","34","Louisiana -9.5","DraftKings","49.5","9.5","14.5","52.5","295","-375"
"401862780","Charlotte","7","Louisiana","34","Louisiana -9.0","Bovada","49.5","9","10","50","325","-435"
"401856710","Tennessee","","Auburn","","Tennessee -7","DraftKings","54.5","-7","-7.5","57.5","-285","230"
"401856710","Tennessee","","Auburn","","Tennessee -7.0","Bovada","54","-7","-7.5","54.5","-290","240"
"401858244","Duke","62","William & Mary","7","Duke -43.5","DraftKings","61.5","-43.5","-43.5","60.5","",""
"401858244","Duke","62","William & Mary","7","Duke -42.5","Bovada","61.5","-42.5","-44.5","62","",""
"401856705","Georgia","","Vanderbilt","","Georgia -24.5","DraftKings","50.5","-24.5","-23.5","57.5","-2800","1300"
"401856705","Georgia","","Vanderbilt","","Georgia -23.5","Bovada","50.5","-23.5","-25","52.5","-3500","1100"
"401861970","Miami (OH)","24","UConn","21","Miami (OH) -2.5","DraftKings","52.5","-2.5","-3","50.5","-135","114"
"401861970","Miami (OH)","24","UConn","21","Miami (OH) -2.5","Bovada","52","-2.5","-4.5","51","-200","170"
"401856707","Mississippi State","","Alabama","","Alabama -6","DraftKings","59.5","6","3","58.5","185","-225"
"401856707","Mississippi State","","Alabama","","Alabama -6.0","Bovada","60","6","6","59.5","190","-230"
"401862785","Bowling Green","6","South Florida","14","South Florida -17.5","DraftKings","48.5","17.5","15.5","51.5","675","-1050"
"401862785","Bowling Green","6","South Florida","14","South Florida -18.0","Bovada","49","18","17.5","49.5","600","-1000"
"401856805","Texas Tech","49","Sam Houston","14","Texas Tech -34.5","DraftKings","55.5","-34.5","-37.5","54.5","",""
"401856805","Texas Tech","49","Sam Houston","14","Texas Tech -34.5","Bovada","56","-34.5","-35.5","55","",""
"401856806","Georgia Southern","28","Houston","42","Houston -17.5","DraftKings","56.5","17.5","19.5","55.5","625","-950"
"401856806","Georgia Southern","28","Houston","42","Houston -17.0","Bovada","56.5","17","18","55","625","-1000"
"401858240","Stanford","34","Georgia Tech","27","Georgia Tech -3","DraftKings","48.5","3","4.5","48.5","130","-155"
"401858240","Stanford","34","Georgia Tech","27","Georgia Tech -3.0","Bovada","49","3","3.5","48","150","-175"
"401856709","South Carolina","","Kentucky","","South Carolina -2.5","DraftKings","53.5","-2.5","-7","49.5","-142","120"
"401856709","South Carolina","","Kentucky","","South Carolina -3.0","Bovada","53.5","-3","-3","53.5","-145","125"
"401864509","Nevada","33","Air Force","36","Air Force -4.5","DraftKings","50.5","4.5","4.5","48.5","190","-230"
"401864509","Nevada","33","Air Force","36","Air Force -6.0","Bovada","50.5","6","4","49","160","-185"
"401866426","Buffalo","31","Robert Morris","28","Buffalo -27.5","DraftKings","46.5","-27.5","-28.5","44.5","-3200","1400"
"401866426","Buffalo","31","Robert Morris","28","Buffalo -28.0","Bovada","46","-28","-28.5","46","",""
"401864512","Akron","10","UNLV","38","UNLV -13.5","DraftKings","52.5","13.5","14","49.5","410","-550"
"401864512","Akron","10","UNLV","38","UNLV -13.5","Bovada","53","13.5","13.5","50","400","-575"
"401860893","Toledo","41","San Diego State","16","Toledo -2.5","DraftKings","50.5","-2.5","1.5","48.5","-142","120"
"401860893","Toledo","41","San Diego State","16","Toledo -3.0","Bovada","50.5","-3","-2.5","49","-140","120"
"401858473","Iowa","","Ohio State","","Ohio State -14","DraftKings","45.5","14","14","44.5","440","-600"
"401858473","Iowa","","Ohio State","","Ohio State -14.0","Bovada","45.5","14","14","46","400","-575"
"401856813","Baylor","23","Colorado","13","Baylor -8.5","Bovada","54","-8.5","-10","55","-410","305"
"401856813","Baylor","23","Colorado","13","Baylor -8.5","DraftKings","54.5","-8.5","-8.5","53.5","-380","300"
"401860892","Texas State","63","Incarnate Word","10","Texas State -30.5","DraftKings","66.5","-30.5","-29.5","63.5","-3200","1400"
"401860892","Texas State","63","Incarnate Word","10","Texas State -30.5","Bovada","66.5","-30.5","-30.5","65","",""
"401858239","Virginia","42","Delaware","3","Virginia -19.5","DraftKings","52.5","-19.5","-20.5","","-1450","850"
"401858239","Virginia","42","Delaware","3","Virginia -20.0","Bovada","52.5","-20","-20","52.5","-1400","750"
"401860896","UTSA","59","Colorado State","45","UTSA -14.5","DraftKings","56.5","-14.5","-11.5","57.5","-675","490"
"401860896","UTSA","59","Colorado State","45","UTSA -14.0","Bovada","56.5","-14","-12.5","57.5","-525","375"
"401866428","Ohio","35","Stonehill","7","Ohio -32.5","DraftKings","53.5","-32.5","-34.5","50.5","-5000","1800"
"401866428","Ohio","35","Stonehill","7","Ohio -32.5","Bovada","53.5","-32.5","-34","53","",""
"401864510","Wyoming","27","Hawai'i","10","Hawai'i -2.5","DraftKings","44.5","2.5","5.5","44.5","105","-125"
"401864510","Wyoming","27","Hawai'i","10","Hawai'i -2.0","Bovada","44.5","2","3","46","135","-160"
"401856815","UCF","21","TCU","13","TCU -3.5","DraftKings","48.5","3.5","3","50.5","142","-170"
"401856815","UCF","21","TCU","13","TCU -3.5","Bovada","48","3.5","3","49.5","135","-160"
"401856804","Washington State","24","Arizona","34","Arizona -11.5","DraftKings","47.5","11.5","13.5","48.5","330","-425"
"401856804","Washington State","24","Arizona","34","Arizona -12.0","Bovada","47.5","12","10","47.5","325","-435"
"401858476","Northwestern","","Penn State","","Penn State -3","DraftKings","45.5","3","7","48.5","120","-142"
"401858476","Northwestern","","Penn State","","Penn State -3.0","Bovada","45.5","3","3","47","110","-130"
"401862779","Temple","17","Army","21","Army -4.0","Bovada","48.5","4","3","49","130","-150"
"401862779","Temple","17","Army","21","Army -4","DraftKings","48.5","4","3","49.5","164","-198"
"401862781","East Carolina","42","North Carolina Central","9","East Carolina -37.5","DraftKings","58.5","-37.5","-34.5","54.5","-100000","5000"
"401862781","East Carolina","42","North Carolina Central","9","East Carolina -37.5","Bovada","58.5","-37.5","-36.5","56.5","",""
"401871048","Jacksonville State","23","Middle Tennessee","13","Jacksonville State -7","DraftKings","50.5","-7","-9.5","54.5","-285","230"
"401871048","Jacksonville State","23","Middle Tennessee","13","Jacksonville State -7.0","Bovada","51.5","-7","-8.5","52","-340","270"
"401856697","Arkansas","34","Tulsa","6","Arkansas -7","DraftKings","51.5","-7","-8.5","52.5","-270","220"
"401856697","Arkansas","34","Tulsa","6","Arkansas -7.0","Bovada","51.5","-7","-7","53","-275","225"
"401862782","UL Monroe","17","Florida Atlantic","45","Florida Atlantic -11.5","DraftKings","58.5","11.5","13.5","59.5","370","-485"
"401862782","UL Monroe","17","Florida Atlantic","45","Florida Atlantic -11.5","Bovada","58","11.5","13.5","57","410","-585"
"401864511","Georgia State","35","Northern Illinois","14","Georgia State -8.5","DraftKings","56.5","-8.5","-8.5","54.5","-345","275"
"401864511","Georgia State","35","Northern Illinois","14","Georgia State -9.0","Bovada","56.5","-9","-10","55","-380","290"
"401866429","Sacramento State","6","Massachusetts","35","Massachusetts -6","DraftKings","49.5","6","6","50.5","180","-218"
"401866429","Sacramento State","6","Massachusetts","35","Massachusetts -6.0","Bovada","49.5","6","6","48.5","185","-225"
"401858234","California","10","Clemson","24","Clemson -2.5","DraftKings","52.5","2.5","1.5","47.5","120","-142"
"401858234","California","10","Clemson","24","Clemson -2.5","Bovada","52","2.5","-1.5","50.5","-120","100"
"401866427","Eastern Michigan","29","Lindenwood","3","Eastern Michigan -24.5","DraftKings","53.5","-24.5","-25.5","50.5","-2400","1200"
"401866427","Eastern Michigan","29","Lindenwood","3","Eastern Michigan -24.0","Bovada","54","-24","-25.5","51","-4000","1200"
"401860895","UTEP","7","Oregon State","33","Oregon State -11.5","DraftKings","56.5","11.5","12.5","55.5","350","-455"
"401860895","UTEP","7","Oregon State","33","Oregon State -11.5","Bovada","56.5","11.5","11","54","355","-490"
"401858241","SMU","34","Missouri State","24","SMU -30.5","DraftKings","60.5","-30.5","-34.5","59.5","-9000","2500"
"401858241","SMU","34","Missouri State","24","SMU -30.5","Bovada","60.5","-30.5","-35","58","",""
"401868188","Marshall","36","Gardner-Webb","35","Marshall -24.5","DraftKings","56.5","-24.5","-23.5","50.5","-2100","1100"
"401868188","Marshall","36","Gardner-Webb","35","Marshall -25.5","Bovada","56","-25.5","-23.5","52","-2500","1000"
"401862784","Tulane","24","Southern Miss","21","Tulane -17.5","DraftKings","52.5","-17.5","-17.5","53.5","-1050","675"
"401862784","Tulane","24","Southern Miss","21","Tulane -18.0","Bovada","52.5","-18","-18","52.5","-1100","650"
"401869931","Arkansas State","17","Kennesaw State","14","Arkansas State -6.5","DraftKings","53.5","-6.5","-5.5","53.5","-238","195"
"401869931","Arkansas State","17","Kennesaw State","14","Arkansas State -6.5","Bovada","53","-6.5","-4","53.5","-185","160"
"401867806","Brown","10","Harvard","14","Harvard -13.5","DraftKings","42.5","13.5","13.5","45.5","417","-610"
"401858237","Florida State","34","Central Arkansas","7","Florida State -45.5","DraftKings","62.5","-45.5","-42.5","59.5","",""
"401858237","Florida State","34","Central Arkansas","7","Florida State -46.5","Bovada","62.5","-46.5","-46.5","62.5","",""
"401856814","Cincinnati","31","Kansas State","26","Kansas State -6","DraftKings","55.5","6","6","52.5","195","-238"
"401856814","Cincinnati","31","Kansas State","26","Kansas State -6.0","Bovada","55","6","6.5","54","200","-240"
"401858474","Minnesota","","Michigan","","Michigan -5.5","DraftKings","43.5","5.5","8.5","44.5","185","-225"
"401858474","Minnesota","","Michigan","","Michigan -5.5","Bovada","43","5.5","6.5","43.5","190","-230"
"401870745","Western Kentucky","52","Mercyhurst","7","Western Kentucky -39.5","DraftKings","58.5","-39.5","-38.5","56.5","",""
"401870745","Western Kentucky","52","Mercyhurst","7","Western Kentucky -40.5","Bovada","59","-40.5","-40.5","57.5","",""
"401868037","Richmond","13","Furman","9","Richmond -3.5","DraftKings","43.5","-3.5","-3.5","45.5","-135","108"
"401866642","Sacred Heart","20","New Hampshire","13","Sacred Heart -2.5","DraftKings","41.5","-2.5","-4.5","45.5","-128","103"
"401868211","Valparaiso","28","Butler","33","Butler -6.5","DraftKings","52.5","6.5","8.5","52.5","191","-244"
"401868281","St. Thomas (MN)","50","San Diego","17","St. Thomas (MN) -5.5","DraftKings","57.5","-5.5","-5.5","58.5","-179","143"
"401866646","Princeton","22","UAlbany","0","UAlbany -1.5","DraftKings","43.5","1.5","1.5","45.5","-130","105"
"401866648","Fordham","16","Stony Brook","31","Stony Brook -9.5","DraftKings","50.5","9.5","10","56.5","249","-329"
"401868103","Southern Utah","24","Idaho State","28","Idaho State -9.5","DraftKings","61.5","9.5","10.5","60.5","256","-339"
"401862783","North Texas","63","Houston Christian","14","North Texas -38.5","DraftKings","60.5","-38.5","-37.5","58.5","-100000","5000"
"401862783","North Texas","63","Houston Christian","14","North Texas -38.0","Bovada","60.5","-38","-37.5","60","",""
"401868131","Northern Colorado","37","Utah Tech","13","Northern Colorado -7.5","DraftKings","49.5","-7.5","-7.5","49.5","-395","292"
"401868076","Eastern Washington","27","Cal Poly","31","Eastern Washington -3.5","DraftKings","58.5","-3.5","-3","59.5","-209","165"
"401867885","Youngstown State","47","South Dakota","28","Youngstown State -1.5","DraftKings","65.5","-1.5","-1.5","63.5","101","-125"
"401871472","Southeast Missouri State","17","West Florida","20","Southeast Missouri State -6","DraftKings","52.5","-6","-6.5","52.5","-171","137"
"401866644","North Carolina A&T","22","Rhode Island","18","Rhode Island -24.5","DraftKings","52.5","24.5","24.5","52.5","1100","-3200"
"401867909","Florida International","20","Long Island University","3","Florida International -37.5","DraftKings","54.5","-37.5","-35.5","50.5","-4500","1700"
"401867909","Florida International","20","Long Island University","3","Florida International -37.5","Bovada","54","-37.5","-35.5","53","",""
"401868155","Weber State","41","Portland State","44","Weber State -7","DraftKings","64.5","-7","-6.5","65.5","-346","261"
"401868263","Marist","42","Presbyterian","7","Marist -8.5","DraftKings","44.5","-8.5","-8.5","46.5","-262","203"
"401868318","Northwestern State","21","SE Louisiana","52","SE Louisiana -37.5","DraftKings","60.5","37.5","39.5","61.5","",""
"401868960","Jackson State","35","Southern","17","Jackson State -20.5","DraftKings","57.5","-20.5","-20.5","57.5","-1340","710"
"401868338","The Citadel","8","Chattanooga","27","Chattanooga -10.5","DraftKings","46.5","10.5","11.5","47.5","257","-340"
"401868299","Florida A&M","21","Alabama A&M","40","Alabama A&M -3","DraftKings","51.5","3","-1.5","49.5","108","-134"
"401866643","Elon","43","Maine","17","Elon -5.5","DraftKings","44.5","-5.5","-6.5","44.5","-209","165"
"401872618","Merrimack","17","New Haven","10","Merrimack -10","DraftKings","42.5","-10","-9.5","46.5","-372","277"
"401868063","Austin Peay","35","UT Martin","12","Austin Peay -15.5","DraftKings","53.5","-15.5","-14.5","51.5","-900","553"
"401868346","East Tennessee State","58","Western Carolina","31","East Tennessee State -1.5","DraftKings","63.5","-1.5","-1.5","62.5","-128","103"
"401868954","Grambling","14","Prairie View A&M","21","Prairie View A&M -11.5","DraftKings","55.5","11.5","9.5","54.5","325","-449"
"401867687","Chicago State","20","Norfolk State","43","Norfolk State -17.5","DraftKings","55.5","17.5","17.5","54.5","700","-1300"
"401868113","UC Davis","22","Montana","62","UC Davis -3","DraftKings","61.5","-3","-3.5","60.5","-154","124"
"401867847","Northern Iowa","28","Illinois State","21","Illinois State -19.5","DraftKings","58.5","19.5","19.5","58.5","610","-1040"
"401866647","Dartmouth","28","Monmouth","31","Dartmouth -3","DraftKings","51.5","-3","-2.5","53.5","-160","128"
"401867818","Georgetown","17","Columbia","20","Columbia -7","DraftKings","46.5","7","7","51.5","201","-259"
"401868206","North Alabama","23","Western Illinois","20","North Alabama -7","DraftKings","53.5","-7","-7.5","53.5","-228","179"
"401866645","Hampton","20","Campbell","44","Campbell -20.5","DraftKings","54.5","20.5","18.5","57.5","740","-1400"
"401867858","Indiana State","35","North Dakota","42","North Dakota -17.5","DraftKings","54.5","17.5","16.5","57.5","710","-1320"
"401868179","South Dakota State","42","Eastern Illinois","7","South Dakota State -34.5","DraftKings","53.5","-34.5","-34.5","53.5","",""
"401867985","Bethune-Cookman","21","South Carolina State","31","South Carolina State -17.5","DraftKings","58.5","17.5","13.5","58.5","600","-1040"
"401856663","Missouri","54","Arkansas-Pine Bluff","14","Missouri -55.5","DraftKings","62.5","-55.5","-54.5","60.5","",""
"401868052","Abilene Christian","17","Mercer","34","Abilene Christian -3.5","DraftKings","48.5","-3.5","-3.5","49.5","-239","187"
"401868390","Wofford","38","Tennessee Tech","42","Tennessee Tech -14.5","DraftKings","47.5","14.5","15.5","45.5","472","-720"
"401856767","UCF","73","Bethune-Cookman","6","UCF -43.5","DraftKings","58.5","-43.5","-41.5","","",""
"401856779","Iowa State","38","Southeast Missouri State","10","Iowa State -29.5","DraftKings","52.5","-29.5","-29.5","53.5","-9000","2500"
"401868120","Montana State","28","Northern Arizona","14","Montana State -20.5","DraftKings","57.5","-20.5","-19.5","56.5","-2100","910"
"401868024","Lafayette","30","Holy Cross","38","Lafayette -4","DraftKings","46.5","-4","-5.5","50.5","-180","143"
"401869137","McNeese","27","East Texas A&M","24","McNeese -6.5","DraftKings","51.5","-6.5","-2.5","51.5","-222","175"
"401867827","Cornell","38","Yale","25","Yale -14","DraftKings","48.5","14","15.5","49.5","280","-376"
"401868358","Alcorn State","43","Texas Southern","40","Alcorn State -3.5","DraftKings","55.5","-3.5","-2.5","58.5","-172","137"
"401869143","Nicholls","18","Lamar","49","Lamar -8.5","DraftKings","45.5","8.5","8.5","45.5","209","-269"
"401867868","Murray State","6","Southern Illinois","46","Southern Illinois -17.5","DraftKings","53.5","17.5","17.5","54.5","520","-820"
"401866649","Delaware State","33","Towson","28","Delaware State -3","DraftKings","48.5","-3","-3.5","50.5","-127","102"
"401858422","Minnesota","59","Eastern Illinois","7","Minnesota -42.5","DraftKings","52.5","-42.5","-43.5","","",""
"401864424","Delaware","42","Merrimack","7","Delaware -31.5","DraftKings","56.5","-31.5","-28.5","55.5","-8000","2200"
"401864425","Kennesaw State","47","West Georgia","0","Kennesaw State -22.5","DraftKings","50.5","-22.5","-22.5","51.5","-3600","1500"
"401866409","Buffalo","21","UAlbany","17","Buffalo -18.5","DraftKings","47.5","-18.5","-24.5","48.5","-1000","650"
"401866532","Towson","18","Maine","21","Towson -2.5","DraftKings","46.5","-2.5","","","",""
"401866615","Delaware State","41","Stony Brook","34","Stony Brook -4.5","DraftKings","50.5","4.5","","","",""
"401866618","North Carolina A&T","7","Morgan State","17","Morgan State -7","DraftKings","49.5","7","8.5","50.5","210","-270"
"401866619","Stonehill","6","Bryant","24","Bryant -4","DraftKings","45.5","4","4.5","44.5","153","-192"
"401866620","East Tennessee State","37","Campbell","49","East Tennessee State -7","DraftKings","56.5","-7","-7","55.5","-267","207"
"401866621","Tennessee Tech","38","Monmouth","14","Tennessee Tech -8.5","DraftKings","58.5","-8.5","-8.5","58.5","-340","257"
"401866622","Stony Brook","36","Lindenwood","32","Stony Brook -4","DraftKings","50.5","-4","-4","50.5","-189","150"
"401866624","Monmouth","31","Sacred Heart","24","Monmouth -11.5","DraftKings","58.5","-11.5","-15.5","58.5","-640","432"
"401866626","Davidson","0","Elon","38","Elon -32.5","DraftKings","58.5","32.5","31.5","57.5","",""
"401866629","Hampton","3","Bryant","31","Bryant -3.5","DraftKings","51.5","3.5","3.5","48.5","133","-166"
"401866630","Maine","14","Merrimack","23","Maine -10","DraftKings","47.5","-10","-10","47.5","-431","314"
"401866631","New Hampshire","42","Stonehill","35","New Hampshire -13.5","DraftKings","43.5","-13.5","-13.5","43.5","-479","343"
"401866632","Long Island University","13","UAlbany","35","UAlbany -2.5","DraftKings","44.5","2.5","5.5","44.5","116","-145"
"401866633","North Carolina Central","30","North Carolina A&T","22","North Carolina Central -24.5","DraftKings","55.5","-24.5","-24.5","55.5","-2800","1040"
"401866634","Stony Brook","56","Rhode Island","24","Rhode Island -9.5","DraftKings","51.5","9.5","13.5","52.5","260","-346"
"401866635","UAlbany","20","Monmouth","28","Monmouth -2.5","DraftKings","50.5","2.5","-1.5","51.5","121","-150"
"401866636","Campbell","42","North Carolina A&T","14","Campbell -20.5","DraftKings","56.5","-20.5","-18.5","56.5","-1520","770"
"401866638","Bryant","21","Princeton","14","Princeton -2.5","DraftKings","44.5","2.5","3","44.5","121","-150"
"401866640","Towson","26","Morgan State","41","Towson -8.5","DraftKings","44.5","-8.5","-10","44.5","-400","295"
"401866641","Norfolk State","42","Hampton","21","Norfolk State -5.5","DraftKings","49.5","-5.5","-8.5","50.5","-279","216"
"401867684","UT Martin","42","Chicago State","7","UT Martin -45.5","DraftKings","61.5","-45.5","-44.5","61.5","",""
"401867686","Butler","47","Chicago State","20","Butler -20.5","DraftKings","54.5","-20.5","-19.5","53.5","-1700","820"
"401867805","New Haven","10","Brown","17","Brown -10","DraftKings","50.5","10","9.5","50.5","311","-425"
"401867817","Columbia","40","Lafayette","34","Columbia -3","DraftKings","47.5","-3","-2.5","47.5","-170","136"
"401867826","Colgate","20","Cornell","7","Colgate -12.5","DraftKings","50.5","-12.5","-12.5","52.5","-551","384"
"401867834","Lehigh","24","Dartmouth","20","Lehigh -17.5","DraftKings","50.5","-17.5","-16.5","50.5","-960","577"
"401867846","Illinois State","49","Eastern Illinois","13","Illinois State -29.5","DraftKings","53.5","-29.5","-29.5","53.5","",""
"401867855","Indiana State","21","Southeast Missouri State","23","Indiana State -2.5","DraftKings","52.5","-2.5","-2.5","52.5","-143","115"
"401867856","Eastern Illinois","35","Indiana State","42","Indiana State -3","DraftKings","49.5","3","1.5","49.5","124","-154"
"401867865","Murray State","14","Eastern Illinois","28","Murray State -4.5","DraftKings","49.5","-4.5","","","",""
"401867867","Murray State","27","Valparaiso","18","Murray State -14","DraftKings","47.5","-14","-10.5","51.5","-810","515"
"401867874","North Dakota","42","Long Island University","21","North Dakota -27.5","DraftKings","44.5","-27.5","","","",""
"401867875","North Dakota","62","St. Thomas (MN)","26","North Dakota -28.5","DraftKings","53.5","-28.5","-27.5","52.5","",""
"401867876","Portland State","23","North Dakota","47","North Dakota -25.5","DraftKings","60.5","25.5","25.5","58.5","1180","-4000"
"401867883","Northern Colorado","23","South Dakota","38","South Dakota -20.5","DraftKings","56.5","20.5","20.5","56.5","920","-2100"
"401867889","Samford","18","Southern Illinois","22","Southern Illinois -20.5","DraftKings","54.5","20.5","24.5","49.5","730","-1400"
"401867894","Youngstown State","43","Mercyhurst","10","Youngstown State -30.5","DraftKings","57.5","-30.5","","","",""
"401867896","South Dakota State","27","Youngstown State","20","South Dakota State -9.5","DraftKings","59.5","-9.5","-10","59.5","-361","271"
"401867908","Long Island University","16","Villanova","20","Villanova -18.5","DraftKings","50.5","18.5","18.5","45.5","830","-1740"
"401867916","Wagner","7","Robert Morris","28","Wagner -5.5","DraftKings","40.5","-5.5","-5.5","39.5","-223","176"
"401867924","New Haven","3","Stonehill","21","New Haven -6.5","DraftKings","42.5","-6.5","-7","41.5","-226","178"
"401867939","Florida A&M","13","South Carolina State","31","South Carolina State -19.5","DraftKings","52.5","19.5","17.5","","740","-1420"
"401867977","Texas Southern","42","North Carolina Central","30","North Carolina Central -10.5","DraftKings","51.5","10.5","11.5","51.5","328","-453"
"401867979","Gardner-Webb","44","North Carolina Central","20","Gardner-Webb -7","DraftKings","53.5","-7","-3.5","51.5","-309","236"
"401867988","Richmond","35","Bucknell","14","Richmond -12.5","DraftKings","48.5","-12.5","-10.5","49.5","-620","420"
"401867989","Bucknell","16","Villanova","17","Villanova -22.5","DraftKings","54.5","22.5","26.5","56.5","1160","-3700"
"401867991","Bucknell","7","Pennsylvania","20","Pennsylvania -3.5","DraftKings","46.5","3.5","3","48.5","155","-195"
"401868000","Colgate","35","Holy Cross","10","Colgate -4.5","DraftKings","49.5","-4.5","-4.5","47.5","-185","147"
"401868009","William & Mary","27","Fordham","52","William & Mary -15.5","DraftKings","51.5","-15.5","-19.5","51.5","-1560","780"
"401868017","Georgetown","14","Lehigh","45","Lehigh -22.5","DraftKings","46.5","22.5","20.5","49.5","870","-1920"
"401868018","Richmond","24","Georgetown","21","Richmond -15.5","DraftKings","45.5","-15.5","-12.5","47.5","-575","397"
"401868022","Holy Cross","10","Lehigh","35","Lehigh -14","DraftKings","47.5","14","14","47.5","509","-800"
"401868023","Holy Cross","28","Yale","38","Yale -21","DraftKings","50.5","21","18.5","50.5","800","-1640"
"401868033","Lehigh","44","William & Mary","20","Lehigh -13.5","DraftKings","47.5","-13.5","-11.5","47.5","-449","325"
"401868040","Villanova","32","William & Mary","35","Villanova -12.5","DraftKings","47.5","-12.5","-11.5","50.5","-700","462"
"401868051","Idaho","39","Abilene Christian","41","Abilene Christian -1.5","DraftKings","55.5","1.5","1.5","54.5","-109","-114"
"401868060","Austin Peay","35","Gardner-Webb","17","Austin Peay -14.5","DraftKings","59.5","-14.5","","","",""
"401868061","Austin Peay","63","Morehead State","7","Austin Peay -36.5","DraftKings","62.5","-36.5","-34.5","62.5","",""
"401868070","UT Martin","24","Central Arkansas","36","UT Martin -3","DraftKings","50.5","-3","","","",""
"401868071","Central Arkansas","14","West Florida","42","Central Arkansas -7.5","DraftKings","55.5","-7.5","-7.5","55.5","-296","227"
"401868075","Cal Poly","35","San Diego","38","Cal Poly -17.5","DraftKings","57.5","-17.5","-18.5","56.5","-810","515"
"401868084","Northern Arizona","34","Eastern Washington","27","Northern Arizona -5.5","DraftKings","55.5","-5.5","-3","56.5","-242","189"
"401868085","Eastern Washington","34","Northern Iowa","24","Eastern Washington -7","DraftKings","52.5","-7","-6.5","52.5","-280","216"
"401868093","Idaho","17","Lamar","23","Idaho -4.5","DraftKings","51.5","-4.5","-1.5","49.5","-175","139"
"401868101","Idaho State","38","VMI","10","Idaho State -34.5","DraftKings","53.5","-34.5","-34.5","60.5","",""
"401868102","Idaho State","59","San Diego","17","Idaho State -22.5","DraftKings","58.5","-22.5","-25.5","58.5","-1860","860"
"401868111","Montana","45","Drake","10","Montana -35.5","DraftKings","60.5","-35.5","-34.5","57.5","",""
"401868119","Montana State","51","Butler","24","Montana State -45.5","DraftKings","59.5","-45.5","-45.5","59.5","",""
"401868123","Northern Arizona","38","Incarnate Word","28","Northern Arizona -4.5","DraftKings","54.5","-4.5","-4.5","54.5","-186","148"
"401868124","Utah Tech","23","Northern Arizona","35","Northern Arizona -16.5","DraftKings","51.5","16.5","21.5","53.5","640","-1140"
"401868129","Northern Colorado","29","Weber State","30","Northern Colorado -3","DraftKings","50.5","-3","-3.5","49.5","-161","129"
"401868142","Eastern Kentucky","14","Dayton","17","Eastern Kentucky -11.5","DraftKings","46.5","-11.5","-10","45.5","-436","317"
"401868150","SE Louisiana","30","North Alabama","25","SE Louisiana -6.5","DraftKings","51.5","-6.5","-6.5","49.5","-204","162"
"401868151","North Alabama","38","Alcorn State","20","North Alabama -13.5","DraftKings","52.5","-13.5","-13.5","52.5","-510","361"
"401868158","Southern Utah","47","Weber State","42","Southern Utah -14.5","DraftKings","58.5","-14.5","-14.5","58.5","-820","520"
"401868163","San Diego","17","UC Davis","49","UC Davis -14.5","DraftKings","54.5","14.5","15.5","57.5","509","-800"
"401868169","Lindenwood","20","Charleston Southern","17","Lindenwood -7.5","DraftKings","45.5","-7.5","","","",""
"401868171","The Citadel","20","Charleston Southern","26","The Citadel -3","DraftKings","45.5","-3","1.5","45.5","-156","125"
"401868195","Alabama A&M","30","Tennessee State","3","Tennessee State -3.5","DraftKings","49.5","3.5","1.5","49.5","118","-147"
"401868196","Florida A&M","26","Tennessee State","29","Florida A&M -3","DraftKings","47.5","-3","-4.5","47.5","-154","123"
"401868236","McNeese","24","Tarleton State","27","Tarleton State -19.5","DraftKings","56.5","19.5","20.5","56.5","690","-1260"
"401868237","Tarleton State","45","Merrimack","20","Tarleton State -32.5","DraftKings","54.5","-32.5","-34.5","58.5","",""
"401868240","West Georgia","10","Chattanooga","24","Chattanooga -3.5","DraftKings","50.5","3.5","","","",""
"401868242","East Tennessee State","35","West Georgia","27","East Tennessee State -16.5","DraftKings","53.5","-16.5","-16.5","53.5","-680","450"
"401868246","Nicholls","31","UT Rio Grande Valley","28","UT Rio Grande Valley -5.5","DraftKings","50.5","5.5","5.5","50.5","184","-235"
"401868247","UT Rio Grande Valley","27","McNeese","10","UT Rio Grande Valley -5.5","DraftKings","52.5","-5.5","-5.5","52.5","-204","162"
"401868274","Mercer","62","Presbyterian","3","Mercer -22.5","DraftKings","54.5","-22.5","-21.5","56.5","-2100","920"
"401868275","Western Carolina","58","Presbyterian","14","Western Carolina -33.5","DraftKings","66.5","-33.5","-28.5","62.5","",""
"401868306","Stephen F. Austin","44","East Texas A&M","7","Stephen F. Austin -23.5","DraftKings","55.5","-23.5","-25.5","56.5","-3300","1100"
"401868307","Prairie View A&M","10","Stephen F. Austin","31","Stephen F. Austin -16.5","DraftKings","52.5","16.5","17.5","50.5","610","-1060"
"401868315","SE Louisiana","28","Houston Christian","34","SE Louisiana -24.5","DraftKings","51.5","-24.5","","","",""
"401868324","Alabama State","30","Southern","17","Southern -19.5","DraftKings","56.5","19.5","-19.5","56.5","-1760","830"
"401868336","Chattanooga","9","Tennessee Tech","24","Tennessee Tech -10.5","DraftKings","48.5","10.5","10.5","49.5","358","-504"
"401868337","Chattanooga","41","Wofford","7","Chattanooga -1.5","DraftKings","43.5","-1.5","-1.5","43.5","-137","110"
"401868355","Alcorn State","53","Arkansas-Pine Bluff","51","Alcorn State -8.5","DraftKings","49.5","-8.5","-8.5","49.5","-346","261"
"401868374","Mercer","13","Furman","20","Mercer -15.5","DraftKings","54.5","-15.5","-15.5","54.5","-590","406"
"401868394","Wofford","42","The Citadel","14","Wofford -7.5","DraftKings","45.5","-7.5","-8.5","45.5","-415","305"
"401868397","Davidson","27","VMI","24","VMI -4","DraftKings","42.5","4","3","42.5","125","-156"
"401868962","Nicholls","44","Mississippi Valley State","10","Nicholls -28.5","DraftKings","51.5","-28.5","","","",""
"401868967","Prairie View A&M","52","Texas Southern","14","Prairie View A&M -10.5","DraftKings","54.5","-10.5","-10.5","54.5","-483","345"
"401869127","Howard","21","Richmond","28","Richmond -14","DraftKings","43.5","14","14.5","45.5","453","-680"
"401869130","East Texas A&M","38","Northwestern State","14","East Texas A&M -20.5","DraftKings","53.5","-20.5","-20.5","51.5","-1320","710"
"401869147","Incarnate Word","30","Houston Christian","23","Incarnate Word -14","DraftKings","50.5","-14","-14","50.5","-680","450"
"401872616","South Dakota State","57","New Haven","14","South Dakota State -42.5","DraftKings","54.5","-42.5","-44.5","55.5","",""
"401874035","West Florida","34","Southern Illinois","31","Southern Illinois -19.5","DraftKings","55.5","19.5","","","",""
"401858252","UConn","","Syracuse","","Syracuse -6.5","Bovada","50.5","6.5","5.5","52","180","-220"
"401858252","UConn","","Syracuse","","Syracuse -6.5","DraftKings","50.5","6.5","6.5","53.5","200","-245"
"401864515","North Dakota State","","Wyoming","","North Dakota State -18.5","DraftKings","45.5","-18.5","-21","47.5","-1200","750"
"401864515","North Dakota State","","Wyoming","","North Dakota State -18.0","Bovada","45.5","-18","-20","46","-1400","750"
"401866477","Miami (OH)","","Bowling Green","","Miami (OH) -13.0","Bovada","43.5","-13","-15","47","-675","460"
"401866477","Miami (OH)","","Bowling Green","","Miami (OH) -13.5","DraftKings","43.5","-13.5","-15.5","50.5","-550","410"
"401862788","Rice","","UTSA","","UTSA -11.5","DraftKings","55.5","11.5","12.5","52.5","350","-455"
"401862788","Rice","","UTSA","","UTSA -11.5","Bovada","56","11.5","11","54.5","310","-415"
"401866431","Ball State","","Toledo","","Toledo -19.5","DraftKings","52.5","19.5","17.5","51.5","800","-1350"
"401866431","Ball State","","Toledo","","Toledo -19.5","Bovada","52.5","19.5","19.5","51.5","750","-1400"
"401856807","Kansas","","Middle Tennessee","","Kansas -18.5","DraftKings","49.5","-18.5","-21.5","52.5","-1350","800"
"401856807","Kansas","","Middle Tennessee","","Kansas -18.5","Bovada","49.5","-18.5","-20","50.5","-1400","750"
"401860899","Colorado State","","Oregon State","","Oregon State -6.5","Bovada","62","6.5","4.5","61","175","-210"
"401860899","Colorado State","","Oregon State","","Oregon State -6","DraftKings","62.5","6","3.5","59.5","195","-238"
"401856817","Arizona State","","Baylor","","Arizona State -4.0","Bovada","49.5","-4","-3.5","50.5","-180","155"
"401856817","Arizona State","","Baylor","","Arizona State -4","DraftKings","49.5","-4","-3.5","51.5","-192","160"
"401858479","Wisconsin","","Michigan State","","Wisconsin -10","DraftKings","43.5","-10","-10","44.5","-410","320"
"401858479","Wisconsin","","Michigan State","","Wisconsin -10.0","Bovada","43.5","-10","-10.5","44.5","-410","305"
"401866433","Massachusetts","","Eastern Michigan","","Massachusetts -6.5","Bovada","48.5","-6.5","-5.5","48.5","-195","165"
"401866433","Massachusetts","","Eastern Michigan","","Massachusetts -6.5","DraftKings","48.5","-6.5","-2.5","48.5","-238","195"
"401871049","New Mexico State","","Western Kentucky","","New Mexico State -2.5","Bovada","57.5","-2.5","-1","53.5","-120","100"
"401871049","New Mexico State","","Western Kentucky","","New Mexico State -2.5","DraftKings","57.5","-2.5","-1.5","53.5","-130","110"
"401871089","South Alabama","","UL Monroe","","South Alabama -14","DraftKings","57.5","-14","-14.5","55.5","-600","440"
"401871089","South Alabama","","UL Monroe","","South Alabama -14.0","Bovada","57","-14","-14","56","-650","450"
"401868219","Davidson","32","Drake","51","Drake -11.5","DraftKings","58.5","11.5","12.5","53.5","316","-433"
"401868034","Pennsylvania","7","Lehigh","20","Lehigh -12.5","DraftKings","45.5","12.5","10.5","48.5","330","-456"
"401868001","Villanova","21","Colgate","28","Villanova -3","DraftKings","44.5","-3","-2.5","46.5","-147","118"
"401868387","Samford","45","VMI","7","Samford -15.5","DraftKings","46.5","-15.5","-18.5","48.5","-810","514"
"401868327","Alabama State","41","Mississippi Valley State","15","Alabama State -34.5","DraftKings","54.5","-34.5","-34.5","55.5","",""
"401856821","Colorado","","Texas Tech","","Texas Tech -13.5","DraftKings","50.5","13.5","14.5","50.5","380","-500"
"401856821","Colorado","","Texas Tech","","Texas Tech -13.5","Bovada","50","13.5","13.5","50","400","-575"
"401864514","New Mexico","","UTEP","","New Mexico -22.5","DraftKings","48.5","-22.5","-21","53.5","-2100","1100"
"401864514","New Mexico","","UTEP","","New Mexico -23.0","Bovada","49","-23","-22.5","48.5","-2000","950"
"401871050","Delaware","","Liberty","","Liberty -7.0","Bovada","50","7","7","50","225","-275"
"401871050","Delaware","","Liberty","","Liberty -7","DraftKings","50.5","7","7","50.5","220","-270"
"401869962","James Madison","","Marshall","","James Madison -18.5","DraftKings","55.5","-18.5","-13.5","55.5","-1000","650"
"401869962","James Madison","","Marshall","","James Madison -18.5","Bovada","55.5","-18.5","-17.5","54.5","-1100","650"
"401856820","Arizona","","Cincinnati","","Arizona -7.0","Bovada","55.5","-7","-7","55","-290","240"
"401856820","Arizona","","Cincinnati","","Arizona -7","DraftKings","55.5","-7","-8.5","54.5","-290","235"
"401869956","Georgia State","","Old Dominion","","Georgia State -1.5","DraftKings","51.5","-1.5","1.5","52.5","-125","105"
"401869956","Georgia State","","Old Dominion","","Georgia State -1.5","Bovada","52","-1.5","1","50","-105","-115"
"401860898","Boise State","","Utah State","","Boise State -20.5","Bovada","51.5","-20.5","-20","50","-1400","750"
"401860898","Boise State","","Utah State","","Boise State -20.5","DraftKings","51.5","-20.5","-20.5","49.5","-1600","900"
"401862786","Tulsa","","North Texas","","Tulsa -1.5","DraftKings","57.5","-1.5","1.5","57.5","-112","-108"
"401862786","Tulsa","","North Texas","","Tulsa -1.0","Bovada","57.5","-1","-2","58","-125","105"
"401858251","Wake Forest","","Stanford","","Wake Forest -12.5","DraftKings","53.5","-12.5","-12.5","54.5","-520","390"
"401858251","Wake Forest","","Stanford","","Wake Forest -13.0","Bovada","53.5","-13","-13","54.5","-550","390"
"401856819","Houston","","UCF","","Houston -12.5","DraftKings","51.5","-12.5","-12.5","51.5","-455","350"
"401856819","Houston","","UCF","","Houston -12.5","Bovada","51","-12.5","-11.5","51.5","-450","335"
"401856822","Iowa State","","West Virginia","","Iowa State -3.5","Bovada","53","-3.5","-2.5","52.5","-145","125"
"401856822","Iowa State","","West Virginia","","Iowa State -3","DraftKings","52.5","-3","-1.5","53.5","-162","136"
"401860900","San Diego State","","Texas State","","Texas State -4.0","Bovada","59","4","4","58.5","155","-180"
"401860900","San Diego State","","Texas State","","Texas State -4.5","DraftKings","59.5","4.5","4.5","60.5","160","-192"
"401866434","Kent State","","Ohio","","Ohio -3","DraftKings","50.5","3","5.5","52.5","140","-166"
"401866434","Kent State","","Ohio","","Ohio -3.0","Bovada","51","3","5.5","50.5","175","-210"
"401856711","Texas A&M","","Arkansas","","Texas A&M -14","DraftKings","50.5","-14","-14.5","51.5","-625","455"
"401856711","Texas A&M","","Arkansas","","Texas A&M -14.0","Bovada","51","-14","-14","51.5","-650","450"
"401866430","Central Michigan","","Akron","","Central Michigan -6.5","Bovada","47","-6.5","-6","47","-230","190"
"401866430","Central Michigan","","Akron","","Central Michigan -6.5","DraftKings","47.5","-6.5","-5.5","46.5","-250","205"
"401858246","SMU","","Boston College","","SMU -21","DraftKings","55.5","-21","-21","56.5","-1650","950"
"401858246","SMU","","Boston College","","SMU -21.0","Bovada","55.5","-21","-20.5","57","-1500","775"
"401858247","UNLV","","California","","UNLV -2.5","DraftKings","53.5","-2.5","-1.5","52.5","-135","114"
"401858247","UNLV","","California","","UNLV -3.0","Bovada","53","-3","-2","53.5","-125","105"
"401858253","Florida State","","Virginia","","Virginia -2.5","DraftKings","51.5","2.5","1.5","51.5","124","-148"
"401858253","Florida State","","Virginia","","Virginia -3.0","Bovada","51.5","3","2.5","51.5","120","-140"
"401864513","Hawai'i","","San José State","","Hawai'i -2.5","Bovada","51.5","-2.5","-3","52","-145","125"
"401864513","Hawai'i","","San José State","","Hawai'i -3","DraftKings","51.5","-3","-5.5","52.5","-142","120"
"401866432","Buffalo","","Western Michigan","","Western Michigan -13.5","DraftKings","46.5","13.5","16.5","51.5","440","-600"
"401866432","Buffalo","","Western Michigan","","Western Michigan -13.5","Bovada","47","13.5","15","48.5","450","-650"
"401858472","Illinois","","Purdue","","Illinois -10.0","Bovada","61.5","-10","-10","59.5","-370","285"
"401858472","Illinois","","Purdue","","Illinois -10","DraftKings","61.5","-10","-10","60.5","-375","295"
"401862792","South Florida","","Temple","","South Florida -6","DraftKings","48.5","-6","-6.5","52.5","-238","195"
"401862792","South Florida","","Temple","","South Florida -6.5","Bovada","49","-6.5","-5.5","51.5","-220","180"
"401869942","Coastal Carolina","","Georgia Southern","","Georgia Southern -2.5","DraftKings","54.5","2.5","-1.5","52.5","114","-135"
"401869942","Coastal Carolina","","Georgia Southern","","Georgia Southern -2.5","Bovada","54","2.5","2","54","110","-130"
"401869842","Louisiana Tech","","Army","","Army -2.5","DraftKings","46.5","2.5","3.5","44.5","110","-130"
"401869842","Louisiana Tech","","Army","","Army -2.5","Bovada","46","2.5","3","46.5","145","-170"
"401858475","Nebraska","","Maryland","","Nebraska -14.5","DraftKings","52.5","-14.5","-12.5","53.5","-675","490"
"401858475","Nebraska","","Maryland","","Nebraska -14.5","Bovada","52.5","-14.5","-14","52","-675","460"
"401860921","Washington State","","Fresno State","","Washington State -2.5","DraftKings","45.5","-2.5","-1.5","45.5","-125","105"
"401860921","Washington State","","Fresno State","","Washington State -2.5","Bovada","46","-2.5","1","46.5","-115","-105"
"401862787","Charlotte","","Memphis","","Memphis -20.0","Bovada","53","20","20.5","54","750","-1400"
"401862787","Charlotte","","Memphis","","Memphis -20.5","DraftKings","52.5","20.5","21.5","54.5","850","-1450"
"401858477","Rutgers","","Indiana","","Indiana -24.5","DraftKings","56.5","24.5","23.5","53.5","1200","-2400"
"401858477","Rutgers","","Indiana","","Indiana -24.5","Bovada","56","24.5","23","55.5","1000","-2500"
"401862791","Air Force","","Navy","","Air Force -3.0","Bovada","46","-3","-2.5","47","-145","125"
"401862791","Air Force","","Navy","","Air Force -3","DraftKings","45.5","-3","-1.5","49.5","-170","142"
"401869932","Louisiana","","Arkansas State","","Louisiana -6.5","DraftKings","47.5","-6.5","-4","49.5","-250","205"
"401869932","Louisiana","","Arkansas State","","Louisiana -6.5","Bovada","48","-6.5","-6.5","47","-275","225"
